Workbook

Sheet Biela-manivela
A1: Simulador 1 · Cinemática del mecanismo biela-manivela
A2: Sistemas del Funcionamiento del Motor (MA.02.06) · Unidad 1 · Edite solo las celdas amarillas (texto azul); todo lo demás se recalcula.
A4: Datos de entrada | B4: Valor
A5: Carrera S (mm) | B5: 70
A6: Longitud de la biela L (entre centros, mm) | B6: 130
A7: Régimen de giro n (rpm) | B7: 4000
A9: Resultados | B9: Valor | C9: Cómo se obtiene
A10: Radio de la manivela r (mm) | B10: =B5/2 -> 35 | C10: r = S / 2
A11: Relación biela-manivela λ = r / L | B11: =B10/B6 -> 0.26923077 | C11: Valores típicos 0,25 – 0,35
A12: Velocidad angular ω (rad/s) | B12: =2*PI()*B7/60 -> 418.87902 | C12: ω = 2π·n / 60
A13: Velocidad media del pistón (m/s) | B13: =2*B5*B7/60/1000 -> 9.3333333 | C13: vm = 2·S·n / 60
A14: Velocidad máxima del pistón (m/s) | B14: =MAX(Datos!C3:C75) -> 15.183156 | C14: Máximo de la tabla de la hoja Datos
A15: Ángulo de velocidad máxima (° después del PMS) | B15: =INDEX(Datos!A3:A75,MATCH(B14,Datos!C3:C75,0)) -> 75 | C15: Cerca de 75°, no a 90°: efecto de la oblicuidad de la biela
A16: Aceleración en el PMS (m/s²) | B16: =B10/1000*B12^2*(1+B11) -> 7794.4568 | C16: a = r·ω²·(1 + λ): la mayor del ciclo
A17: Aceleración en el PMI (m/s²) | B17: =B10/1000*B12^2*(1-B11) -> 4487.7176 | C17: a = r·ω²·(1 − λ)
A18: Aceleración en el PMS en número de gravedades (g) | B18: =B16/9.81 -> 794.54198 | C18: Fuerza de inercia por cada kg de pistón
A20: Modelo: x = r(1 − cos θ) + L(1 − √(1 − λ²·sen²θ)); v = dx/dt; a ≈ r·ω²(cos θ + λ·cos 2θ). θ = ángulo del cigüeñal desde el PMS.

Sheet Cilindrada y Rc
A1: Simulador 2 · Cilindrada, relación de compresión y modificación del motor
A2: Sistemas del Funcionamiento del Motor (MA.02.06) · Unidad 1 · Edite solo las celdas amarillas (texto azul); todo lo demás se recalcula.
A4: Datos de entrada | B4: Valor
A5: Diámetro del cilindro D (mm) | B5: 76
A6: Carrera S (mm) | B6: 70
A7: Número de cilindros z | B7: 4
A8: Volumen de la cámara en la culata (cm³) | B8: 28
A9: Espesor comprimido de la junta (mm) | B9: 1.2
A10: Diámetro interior de la junta (mm) | B10: 78
A11: Volumen del rebaje o cúpula del pistón (cm³) | B11: 3
A12: Distancia del pistón al plano en el PMS (mm) | B12: 0.3
A13: Cepillado de la culata (mm) | B13: 0
A14: Sobremedida del rectificado del cilindro (mm) | B14: 0
A16: Resultados | B16: Original | C16: Modificado (cepillado + sobremedida)
A17: Área del pistón Ap (cm²) | B17: =PI()/4*(B5/10)^2 -> 45.364598 | C17: =PI()/4*((B5+B14)/10)^2 -> 45.364598
A18: Cilindrada unitaria Vu (cm³) | B18: =B17*B6/10 -> 317.55219 | C18: =C17*B6/10 -> 317.55219
A19: Volumen de la junta (cm³) | B19: =PI()/4*(B10/10)^2*B9/10 -> 5.7340349 | C19: =B19 -> 5.7340349
A20: Volumen sobre el pistón en el PMS (cm³) | B20: =B17*B12/10 -> 1.3609379 | C20: =C17*B12/10 -> 1.3609379
A21: Volumen de la cámara en la culata (cm³) | B21: =B8 -> 28 | C21: =B8-B17*B13/10 -> 28
A22: Volumen total de la cámara Vcc (cm³) | B22: =B21+B19+B11+B20 -> 38.094973 | C22: =C21+C19+B11+C20 -> 38.094973 | E22: El gráfico parte del motor con la sobremedida indicada y muestra cómo sube Rc al retirar material de la culata.
A23: Relación de compresión Rc | B23: =(B18+B22)/B22 -> 9.3358029 | C23: =(C18+C22)/C22 -> 9.3358029
A24: Cilindrada total VT (cm³) | B24: =B18*B7 -> 1270.2087 | C24: =C18*B7 -> 1270.2087
A25: Cilindrada comercial (L) | B25: =ROUND(B24/1000,1) -> 1.3 | C25: =ROUND(C24/1000,1) -> 1.3
A27: =IF(C23>11,"Atención: Rc modificada mayor a 11 — riesgo de detonación con gasolina de bajo octanaje","Rc modificada dentro de un rango habitual para gasolina") -> Rc modificada dentro de un rango habitual para gasolina
A28: Simplificación: el cepillado reduce el volumen de la cámara en el área del cilindro × espesor retirado (en la realidad el área es la de la cámara).

Sheet Curvas par-potencia
A1: Simulador 3 · Curvas características: par, potencia, consumo y corrección por altitud
A2: Sistemas del Funcionamiento del Motor (MA.02.06) · Unidad 1 · Edite solo las celdas amarillas (texto azul); todo lo demás se recalcula.
A4: Régimen n (rpm) | B4: Par M (N·m) | C4: Consumo esp. (g/kWh) | D4: Potencia (kW) | E4: Potencia (CV) | F4: Potencia en la altitud (kW) | H4: Condiciones del lugar | I4: Valor
A5: 1000 | B5: 105 | C5: 330 | D5: =B5*A5/9550 -> 10.994764 | E5: =D5/0.7355 -> 14.948694 | F5: =D5*$I$12 -> 8.5507856 | H5: Altitud sobre el nivel del mar (m) | I5: 2100
A6: 1500 | B6: 118 | C6: 300 | D6: =B6*A6/9550 -> 18.534031 | E6: =D6/0.7355 -> 25.199227 | F6: =D6*$I$12 -> 14.414181 | H6: Temperatura del aire (°C) | I6: 18
A7: 2000 | B7: 128 | C7: 280 | D7: =B7*A7/9550 -> 26.806283 | E7: =D7/0.7355 -> 36.44634 | F7: =D7*$I$12 -> 20.84763
A8: 2500 | B8: 136 | C8: 265 | D8: =B8*A8/9550 -> 35.602094 | E8: =D8/0.7355 -> 48.405295 | F8: =D8*$I$12 -> 27.688258 | H8: Resultados | I8: Valor | J8: Cómo se obtiene
A9: 3000 | B9: 142 | C9: 255 | D9: =B9*A9/9550 -> 44.60733 | E9: =D9/0.7355 -> 60.648987 | F9: =D9*$I$12 -> 34.691759 | H9: Par máximo (N·m) | I9: =MAX(B5:B16) -> 148 | J9: =" a "&INDEX(A5:A16,MATCH(I9,B5:B16,0))&" rpm" -> a 4000 rpm
A10: 3500 | B10: 146 | C10: 250 | D10: =B10*A10/9550 -> 53.507853 | E10: =D10/0.7355 -> 72.750311 | F10: =D10*$I$12 -> 41.613823 | H10: Potencia máxima (kW) | I10: =MAX(D5:D16) -> 76.649215 | J10: =" a "&INDEX(A5:A16,MATCH(I10,D5:D16,0))&" rpm · "&TEXT(I10/0.7355,"0")&" CV" -> a 6000 rpm · 104 CV
A11: 4000 | B11: 148 | C11: 248 | D11: =B11*A11/9550 -> 61.989529 | E11: =D11/0.7355 -> 84.28216 | F11: =D11*$I$12 -> 48.210143 | H11: Presión atmosférica en el lugar (kPa) | I11: =101.325*(1-0.0000225577*I5)^5.25588 -> 78.513117 | J11: Atmósfera estándar
A12: 4500 | B12: 146 | C12: 252 | D12: =B12*A12/9550 -> 68.795812 | E12: =D12/0.7355 -> 93.536114 | F12: =D12*$I$12 -> 53.503487 | H12: Factor de corrección (DIN 70020) | I12: =(I11/101.3)*SQRT(293/(I6+273)) -> 0.77771431 | J12: P_lugar = P_ref · (p/101,3) · √(293/T)
A13: 5000 | B13: 141 | C13: 260 | D13: =B13*A13/9550 -> 73.82199 | E13: =D13/0.7355 -> 100.3698 | F13: =D13*$I$12 -> 57.412417 | H13: Potencia máxima en el lugar (kW) | I13: =MAX(F5:F16) -> 59.611191
A14: 5500 | B14: 133 | C14: 272 | D14: =B14*A14/9550 -> 76.596859 | E14: =D14/0.7355 -> 104.14257 | F14: =D14*$I$12 -> 59.570473 | H14: Pérdida de potencia por altitud (%) | I14: =1-I12 -> 0.22228569
A15: 6000 | B15: 122 | C15: 290 | D15: =B15*A15/9550 -> 76.649215 | E15: =D15/0.7355 -> 104.21375 | F15: =D15*$I$12 -> 59.611191 | H15: Elasticidad de régimen n(Pmáx)/n(Mmáx) | I15: =INDEX(A5:A16,MATCH(I10,D5:D16,0))/INDEX(A5:A16,MATCH(I9,B5:B16,0)) -> 1.5
A16: 6500 | B16: 108 | C16: 315 | D16: =B16*A16/9550 -> 73.507853 | E16: =D16/0.7355 -> 99.942697 | F16: =D16*$I$12 -> 57.168109 | H16: Consumo específico mínimo (g/kWh) | I16: =MIN(C5:C16) -> 248

Sheet Pie de rey
A1: Simulador · Pie de rey o calibre con nonio (milímetros y pulgadas)
A2: Sistemas del Funcionamiento del Motor (MA.02.06) · Unidad 1 · Metrología · Edite solo las celdas amarillas (texto azul).
AS3: Parámetros de los instrumentos (no editar)
A4: Configuración | B4: Valor | AS4: Tipo | AT4: inch | AU4: m | AV4: n | AW4: k | AX4: ap | AY4: L | AZ4: M | BA4: S | BB4: lab | BC4: maxdiv | BD4: nlab | BE4: dec | BF4: labtype
A5: Instrumento y resolución (modo aleatorio) | B5: Pulgada · 1/128" (8 div.) | AS5: Milímetro · 0,1 mm (10 div.) | AT5: 0 | AU5: 1 | AV5: 10 | AW5: 1 | AX5: 0.1 | AY5: 10 | AZ5: 5 | BA5: 1 | BB5: 10 | BC5: 40 | BD5: 5 | BE5: 1 | BF5: 1
A6: Número de ejercicio (aleatorio: 1 – 999; guía: n.º de la tabla) | B6: 1 | AS6: Milímetro · 0,05 mm (20 div.) | AT6: 0 | AU6: 1 | AV6: 20 | AW6: 2 | AX6: 0.05 | AY6: 10 | AZ6: 5 | BA6: 1 | BB6: 10 | BC6: 40 | BD6: 4 | BE6: 2 | BF6: 1
A7: Ejercicio de la guía (elija el banco) | B7: Aleatorio (generado por el simulador) | AS7: Milímetro · 0,02 mm (50 div.) | AT7: 0 | AU7: 1 | AV7: 50 | AW7: 1 | AX7: 0.02 | AY7: 10 | AZ7: 5 | BA7: 1 | BB7: 10 | BC7: 40 | BD7: 10 | BE7: 2 | BF7: 1
A8: Respuesta del estudiante | B8: Valor | AS8: Pulgada · 0,001" (25 div.) | AT8: 1 | AU8: 0.025 | AV8: 25 | AW8: 1 | AX8: 0.001 | AY8: 40 | AZ8: 4 | BA8: 2 | BB8: 4 | BC8: 60 | BD8: 5 | BE8: 3 | BF8: 2
A9: Su lectura (en la unidad del instrumento) | AS9: Pulgada · 0,001" (50 div.) | AT9: 1 | AU9: 0.05 | AV9: 50 | AW9: 1 | AX9: 0.001 | AY9: 20 | AZ9: 2 | BA9: 1 | BB9: 2 | BC9: 40 | BD9: 10 | BE9: 3 | BF9: 3
A10: ¿Mostrar el solucionario? (SI / NO) | B10: SI | AS10: Pulgada · 1/128" (8 div.) | AT10: 1 | AU10: 0.0625 | AV10: 8 | AW10: 1 | AX10: 0.0078125 | AY10: 16 | AZ10: 8 | BA10: 4 | BB10: 16 | BC10: 60 | BD10: 4 | BE10: 4 | BF10: 4
A12: =IF($B$62=0,"Ese número no está en el banco elegido: use del "&$B$64&" al "&($B$64+19),IF(B9="","Escriba su lectura en la celda B9",IF(ABS(B9-$B$49)<$B$45/2,"¡Correcto! Lectura bien hecha","Revise la lectura: siga los pasos del solucionario"))) -> Escriba su lectura en la celda B9
A13: =IF($B$58=1,"Ejercicio "&$B$6&" · "&$B$7&" (mismo valor que el solucionario de la guía)","Ejercicio aleatorio n.º "&$B$6) -> Ejercicio aleatorio n.º 1
A14: Solucionario comentado
A15: =IF($B$10="SI","1. Regla fija","") -> 1. Regla fija | B15: =IF($B$10="SI","El cero del nonio pasó "&'Pie de rey'!$B$47&" divisiones de "&IF('Pie de rey'!$B$57=4,"1/16",FIXED('Pie de rey'!$B$42,IF('Pie de rey'!$B$41=1,3,0),TRUE))&IF('Pie de rey'!$B$41=1," pulg"," mm")&" → "&IF('Pie de rey'!$B$57=4,'Pie de rey'!$B$47&"/16 = "&IF(('Pie de rey'!$B$47*8)=0,"0",IF(INT(('Pie de rey'!$B$47*8)/128)>0,INT(('Pie de rey'!$B$47*8)/128)&" ","")&IF(MOD(('Pie de rey'!$B$47*8),128)=0,"",MOD(('Pie de rey'!$B$47*8),128)/GCD(MOD(('Pie de rey'!$B$47*8),128),128)&"/"&128/GCD(MOD(('Pie de rey'!$B$47*8),128),128))),FIXED('Pie de rey'!$B$47*'Pie de rey'!$B$42,'Pie de rey'!$B$51,TRUE))&IF('Pie de rey'!$B$41=1," pulg"," mm"),"") -> El cero del nonio pasó 11 divisiones de 1/16 pulg → 11/16 = 11/16 pulg
A16: =IF($B$10="SI","2. Nonio","") -> 2. Nonio | B16: =IF($B$10="SI","Coincide la raya "&'Pie de rey'!$B$48&" del nonio con una raya de la regla → "&'Pie de rey'!$B$48&" × "&IF('Pie de rey'!$B$57=4,"1/128",FIXED('Pie de rey'!$B$45,'Pie de rey'!$B$51,TRUE))&" = "&IF('Pie de rey'!$B$57=4,IF(('Pie de rey'!$B$48)=0,"0",IF(INT(('Pie de rey'!$B$48)/128)>0,INT(('Pie de rey'!$B$48)/128)&" ","")&IF(MOD(('Pie de rey'!$B$48),128)=0,"",MOD(('Pie de rey'!$B$48),128)/GCD(MOD(('Pie de rey'!$B$48),128),128)&"/"&128/GCD(MOD(('Pie de rey'!$B$48),128),128))),FIXED('Pie de rey'!$B$48*'Pie de rey'!$B$45,'Pie de rey'!$B$51,TRUE))&IF('Pie de rey'!$B$41=1," pulg"," mm"),"") -> Coincide la raya 6 del nonio con una raya de la regla → 6 × 1/128 = 3/64 pulg
A17: =IF($B$10="SI","3. Lectura","") -> 3. Lectura | B17: =IF($B$10="SI",IF('Pie de rey'!$B$57=4,IF(('Pie de rey'!$B$47*8)=0,"0",IF(INT(('Pie de rey'!$B$47*8)/128)>0,INT(('Pie de rey'!$B$47*8)/128)&" ","")&IF(MOD(('Pie de rey'!$B$47*8),128)=0,"",MOD(('Pie de rey'!$B$47*8),128)/GCD(MOD(('Pie de rey'!$B$47*8),128),128)&"/"&128/GCD(MOD(('Pie de rey'!$B$47*8),128),128)))&" + "&IF(('Pie de rey'!$B$48)=0,"0",IF(INT(('Pie de rey'!$B$48)/128)>0,INT(('Pie de rey'!$B$48)/128)&" ","")&IF(MOD(('Pie de rey'!$B$48),128)=0,"",MOD(('Pie de rey'!$B$48),128)/GCD(MOD(('Pie de rey'!$B$48),128),128)&"/"&128/GCD(MOD(('Pie de rey'!$B$48),128),128)))&" = "&IF(('Pie de rey'!$B$47*8+'Pie de rey'!$B$48)=0,"0",IF(INT(('Pie de rey'!$B$47*8+'Pie de rey'!$B$48)/128)>0,INT(('Pie de rey'!$B$47*8+'Pie de rey'!$B$48)/128)&" ","")&IF(MOD(('Pie de rey'!$B$47*8+'Pie de rey'!$B$48),128)=0,"",MOD(('Pie de rey'!$B$47*8+'Pie de rey'!$B$48),128)/GCD(MOD(('Pie de rey'!$B$47*8+'Pie de rey'!$B$48),128),128)&"/"&128/GCD(MOD(('Pie de rey'!$B$47*8+'Pie de rey'!$B$48),128),128)))&IF('Pie de rey'!$B$41=1," pulg"," mm")&" (= "&FIXED('Pie de rey'!$B$49,4,TRUE)&" pulg en decimal)",FIXED('Pie de rey'!$B$47*'Pie de rey'!$B$42,'Pie de rey'!$B$51,TRUE)&" + "&FIXED('Pie de rey'!$B$48*'Pie de rey'!$B$45,'Pie de rey'!$B$51,TRUE)&" = "&FIXED('Pie de rey'!$B$49,'Pie de rey'!$B$51,TRUE)&IF('Pie de rey'!$B$41=1," pulg"," mm")),"") -> 11/16 + 3/64 = 47/64 pulg (= 0.7344 pulg en decimal)
A18: =IF($B$10="SI","4. Interpretación","") -> 4. Interpretación | B18: =IF($B$10="SI","El cero del nonio pasó "&$B$47&IF($B$57=4," marcas de 1/16"""," marcas de la regla")&" y la raya "&$B$48&" del nonio está alineada con una raya de la regla. Lectura: "&IF($B$57=4,'Datos guía'!$F$1,FIXED($B$49,$B$51,TRUE)&IF($B$41=1," in"," mm")),"") -> El cero del nonio pasó 11 marcas de 1/16" y la raya 6 del nonio está alineada con una raya de la regla. Lectura: 47/64"
A20: Lista de práctica | B20: Valor
A21: Número de lista (aleatorio: 1 – 99; guía: 1 – 2) | B21: 1
A23: Ejercicio (escríbalo en B6) | B23: Su lectura | C23: Resultado | D23: Solución | BH23: Lectura (aux.) | BI23: Solución (aux.)
A24: =IF($B$58=1,$B$64+($B$21-1)*10+0,($B$21-1)*10+1) -> 1 | C24: =IF(B24="","",IF(BH24="","—",IF(ABS(B24-BH24)<$B$45/2,"Correcto","Incorrecto"))) | D24: =IF($B$10="SI",BI24,"") -> 47/64 pulg | BH24: =IF($B$58=1,IFERROR(INDEX('Datos guía'!$E$5:$E$544,MATCH($B$7&"|"&$A24,'Datos guía'!$A$5:$A$544,0)),""),INT(MOD($A24*7919+104729,INDEX($BC$5:$BC$10,MATCH($B$59,$AS$5:$AS$10,0))*INDEX($AV$5:$AV$10,MATCH($B$59,$AS$5:$AS$10,0))+1)/$B$43)*$B$42+MOD(MOD($A24*7919+104729,INDEX($BC$5:$BC$10,MATCH($B$59,$AS$5:$AS$10,0))*INDEX($AV$5:$AV$10,MATCH($B$59,$AS$5:$AS$10,0))+1),$B$43)*$B$45) -> 0.734375 | BI24: =IF($B$58=1,IFERROR(INDEX('Datos guía'!$F$5:$F$544,MATCH($B$7&"|"&$A24,'Datos guía'!$A$5:$A$544,0)),"No está en el banco"),IF($B$57=4,IF((ROUND((INT(MOD($A24*7919+104729,INDEX($BC$5:$BC$10,MATCH($B$59,$AS$5:$AS$10,0))*INDEX($AV$5:$AV$10,MATCH($B$59,$AS$5:$AS$10,0))+1)/$B$43)*$B$42+MOD(MOD($A24*7919+104729,INDEX($BC$5:$BC$10,MATCH($B$59,$AS$5:$AS$10,0))*INDEX($AV$5:$AV$10,MATCH($B$59,$AS$5:$AS$10,0))+1),$B$43)*$B$45)*128,0))=0,"0",IF(INT((ROUND((INT(MOD($A24*7919+104729,INDEX($BC$5:$BC$10,MATCH($B$59,$AS$5:$AS$10,0))*INDEX($AV$5:$AV$10,MATCH($B$59,$AS$5:$AS$10,0))+1)/$B$43)*$B$42+MOD(MOD($A24*7919+104729,INDEX($BC$5:$BC$10,MATCH($B$59,$AS$5:$AS$10,0))*INDEX($AV$5:$AV$10,MATCH($B$59,$AS$5:$AS$10,0))+1),$B$43)*$B$45)*128,0))/128)>0,INT((ROUND((INT(MOD($A24*7919+104729,INDEX($BC$5:$BC$10,MATCH($B$59,$AS$5:$AS$10,0))*INDEX($AV$5:$AV$10,MATCH($B$59,$AS$5:$AS$10,0))+1)/$B$43)*$B$42+MOD(MOD($A24*7919+104729,INDEX($BC$5:$BC$10,MATCH($B$59,$AS$5:$AS$10,0))*INDEX($AV$5:$AV$10,MATCH($B$59,$AS$5:$AS$10,0))+1),$B$43)*$B$45)*128,0))/128)&" ","")&IF(MOD((ROUND((INT(MOD($A24*7919+104729,INDEX($BC$5:$BC$10,MATCH($B$59,$AS$5:$AS$10,0))*INDEX($AV$5:$AV$10,MATCH($B$59,$AS$5:$AS$10,0))+1)/$B$43)*$B$42+MOD(MOD($A24*7919+104729,INDEX($BC$5:$BC$10,MATCH($B$59,$AS$5:$AS$10,0))*INDEX($AV$5:$AV$10,MATCH($B$59,$AS$5:$AS$10,0))+1),$B$43)*$B$45)*128,0)),128)=0,"",MOD((ROUND((INT(MOD($A24*7919+104729,INDEX($BC$5:$BC$10,MATCH($B$59,$AS$5:$AS$10,0))*INDEX($AV$5:$AV$10,MATCH($B$59,$AS$5:$AS$10,0))+1)/$B$43)*$B$42+MOD(MOD($A24*7919+104729,INDEX($BC$5:$BC$10,MATCH($B$59,$AS$5:$AS$10,0))*INDEX($AV$5:$AV$10,MATCH($B$59,$AS$5:$AS$10,0))+1),$B$43)*$B$45)*128,0)),128)/GCD(MOD((ROUND((INT(MOD($A24*7919+104729,INDEX($BC$5:$BC$10,MATCH($B$59,$AS$5:$AS$10,0))*INDEX($AV$5:$AV$10,MATCH($B$59,$AS$5:$AS$10,0))+1)/$B$43)*$B$42+MOD(MOD($A24*7919+104729,INDEX($BC$5:$BC$10,MATCH($B$59,$AS$5:$AS$10,0))*INDEX($AV$5:$AV$10,MATCH($B$59,$AS$5:$AS$10,0))+1),$B$43)*$B$45)*128,0)),128),128)&"/"&128/GCD(MOD((ROUND((INT(MOD($A24*7919+104729,INDEX($BC$5:$BC$10,MATCH($B$59,$AS$5:$AS$10,0))*INDEX($AV$5:$AV$10,MATCH($B$59,$AS$5:$AS$10,0))+1)/$B$43)*$B$42+MOD(MOD($A24*7919+104729,INDEX($BC$5:$BC$10,MATCH($B$59,$AS$5:$AS$10,0))*INDEX($AV$5:$AV$10,MATCH($B$59,$AS$5:$AS$10,0))+1),$B$43)*$B$45)*128,0)),128),128))),FIXED(INT(MOD($A24*7919+104729,INDEX($BC$5:$BC$10,MATCH($B$59,$AS$5:$AS$10,0))*INDEX($AV$5:$AV$10,MATCH($B$59,$AS$5:$AS$10,0))+1)/$B$43)*$B$42+MOD(MOD($A24*7919+104729,INDEX($BC$5:$BC$10,MATCH($B$59,$AS$5:$AS$10,0))*INDEX($AV$5:$AV$10,MATCH($B$59,$AS$5:$AS$10,0))+1),$B$43)*$B$45,$B$51,TRUE))&IF('Pie de rey'!$B$41=1," pulg"," mm")) -> 47/64 pulg
A25: =IF($B$58=1,$B$64+($B$21-1)*10+1,($B$21-1)*10+2) -> 2 | C25: =IF(B25="","",IF(BH25="","—",IF(ABS(B25-BH25)<$B$45/2,"Correcto","Incorrecto"))) | D25: =IF($B$10="SI",BI25,"") -> 2 61/128 pulg | BH25: =IF($B$58=1,IFERROR(INDEX('Datos guía'!$E$5:$E$544,MATCH($B$7&"|"&$A25,'Datos guía'!$A$5:$A$544,0)),""),INT(MOD($A25*7919+104729,INDEX($BC$5:$BC$10,MATCH($B$59,$AS$5:$AS$10,0))*INDEX($AV$5:$AV$10,MATCH($B$59,$AS$5:$AS$10,0))+1)/$B$43)*$B$42+MOD(MOD($A25*7919+104729,INDEX($BC$5:$BC$10,MATCH($B$59,$AS$5:$AS$10,0))*INDEX($AV$5:$AV$10,MATCH($B$59,$AS$5:$AS$10,0))+1),$B$43)*$B$45) -> 2.4765625 | BI25: =IF($B$58=1,IFERROR(INDEX('Datos guía'!$F$5:$F$544,MATCH($B$7&"|"&$A25,'Datos guía'!$A$5:$A$544,0)),"No está en el banco"),IF($B$57=4,IF((ROUND((INT(MOD($A25*7919+104729,INDEX($BC$5:$BC$10,MATCH($B$59,$AS$5:$AS$10,0))*INDEX($AV$5:$AV$10,MATCH($B$59,$AS$5:$AS$10,0))+1)/$B$43)*$B$42+MOD(MOD($A25*7919+104729,INDEX($BC$5:$BC$10,MATCH($B$59,$AS$5:$AS$10,0))*INDEX($AV$5:$AV$10,MATCH($B$59,$AS$5:$AS$10,0))+1),$B$43)*$B$45)*128,0))=0,"0",IF(INT((ROUND((INT(MOD($A25*7919+104729,INDEX($BC$5:$BC$10,MATCH($B$59,$AS$5:$AS$10,0))*INDEX($AV$5:$AV$10,MATCH($B$59,$AS$5:$AS$10,0))+1)/$B$43)*$B$42+MOD(MOD($A25*7919+104729,INDEX($BC$5:$BC$10,MATCH($B$59,$AS$5:$AS$10,0))*INDEX($AV$5:$AV$10,MATCH($B$59,$AS$5:$AS$10,0))+1),$B$43)*$B$45)*128,0))/128)>0,INT((ROUND((INT(MOD($A25*7919+104729,INDEX($BC$5:$BC$10,MATCH($B$59,$AS$5:$AS$10,0))*INDEX($AV$5:$AV$10,MATCH($B$59,$AS$5:$AS$10,0))+1)/$B$43)*$B$42+MOD(MOD($A25*7919+104729,INDEX($BC$5:$BC$10,MATCH($B$59,$AS$5:$AS$10,0))*INDEX($AV$5:$AV$10,MATCH($B$59,$AS$5:$AS$10,0))+1),$B$43)*$B$45)*128,0))/128)&" ","")&IF(MOD((ROUND((INT(MOD($A25*7919+104729,INDEX($BC$5:$BC$10,MATCH($B$59,$AS$5:$AS$10,0))*INDEX($AV$5:$AV$10,MATCH($B$59,$AS$5:$AS$10,0))+1)/$B$43)*$B$42+MOD(MOD($A25*7919+104729,INDEX($BC$5:$BC$10,MATCH($B$59,$AS$5:$AS$10,0))*INDEX($AV$5:$AV$10,MATCH($B$59,$AS$5:$AS$10,0))+1),$B$43)*$B$45)*128,0)),128)=0,"",MOD((ROUND((INT(MOD($A25*7919+104729,INDEX($BC$5:$BC$10,MATCH($B$59,$AS$5:$AS$10,0))*INDEX($AV$5:$AV$10,MATCH($B$59,$AS$5:$AS$10,0))+1)/$B$43)*$B$42+MOD(MOD($A25*7919+104729,INDEX($BC$5:$BC$10,MATCH($B$59,$AS$5:$AS$10,0))*INDEX($AV$5:$AV$10,MATCH($B$59,$AS$5:$AS$10,0))+1),$B$43)*$B$45)*128,0)),128)/GCD(MOD((ROUND((INT(MOD($A25*7919+104729,INDEX($BC$5:$BC$10,MATCH($B$59,$AS$5:$AS$10,0))*INDEX($AV$5:$AV$10,MATCH($B$59,$AS$5:$AS$10,0))+1)/$B$43)*$B$42+MOD(MOD($A25*7919+104729,INDEX($BC$5:$BC$10,MATCH($B$59,$AS$5:$AS$10,0))*INDEX($AV$5:$AV$10,MATCH($B$59,$AS$5:$AS$10,0))+1),$B$43)*$B$45)*128,0)),128),128)&"/"&128/GCD(MOD((ROUND((INT(MOD($A25*7919+104729,INDEX($BC$5:$BC$10,MATCH($B$59,$AS$5:$AS$10,0))*INDEX($AV$5:$AV$10,MATCH($B$59,$AS$5:$AS$10,0))+1)/$B$43)*$B$42+MOD(MOD($A25*7919+104729,INDEX($BC$5:$BC$10,MATCH($B$59,$AS$5:$AS$10,0))*INDEX($AV$5:$AV$10,MATCH($B$59,$AS$5:$AS$10,0))+1),$B$43)*$B$45)*128,0)),128),128))),FIXED(INT(MOD($A25*7919+104729,INDEX($BC$5:$BC$10,MATCH($B$59,$AS$5:$AS$10,0))*INDEX($AV$5:$AV$10,MATCH($B$59,$AS$5:$AS$10,0))+1)/$B$43)*$B$42+MOD(MOD($A25*7919+104729,INDEX($BC$5:$BC$10,MATCH($B$59,$AS$5:$AS$10,0))*INDEX($AV$5:$AV$10,MATCH($B$59,$AS$5:$AS$10,0))+1),$B$43)*$B$45,$B$51,TRUE))&IF('Pie de rey'!$B$41=1," pulg"," mm")) -> 2 61/128 pulg
A26: =IF($B$58=1,$B$64+($B$21-1)*10+2,($B$21-1)*10+3) -> 3 | C26: =IF(B26="","",IF(BH26="","—",IF(ABS(B26-BH26)<$B$45/2,"Correcto","Incorrecto"))) | D26: =IF($B$10="SI",BI26,"") -> 59/128 pulg | BH26: =IF($B$58=1,IFERROR(INDEX('Datos guía'!$E$5:$E$544,MATCH($B$7&"|"&$A26,'Datos guía'!$A$5:$A$544,0)),""),INT(MOD($A26*7919+104729,INDEX($BC$5:$BC$10,MATCH($B$59,$AS$5:$AS$10,0))*INDEX($AV$5:$AV$10,MATCH($B$59,$AS$5:$AS$10,0))+1)/$B$43)*$B$42+MOD(MOD($A26*7919+104729,INDEX($BC$5:$BC$10,MATCH($B$59,$AS$5:$AS$10,0))*INDEX($AV$5:$AV$10,MATCH($B$59,$AS$5:$AS$10,0))+1),$B$43)*$B$45) -> 0.4609375 | BI26: =IF($B$58=1,IFERROR(INDEX('Datos guía'!$F$5:$F$544,MATCH($B$7&"|"&$A26,'Datos guía'!$A$5:$A$544,0)),"No está en el banco"),IF($B$57=4,IF((ROUND((INT(MOD($A26*7919+104729,INDEX($BC$5:$BC$10,MATCH($B$59,$AS$5:$AS$10,0))*INDEX($AV$5:$AV$10,MATCH($B$59,$AS$5:$AS$10,0))+1)/$B$43)*$B$42+MOD(MOD($A26*7919+104729,INDEX($BC$5:$BC$10,MATCH($B$59,$AS$5:$AS$10,0))*INDEX($AV$5:$AV$10,MATCH($B$59,$AS$5:$AS$10,0))+1),$B$43)*$B$45)*128,0))=0,"0",IF(INT((ROUND((INT(MOD($A26*7919+104729,INDEX($BC$5:$BC$10,MATCH($B$59,$AS$5:$AS$10,0))*INDEX($AV$5:$AV$10,MATCH($B$59,$AS$5:$AS$10,0))+1)/$B$43)*$B$42+MOD(MOD($A26*7919+104729,INDEX($BC$5:$BC$10,MATCH($B$59,$AS$5:$AS$10,0))*INDEX($AV$5:$AV$10,MATCH($B$59,$AS$5:$AS$10,0))+1),$B$43)*$B$45)*128,0))/128)>0,INT((ROUND((INT(MOD($A26*7919+104729,INDEX($BC$5:$BC$10,MATCH($B$59,$AS$5:$AS$10,0))*INDEX($AV$5:$AV$10,MATCH($B$59,$AS$5:$AS$10,0))+1)/$B$43)*$B$42+MOD(MOD($A26*7919+104729,INDEX($BC$5:$BC$10,MATCH($B$59,$AS$5:$AS$10,0))*INDEX($AV$5:$AV$10,MATCH($B$59,$AS$5:$AS$10,0))+1),$B$43)*$B$45)*128,0))/128)&" ","")&IF(MOD((ROUND((INT(MOD($A26*7919+104729,INDEX($BC$5:$BC$10,MATCH($B$59,$AS$5:$AS$10,0))*INDEX($AV$5:$AV$10,MATCH($B$59,$AS$5:$AS$10,0))+1)/$B$43)*$B$42+MOD(MOD($A26*7919+104729,INDEX($BC$5:$BC$10,MATCH($B$59,$AS$5:$AS$10,0))*INDEX($AV$5:$AV$10,MATCH($B$59,$AS$5:$AS$10,0))+1),$B$43)*$B$45)*128,0)),128)=0,"",MOD((ROUND((INT(MOD($A26*7919+104729,INDEX($BC$5:$BC$10,MATCH($B$59,$AS$5:$AS$10,0))*INDEX($AV$5:$AV$10,MATCH($B$59,$AS$5:$AS$10,0))+1)/$B$43)*$B$42+MOD(MOD($A26*7919+104729,INDEX($BC$5:$BC$10,MATCH($B$59,$AS$5:$AS$10,0))*INDEX($AV$5:$AV$10,MATCH($B$59,$AS$5:$AS$10,0))+1),$B$43)*$B$45)*128,0)),128)/GCD(MOD((ROUND((INT(MOD($A26*7919+104729,INDEX($BC$5:$BC$10,MATCH($B$59,$AS$5:$AS$10,0))*INDEX($AV$5:$AV$10,MATCH($B$59,$AS$5:$AS$10,0))+1)/$B$43)*$B$42+MOD(MOD($A26*7919+104729,INDEX($BC$5:$BC$10,MATCH($B$59,$AS$5:$AS$10,0))*INDEX($AV$5:$AV$10,MATCH($B$59,$AS$5:$AS$10,0))+1),$B$43)*$B$45)*128,0)),128),128)&"/"&128/GCD(MOD((ROUND((INT(MOD($A26*7919+104729,INDEX($BC$5:$BC$10,MATCH($B$59,$AS$5:$AS$10,0))*INDEX($AV$5:$AV$10,MATCH($B$59,$AS$5:$AS$10,0))+1)/$B$43)*$B$42+MOD(MOD($A26*7919+104729,INDEX($BC$5:$BC$10,MATCH($B$59,$AS$5:$AS$10,0))*INDEX($AV$5:$AV$10,MATCH($B$59,$AS$5:$AS$10,0))+1),$B$43)*$B$45)*128,0)),128),128))),FIXED(INT(MOD($A26*7919+104729,INDEX($BC$5:$BC$10,MATCH($B$59,$AS$5:$AS$10,0))*INDEX($AV$5:$AV$10,MATCH($B$59,$AS$5:$AS$10,0))+1)/$B$43)*$B$42+MOD(MOD($A26*7919+104729,INDEX($BC$5:$BC$10,MATCH($B$59,$AS$5:$AS$10,0))*INDEX($AV$5:$AV$10,MATCH($B$59,$AS$5:$AS$10,0))+1),$B$43)*$B$45,$B$51,TRUE))&IF('Pie de rey'!$B$41=1," pulg"," mm")) -> 59/128 pulg
A27: =IF($B$58=1,$B$64+($B$21-1)*10+3,($B$21-1)*10+4) -> 4 | C27: =IF(B27="","",IF(BH27="","—",IF(ABS(B27-BH27)<$B$45/2,"Correcto","Incorrecto"))) | D27: =IF($B$10="SI",BI27,"") -> 2 13/64 pulg | BH27: =IF($B$58=1,IFERROR(INDEX('Datos guía'!$E$5:$E$544,MATCH($B$7&"|"&$A27,'Datos guía'!$A$5:$A$544,0)),""),INT(MOD($A27*7919+104729,INDEX($BC$5:$BC$10,MATCH($B$59,$AS$5:$AS$10,0))*INDEX($AV$5:$AV$10,MATCH($B$59,$AS$5:$AS$10,0))+1)/$B$43)*$B$42+MOD(MOD($A27*7919+104729,INDEX($BC$5:$BC$10,MATCH($B$59,$AS$5:$AS$10,0))*INDEX($AV$5:$AV$10,MATCH($B$59,$AS$5:$AS$10,0))+1),$B$43)*$B$45) -> 2.203125 | BI27: =IF($B$58=1,IFERROR(INDEX('Datos guía'!$F$5:$F$544,MATCH($B$7&"|"&$A27,'Datos guía'!$A$5:$A$544,0)),"No está en el banco"),IF($B$57=4,IF((ROUND((INT(MOD($A27*7919+104729,INDEX($BC$5:$BC$10,MATCH($B$59,$AS$5:$AS$10,0))*INDEX($AV$5:$AV$10,MATCH($B$59,$AS$5:$AS$10,0))+1)/$B$43)*$B$42+MOD(MOD($A27*7919+104729,INDEX($BC$5:$BC$10,MATCH($B$59,$AS$5:$AS$10,0))*INDEX($AV$5:$AV$10,MATCH($B$59,$AS$5:$AS$10,0))+1),$B$43)*$B$45)*128,0))=0,"0",IF(INT((ROUND((INT(MOD($A27*7919+104729,INDEX($BC$5:$BC$10,MATCH($B$59,$AS$5:$AS$10,0))*INDEX($AV$5:$AV$10,MATCH($B$59,$AS$5:$AS$10,0))+1)/$B$43)*$B$42+MOD(MOD($A27*7919+104729,INDEX($BC$5:$BC$10,MATCH($B$59,$AS$5:$AS$10,0))*INDEX($AV$5:$AV$10,MATCH($B$59,$AS$5:$AS$10,0))+1),$B$43)*$B$45)*128,0))/128)>0,INT((ROUND((INT(MOD($A27*7919+104729,INDEX($BC$5:$BC$10,MATCH($B$59,$AS$5:$AS$10,0))*INDEX($AV$5:$AV$10,MATCH($B$59,$AS$5:$AS$10,0))+1)/$B$43)*$B$42+MOD(MOD($A27*7919+104729,INDEX($BC$5:$BC$10,MATCH($B$59,$AS$5:$AS$10,0))*INDEX($AV$5:$AV$10,MATCH($B$59,$AS$5:$AS$10,0))+1),$B$43)*$B$45)*128,0))/128)&" ","")&IF(MOD((ROUND((INT(MOD($A27*7919+104729,INDEX($BC$5:$BC$10,MATCH($B$59,$AS$5:$AS$10,0))*INDEX($AV$5:$AV$10,MATCH($B$59,$AS$5:$AS$10,0))+1)/$B$43)*$B$42+MOD(MOD($A27*7919+104729,INDEX($BC$5:$BC$10,MATCH($B$59,$AS$5:$AS$10,0))*INDEX($AV$5:$AV$10,MATCH($B$59,$AS$5:$AS$10,0))+1),$B$43)*$B$45)*128,0)),128)=0,"",MOD((ROUND((INT(MOD($A27*7919+104729,INDEX($BC$5:$BC$10,MATCH($B$59,$AS$5:$AS$10,0))*INDEX($AV$5:$AV$10,MATCH($B$59,$AS$5:$AS$10,0))+1)/$B$43)*$B$42+MOD(MOD($A27*7919+104729,INDEX($BC$5:$BC$10,MATCH($B$59,$AS$5:$AS$10,0))*INDEX($AV$5:$AV$10,MATCH($B$59,$AS$5:$AS$10,0))+1),$B$43)*$B$45)*128,0)),128)/GCD(MOD((ROUND((INT(MOD($A27*7919+104729,INDEX($BC$5:$BC$10,MATCH($B$59,$AS$5:$AS$10,0))*INDEX($AV$5:$AV$10,MATCH($B$59,$AS$5:$AS$10,0))+1)/$B$43)*$B$42+MOD(MOD($A27*7919+104729,INDEX($BC$5:$BC$10,MATCH($B$59,$AS$5:$AS$10,0))*INDEX($AV$5:$AV$10,MATCH($B$59,$AS$5:$AS$10,0))+1),$B$43)*$B$45)*128,0)),128),128)&"/"&128/GCD(MOD((ROUND((INT(MOD($A27*7919+104729,INDEX($BC$5:$BC$10,MATCH($B$59,$AS$5:$AS$10,0))*INDEX($AV$5:$AV$10,MATCH($B$59,$AS$5:$AS$10,0))+1)/$B$43)*$B$42+MOD(MOD($A27*7919+104729,INDEX($BC$5:$BC$10,MATCH($B$59,$AS$5:$AS$10,0))*INDEX($AV$5:$AV$10,MATCH($B$59,$AS$5:$AS$10,0))+1),$B$43)*$B$45)*128,0)),128),128))),FIXED(INT(MOD($A27*7919+104729,INDEX($BC$5:$BC$10,MATCH($B$59,$AS$5:$AS$10,0))*INDEX($AV$5:$AV$10,MATCH($B$59,$AS$5:$AS$10,0))+1)/$B$43)*$B$42+MOD(MOD($A27*7919+104729,INDEX($BC$5:$BC$10,MATCH($B$59,$AS$5:$AS$10,0))*INDEX($AV$5:$AV$10,MATCH($B$59,$AS$5:$AS$10,0))+1),$B$43)*$B$45,$B$51,TRUE))&IF('Pie de rey'!$B$41=1," pulg"," mm")) -> 2 13/64 pulg
A28: =IF($B$58=1,$B$64+($B$21-1)*10+4,($B$21-1)*10+5) -> 5 | C28: =IF(B28="","",IF(BH28="","—",IF(ABS(B28-BH28)<$B$45/2,"Correcto","Incorrecto"))) | D28: =IF($B$10="SI",BI28,"") -> 3/16 pulg | BH28: =IF($B$58=1,IFERROR(INDEX('Datos guía'!$E$5:$E$544,MATCH($B$7&"|"&$A28,'Datos guía'!$A$5:$A$544,0)),""),INT(MOD($A28*7919+104729,INDEX($BC$5:$BC$10,MATCH($B$59,$AS$5:$AS$10,0))*INDEX($AV$5:$AV$10,MATCH($B$59,$AS$5:$AS$10,0))+1)/$B$43)*$B$42+MOD(MOD($A28*7919+104729,INDEX($BC$5:$BC$10,MATCH($B$59,$AS$5:$AS$10,0))*INDEX($AV$5:$AV$10,MATCH($B$59,$AS$5:$AS$10,0))+1),$B$43)*$B$45) -> 0.1875 | BI28: =IF($B$58=1,IFERROR(INDEX('Datos guía'!$F$5:$F$544,MATCH($B$7&"|"&$A28,'Datos guía'!$A$5:$A$544,0)),"No está en el banco"),IF($B$57=4,IF((ROUND((INT(MOD($A28*7919+104729,INDEX($BC$5:$BC$10,MATCH($B$59,$AS$5:$AS$10,0))*INDEX($AV$5:$AV$10,MATCH($B$59,$AS$5:$AS$10,0))+1)/$B$43)*$B$42+MOD(MOD($A28*7919+104729,INDEX($BC$5:$BC$10,MATCH($B$59,$AS$5:$AS$10,0))*INDEX($AV$5:$AV$10,MATCH($B$59,$AS$5:$AS$10,0))+1),$B$43)*$B$45)*128,0))=0,"0",IF(INT((ROUND((INT(MOD($A28*7919+104729,INDEX($BC$5:$BC$10,MATCH($B$59,$AS$5:$AS$10,0))*INDEX($AV$5:$AV$10,MATCH($B$59,$AS$5:$AS$10,0))+1)/$B$43)*$B$42+MOD(MOD($A28*7919+104729,INDEX($BC$5:$BC$10,MATCH($B$59,$AS$5:$AS$10,0))*INDEX($AV$5:$AV$10,MATCH($B$59,$AS$5:$AS$10,0))+1),$B$43)*$B$45)*128,0))/128)>0,INT((ROUND((INT(MOD($A28*7919+104729,INDEX($BC$5:$BC$10,MATCH($B$59,$AS$5:$AS$10,0))*INDEX($AV$5:$AV$10,MATCH($B$59,$AS$5:$AS$10,0))+1)/$B$43)*$B$42+MOD(MOD($A28*7919+104729,INDEX($BC$5:$BC$10,MATCH($B$59,$AS$5:$AS$10,0))*INDEX($AV$5:$AV$10,MATCH($B$59,$AS$5:$AS$10,0))+1),$B$43)*$B$45)*128,0))/128)&" ","")&IF(MOD((ROUND((INT(MOD($A28*7919+104729,INDEX($BC$5:$BC$10,MATCH($B$59,$AS$5:$AS$10,0))*INDEX($AV$5:$AV$10,MATCH($B$59,$AS$5:$AS$10,0))+1)/$B$43)*$B$42+MOD(MOD($A28*7919+104729,INDEX($BC$5:$BC$10,MATCH($B$59,$AS$5:$AS$10,0))*INDEX($AV$5:$AV$10,MATCH($B$59,$AS$5:$AS$10,0))+1),$B$43)*$B$45)*128,0)),128)=0,"",MOD((ROUND((INT(MOD($A28*7919+104729,INDEX($BC$5:$BC$10,MATCH($B$59,$AS$5:$AS$10,0))*INDEX($AV$5:$AV$10,MATCH($B$59,$AS$5:$AS$10,0))+1)/$B$43)*$B$42+MOD(MOD($A28*7919+104729,INDEX($BC$5:$BC$10,MATCH($B$59,$AS$5:$AS$10,0))*INDEX($AV$5:$AV$10,MATCH($B$59,$AS$5:$AS$10,0))+1),$B$43)*$B$45)*128,0)),128)/GCD(MOD((ROUND((INT(MOD($A28*7919+104729,INDEX($BC$5:$BC$10,MATCH($B$59,$AS$5:$AS$10,0))*INDEX($AV$5:$AV$10,MATCH($B$59,$AS$5:$AS$10,0))+1)/$B$43)*$B$42+MOD(MOD($A28*7919+104729,INDEX($BC$5:$BC$10,MATCH($B$59,$AS$5:$AS$10,0))*INDEX($AV$5:$AV$10,MATCH($B$59,$AS$5:$AS$10,0))+1),$B$43)*$B$45)*128,0)),128),128)&"/"&128/GCD(MOD((ROUND((INT(MOD($A28*7919+104729,INDEX($BC$5:$BC$10,MATCH($B$59,$AS$5:$AS$10,0))*INDEX($AV$5:$AV$10,MATCH($B$59,$AS$5:$AS$10,0))+1)/$B$43)*$B$42+MOD(MOD($A28*7919+104729,INDEX($BC$5:$BC$10,MATCH($B$59,$AS$5:$AS$10,0))*INDEX($AV$5:$AV$10,MATCH($B$59,$AS$5:$AS$10,0))+1),$B$43)*$B$45)*128,0)),128),128))),FIXED(INT(MOD($A28*7919+104729,INDEX($BC$5:$BC$10,MATCH($B$59,$AS$5:$AS$10,0))*INDEX($AV$5:$AV$10,MATCH($B$59,$AS$5:$AS$10,0))+1)/$B$43)*$B$42+MOD(MOD($A28*7919+104729,INDEX($BC$5:$BC$10,MATCH($B$59,$AS$5:$AS$10,0))*INDEX($AV$5:$AV$10,MATCH($B$59,$AS$5:$AS$10,0))+1),$B$43)*$B$45,$B$51,TRUE))&IF('Pie de rey'!$B$41=1," pulg"," mm")) -> 3/16 pulg
A29: =IF($B$58=1,$B$64+($B$21-1)*10+5,($B$21-1)*10+6) -> 6 | C29: =IF(B29="","",IF(BH29="","—",IF(ABS(B29-BH29)<$B$45/2,"Correcto","Incorrecto"))) | D29: =IF($B$10="SI",BI29,"") -> 1 119/128 pulg | BH29: =IF($B$58=1,IFERROR(INDEX('Datos guía'!$E$5:$E$544,MATCH($B$7&"|"&$A29,'Datos guía'!$A$5:$A$544,0)),""),INT(MOD($A29*7919+104729,INDEX($BC$5:$BC$10,MATCH($B$59,$AS$5:$AS$10,0))*INDEX($AV$5:$AV$10,MATCH($B$59,$AS$5:$AS$10,0))+1)/$B$43)*$B$42+MOD(MOD($A29*7919+104729,INDEX($BC$5:$BC$10,MATCH($B$59,$AS$5:$AS$10,0))*INDEX($AV$5:$AV$10,MATCH($B$59,$AS$5:$AS$10,0))+1),$B$43)*$B$45) -> 1.9296875 | BI29: =IF($B$58=1,IFERROR(INDEX('Datos guía'!$F$5:$F$544,MATCH($B$7&"|"&$A29,'Datos guía'!$A$5:$A$544,0)),"No está en el banco"),IF($B$57=4,IF((ROUND((INT(MOD($A29*7919+104729,INDEX($BC$5:$BC$10,MATCH($B$59,$AS$5:$AS$10,0))*INDEX($AV$5:$AV$10,MATCH($B$59,$AS$5:$AS$10,0))+1)/$B$43)*$B$42+MOD(MOD($A29*7919+104729,INDEX($BC$5:$BC$10,MATCH($B$59,$AS$5:$AS$10,0))*INDEX($AV$5:$AV$10,MATCH($B$59,$AS$5:$AS$10,0))+1),$B$43)*$B$45)*128,0))=0,"0",IF(INT((ROUND((INT(MOD($A29*7919+104729,INDEX($BC$5:$BC$10,MATCH($B$59,$AS$5:$AS$10,0))*INDEX($AV$5:$AV$10,MATCH($B$59,$AS$5:$AS$10,0))+1)/$B$43)*$B$42+MOD(MOD($A29*7919+104729,INDEX($BC$5:$BC$10,MATCH($B$59,$AS$5:$AS$10,0))*INDEX($AV$5:$AV$10,MATCH($B$59,$AS$5:$AS$10,0))+1),$B$43)*$B$45)*128,0))/128)>0,INT((ROUND((INT(MOD($A29*7919+104729,INDEX($BC$5:$BC$10,MATCH($B$59,$AS$5:$AS$10,0))*INDEX($AV$5:$AV$10,MATCH($B$59,$AS$5:$AS$10,0))+1)/$B$43)*$B$42+MOD(MOD($A29*7919+104729,INDEX($BC$5:$BC$10,MATCH($B$59,$AS$5:$AS$10,0))*INDEX($AV$5:$AV$10,MATCH($B$59,$AS$5:$AS$10,0))+1),$B$43)*$B$45)*128,0))/128)&" ","")&IF(MOD((ROUND((INT(MOD($A29*7919+104729,INDEX($BC$5:$BC$10,MATCH($B$59,$AS$5:$AS$10,0))*INDEX($AV$5:$AV$10,MATCH($B$59,$AS$5:$AS$10,0))+1)/$B$43)*$B$42+MOD(MOD($A29*7919+104729,INDEX($BC$5:$BC$10,MATCH($B$59,$AS$5:$AS$10,0))*INDEX($AV$5:$AV$10,MATCH($B$59,$AS$5:$AS$10,0))+1),$B$43)*$B$45)*128,0)),128)=0,"",MOD((ROUND((INT(MOD($A29*7919+104729,INDEX($BC$5:$BC$10,MATCH($B$59,$AS$5:$AS$10,0))*INDEX($AV$5:$AV$10,MATCH($B$59,$AS$5:$AS$10,0))+1)/$B$43)*$B$42+MOD(MOD($A29*7919+104729,INDEX($BC$5:$BC$10,MATCH($B$59,$AS$5:$AS$10,0))*INDEX($AV$5:$AV$10,MATCH($B$59,$AS$5:$AS$10,0))+1),$B$43)*$B$45)*128,0)),128)/GCD(MOD((ROUND((INT(MOD($A29*7919+104729,INDEX($BC$5:$BC$10,MATCH($B$59,$AS$5:$AS$10,0))*INDEX($AV$5:$AV$10,MATCH($B$59,$AS$5:$AS$10,0))+1)/$B$43)*$B$42+MOD(MOD($A29*7919+104729,INDEX($BC$5:$BC$10,MATCH($B$59,$AS$5:$AS$10,0))*INDEX($AV$5:$AV$10,MATCH($B$59,$AS$5:$AS$10,0))+1),$B$43)*$B$45)*128,0)),128),128)&"/"&128/GCD(MOD((ROUND((INT(MOD($A29*7919+104729,INDEX($BC$5:$BC$10,MATCH($B$59,$AS$5:$AS$10,0))*INDEX($AV$5:$AV$10,MATCH($B$59,$AS$5:$AS$10,0))+1)/$B$43)*$B$42+MOD(MOD($A29*7919+104729,INDEX($BC$5:$BC$10,MATCH($B$59,$AS$5:$AS$10,0))*INDEX($AV$5:$AV$10,MATCH($B$59,$AS$5:$AS$10,0))+1),$B$43)*$B$45)*128,0)),128),128))),FIXED(INT(MOD($A29*7919+104729,INDEX($BC$5:$BC$10,MATCH($B$59,$AS$5:$AS$10,0))*INDEX($AV$5:$AV$10,MATCH($B$59,$AS$5:$AS$10,0))+1)/$B$43)*$B$42+MOD(MOD($A29*7919+104729,INDEX($BC$5:$BC$10,MATCH($B$59,$AS$5:$AS$10,0))*INDEX($AV$5:$AV$10,MATCH($B$59,$AS$5:$AS$10,0))+1),$B$43)*$B$45,$B$51,TRUE))&IF('Pie de rey'!$B$41=1," pulg"," mm")) -> 1 119/128 pulg
A30: =IF($B$58=1,$B$64+($B$21-1)*10+6,($B$21-1)*10+7) -> 7 | C30: =IF(B30="","",IF(BH30="","—",IF(ABS(B30-BH30)<$B$45/2,"Correcto","Incorrecto"))) | D30: =IF($B$10="SI",BI30,"") -> 3 43/64 pulg | BH30: =IF($B$58=1,IFERROR(INDEX('Datos guía'!$E$5:$E$544,MATCH($B$7&"|"&$A30,'Datos guía'!$A$5:$A$544,0)),""),INT(MOD($A30*7919+104729,INDEX($BC$5:$BC$10,MATCH($B$59,$AS$5:$AS$10,0))*INDEX($AV$5:$AV$10,MATCH($B$59,$AS$5:$AS$10,0))+1)/$B$43)*$B$42+MOD(MOD($A30*7919+104729,INDEX($BC$5:$BC$10,MATCH($B$59,$AS$5:$AS$10,0))*INDEX($AV$5:$AV$10,MATCH($B$59,$AS$5:$AS$10,0))+1),$B$43)*$B$45) -> 3.671875 | BI30: =IF($B$58=1,IFERROR(INDEX('Datos guía'!$F$5:$F$544,MATCH($B$7&"|"&$A30,'Datos guía'!$A$5:$A$544,0)),"No está en el banco"),IF($B$57=4,IF((ROUND((INT(MOD($A30*7919+104729,INDEX($BC$5:$BC$10,MATCH($B$59,$AS$5:$AS$10,0))*INDEX($AV$5:$AV$10,MATCH($B$59,$AS$5:$AS$10,0))+1)/$B$43)*$B$42+MOD(MOD($A30*7919+104729,INDEX($BC$5:$BC$10,MATCH($B$59,$AS$5:$AS$10,0))*INDEX($AV$5:$AV$10,MATCH($B$59,$AS$5:$AS$10,0))+1),$B$43)*$B$45)*128,0))=0,"0",IF(INT((ROUND((INT(MOD($A30*7919+104729,INDEX($BC$5:$BC$10,MATCH($B$59,$AS$5:$AS$10,0))*INDEX($AV$5:$AV$10,MATCH($B$59,$AS$5:$AS$10,0))+1)/$B$43)*$B$42+MOD(MOD($A30*7919+104729,INDEX($BC$5:$BC$10,MATCH($B$59,$AS$5:$AS$10,0))*INDEX($AV$5:$AV$10,MATCH($B$59,$AS$5:$AS$10,0))+1),$B$43)*$B$45)*128,0))/128)>0,INT((ROUND((INT(MOD($A30*7919+104729,INDEX($BC$5:$BC$10,MATCH($B$59,$AS$5:$AS$10,0))*INDEX($AV$5:$AV$10,MATCH($B$59,$AS$5:$AS$10,0))+1)/$B$43)*$B$42+MOD(MOD($A30*7919+104729,INDEX($BC$5:$BC$10,MATCH($B$59,$AS$5:$AS$10,0))*INDEX($AV$5:$AV$10,MATCH($B$59,$AS$5:$AS$10,0))+1),$B$43)*$B$45)*128,0))/128)&" ","")&IF(MOD((ROUND((INT(MOD($A30*7919+104729,INDEX($BC$5:$BC$10,MATCH($B$59,$AS$5:$AS$10,0))*INDEX($AV$5:$AV$10,MATCH($B$59,$AS$5:$AS$10,0))+1)/$B$43)*$B$42+MOD(MOD($A30*7919+104729,INDEX($BC$5:$BC$10,MATCH($B$59,$AS$5:$AS$10,0))*INDEX($AV$5:$AV$10,MATCH($B$59,$AS$5:$AS$10,0))+1),$B$43)*$B$45)*128,0)),128)=0,"",MOD((ROUND((INT(MOD($A30*7919+104729,INDEX($BC$5:$BC$10,MATCH($B$59,$AS$5:$AS$10,0))*INDEX($AV$5:$AV$10,MATCH($B$59,$AS$5:$AS$10,0))+1)/$B$43)*$B$42+MOD(MOD($A30*7919+104729,INDEX($BC$5:$BC$10,MATCH($B$59,$AS$5:$AS$10,0))*INDEX($AV$5:$AV$10,MATCH($B$59,$AS$5:$AS$10,0))+1),$B$43)*$B$45)*128,0)),128)/GCD(MOD((ROUND((INT(MOD($A30*7919+104729,INDEX($BC$5:$BC$10,MATCH($B$59,$AS$5:$AS$10,0))*INDEX($AV$5:$AV$10,MATCH($B$59,$AS$5:$AS$10,0))+1)/$B$43)*$B$42+MOD(MOD($A30*7919+104729,INDEX($BC$5:$BC$10,MATCH($B$59,$AS$5:$AS$10,0))*INDEX($AV$5:$AV$10,MATCH($B$59,$AS$5:$AS$10,0))+1),$B$43)*$B$45)*128,0)),128),128)&"/"&128/GCD(MOD((ROUND((INT(MOD($A30*7919+104729,INDEX($BC$5:$BC$10,MATCH($B$59,$AS$5:$AS$10,0))*INDEX($AV$5:$AV$10,MATCH($B$59,$AS$5:$AS$10,0))+1)/$B$43)*$B$42+MOD(MOD($A30*7919+104729,INDEX($BC$5:$BC$10,MATCH($B$59,$AS$5:$AS$10,0))*INDEX($AV$5:$AV$10,MATCH($B$59,$AS$5:$AS$10,0))+1),$B$43)*$B$45)*128,0)),128),128))),FIXED(INT(MOD($A30*7919+104729,INDEX($BC$5:$BC$10,MATCH($B$59,$AS$5:$AS$10,0))*INDEX($AV$5:$AV$10,MATCH($B$59,$AS$5:$AS$10,0))+1)/$B$43)*$B$42+MOD(MOD($A30*7919+104729,INDEX($BC$5:$BC$10,MATCH($B$59,$AS$5:$AS$10,0))*INDEX($AV$5:$AV$10,MATCH($B$59,$AS$5:$AS$10,0))+1),$B$43)*$B$45,$B$51,TRUE))&IF('Pie de rey'!$B$41=1," pulg"," mm")) -> 3 43/64 pulg
A31: =IF($B$58=1,$B$64+($B$21-1)*10+7,($B$21-1)*10+8) -> 8 | C31: =IF(B31="","",IF(BH31="","—",IF(ABS(B31-BH31)<$B$45/2,"Correcto","Incorrecto"))) | D31: =IF($B$10="SI",BI31,"") -> 1 21/32 pulg | BH31: =IF($B$58=1,IFERROR(INDEX('Datos guía'!$E$5:$E$544,MATCH($B$7&"|"&$A31,'Datos guía'!$A$5:$A$544,0)),""),INT(MOD($A31*7919+104729,INDEX($BC$5:$BC$10,MATCH($B$59,$AS$5:$AS$10,0))*INDEX($AV$5:$AV$10,MATCH($B$59,$AS$5:$AS$10,0))+1)/$B$43)*$B$42+MOD(MOD($A31*7919+104729,INDEX($BC$5:$BC$10,MATCH($B$59,$AS$5:$AS$10,0))*INDEX($AV$5:$AV$10,MATCH($B$59,$AS$5:$AS$10,0))+1),$B$43)*$B$45) -> 1.65625 | BI31: =IF($B$58=1,IFERROR(INDEX('Datos guía'!$F$5:$F$544,MATCH($B$7&"|"&$A31,'Datos guía'!$A$5:$A$544,0)),"No está en el banco"),IF($B$57=4,IF((ROUND((INT(MOD($A31*7919+104729,INDEX($BC$5:$BC$10,MATCH($B$59,$AS$5:$AS$10,0))*INDEX($AV$5:$AV$10,MATCH($B$59,$AS$5:$AS$10,0))+1)/$B$43)*$B$42+MOD(MOD($A31*7919+104729,INDEX($BC$5:$BC$10,MATCH($B$59,$AS$5:$AS$10,0))*INDEX($AV$5:$AV$10,MATCH($B$59,$AS$5:$AS$10,0))+1),$B$43)*$B$45)*128,0))=0,"0",IF(INT((ROUND((INT(MOD($A31*7919+104729,INDEX($BC$5:$BC$10,MATCH($B$59,$AS$5:$AS$10,0))*INDEX($AV$5:$AV$10,MATCH($B$59,$AS$5:$AS$10,0))+1)/$B$43)*$B$42+MOD(MOD($A31*7919+104729,INDEX($BC$5:$BC$10,MATCH($B$59,$AS$5:$AS$10,0))*INDEX($AV$5:$AV$10,MATCH($B$59,$AS$5:$AS$10,0))+1),$B$43)*$B$45)*128,0))/128)>0,INT((ROUND((INT(MOD($A31*7919+104729,INDEX($BC$5:$BC$10,MATCH($B$59,$AS$5:$AS$10,0))*INDEX($AV$5:$AV$10,MATCH($B$59,$AS$5:$AS$10,0))+1)/$B$43)*$B$42+MOD(MOD($A31*7919+104729,INDEX($BC$5:$BC$10,MATCH($B$59,$AS$5:$AS$10,0))*INDEX($AV$5:$AV$10,MATCH($B$59,$AS$5:$AS$10,0))+1),$B$43)*$B$45)*128,0))/128)&" ","")&IF(MOD((ROUND((INT(MOD($A31*7919+104729,INDEX($BC$5:$BC$10,MATCH($B$59,$AS$5:$AS$10,0))*INDEX($AV$5:$AV$10,MATCH($B$59,$AS$5:$AS$10,0))+1)/$B$43)*$B$42+MOD(MOD($A31*7919+104729,INDEX($BC$5:$BC$10,MATCH($B$59,$AS$5:$AS$10,0))*INDEX($AV$5:$AV$10,MATCH($B$59,$AS$5:$AS$10,0))+1),$B$43)*$B$45)*128,0)),128)=0,"",MOD((ROUND((INT(MOD($A31*7919+104729,INDEX($BC$5:$BC$10,MATCH($B$59,$AS$5:$AS$10,0))*INDEX($AV$5:$AV$10,MATCH($B$59,$AS$5:$AS$10,0))+1)/$B$43)*$B$42+MOD(MOD($A31*7919+104729,INDEX($BC$5:$BC$10,MATCH($B$59,$AS$5:$AS$10,0))*INDEX($AV$5:$AV$10,MATCH($B$59,$AS$5:$AS$10,0))+1),$B$43)*$B$45)*128,0)),128)/GCD(MOD((ROUND((INT(MOD($A31*7919+104729,INDEX($BC$5:$BC$10,MATCH($B$59,$AS$5:$AS$10,0))*INDEX($AV$5:$AV$10,MATCH($B$59,$AS$5:$AS$10,0))+1)/$B$43)*$B$42+MOD(MOD($A31*7919+104729,INDEX($BC$5:$BC$10,MATCH($B$59,$AS$5:$AS$10,0))*INDEX($AV$5:$AV$10,MATCH($B$59,$AS$5:$AS$10,0))+1),$B$43)*$B$45)*128,0)),128),128)&"/"&128/GCD(MOD((ROUND((INT(MOD($A31*7919+104729,INDEX($BC$5:$BC$10,MATCH($B$59,$AS$5:$AS$10,0))*INDEX($AV$5:$AV$10,MATCH($B$59,$AS$5:$AS$10,0))+1)/$B$43)*$B$42+MOD(MOD($A31*7919+104729,INDEX($BC$5:$BC$10,MATCH($B$59,$AS$5:$AS$10,0))*INDEX($AV$5:$AV$10,MATCH($B$59,$AS$5:$AS$10,0))+1),$B$43)*$B$45)*128,0)),128),128))),FIXED(INT(MOD($A31*7919+104729,INDEX($BC$5:$BC$10,MATCH($B$59,$AS$5:$AS$10,0))*INDEX($AV$5:$AV$10,MATCH($B$59,$AS$5:$AS$10,0))+1)/$B$43)*$B$42+MOD(MOD($A31*7919+104729,INDEX($BC$5:$BC$10,MATCH($B$59,$AS$5:$AS$10,0))*INDEX($AV$5:$AV$10,MATCH($B$59,$AS$5:$AS$10,0))+1),$B$43)*$B$45,$B$51,TRUE))&IF('Pie de rey'!$B$41=1," pulg"," mm")) -> 1 21/32 pulg
A32: =IF($B$58=1,$B$64+($B$21-1)*10+8,($B$21-1)*10+9) -> 9 | C32: =IF(B32="","",IF(BH32="","—",IF(ABS(B32-BH32)<$B$45/2,"Correcto","Incorrecto"))) | D32: =IF($B$10="SI",BI32,"") -> 3 51/128 pulg | BH32: =IF($B$58=1,IFERROR(INDEX('Datos guía'!$E$5:$E$544,MATCH($B$7&"|"&$A32,'Datos guía'!$A$5:$A$544,0)),""),INT(MOD($A32*7919+104729,INDEX($BC$5:$BC$10,MATCH($B$59,$AS$5:$AS$10,0))*INDEX($AV$5:$AV$10,MATCH($B$59,$AS$5:$AS$10,0))+1)/$B$43)*$B$42+MOD(MOD($A32*7919+104729,INDEX($BC$5:$BC$10,MATCH($B$59,$AS$5:$AS$10,0))*INDEX($AV$5:$AV$10,MATCH($B$59,$AS$5:$AS$10,0))+1),$B$43)*$B$45) -> 3.3984375 | BI32: =IF($B$58=1,IFERROR(INDEX('Datos guía'!$F$5:$F$544,MATCH($B$7&"|"&$A32,'Datos guía'!$A$5:$A$544,0)),"No está en el banco"),IF($B$57=4,IF((ROUND((INT(MOD($A32*7919+104729,INDEX($BC$5:$BC$10,MATCH($B$59,$AS$5:$AS$10,0))*INDEX($AV$5:$AV$10,MATCH($B$59,$AS$5:$AS$10,0))+1)/$B$43)*$B$42+MOD(MOD($A32*7919+104729,INDEX($BC$5:$BC$10,MATCH($B$59,$AS$5:$AS$10,0))*INDEX($AV$5:$AV$10,MATCH($B$59,$AS$5:$AS$10,0))+1),$B$43)*$B$45)*128,0))=0,"0",IF(INT((ROUND((INT(MOD($A32*7919+104729,INDEX($BC$5:$BC$10,MATCH($B$59,$AS$5:$AS$10,0))*INDEX($AV$5:$AV$10,MATCH($B$59,$AS$5:$AS$10,0))+1)/$B$43)*$B$42+MOD(MOD($A32*7919+104729,INDEX($BC$5:$BC$10,MATCH($B$59,$AS$5:$AS$10,0))*INDEX($AV$5:$AV$10,MATCH($B$59,$AS$5:$AS$10,0))+1),$B$43)*$B$45)*128,0))/128)>0,INT((ROUND((INT(MOD($A32*7919+104729,INDEX($BC$5:$BC$10,MATCH($B$59,$AS$5:$AS$10,0))*INDEX($AV$5:$AV$10,MATCH($B$59,$AS$5:$AS$10,0))+1)/$B$43)*$B$42+MOD(MOD($A32*7919+104729,INDEX($BC$5:$BC$10,MATCH($B$59,$AS$5:$AS$10,0))*INDEX($AV$5:$AV$10,MATCH($B$59,$AS$5:$AS$10,0))+1),$B$43)*$B$45)*128,0))/128)&" ","")&IF(MOD((ROUND((INT(MOD($A32*7919+104729,INDEX($BC$5:$BC$10,MATCH($B$59,$AS$5:$AS$10,0))*INDEX($AV$5:$AV$10,MATCH($B$59,$AS$5:$AS$10,0))+1)/$B$43)*$B$42+MOD(MOD($A32*7919+104729,INDEX($BC$5:$BC$10,MATCH($B$59,$AS$5:$AS$10,0))*INDEX($AV$5:$AV$10,MATCH($B$59,$AS$5:$AS$10,0))+1),$B$43)*$B$45)*128,0)),128)=0,"",MOD((ROUND((INT(MOD($A32*7919+104729,INDEX($BC$5:$BC$10,MATCH($B$59,$AS$5:$AS$10,0))*INDEX($AV$5:$AV$10,MATCH($B$59,$AS$5:$AS$10,0))+1)/$B$43)*$B$42+MOD(MOD($A32*7919+104729,INDEX($BC$5:$BC$10,MATCH($B$59,$AS$5:$AS$10,0))*INDEX($AV$5:$AV$10,MATCH($B$59,$AS$5:$AS$10,0))+1),$B$43)*$B$45)*128,0)),128)/GCD(MOD((ROUND((INT(MOD($A32*7919+104729,INDEX($BC$5:$BC$10,MATCH($B$59,$AS$5:$AS$10,0))*INDEX($AV$5:$AV$10,MATCH($B$59,$AS$5:$AS$10,0))+1)/$B$43)*$B$42+MOD(MOD($A32*7919+104729,INDEX($BC$5:$BC$10,MATCH($B$59,$AS$5:$AS$10,0))*INDEX($AV$5:$AV$10,MATCH($B$59,$AS$5:$AS$10,0))+1),$B$43)*$B$45)*128,0)),128),128)&"/"&128/GCD(MOD((ROUND((INT(MOD($A32*7919+104729,INDEX($BC$5:$BC$10,MATCH($B$59,$AS$5:$AS$10,0))*INDEX($AV$5:$AV$10,MATCH($B$59,$AS$5:$AS$10,0))+1)/$B$43)*$B$42+MOD(MOD($A32*7919+104729,INDEX($BC$5:$BC$10,MATCH($B$59,$AS$5:$AS$10,0))*INDEX($AV$5:$AV$10,MATCH($B$59,$AS$5:$AS$10,0))+1),$B$43)*$B$45)*128,0)),128),128))),FIXED(INT(MOD($A32*7919+104729,INDEX($BC$5:$BC$10,MATCH($B$59,$AS$5:$AS$10,0))*INDEX($AV$5:$AV$10,MATCH($B$59,$AS$5:$AS$10,0))+1)/$B$43)*$B$42+MOD(MOD($A32*7919+104729,INDEX($BC$5:$BC$10,MATCH($B$59,$AS$5:$AS$10,0))*INDEX($AV$5:$AV$10,MATCH($B$59,$AS$5:$AS$10,0))+1),$B$43)*$B$45,$B$51,TRUE))&IF('Pie de rey'!$B$41=1," pulg"," mm")) -> 3 51/128 pulg
A33: =IF($B$58=1,$B$64+($B$21-1)*10+9,($B$21-1)*10+10) -> 10 | C33: =IF(B33="","",IF(BH33="","—",IF(ABS(B33-BH33)<$B$45/2,"Correcto","Incorrecto"))) | D33: =IF($B$10="SI",BI33,"") -> 1 49/128 pulg | BH33: =IF($B$58=1,IFERROR(INDEX('Datos guía'!$E$5:$E$544,MATCH($B$7&"|"&$A33,'Datos guía'!$A$5:$A$544,0)),""),INT(MOD($A33*7919+104729,INDEX($BC$5:$BC$10,MATCH($B$59,$AS$5:$AS$10,0))*INDEX($AV$5:$AV$10,MATCH($B$59,$AS$5:$AS$10,0))+1)/$B$43)*$B$42+MOD(MOD($A33*7919+104729,INDEX($BC$5:$BC$10,MATCH($B$59,$AS$5:$AS$10,0))*INDEX($AV$5:$AV$10,MATCH($B$59,$AS$5:$AS$10,0))+1),$B$43)*$B$45) -> 1.3828125 | BI33: =IF($B$58=1,IFERROR(INDEX('Datos guía'!$F$5:$F$544,MATCH($B$7&"|"&$A33,'Datos guía'!$A$5:$A$544,0)),"No está en el banco"),IF($B$57=4,IF((ROUND((INT(MOD($A33*7919+104729,INDEX($BC$5:$BC$10,MATCH($B$59,$AS$5:$AS$10,0))*INDEX($AV$5:$AV$10,MATCH($B$59,$AS$5:$AS$10,0))+1)/$B$43)*$B$42+MOD(MOD($A33*7919+104729,INDEX($BC$5:$BC$10,MATCH($B$59,$AS$5:$AS$10,0))*INDEX($AV$5:$AV$10,MATCH($B$59,$AS$5:$AS$10,0))+1),$B$43)*$B$45)*128,0))=0,"0",IF(INT((ROUND((INT(MOD($A33*7919+104729,INDEX($BC$5:$BC$10,MATCH($B$59,$AS$5:$AS$10,0))*INDEX($AV$5:$AV$10,MATCH($B$59,$AS$5:$AS$10,0))+1)/$B$43)*$B$42+MOD(MOD($A33*7919+104729,INDEX($BC$5:$BC$10,MATCH($B$59,$AS$5:$AS$10,0))*INDEX($AV$5:$AV$10,MATCH($B$59,$AS$5:$AS$10,0))+1),$B$43)*$B$45)*128,0))/128)>0,INT((ROUND((INT(MOD($A33*7919+104729,INDEX($BC$5:$BC$10,MATCH($B$59,$AS$5:$AS$10,0))*INDEX($AV$5:$AV$10,MATCH($B$59,$AS$5:$AS$10,0))+1)/$B$43)*$B$42+MOD(MOD($A33*7919+104729,INDEX($BC$5:$BC$10,MATCH($B$59,$AS$5:$AS$10,0))*INDEX($AV$5:$AV$10,MATCH($B$59,$AS$5:$AS$10,0))+1),$B$43)*$B$45)*128,0))/128)&" ","")&IF(MOD((ROUND((INT(MOD($A33*7919+104729,INDEX($BC$5:$BC$10,MATCH($B$59,$AS$5:$AS$10,0))*INDEX($AV$5:$AV$10,MATCH($B$59,$AS$5:$AS$10,0))+1)/$B$43)*$B$42+MOD(MOD($A33*7919+104729,INDEX($BC$5:$BC$10,MATCH($B$59,$AS$5:$AS$10,0))*INDEX($AV$5:$AV$10,MATCH($B$59,$AS$5:$AS$10,0))+1),$B$43)*$B$45)*128,0)),128)=0,"",MOD((ROUND((INT(MOD($A33*7919+104729,INDEX($BC$5:$BC$10,MATCH($B$59,$AS$5:$AS$10,0))*INDEX($AV$5:$AV$10,MATCH($B$59,$AS$5:$AS$10,0))+1)/$B$43)*$B$42+MOD(MOD($A33*7919+104729,INDEX($BC$5:$BC$10,MATCH($B$59,$AS$5:$AS$10,0))*INDEX($AV$5:$AV$10,MATCH($B$59,$AS$5:$AS$10,0))+1),$B$43)*$B$45)*128,0)),128)/GCD(MOD((ROUND((INT(MOD($A33*7919+104729,INDEX($BC$5:$BC$10,MATCH($B$59,$AS$5:$AS$10,0))*INDEX($AV$5:$AV$10,MATCH($B$59,$AS$5:$AS$10,0))+1)/$B$43)*$B$42+MOD(MOD($A33*7919+104729,INDEX($BC$5:$BC$10,MATCH($B$59,$AS$5:$AS$10,0))*INDEX($AV$5:$AV$10,MATCH($B$59,$AS$5:$AS$10,0))+1),$B$43)*$B$45)*128,0)),128),128)&"/"&128/GCD(MOD((ROUND((INT(MOD($A33*7919+104729,INDEX($BC$5:$BC$10,MATCH($B$59,$AS$5:$AS$10,0))*INDEX($AV$5:$AV$10,MATCH($B$59,$AS$5:$AS$10,0))+1)/$B$43)*$B$42+MOD(MOD($A33*7919+104729,INDEX($BC$5:$BC$10,MATCH($B$59,$AS$5:$AS$10,0))*INDEX($AV$5:$AV$10,MATCH($B$59,$AS$5:$AS$10,0))+1),$B$43)*$B$45)*128,0)),128),128))),FIXED(INT(MOD($A33*7919+104729,INDEX($BC$5:$BC$10,MATCH($B$59,$AS$5:$AS$10,0))*INDEX($AV$5:$AV$10,MATCH($B$59,$AS$5:$AS$10,0))+1)/$B$43)*$B$42+MOD(MOD($A33*7919+104729,INDEX($BC$5:$BC$10,MATCH($B$59,$AS$5:$AS$10,0))*INDEX($AV$5:$AV$10,MATCH($B$59,$AS$5:$AS$10,0))+1),$B$43)*$B$45,$B$51,TRUE))&IF('Pie de rey'!$B$41=1," pulg"," mm")) -> 1 49/128 pulg
A35: =COUNTIF(C24:C33,"Correcto")&" de 10 correctas" -> 0 de 10 correctas
A40: Cálculos internos (no editar) | B40: Valor
A41: Sistema (0 = mm, 1 = pulgada) | B41: =INDEX($AT$5:$AT$10,MATCH($B$59,$AS$5:$AS$10,0)) -> 1
A42: Valor de una división de la regla | B42: =INDEX($AU$5:$AU$10,MATCH($B$59,$AS$5:$AS$10,0)) -> 0.0625
A43: Divisiones del nonio | B43: =INDEX($AV$5:$AV$10,MATCH($B$59,$AS$5:$AS$10,0)) -> 8
A44: Módulo del nonio | B44: =INDEX($AW$5:$AW$10,MATCH($B$59,$AS$5:$AS$10,0)) -> 1
A45: Apreciación (resolución) | B45: =INDEX($AX$5:$AX$10,MATCH($B$59,$AS$5:$AS$10,0)) -> 0.0078125
A46: Pasos de apreciación de la lectura | B46: =IF(AND($B$58=1,$B$62=1),ROUND($B$61/$B$45,0),MOD($B$6*7919+104729,INDEX($BC$5:$BC$10,MATCH($B$59,$AS$5:$AS$10,0))*INDEX($AV$5:$AV$10,MATCH($B$59,$AS$5:$AS$10,0))+1)) -> 94
A47: Divisiones enteras de la regla | B47: =INT(B46/B43) -> 11
A48: Raya del nonio que coincide | B48: =MOD(B46,B43) -> 6
A49: Lectura correcta | B49: =B47*B42+B48*B45 -> 0.734375
A50: Separación del nonio (div. de regla) | B50: =(B44*B43-1)/B43 -> 0.875
A51: Decimales a mostrar | B51: =INDEX($BE$5:$BE$10,MATCH($B$59,$AS$5:$AS$10,0)) -> 4
A52: Trazo largo cada | B52: =INDEX($AY$5:$AY$10,MATCH($B$59,$AS$5:$AS$10,0)) -> 16
A53: Trazo medio cada | B53: =INDEX($AZ$5:$AZ$10,MATCH($B$59,$AS$5:$AS$10,0)) -> 8
A54: Trazo corto cada | B54: =INDEX($BA$5:$BA$10,MATCH($B$59,$AS$5:$AS$10,0)) -> 4
A55: Rótulo cada | B55: =INDEX($BB$5:$BB$10,MATCH($B$59,$AS$5:$AS$10,0)) -> 16
A56: Rótulo del nonio cada | B56: =INDEX($BD$5:$BD$10,MATCH($B$59,$AS$5:$AS$10,0)) -> 4
A57: Tipo de rótulo | B57: =INDEX($BF$5:$BF$10,MATCH($B$59,$AS$5:$AS$10,0)) -> 4
A58: Modo guía (1 = ejercicio de la guía) | B58: =IF($B$7="Aleatorio (generado por el simulador)",0,1) -> 0
A59: Instrumento efectivo | B59: =IF($B$58=1,IFERROR(INDEX('Datos guía'!$D$5:$D$544,MATCH($B$60,'Datos guía'!$A$5:$A$544,0)),$B$5),$B$5) -> Pulgada · 1/128" (8 div.)
A60: Clave del ejercicio | B60: =$B$7&"|"&$B$6 -> Aleatorio (generado por el simulador)|1
A61: Lectura del banco | B61: =IF($B$58=1,IFERROR(INDEX('Datos guía'!$E$5:$E$544,MATCH($B$60,'Datos guía'!$A$5:$A$544,0)),""),"")
A62: ¿El número existe en el banco? | B62: =IF($B$58=0,1,IF(ISNUMBER($B$61),1,0)) -> 1
A63: Desplazamiento del dibujo (div. de regla) | B63: =MAX(0,INT(($B$47-20)/$B$52)*$B$52) -> 0
A64: Primer ejercicio del banco | B64: =INDEX('Datos guía'!$L$5:$L$21,MATCH($B$7,'Datos guía'!$K$5:$K$21,0)) -> 1

Sheet Micrómetro
A1: Simulador · Micrómetro de exteriores (milímetros y pulgadas)
A2: Sistemas del Funcionamiento del Motor (MA.02.06) · Unidad 1 · Metrología · Edite solo las celdas amarillas (texto azul).
AS3: Parámetros de los instrumentos (no editar)
A4: Configuración | B4: Valor | AS4: Tipo | AT4: inch | AU4: sd | AV4: divs | AW4: Nt | AX4: apt | AY4: vern | AZ4: ap | BA4: dec
A5: Instrumento y resolución (modo aleatorio) | B5: Milímetro · 0,01 mm | AS5: Milímetro · 0,01 mm | AT5: 0 | AU5: 0.5 | AV5: 50 | AW5: 50 | AX5: 0.01 | AY5: 0 | AZ5: 0.01 | BA5: 2
A6: Número de ejercicio (aleatorio: 1 – 999; guía: n.º de la tabla) | B6: 1 | AS6: Milímetro · 0,001 mm (con nonio) | AT6: 0 | AU6: 0.5 | AV6: 50 | AW6: 50 | AX6: 0.01 | AY6: 1 | AZ6: 0.001 | BA6: 3
A7: Alcance inicial del micrómetro (modo aleatorio) | B7: 0 | AS7: Pulgada · 0,001" | AT7: 1 | AU7: 0.025 | AV7: 40 | AW7: 25 | AX7: 0.001 | AY7: 0 | AZ7: 0.001 | BA7: 3
A8: Ejercicio de la guía (elija el banco) | B8: Guía 03 · Tabla 19 · 0,0001" · ej. 41-60 | AS8: Pulgada · 0,0001" (con nonio) | AT8: 1 | AU8: 0.025 | AV8: 40 | AW8: 25 | AX8: 0.001 | AY8: 1 | AZ8: 0.0001 | BA8: 4
A9: Respuesta del estudiante | B9: Valor
A10: Su lectura (en la unidad del instrumento)
A11: ¿Mostrar el solucionario? (SI / NO) | B11: NO
A13: =IF($B$64=0,"Ese número no está en el banco elegido: use del "&$B$63&" al "&($B$63+19),IF(B10="","Escriba su lectura en la celda B10",IF(OR(ABS(B10-$B$51)<$B$47/2,ABS(ROUNDDOWN(B10,$B$53)-$B$51)<$B$47/100),"¡Correcto! Lectura bien hecha","Revise la lectura: siga los pasos del solucionario"))) -> Ese número no está en el banco elegido: use del 41 al 60
A14: =IF($B$56=1,"Ejercicio "&$B$6&" · "&$B$8&" (mismo valor que el solucionario de la guía)","Ejercicio aleatorio n.º "&$B$6) -> Ejercicio 1 · Guía 03 · Tabla 19 · 0,0001" · ej. 41-60 (mismo valor que el solucionario de la guía)
A15: Solucionario comentado
A16: =IF($B$11="SI","1. Alcance inicial","") | B16: =IF($B$11="SI","El micrómetro empieza en "&Micrómetro!$B$58&IF(Micrómetro!$B$41=1," pulg"," mm"),"")
A17: =IF($B$11="SI","2. Vaina (cilindro)","") | B17: =IF($B$11="SI","Se ven "&Micrómetro!$B$48&" divisiones de "&FIXED(Micrómetro!$B$42,IF(Micrómetro!$B$41=1,3,1),TRUE)&IF(Micrómetro!$B$41=1," pulg"," mm")&" → "&FIXED(Micrómetro!$B$48*Micrómetro!$B$42,IF(Micrómetro!$B$41=1,3,1),TRUE)&IF(Micrómetro!$B$41=1," pulg"," mm")&IF(Micrómetro!$B$41=0," (enteros arriba y medios milímetros abajo de la línea)"," (cada número de la vaina = 0,100 pulg)"),"")
A18: =IF($B$11="SI","3. Tambor","") | B18: =IF($B$11="SI","La línea "&Micrómetro!$B$49&" del tambor coincide con la línea de referencia → "&Micrómetro!$B$49&" × "&FIXED(Micrómetro!$B$45,IF(Micrómetro!$B$41=1,3,2),TRUE)&" = "&FIXED(Micrómetro!$B$49*Micrómetro!$B$45,IF(Micrómetro!$B$41=1,3,2),TRUE)&IF(Micrómetro!$B$41=1," pulg"," mm"),"")
A19: =IF($B$11="SI","4. Nonio","") | B19: =IF($B$11="SI",IF(Micrómetro!$B$46=0,"Este micrómetro no tiene nonio","La línea "&Micrómetro!$B$50&" del nonio coincide con una línea del tambor → "&Micrómetro!$B$50&" × "&FIXED(Micrómetro!$B$47,Micrómetro!$B$53,TRUE)&" = "&FIXED(Micrómetro!$B$50*Micrómetro!$B$47,Micrómetro!$B$53,TRUE)&IF(Micrómetro!$B$41=1," pulg"," mm")),"")
A20: =IF($B$11="SI","5. Lectura","") | B20: =IF($B$11="SI",Micrómetro!$B$58&" + "&FIXED(Micrómetro!$B$48*Micrómetro!$B$42,IF(Micrómetro!$B$41=1,3,1),TRUE)&" + "&FIXED(Micrómetro!$B$49*Micrómetro!$B$45,IF(Micrómetro!$B$41=1,3,2),TRUE)&IF(Micrómetro!$B$46=1," + "&FIXED(Micrómetro!$B$50*Micrómetro!$B$47,Micrómetro!$B$53,TRUE),"")&" = "&FIXED(Micrómetro!$B$51,Micrómetro!$B$53,TRUE)&IF(Micrómetro!$B$41=1," pulg"," mm"),"")
A21: =IF($B$11="SI","6. Interpretación","") | B21: =IF($B$11="SI","El alcance de este micrómetro es "&$B$58&"–"&($B$58+IF($B$41=1,1,25))&IF($B$41=1," in"," mm")&"; el tambor dejó a la vista "&$B$48&" divisiones de la vaina, la marca "&$B$49&" del tambor coincide con la línea de referencia"&IF($B$46=1," y la línea "&$B$50&" del nonio coincide con una línea del tambor","")&". Lectura: "&FIXED($B$51,$B$53,TRUE)&IF($B$41=1," in"," mm")&IF(ISNUMBER($B$61)," (Stefanelli estima además la cifra siguiente: "&FIXED($B$61,$B$53+1,TRUE)&")",""),"")
A22: Lista de práctica | B22: Valor
A23: Número de lista (aleatorio: 1 – 99; guía: 1 – 2) | B23: 1
A25: Ejercicio (escríbalo en B6) | B25: Su lectura | C25: Resultado | D25: Solución | BC25: Lectura (aux.) | BD25: Solución (aux.)
A26: =IF($B$56=1,$B$63+($B$23-1)*10+0,($B$23-1)*10+1) -> 41 | C26: =IF(B26="","",IF(BC26="","—",IF(OR(ABS(B26-BC26)<$B$47/2,ABS(ROUNDDOWN(B26,$B$53)-BC26)<$B$47/100),"Correcto","Incorrecto"))) | D26: =IF($B$11="SI",BD26,"") | BC26: =IF($B$56=1,IFERROR(INDEX('Datos guía'!$E$5:$E$544,MATCH($B$8&"|"&$A26,'Datos guía'!$A$5:$A$544,0)),""),$B$58+MOD($A26*7919+104729,$B$43)*$B$42+MOD($A26*15485863+7,$B$44)*$B$45+$B$46*MOD($A26*31+17,10)*$B$45/10) -> 6.4181 | BD26: =IF($B$56=1,IFERROR(INDEX('Datos guía'!$F$5:$F$544,MATCH($B$8&"|"&$A26,'Datos guía'!$A$5:$A$544,0)),"No está en el banco"),FIXED(BC26,$B$53,TRUE)&IF($B$41=1," pulg"," mm")) -> 6,4181 in
A27: =IF($B$56=1,$B$63+($B$23-1)*10+1,($B$23-1)*10+2) -> 42 | C27: =IF(B27="","",IF(BC27="","—",IF(OR(ABS(B27-BC27)<$B$47/2,ABS(ROUNDDOWN(B27,$B$53)-BC27)<$B$47/100),"Correcto","Incorrecto"))) | D27: =IF($B$11="SI",BD27,"") | BC27: =IF($B$56=1,IFERROR(INDEX('Datos guía'!$E$5:$E$544,MATCH($B$8&"|"&$A27,'Datos guía'!$A$5:$A$544,0)),""),$B$58+MOD($A27*7919+104729,$B$43)*$B$42+MOD($A27*15485863+7,$B$44)*$B$45+$B$46*MOD($A27*31+17,10)*$B$45/10) -> 19.6867 | BD27: =IF($B$56=1,IFERROR(INDEX('Datos guía'!$F$5:$F$544,MATCH($B$8&"|"&$A27,'Datos guía'!$A$5:$A$544,0)),"No está en el banco"),FIXED(BC27,$B$53,TRUE)&IF($B$41=1," pulg"," mm")) -> 19,6867 in
A28: =IF($B$56=1,$B$63+($B$23-1)*10+2,($B$23-1)*10+3) -> 43 | C28: =IF(B28="","",IF(BC28="","—",IF(OR(ABS(B28-BC28)<$B$47/2,ABS(ROUNDDOWN(B28,$B$53)-BC28)<$B$47/100),"Correcto","Incorrecto"))) | D28: =IF($B$11="SI",BD28,"") | BC28: =IF($B$56=1,IFERROR(INDEX('Datos guía'!$E$5:$E$544,MATCH($B$8&"|"&$A28,'Datos guía'!$A$5:$A$544,0)),""),$B$58+MOD($A28*7919+104729,$B$43)*$B$42+MOD($A28*15485863+7,$B$44)*$B$45+$B$46*MOD($A28*31+17,10)*$B$45/10) -> 11.6159 | BD28: =IF($B$56=1,IFERROR(INDEX('Datos guía'!$F$5:$F$544,MATCH($B$8&"|"&$A28,'Datos guía'!$A$5:$A$544,0)),"No está en el banco"),FIXED(BC28,$B$53,TRUE)&IF($B$41=1," pulg"," mm")) -> 11,6159 in
A29: =IF($B$56=1,$B$63+($B$23-1)*10+3,($B$23-1)*10+4) -> 44 | C29: =IF(B29="","",IF(BC29="","—",IF(OR(ABS(B29-BC29)<$B$47/2,ABS(ROUNDDOWN(B29,$B$53)-BC29)<$B$47/100),"Correcto","Incorrecto"))) | D29: =IF($B$11="SI",BD29,"") | BC29: =IF($B$56=1,IFERROR(INDEX('Datos guía'!$E$5:$E$544,MATCH($B$8&"|"&$A29,'Datos guía'!$A$5:$A$544,0)),""),$B$58+MOD($A29*7919+104729,$B$43)*$B$42+MOD($A29*15485863+7,$B$44)*$B$45+$B$46*MOD($A29*31+17,10)*$B$45/10) -> 28.6317 | BD29: =IF($B$56=1,IFERROR(INDEX('Datos guía'!$F$5:$F$544,MATCH($B$8&"|"&$A29,'Datos guía'!$A$5:$A$544,0)),"No está en el banco"),FIXED(BC29,$B$53,TRUE)&IF($B$41=1," pulg"," mm")) -> 28,6317 in
A30: =IF($B$56=1,$B$63+($B$23-1)*10+4,($B$23-1)*10+5) -> 45 | C30: =IF(B30="","",IF(BC30="","—",IF(OR(ABS(B30-BC30)<$B$47/2,ABS(ROUNDDOWN(B30,$B$53)-BC30)<$B$47/100),"Correcto","Incorrecto"))) | D30: =IF($B$11="SI",BD30,"") | BC30: =IF($B$56=1,IFERROR(INDEX('Datos guía'!$E$5:$E$544,MATCH($B$8&"|"&$A30,'Datos guía'!$A$5:$A$544,0)),""),$B$58+MOD($A30*7919+104729,$B$43)*$B$42+MOD($A30*15485863+7,$B$44)*$B$45+$B$46*MOD($A30*31+17,10)*$B$45/10) -> 11.8251 | BD30: =IF($B$56=1,IFERROR(INDEX('Datos guía'!$F$5:$F$544,MATCH($B$8&"|"&$A30,'Datos guía'!$A$5:$A$544,0)),"No está en el banco"),FIXED(BC30,$B$53,TRUE)&IF($B$41=1," pulg"," mm")) -> 11,8251 in
A31: =IF($B$56=1,$B$63+($B$23-1)*10+5,($B$23-1)*10+6) -> 46 | C31: =IF(B31="","",IF(BC31="","—",IF(OR(ABS(B31-BC31)<$B$47/2,ABS(ROUNDDOWN(B31,$B$53)-BC31)<$B$47/100),"Correcto","Incorrecto"))) | D31: =IF($B$11="SI",BD31,"") | BC31: =IF($B$56=1,IFERROR(INDEX('Datos guía'!$E$5:$E$544,MATCH($B$8&"|"&$A31,'Datos guía'!$A$5:$A$544,0)),""),$B$58+MOD($A31*7919+104729,$B$43)*$B$42+MOD($A31*15485863+7,$B$44)*$B$45+$B$46*MOD($A31*31+17,10)*$B$45/10) -> 1.5996 | BD31: =IF($B$56=1,IFERROR(INDEX('Datos guía'!$F$5:$F$544,MATCH($B$8&"|"&$A31,'Datos guía'!$A$5:$A$544,0)),"No está en el banco"),FIXED(BC31,$B$53,TRUE)&IF($B$41=1," pulg"," mm")) -> 1,5996 in
A32: =IF($B$56=1,$B$63+($B$23-1)*10+6,($B$23-1)*10+7) -> 47 | C32: =IF(B32="","",IF(BC32="","—",IF(OR(ABS(B32-BC32)<$B$47/2,ABS(ROUNDDOWN(B32,$B$53)-BC32)<$B$47/100),"Correcto","Incorrecto"))) | D32: =IF($B$11="SI",BD32,"") | BC32: =IF($B$56=1,IFERROR(INDEX('Datos guía'!$E$5:$E$544,MATCH($B$8&"|"&$A32,'Datos guía'!$A$5:$A$544,0)),""),$B$58+MOD($A32*7919+104729,$B$43)*$B$42+MOD($A32*15485863+7,$B$44)*$B$45+$B$46*MOD($A32*31+17,10)*$B$45/10) -> 12.7951 | BD32: =IF($B$56=1,IFERROR(INDEX('Datos guía'!$F$5:$F$544,MATCH($B$8&"|"&$A32,'Datos guía'!$A$5:$A$544,0)),"No está en el banco"),FIXED(BC32,$B$53,TRUE)&IF($B$41=1," pulg"," mm")) -> 12,7951 in
A33: =IF($B$56=1,$B$63+($B$23-1)*10+7,($B$23-1)*10+8) -> 48 | C33: =IF(B33="","",IF(BC33="","—",IF(OR(ABS(B33-BC33)<$B$47/2,ABS(ROUNDDOWN(B33,$B$53)-BC33)<$B$47/100),"Correcto","Incorrecto"))) | D33: =IF($B$11="SI",BD33,"") | BC33: =IF($B$56=1,IFERROR(INDEX('Datos guía'!$E$5:$E$544,MATCH($B$8&"|"&$A33,'Datos guía'!$A$5:$A$544,0)),""),$B$58+MOD($A33*7919+104729,$B$43)*$B$42+MOD($A33*15485863+7,$B$44)*$B$45+$B$46*MOD($A33*31+17,10)*$B$45/10) -> 3.2419 | BD33: =IF($B$56=1,IFERROR(INDEX('Datos guía'!$F$5:$F$544,MATCH($B$8&"|"&$A33,'Datos guía'!$A$5:$A$544,0)),"No está en el banco"),FIXED(BC33,$B$53,TRUE)&IF($B$41=1," pulg"," mm")) -> 3,2419 in
A34: =IF($B$56=1,$B$63+($B$23-1)*10+8,($B$23-1)*10+9) -> 49 | C34: =IF(B34="","",IF(BC34="","—",IF(OR(ABS(B34-BC34)<$B$47/2,ABS(ROUNDDOWN(B34,$B$53)-BC34)<$B$47/100),"Correcto","Incorrecto"))) | D34: =IF($B$11="SI",BD34,"") | BC34: =IF($B$56=1,IFERROR(INDEX('Datos guía'!$E$5:$E$544,MATCH($B$8&"|"&$A34,'Datos guía'!$A$5:$A$544,0)),""),$B$58+MOD($A34*7919+104729,$B$43)*$B$42+MOD($A34*15485863+7,$B$44)*$B$45+$B$46*MOD($A34*31+17,10)*$B$45/10) -> 9.3004 | BD34: =IF($B$56=1,IFERROR(INDEX('Datos guía'!$F$5:$F$544,MATCH($B$8&"|"&$A34,'Datos guía'!$A$5:$A$544,0)),"No está en el banco"),FIXED(BC34,$B$53,TRUE)&IF($B$41=1," pulg"," mm")) -> 9,3004 in
A35: =IF($B$56=1,$B$63+($B$23-1)*10+9,($B$23-1)*10+10) -> 50 | C35: =IF(B35="","",IF(BC35="","—",IF(OR(ABS(B35-BC35)<$B$47/2,ABS(ROUNDDOWN(B35,$B$53)-BC35)<$B$47/100),"Correcto","Incorrecto"))) | D35: =IF($B$11="SI",BD35,"") | BC35: =IF($B$56=1,IFERROR(INDEX('Datos guía'!$E$5:$E$544,MATCH($B$8&"|"&$A35,'Datos guía'!$A$5:$A$544,0)),""),$B$58+MOD($A35*7919+104729,$B$43)*$B$42+MOD($A35*15485863+7,$B$44)*$B$45+$B$46*MOD($A35*31+17,10)*$B$45/10) -> 27.4711 | BD35: =IF($B$56=1,IFERROR(INDEX('Datos guía'!$F$5:$F$544,MATCH($B$8&"|"&$A35,'Datos guía'!$A$5:$A$544,0)),"No está en el banco"),FIXED(BC35,$B$53,TRUE)&IF($B$41=1," pulg"," mm")) -> 27,4711 in
A37: =COUNTIF(C26:C35,"Correcto")&" de 10 correctas" -> 0 de 10 correctas
A40: Cálculos internos (no editar) | B40: Valor
A41: Sistema (0 = mm, 1 = pulgada) | B41: =INDEX($AT$5:$AT$8,MATCH($B$59,$AS$5:$AS$8,0)) -> 0
A42: Valor de una división de la vaina | B42: =INDEX($AU$5:$AU$8,MATCH($B$59,$AS$5:$AS$8,0)) -> 0.5
A43: Divisiones de la vaina en el rango | B43: =INDEX($AV$5:$AV$8,MATCH($B$59,$AS$5:$AS$8,0)) -> 50
A44: Divisiones del tambor | B44: =INDEX($AW$5:$AW$8,MATCH($B$59,$AS$5:$AS$8,0)) -> 50
A45: Valor de una división del tambor | B45: =INDEX($AX$5:$AX$8,MATCH($B$59,$AS$5:$AS$8,0)) -> 0.01
A46: Tiene nonio (1 = sí) | B46: =INDEX($AY$5:$AY$8,MATCH($B$59,$AS$5:$AS$8,0)) -> 0
A47: Resolución | B47: =INDEX($AZ$5:$AZ$8,MATCH($B$59,$AS$5:$AS$8,0)) -> 0.01
A48: Divisiones visibles de la vaina | B48: =IF(AND($B$56=1,$B$64=1),INT($B$62/ROUND($B$42/$B$47,0)),MOD($B$6*7919+104729,B43)) -> 48
A49: División del tambor | B49: =IF(AND($B$56=1,$B$64=1),INT(MOD($B$62,ROUND($B$42/$B$47,0))/ROUND($B$45/$B$47,0)),MOD($B$6*15485863+7,B44)) -> 20
A50: Línea del nonio | B50: =IF(AND($B$56=1,$B$64=1),$B$46*MOD($B$62,ROUND($B$45/$B$47,0)),B46*MOD($B$6*31+17,10)) -> 0
A51: Lectura correcta | B51: =$B$58+B48*B42+B49*B45+B50*B45/10 -> 24.2
A52: Borde del tambor (div. de vaina) | B52: =B48+(B49+B50/10)/B44 -> 48.4
A53: Decimales | B53: =INDEX($BA$5:$BA$8,MATCH($B$59,$AS$5:$AS$8,0)) -> 2
A54: Tambor + nonio | B54: =B49+B50/10 -> 20
A56: Modo guía (1 = ejercicio de la guía) | B56: =IF($B$8="Aleatorio (generado por el simulador)",0,1) -> 1
A57: Clave del ejercicio | B57: =$B$8&"|"&$B$6 -> Guía 03 · Tabla 19 · 0,0001" · ej. 41-60|1
A58: Alcance inicial efectivo (arco) | B58: =IF(AND($B$56=1,ISNUMBER($B$60)),INDEX('Datos guía'!$H$5:$H$544,MATCH($B$57,'Datos guía'!$A$5:$A$544,0)),$B$7) -> 0
A59: Instrumento efectivo | B59: =IF($B$56=1,IFERROR(INDEX('Datos guía'!$D$5:$D$544,MATCH($B$57,'Datos guía'!$A$5:$A$544,0)),$B$5),$B$5) -> Milímetro · 0,01 mm
A60: Lectura del banco | B60: =IF($B$56=1,IFERROR(INDEX('Datos guía'!$E$5:$E$544,MATCH($B$57,'Datos guía'!$A$5:$A$544,0)),""),"")
A61: Estimación de la siguiente cifra | B61: =IF($B$56=1,IFERROR(1/(1/INDEX('Datos guía'!$G$5:$G$544,MATCH($B$57,'Datos guía'!$A$5:$A$544,0))),""),"")
A62: Unidades de resolución sobre el arco | B62: =IF(ISNUMBER($B$60),ROUND(($B$60-$B$58)/$B$47,0),0) -> 0
A63: Primer ejercicio del banco | B63: =INDEX('Datos guía'!$O$5:$O$16,MATCH($B$8,'Datos guía'!$N$5:$N$16,0)) -> 41
A64: ¿El número existe en el banco? | B64: =IF($B$56=0,1,IF(ISNUMBER($B$60),1,0)) -> 0

Sheet Reloj comparador
A1: Simulador · Reloj comparador (milímetros y pulgadas)
A2: Sistemas del Funcionamiento del Motor (MA.02.06) · Unidad 1 · Metrología · Edite solo las celdas amarillas (texto azul).
AS3: Parámetros de los instrumentos (no editar)
A4: Configuración | B4: Valor | AS4: Tipo | AT4: inch | AU4: ap | AV4: vuelta | AW4: dec
A5: Instrumento y resolución | B5: Milímetro · 0,01 mm (1 mm por vuelta) | AS5: Milímetro · 0,01 mm (1 mm por vuelta) | AT5: 0 | AU5: 0.01 | AV5: 1 | AW5: 2
A6: Número de ejercicio (1 – 999) | B6: 1 | AS6: Pulgada · 0,001" (0,100" por vuelta) | AT6: 1 | AU6: 0.001 | AV6: 0.1 | AW6: 3
A8: Respuesta del estudiante | B8: Valor
A9: Su lectura (en la unidad del instrumento)
A10: ¿Mostrar el solucionario? (SI / NO) | B10: NO
A12: =IF(B9="","Escriba su lectura en la celda B9",IF(ABS(B9-$B$46)<$B$42/2,"¡Correcto! Lectura bien hecha","Revise la lectura: siga los pasos del solucionario")) -> Escriba su lectura en la celda B9
A14: Solucionario comentado
A15: =IF($B$10="SI","1. Cuentavueltas","") | B15: =IF($B$10="SI","La aguja pequeña pasó "&'Reloj comparador'!$B$44&" vueltas de "&FIXED('Reloj comparador'!$B$43,IF('Reloj comparador'!$B$41=1,3,0),TRUE)&IF('Reloj comparador'!$B$41=1," pulg"," mm")&" → "&FIXED('Reloj comparador'!$B$44*'Reloj comparador'!$B$43,'Reloj comparador'!$B$47,TRUE)&IF('Reloj comparador'!$B$41=1," pulg"," mm"),"")
A16: =IF($B$10="SI","2. Aguja grande","") | B16: =IF($B$10="SI","La aguja grande marca "&'Reloj comparador'!$B$45&" divisiones × "&FIXED('Reloj comparador'!$B$42,'Reloj comparador'!$B$47,TRUE)&" = "&FIXED('Reloj comparador'!$B$45*'Reloj comparador'!$B$42,'Reloj comparador'!$B$47,TRUE)&IF('Reloj comparador'!$B$41=1," pulg"," mm"),"")
A17: =IF($B$10="SI","3. Lectura","") | B17: =IF($B$10="SI",FIXED('Reloj comparador'!$B$44*'Reloj comparador'!$B$43,'Reloj comparador'!$B$47,TRUE)&" + "&FIXED('Reloj comparador'!$B$45*'Reloj comparador'!$B$42,'Reloj comparador'!$B$47,TRUE)&" = "&FIXED('Reloj comparador'!$B$46,'Reloj comparador'!$B$47,TRUE)&IF('Reloj comparador'!$B$41=1," pulg"," mm"),"")
A18: =IF($B$10="SI","Recuerde","") | B18: =IF($B$10="SI","El reloj mide desplazamientos respecto al cero ajustado: excentricidad, juego axial, saliente o planitud","")
A20: Lista de práctica | B20: Valor
A21: Número de lista (1 – 99) | B21: 1
A23: Ejercicio (escríbalo en B6) | B23: Su lectura | C23: Resultado | D23: Solución
A24: =($B$21-1)*10+1 -> 1 | C24: =IF(B24="","",IF(ABS(B24-(MOD($A24*7919+11,10)*$B$43+MOD($A24*104729+7,100)*$B$42))<$B$42/2,"Correcto","Incorrecto")) | D24: =IF($B$10="SI",FIXED(MOD($A24*7919+11,10)*$B$43+MOD($A24*104729+7,100)*$B$42,$B$47,TRUE)&IF('Reloj comparador'!$B$41=1," pulg"," mm"),"")
A25: =($B$21-1)*10+2 -> 2 | C25: =IF(B25="","",IF(ABS(B25-(MOD($A25*7919+11,10)*$B$43+MOD($A25*104729+7,100)*$B$42))<$B$42/2,"Correcto","Incorrecto")) | D25: =IF($B$10="SI",FIXED(MOD($A25*7919+11,10)*$B$43+MOD($A25*104729+7,100)*$B$42,$B$47,TRUE)&IF('Reloj comparador'!$B$41=1," pulg"," mm"),"")
A26: =($B$21-1)*10+3 -> 3 | C26: =IF(B26="","",IF(ABS(B26-(MOD($A26*7919+11,10)*$B$43+MOD($A26*104729+7,100)*$B$42))<$B$42/2,"Correcto","Incorrecto")) | D26: =IF($B$10="SI",FIXED(MOD($A26*7919+11,10)*$B$43+MOD($A26*104729+7,100)*$B$42,$B$47,TRUE)&IF('Reloj comparador'!$B$41=1," pulg"," mm"),"")
A27: =($B$21-1)*10+4 -> 4 | C27: =IF(B27="","",IF(ABS(B27-(MOD($A27*7919+11,10)*$B$43+MOD($A27*104729+7,100)*$B$42))<$B$42/2,"Correcto","Incorrecto")) | D27: =IF($B$10="SI",FIXED(MOD($A27*7919+11,10)*$B$43+MOD($A27*104729+7,100)*$B$42,$B$47,TRUE)&IF('Reloj comparador'!$B$41=1," pulg"," mm"),"")
A28: =($B$21-1)*10+5 -> 5 | C28: =IF(B28="","",IF(ABS(B28-(MOD($A28*7919+11,10)*$B$43+MOD($A28*104729+7,100)*$B$42))<$B$42/2,"Correcto","Incorrecto")) | D28: =IF($B$10="SI",FIXED(MOD($A28*7919+11,10)*$B$43+MOD($A28*104729+7,100)*$B$42,$B$47,TRUE)&IF('Reloj comparador'!$B$41=1," pulg"," mm"),"")
A29: =($B$21-1)*10+6 -> 6 | C29: =IF(B29="","",IF(ABS(B29-(MOD($A29*7919+11,10)*$B$43+MOD($A29*104729+7,100)*$B$42))<$B$42/2,"Correcto","Incorrecto")) | D29: =IF($B$10="SI",FIXED(MOD($A29*7919+11,10)*$B$43+MOD($A29*104729+7,100)*$B$42,$B$47,TRUE)&IF('Reloj comparador'!$B$41=1," pulg"," mm"),"")
A30: =($B$21-1)*10+7 -> 7 | C30: =IF(B30="","",IF(ABS(B30-(MOD($A30*7919+11,10)*$B$43+MOD($A30*104729+7,100)*$B$42))<$B$42/2,"Correcto","Incorrecto")) | D30: =IF($B$10="SI",FIXED(MOD($A30*7919+11,10)*$B$43+MOD($A30*104729+7,100)*$B$42,$B$47,TRUE)&IF('Reloj comparador'!$B$41=1," pulg"," mm"),"")
A31: =($B$21-1)*10+8 -> 8 | C31: =IF(B31="","",IF(ABS(B31-(MOD($A31*7919+11,10)*$B$43+MOD($A31*104729+7,100)*$B$42))<$B$42/2,"Correcto","Incorrecto")) | D31: =IF($B$10="SI",FIXED(MOD($A31*7919+11,10)*$B$43+MOD($A31*104729+7,100)*$B$42,$B$47,TRUE)&IF('Reloj comparador'!$B$41=1," pulg"," mm"),"")
A32: =($B$21-1)*10+9 -> 9 | C32: =IF(B32="","",IF(ABS(B32-(MOD($A32*7919+11,10)*$B$43+MOD($A32*104729+7,100)*$B$42))<$B$42/2,"Correcto","Incorrecto")) | D32: =IF($B$10="SI",FIXED(MOD($A32*7919+11,10)*$B$43+MOD($A32*104729+7,100)*$B$42,$B$47,TRUE)&IF('Reloj comparador'!$B$41=1," pulg"," mm"),"")
A33: =($B$21-1)*10+10 -> 10 | C33: =IF(B33="","",IF(ABS(B33-(MOD($A33*7919+11,10)*$B$43+MOD($A33*104729+7,100)*$B$42))<$B$42/2,"Correcto","Incorrecto")) | D33: =IF($B$10="SI",FIXED(MOD($A33*7919+11,10)*$B$43+MOD($A33*104729+7,100)*$B$42,$B$47,TRUE)&IF('Reloj comparador'!$B$41=1," pulg"," mm"),"")
A35: =COUNTIF(C24:C33,"Correcto")&" de 10 correctas" -> 0 de 10 correctas
A40: Cálculos internos (no editar) | B40: Valor
A41: Sistema (0 = mm, 1 = pulgada) | B41: =INDEX($AT$5:$AT$6,MATCH($B$5,$AS$5:$AS$6,0)) -> 0
A42: Valor de una división | B42: =INDEX($AU$5:$AU$6,MATCH($B$5,$AS$5:$AS$6,0)) -> 0.01
A43: Recorrido por vuelta | B43: =INDEX($AV$5:$AV$6,MATCH($B$5,$AS$5:$AS$6,0)) -> 1
A44: Vueltas completas | B44: =MOD($B$6*7919+11,10) -> 0
A45: Divisiones de la esfera | B45: =MOD($B$6*104729+7,100) -> 36
A46: Lectura correcta | B46: =B44*B43+B45*B42 -> 0.36
A47: Decimales | B47: =INDEX($AW$5:$AW$6,MATCH($B$5,$AS$5:$AS$6,0)) -> 2

Sheet Alexómetro
A1: Simulador · Alexómetro (comparador de interiores) en milímetros y pulgadas
A2: Sistemas del Funcionamiento del Motor (MA.02.06) · Unidad 1 · Metrología · Edite solo las celdas amarillas (texto azul).
A3: Convención del simulador: aguja en sentido antihorario = diámetro MAYOR que la referencia; horario = MENOR. | AS3: Parámetros de los instrumentos (no editar)
A4: Configuración | B4: Valor | AS4: Tipo | AT4: inch | AU4: ap | AV4: dec
A5: Instrumento y resolución | B5: Milímetro · 0,01 mm | AS5: Milímetro · 0,01 mm | AT5: 0 | AU5: 0.01 | AV5: 2
A6: Número de ejercicio (1 – 999) | B6: 1 | AS6: Pulgada · 0,001" | AT6: 1 | AU6: 0.001 | AV6: 3
A7: Medida de referencia en mm (ajustada con micrómetro) | B7: 74
A8: Medida de referencia en pulgadas | B8: 2.913
A10: Respuesta del estudiante | B10: Valor
A11: Su lectura (en la unidad del instrumento)
A12: ¿Mostrar el solucionario? (SI / NO) | B12: NO
A14: =IF(B11="","Escriba su lectura en la celda B11",IF(ABS(B11-$B$45)<$B$42/2,"¡Correcto! Lectura bien hecha","Revise la lectura: siga los pasos del solucionario")) -> Escriba su lectura en la celda B11
A16: Solucionario comentado
A17: =IF($B$12="SI","1. Referencia","") | B17: =IF($B$12="SI","El alexómetro se puso a cero con el micrómetro en "&FIXED(Alexómetro!$B$43,Alexómetro!$B$46,TRUE)&IF(Alexómetro!$B$41=1," pulg"," mm"),"")
A18: =IF($B$12="SI","2. Sentido de la aguja","") | B18: =IF($B$12="SI",IF(Alexómetro!$B$44>=0,"La aguja giró en sentido ANTIHORARIO: el cilindro es MAYOR que la referencia","La aguja giró en sentido HORARIO: el cilindro es MENOR que la referencia"),"")
A19: =IF($B$12="SI","3. Desviación","") | B19: =IF($B$12="SI",ABS(Alexómetro!$B$44)&" divisiones × "&FIXED(Alexómetro!$B$42,Alexómetro!$B$46,TRUE)&" = "&IF(Alexómetro!$B$44>=0,"+","−")&FIXED(ABS(Alexómetro!$B$44)*Alexómetro!$B$42,Alexómetro!$B$46,TRUE)&IF(Alexómetro!$B$41=1," pulg"," mm"),"")
A20: =IF($B$12="SI","4. Diámetro","") | B20: =IF($B$12="SI",FIXED(Alexómetro!$B$43,Alexómetro!$B$46,TRUE)&IF(Alexómetro!$B$44>=0," + "," − ")&FIXED(ABS(Alexómetro!$B$44)*Alexómetro!$B$42,Alexómetro!$B$46,TRUE)&" = "&FIXED(Alexómetro!$B$45,Alexómetro!$B$46,TRUE)&IF(Alexómetro!$B$41=1," pulg"," mm"),"")
A21: =IF($B$12="SI","Recuerde","") | B21: =IF($B$12="SI","Balancee el alexómetro y lea el punto de retorno de la aguja (lectura mínima): es la medida perpendicular al eje del cilindro","")
A23: Lista de práctica | B23: Valor
A24: Número de lista (1 – 99) | B24: 1
A26: Ejercicio (escríbalo en B6) | B26: Su lectura | C26: Resultado | D26: Solución
A27: =($B$24-1)*10+1 -> 1 | C27: =IF(B27="","",IF(ABS(B27-($B$43+(MOD($A27*7919+3,41)-20)*$B$42))<$B$42/2,"Correcto","Incorrecto")) | D27: =IF($B$12="SI",FIXED($B$43+(MOD($A27*7919+3,41)-20)*$B$42,$B$46,TRUE)&IF(Alexómetro!$B$41=1," pulg"," mm"),"")
A28: =($B$24-1)*10+2 -> 2 | C28: =IF(B28="","",IF(ABS(B28-($B$43+(MOD($A28*7919+3,41)-20)*$B$42))<$B$42/2,"Correcto","Incorrecto")) | D28: =IF($B$12="SI",FIXED($B$43+(MOD($A28*7919+3,41)-20)*$B$42,$B$46,TRUE)&IF(Alexómetro!$B$41=1," pulg"," mm"),"")
A29: =($B$24-1)*10+3 -> 3 | C29: =IF(B29="","",IF(ABS(B29-($B$43+(MOD($A29*7919+3,41)-20)*$B$42))<$B$42/2,"Correcto","Incorrecto")) | D29: =IF($B$12="SI",FIXED($B$43+(MOD($A29*7919+3,41)-20)*$B$42,$B$46,TRUE)&IF(Alexómetro!$B$41=1," pulg"," mm"),"")
A30: =($B$24-1)*10+4 -> 4 | C30: =IF(B30="","",IF(ABS(B30-($B$43+(MOD($A30*7919+3,41)-20)*$B$42))<$B$42/2,"Correcto","Incorrecto")) | D30: =IF($B$12="SI",FIXED($B$43+(MOD($A30*7919+3,41)-20)*$B$42,$B$46,TRUE)&IF(Alexómetro!$B$41=1," pulg"," mm"),"")
A31: =($B$24-1)*10+5 -> 5 | C31: =IF(B31="","",IF(ABS(B31-($B$43+(MOD($A31*7919+3,41)-20)*$B$42))<$B$42/2,"Correcto","Incorrecto")) | D31: =IF($B$12="SI",FIXED($B$43+(MOD($A31*7919+3,41)-20)*$B$42,$B$46,TRUE)&IF(Alexómetro!$B$41=1," pulg"," mm"),"")
A32: =($B$24-1)*10+6 -> 6 | C32: =IF(B32="","",IF(ABS(B32-($B$43+(MOD($A32*7919+3,41)-20)*$B$42))<$B$42/2,"Correcto","Incorrecto")) | D32: =IF($B$12="SI",FIXED($B$43+(MOD($A32*7919+3,41)-20)*$B$42,$B$46,TRUE)&IF(Alexómetro!$B$41=1," pulg"," mm"),"")
A33: =($B$24-1)*10+7 -> 7 | C33: =IF(B33="","",IF(ABS(B33-($B$43+(MOD($A33*7919+3,41)-20)*$B$42))<$B$42/2,"Correcto","Incorrecto")) | D33: =IF($B$12="SI",FIXED($B$43+(MOD($A33*7919+3,41)-20)*$B$42,$B$46,TRUE)&IF(Alexómetro!$B$41=1," pulg"," mm"),"")
A34: =($B$24-1)*10+8 -> 8 | C34: =IF(B34="","",IF(ABS(B34-($B$43+(MOD($A34*7919+3,41)-20)*$B$42))<$B$42/2,"Correcto","Incorrecto")) | D34: =IF($B$12="SI",FIXED($B$43+(MOD($A34*7919+3,41)-20)*$B$42,$B$46,TRUE)&IF(Alexómetro!$B$41=1," pulg"," mm"),"")
A35: =($B$24-1)*10+9 -> 9 | C35: =IF(B35="","",IF(ABS(B35-($B$43+(MOD($A35*7919+3,41)-20)*$B$42))<$B$42/2,"Correcto","Incorrecto")) | D35: =IF($B$12="SI",FIXED($B$43+(MOD($A35*7919+3,41)-20)*$B$42,$B$46,TRUE)&IF(Alexómetro!$B$41=1," pulg"," mm"),"")
A36: =($B$24-1)*10+10 -> 10 | C36: =IF(B36="","",IF(ABS(B36-($B$43+(MOD($A36*7919+3,41)-20)*$B$42))<$B$42/2,"Correcto","Incorrecto")) | D36: =IF($B$12="SI",FIXED($B$43+(MOD($A36*7919+3,41)-20)*$B$42,$B$46,TRUE)&IF(Alexómetro!$B$41=1," pulg"," mm"),"")
A38: =COUNTIF(C27:C36,"Correcto")&" de 10 correctas" -> 0 de 10 correctas
A40: Cálculos internos (no editar) | B40: Valor
A41: Sistema (0 = mm, 1 = pulgada) | B41: =INDEX($AT$5:$AT$6,MATCH($B$5,$AS$5:$AS$6,0)) -> 0
A42: Valor de una división | B42: =INDEX($AU$5:$AU$6,MATCH($B$5,$AS$5:$AS$6,0)) -> 0.01
A43: Medida de referencia usada | B43: =IF(B41=1,$B$8,$B$7) -> 74
A44: Desviación en divisiones (+ = mayor) | B44: =MOD($B$6*7919+3,41)-20 -> -11
A45: Diámetro correcto | B45: =B43+B44*B42 -> 73.89
A46: Decimales | B46: =INDEX($AV$5:$AV$6,MATCH($B$5,$AS$5:$AS$6,0)) -> 2

Sheet Trucaje del motor
A1: Simulador · Trucaje del motor: sobremedida, carrera, cepillado y junta
A2: Sistemas del Funcionamiento del Motor (MA.02.06) · Unidad 1 · Edite solo las celdas amarillas (texto azul); todo lo demás se recalcula.
A4: Datos de entrada | B4: Valor
A5: Diámetro estándar del cilindro D (mm) | B5: 86
A6: Carrera estándar C (mm) | B6: 86
A7: Número de cilindros z | B7: 4
A8: Relación de compresión original Rc | B8: 10
A9: Medida de reparación del rectificado | B9: 20
A10: Aumento de la carrera por cambio de cigüeñal (mm) | B10: 0
A11: Cepillado de la culata (mm) | B11: 0.2
A12: Espesor original de la junta comprimida (mm) | B12: 1.25
A13: Sobrepasamiento del pistón medido (mm) | B13: 0.52
A14: Presión media efectiva PME (kg/cm²) | B14: 10
A15: Régimen de potencia máxima (rpm) | B15: 6000
A16: Rc objetivo (para calcular el cepillado) | B16: 10.5
A18: Resultados | B18: Original | C18: Modificado | D18: Cómo se obtiene
A19: Sobremedida del cilindro (mm) | B19: 0 | C19: =IF(B9="STD",0,VALUE(B9)/1000*25.4) -> 0.508 | D19: Medida «20» = 0,020 pulg × 25,4 = 0,508 mm
A20: Diámetro D (mm) | B20: =B5 -> 86 | C20: =B5+C19 -> 86.508
A21: Carrera C (mm) | B21: =B6 -> 86 | C21: =B6+B10 -> 86
A22: Área del pistón (cm²) | B22: =PI()/4*(B20/10)^2 -> 58.088048 | C22: =PI()/4*(C20/10)^2 -> 58.776324 | D22: A = π·D²/4
A23: Cilindrada unitaria Vu (cm³) | B23: =B22*B21/10 -> 499.55721 | C23: =C22*C21/10 -> 505.47639 | D23: Vu = A·C
A24: Espesor de la junta (mm) | B24: =B12 -> 1.25 | C24: =IF(OR(B13<0.47,B13>0.754),B12,LOOKUP(B13,'Datos trucaje'!$C$3:$C$6,'Datos trucaje'!$D$3:$D$6)) -> 1.3 | D24: Según el sobrepasamiento (Tabla 2 de la guía)
A25: Volumen de la cámara Vc (cm³) | B25: =B23/(B8-1) -> 55.506357 | C25: =B25-C22*B11/10+C22*(C24-B12)/10 -> 54.624712 | D25: Vc = Vu/(Rc−1); el cepillado resta A·x y la junta suma A·Δe
A26: Relación de compresión Rc | B26: =(B23+B25)/B25 -> 10 | C26: =(C23+C25)/C25 -> 10.253621 | D26: Rc = (Vc + Vu)/Vc
A27: Cilindrada total VT (cm³) | B27: =B23*B7 -> 1998.2289 | C27: =C23*B7 -> 2021.9056
A28: Potencia estimada (HP) | B28: =B14*B27/1000*B15/900 -> 133.21526 | C28: =B14*C27/1000*B15/900 -> 134.7937 | D28: P = PME·VT·rpm/900
A29: Potencia estimada (kW) | B29: =B28*0.7457 -> 99.338617 | C29: =C28*0.7457 -> 100.51567
A31: Aumento de cilindrada (cm³) | B31: =C27-B27 -> 23.676706 | C31: =TEXT((C27/B27-1)*100,"0.00")&" % más que el original" -> 1.18 % más que el original
A32: Cepillado necesario para la Rc objetivo (mm) | B32: =(C25+C22*B11/10-C23/(B16-1))/C22*10 -> 0.44102752 | C32: Desde la culata sin cepillar, con la junta y el diámetro modificados
A33: Cepillado con la fórmula de la guía x = C/(Ea−1) − C/(En−1) (mm) | B33: =B21/(B8-1)-B21/(B16-1) -> 0.50292398 | C33: Supone una cámara cilíndrica del diámetro del pistón
A35: =IF(C26>11.5,"Rc modificada muy alta: riesgo de detonación; exige gasolina de alto octanaje y avance reducido",IF(C26>11,"Rc modificada alta: usar gasolina súper y verificar el avance","Rc modificada dentro del rango habitual para gasolina")) -> Rc modificada dentro del rango habitual para gasolina
A36: =IF(OR(B13<0.47,B13>0.754),"El sobrepasamiento está fuera de la Tabla 2: consulte el manual del fabricante","Junta sugerida por la Tabla 2: "&TEXT(C24,"0.00")&" mm") -> Junta sugerida por la Tabla 2: 1.30 mm
A37: =IF(C19>1.02,"Sobremedida mayor a 0,040 pulg: verificar el espesor de pared del cilindro o encamisar","")
A38: Las cifras son estimaciones teóricas para el aula; las medidas finales se toman en el motor y prevalecen los datos del fabricante.

Sheet Ciclo Otto
A1: Simulador · Ciclo Otto teórico frente al ciclo real (diagrama p–V)
A2: Sistemas del Funcionamiento del Motor (MA.02.06) · Unidad 1 · Edite solo las celdas amarillas (texto azul); todo lo demás se recalcula.
A4: Datos de entrada | B4: Valor
A5: Cilindrada unitaria Vu (cm³) | B5: 499.6
A6: Relación de compresión Rc | B6: 10
A7: Presión atmosférica p1 (kg/cm²) | B7: 1.033
A8: Coeficiente adiabático γ (ciclo teórico) | B8: 1.4
A9: Exponente politrópico n (ciclo real) | B9: 1.3
A10: Relación de explosión α = p3/p2 | B10: 4
A11: Pérdida de compresión real (%) | B11: 15
A13: Resultados | B13: Valor | C13: Cómo se obtiene
A14: Volumen de la cámara V2 = Vc (cm³) | B14: =B5/(B6-1) -> 55.511111 | C14: Vc = Vu/(Rc − 1)
A15: Volumen total V1 (cm³) | B15: =B5+B14 -> 555.11111 | C15: V1 = Vu + Vc
A16: Presión final de compresión teórica p2 (kg/cm²) | B16: =B7*B6^B8 -> 25.947787 | C16: p2 = p1·Rc^γ
A17: Presión máxima teórica p3 (kg/cm²) | B17: =B16*B10 -> 103.79115 | C17: p3 = α·p2
A18: Presión al final de la expansión p4 (kg/cm²) | B18: =B17/B6^B8 -> 4.132 | C18: p4 = p3/Rc^γ
A19: Rendimiento térmico teórico η | B19: =1-1/B6^(B8-1) -> 0.60189283 | C19: η = 1 − 1/Rc^(γ−1): solo depende de Rc
A20: Presión de compresión real Pcom (kg/cm²) | B20: =B7*B6^B9*(1-B11/100) -> 17.519401 | C20: Fórmula de la guía: p1·Rc^1,3 − 15 %
A21: Presión de explosión real Pexp (kg/cm²) | B21: =B20*B10 -> 70.077603 | C21: Pexp = 4·Pcom
A22: Trabajo del ciclo teórico (J) | B22: =0.0981*'Datos Otto'!B2 -> 639.51133 | C22: Área encerrada del diagrama (fórmula del polígono)
A23: Trabajo neto del ciclo real (J) | B23: =0.0981*'Datos Otto'!E2 -> 524.30426 | C23: Incluye el lazo de bombeo (admisión–escape)
A24: Presión media indicada teórica (kg/cm²) | B24: ='Datos Otto'!B2/B5 -> 13.048386 | C24: pmi = W/Vu
A25: Presión media indicada real (kg/cm²) | B25: ='Datos Otto'!E2/B5 -> 10.697738
A26: Relación real/teórico (factor de diagrama) | B26: =B23/B22 -> 0.8198514 | C26: Se pierde por calor, combustión no instantánea y bombeo
A28: El ciclo real se dibuja de forma aproximada: compresión politrópica con pérdidas, combustión progresiva después del PMS, apertura anticipada del escape y lazo de bombeo.

Sheet Orden de encendido
A1: Simulador · Orden de encendido, fases de cada cilindro y método del cruce
A2: Sistemas del Funcionamiento del Motor (MA.02.06) · Unidad 1 · Edite solo las celdas amarillas (texto azul); todo lo demás se recalcula.
A4: Datos de entrada | B4: Valor
A5: Número de cilindros z | B5: 4 | D5: ='Datos orden'!B12 -> Orden válido
A6: Orden de encendido | B6: 1-3-4-2
A7: Ángulo del cigüeñal θ (°) | B7: 0
A8: AAA (°) | B8: 12
A9: RCA (°) | B9: 48
A10: AAE (°) | B10: 50
A11: RCE (°) | B11: 10
A12: Margen de seguridad para calibrar (°) | B12: 20
A14: Cilindro | B14: φ (°) | C14: Tiempo del ciclo | D14: Pistón | E14: Válvula ADM | F14: Válvula ESC | G14: Situación
A15: =IF(1>$B$5,"",1) -> 1 | B15: =IF(A15="","",'Datos orden'!G3) -> 0 | C15: =IF(A15="","",IF(B15<180,"Expansión (trabajo)",IF(B15<360,"Escape",IF(B15<540,"Admisión","Compresión")))) -> Expansión (trabajo) | D15: =IF(A15="","",IF(OR(B15=0,B15=360),"PMS",IF(OR(B15=180,B15=540),"PMI",IF(MOD(B15,360)<180,"Baja","Sube")))) -> PMS | E15: =IF(A15="","",IF(AND(B15>=360-$B$8,B15<=540+$B$9),"Abierta","Cerrada")) -> Cerrada | F15: =IF(A15="","",IF(AND(B15>=180-$B$10,B15<=360+$B$11),"Abierta","Cerrada")) -> Cerrada | G15: =IF(A15="","",IF(AND(E15="Abierta",F15="Abierta"),"CRUCE de válvulas",IF(B15<5,"Salta la chispa: inicio de la expansión",""))) -> Salta la chispa: inicio de la expansión
A16: =IF(2>$B$5,"",2) -> 2 | B16: =IF(A16="","",'Datos orden'!G4) -> 180 | C16: =IF(A16="","",IF(B16<180,"Expansión (trabajo)",IF(B16<360,"Escape",IF(B16<540,"Admisión","Compresión")))) -> Escape | D16: =IF(A16="","",IF(OR(B16=0,B16=360),"PMS",IF(OR(B16=180,B16=540),"PMI",IF(MOD(B16,360)<180,"Baja","Sube")))) -> PMI | E16: =IF(A16="","",IF(AND(B16>=360-$B$8,B16<=540+$B$9),"Abierta","Cerrada")) -> Cerrada | F16: =IF(A16="","",IF(AND(B16>=180-$B$10,B16<=360+$B$11),"Abierta","Cerrada")) -> Abierta | G16: =IF(A16="","",IF(AND(E16="Abierta",F16="Abierta"),"CRUCE de válvulas",IF(B16<5,"Salta la chispa: inicio de la expansión","")))
A17: =IF(3>$B$5,"",3) -> 3 | B17: =IF(A17="","",'Datos orden'!G5) -> 540 | C17: =IF(A17="","",IF(B17<180,"Expansión (trabajo)",IF(B17<360,"Escape",IF(B17<540,"Admisión","Compresión")))) -> Compresión | D17: =IF(A17="","",IF(OR(B17=0,B17=360),"PMS",IF(OR(B17=180,B17=540),"PMI",IF(MOD(B17,360)<180,"Baja","Sube")))) -> PMI | E17: =IF(A17="","",IF(AND(B17>=360-$B$8,B17<=540+$B$9),"Abierta","Cerrada")) -> Abierta | F17: =IF(A17="","",IF(AND(B17>=180-$B$10,B17<=360+$B$11),"Abierta","Cerrada")) -> Cerrada | G17: =IF(A17="","",IF(AND(E17="Abierta",F17="Abierta"),"CRUCE de válvulas",IF(B17<5,"Salta la chispa: inicio de la expansión","")))
A18: =IF(4>$B$5,"",4) -> 4 | B18: =IF(A18="","",'Datos orden'!G6) -> 360 | C18: =IF(A18="","",IF(B18<180,"Expansión (trabajo)",IF(B18<360,"Escape",IF(B18<540,"Admisión","Compresión")))) -> Admisión | D18: =IF(A18="","",IF(OR(B18=0,B18=360),"PMS",IF(OR(B18=180,B18=540),"PMI",IF(MOD(B18,360)<180,"Baja","Sube")))) -> PMS | E18: =IF(A18="","",IF(AND(B18>=360-$B$8,B18<=540+$B$9),"Abierta","Cerrada")) -> Abierta | F18: =IF(A18="","",IF(AND(B18>=180-$B$10,B18<=360+$B$11),"Abierta","Cerrada")) -> Abierta | G18: =IF(A18="","",IF(AND(E18="Abierta",F18="Abierta"),"CRUCE de válvulas",IF(B18<5,"Salta la chispa: inicio de la expansión",""))) -> CRUCE de válvulas
A19: =IF(5>$B$5,"",5) | B19: =IF(A19="","",'Datos orden'!G7) | C19: =IF(A19="","",IF(B19<180,"Expansión (trabajo)",IF(B19<360,"Escape",IF(B19<540,"Admisión","Compresión")))) | D19: =IF(A19="","",IF(OR(B19=0,B19=360),"PMS",IF(OR(B19=180,B19=540),"PMI",IF(MOD(B19,360)<180,"Baja","Sube")))) | E19: =IF(A19="","",IF(AND(B19>=360-$B$8,B19<=540+$B$9),"Abierta","Cerrada")) | F19: =IF(A19="","",IF(AND(B19>=180-$B$10,B19<=360+$B$11),"Abierta","Cerrada")) | G19: =IF(A19="","",IF(AND(E19="Abierta",F19="Abierta"),"CRUCE de válvulas",IF(B19<5,"Salta la chispa: inicio de la expansión","")))
A20: =IF(6>$B$5,"",6) | B20: =IF(A20="","",'Datos orden'!G8) | C20: =IF(A20="","",IF(B20<180,"Expansión (trabajo)",IF(B20<360,"Escape",IF(B20<540,"Admisión","Compresión")))) | D20: =IF(A20="","",IF(OR(B20=0,B20=360),"PMS",IF(OR(B20=180,B20=540),"PMI",IF(MOD(B20,360)<180,"Baja","Sube")))) | E20: =IF(A20="","",IF(AND(B20>=360-$B$8,B20<=540+$B$9),"Abierta","Cerrada")) | F20: =IF(A20="","",IF(AND(B20>=180-$B$10,B20<=360+$B$11),"Abierta","Cerrada")) | G20: =IF(A20="","",IF(AND(E20="Abierta",F20="Abierta"),"CRUCE de válvulas",IF(B20<5,"Salta la chispa: inicio de la expansión","")))
A22: Método del cruce | B22: Paso | C22: Calibrar ADM y ESC del cilindro | D22: Cilindro en cruce | E22: Giro desde el paso anterior
B23: =IF(1>$B$5,"",1) -> 1 | C23: =IF(B23="","",INDEX('Datos orden'!$B$3:$B$8,1)) -> 1 | D23: =IF(B23="","",INDEX('Datos orden'!$B$3:$B$8,MOD(1-1+$B$5/2,$B$5)+1)) -> 4 | E23: =IF(B23="","",IF(1=1,"Inicio: cilindro 1 en PMS",TEXT(720/$B$5,"0")&"° de cigüeñal")) -> Inicio: cilindro 1 en PMS
B24: =IF(2>$B$5,"",2) -> 2 | C24: =IF(B24="","",INDEX('Datos orden'!$B$3:$B$8,2)) -> 3 | D24: =IF(B24="","",INDEX('Datos orden'!$B$3:$B$8,MOD(2-1+$B$5/2,$B$5)+1)) -> 2 | E24: =IF(B24="","",IF(2=1,"Inicio: cilindro 1 en PMS",TEXT(720/$B$5,"0")&"° de cigüeñal")) -> 180° de cigüeñal
B25: =IF(3>$B$5,"",3) -> 3 | C25: =IF(B25="","",INDEX('Datos orden'!$B$3:$B$8,3)) -> 4 | D25: =IF(B25="","",INDEX('Datos orden'!$B$3:$B$8,MOD(3-1+$B$5/2,$B$5)+1)) -> 1 | E25: =IF(B25="","",IF(3=1,"Inicio: cilindro 1 en PMS",TEXT(720/$B$5,"0")&"° de cigüeñal")) -> 180° de cigüeñal
B26: =IF(4>$B$5,"",4) -> 4 | C26: =IF(B26="","",INDEX('Datos orden'!$B$3:$B$8,4)) -> 2 | D26: =IF(B26="","",INDEX('Datos orden'!$B$3:$B$8,MOD(4-1+$B$5/2,$B$5)+1)) -> 3 | E26: =IF(B26="","",IF(4=1,"Inicio: cilindro 1 en PMS",TEXT(720/$B$5,"0")&"° de cigüeñal")) -> 180° de cigüeñal
B27: =IF(5>$B$5,"",5) | C27: =IF(B27="","",INDEX('Datos orden'!$B$3:$B$8,5)) | D27: =IF(B27="","",INDEX('Datos orden'!$B$3:$B$8,MOD(5-1+$B$5/2,$B$5)+1)) | E27: =IF(B27="","",IF(5=1,"Inicio: cilindro 1 en PMS",TEXT(720/$B$5,"0")&"° de cigüeñal"))
B28: =IF(6>$B$5,"",6) | C28: =IF(B28="","",INDEX('Datos orden'!$B$3:$B$8,6)) | D28: =IF(B28="","",INDEX('Datos orden'!$B$3:$B$8,MOD(6-1+$B$5/2,$B$5)+1)) | E28: =IF(B28="","",IF(6=1,"Inicio: cilindro 1 en PMS",TEXT(720/$B$5,"0")&"° de cigüeñal"))
A30: Método de dos vueltas | B30: Cilindro | C30: Vuelta 1 (θ = 0°): ADM | D30: Vuelta 1: ESC | E30: Vuelta 2 (θ = 360°): ADM | F30: Vuelta 2: ESC
B31: =IF(1>$B$5,"",1) -> 1 | C31: =IF(B31="","",IF(OR(MOD(0-'Datos orden'!F3,720)<360-$B$8-$B$12,MOD(0-'Datos orden'!F3,720)>540+$B$9+$B$12),"Calibrar","—")) -> Calibrar | D31: =IF(B31="","",IF(OR(MOD(0-'Datos orden'!F3,720)<180-$B$10-$B$12,MOD(0-'Datos orden'!F3,720)>360+$B$11+$B$12),"Calibrar","—")) -> Calibrar | E31: =IF(B31="","",IF(OR(MOD(360-'Datos orden'!F3,720)<360-$B$8-$B$12,MOD(360-'Datos orden'!F3,720)>540+$B$9+$B$12),"Calibrar","—")) -> — | F31: =IF(B31="","",IF(OR(MOD(360-'Datos orden'!F3,720)<180-$B$10-$B$12,MOD(360-'Datos orden'!F3,720)>360+$B$11+$B$12),"Calibrar","—")) -> —
B32: =IF(2>$B$5,"",2) -> 2 | C32: =IF(B32="","",IF(OR(MOD(0-'Datos orden'!F4,720)<360-$B$8-$B$12,MOD(0-'Datos orden'!F4,720)>540+$B$9+$B$12),"Calibrar","—")) -> Calibrar | D32: =IF(B32="","",IF(OR(MOD(0-'Datos orden'!F4,720)<180-$B$10-$B$12,MOD(0-'Datos orden'!F4,720)>360+$B$11+$B$12),"Calibrar","—")) -> — | E32: =IF(B32="","",IF(OR(MOD(360-'Datos orden'!F4,720)<360-$B$8-$B$12,MOD(360-'Datos orden'!F4,720)>540+$B$9+$B$12),"Calibrar","—")) -> — | F32: =IF(B32="","",IF(OR(MOD(360-'Datos orden'!F4,720)<180-$B$10-$B$12,MOD(360-'Datos orden'!F4,720)>360+$B$11+$B$12),"Calibrar","—")) -> Calibrar
B33: =IF(3>$B$5,"",3) -> 3 | C33: =IF(B33="","",IF(OR(MOD(0-'Datos orden'!F5,720)<360-$B$8-$B$12,MOD(0-'Datos orden'!F5,720)>540+$B$9+$B$12),"Calibrar","—")) -> — | D33: =IF(B33="","",IF(OR(MOD(0-'Datos orden'!F5,720)<180-$B$10-$B$12,MOD(0-'Datos orden'!F5,720)>360+$B$11+$B$12),"Calibrar","—")) -> Calibrar | E33: =IF(B33="","",IF(OR(MOD(360-'Datos orden'!F5,720)<360-$B$8-$B$12,MOD(360-'Datos orden'!F5,720)>540+$B$9+$B$12),"Calibrar","—")) -> Calibrar | F33: =IF(B33="","",IF(OR(MOD(360-'Datos orden'!F5,720)<180-$B$10-$B$12,MOD(360-'Datos orden'!F5,720)>360+$B$11+$B$12),"Calibrar","—")) -> —
B34: =IF(4>$B$5,"",4) -> 4 | C34: =IF(B34="","",IF(OR(MOD(0-'Datos orden'!F6,720)<360-$B$8-$B$12,MOD(0-'Datos orden'!F6,720)>540+$B$9+$B$12),"Calibrar","—")) -> — | D34: =IF(B34="","",IF(OR(MOD(0-'Datos orden'!F6,720)<180-$B$10-$B$12,MOD(0-'Datos orden'!F6,720)>360+$B$11+$B$12),"Calibrar","—")) -> — | E34: =IF(B34="","",IF(OR(MOD(360-'Datos orden'!F6,720)<360-$B$8-$B$12,MOD(360-'Datos orden'!F6,720)>540+$B$9+$B$12),"Calibrar","—")) -> Calibrar | F34: =IF(B34="","",IF(OR(MOD(360-'Datos orden'!F6,720)<180-$B$10-$B$12,MOD(360-'Datos orden'!F6,720)>360+$B$11+$B$12),"Calibrar","—")) -> Calibrar
B35: =IF(5>$B$5,"",5) | C35: =IF(B35="","",IF(OR(MOD(0-'Datos orden'!F7,720)<360-$B$8-$B$12,MOD(0-'Datos orden'!F7,720)>540+$B$9+$B$12),"Calibrar","—")) | D35: =IF(B35="","",IF(OR(MOD(0-'Datos orden'!F7,720)<180-$B$10-$B$12,MOD(0-'Datos orden'!F7,720)>360+$B$11+$B$12),"Calibrar","—")) | E35: =IF(B35="","",IF(OR(MOD(360-'Datos orden'!F7,720)<360-$B$8-$B$12,MOD(360-'Datos orden'!F7,720)>540+$B$9+$B$12),"Calibrar","—")) | F35: =IF(B35="","",IF(OR(MOD(360-'Datos orden'!F7,720)<180-$B$10-$B$12,MOD(360-'Datos orden'!F7,720)>360+$B$11+$B$12),"Calibrar","—"))
B36: =IF(6>$B$5,"",6) | C36: =IF(B36="","",IF(OR(MOD(0-'Datos orden'!F8,720)<360-$B$8-$B$12,MOD(0-'Datos orden'!F8,720)>540+$B$9+$B$12),"Calibrar","—")) | D36: =IF(B36="","",IF(OR(MOD(0-'Datos orden'!F8,720)<180-$B$10-$B$12,MOD(0-'Datos orden'!F8,720)>360+$B$11+$B$12),"Calibrar","—")) | E36: =IF(B36="","",IF(OR(MOD(360-'Datos orden'!F8,720)<360-$B$8-$B$12,MOD(360-'Datos orden'!F8,720)>540+$B$9+$B$12),"Calibrar","—")) | F36: =IF(B36="","",IF(OR(MOD(360-'Datos orden'!F8,720)<180-$B$10-$B$12,MOD(360-'Datos orden'!F8,720)>360+$B$11+$B$12),"Calibrar","—"))
A38: Calibrar = la leva está en su círculo base (válvula cerrada con margen). Compare el resultado con la Tabla 11 de la guía (1-3-4-2: vuelta 1 ADM 1-2, ESC 1-3).

Sheet Guía
B2: Simuladores de la Unidad 1 · El motor de combustión interna
B3: Cuatro simuladores alineados con los conocimientos del PEA de la Unidad 1: tren alternativo, cálculos del motor, modificación del motor, curvas características y metrología.
B4: Simulador 1 · Biela-manivela
B5: Cambie la carrera, la longitud de biela y el régimen. Observe que la velocidad máxima del pistón aparece antes de los 90° y que la aceleración en el PMS es mayor que en el PMI (efecto de λ). Actividad: duplique las rpm y compruebe que la aceleración se multiplica por cuatro.
B6: Simulador 2 · Cilindrada y relación de compresión
B7: Ingrese las medidas del motor del laboratorio. Pruebe cepillar 0,3 mm la culata o rectificar a +0,50 mm y lea cómo cambian la cilindrada y la Rc. Actividad: ¿qué espesor de junta habría que montar para recuperar la Rc original después del cepillado?
B8: Simulador 3 · Curvas de par y potencia
B9: Sustituya la tabla por los datos de la ficha técnica de un vehículo. La potencia se calcula con P[kW] = M·n/9550 y se corrige por altitud con la norma DIN 70020. Actividad: compare la potencia a nivel del mar con la de Loja.
B10: Simuladores de metrología · Pie de rey, micrómetro, reloj comparador y alexómetro
B11: Cada hoja permite elegir el instrumento en milímetros o pulgadas (pie de rey: 0,1 · 0,05 · 0,02 mm, 0,001" con 25 o 50 divisiones y 1/128"; micrómetro: 0,01 · 0,001 mm y 0,001 · 0,0001"; reloj comparador y alexómetro: 0,01 mm y 0,001"). Cambie el número de ejercicio para obtener otra lectura, escriba su respuesta y verifíquela.
B12: Solucionario: ponga SI en «¿Mostrar el solucionario?» para ver la solución comentada paso a paso (regla/vaina, nonio/tambor, lectura final), siguiendo el formato de los ejercicios resueltos de Stefanelli. La lista de práctica propone 10 ejercicios por lista con autocorrección: escriba el número de cada ejercicio en B6 para ver su dibujo.
B13: Inspirado en los simuladores y soluciones comentadas del Prof. Eduardo J. Stefanelli (stefanelli.eng.br), que el PEA declara como recurso de la Unidad 1.
... B26: En las hojas «Pie de rey» y «Micrómetro», la celda «Ejercicio de la guía» permite elegir un banco de ejercicios de las Guías 02 (pie de rey) y 03 (micrómetro) y escribir en «Número de ejercicio» el mismo número de la tabla de la guía. El simulador dibuja esa lectura, corrige la respuesta del estudiante y, con «¿Mostrar el solucionario?» = SI, muestra la resolución paso a paso (regla o vaina, nonio o tambor, lectura total e interpretación), con el mismo valor del solucionario de Stefanelli. La «Lista de práctica» recorre el banco de 10 en 10 (lista 1 y 2). En pulgada fraccionaria escriba la lectura en decimal o como fórmula, por ejemplo =2+71/128. Elija «Aleatorio» para volver a los ejercicios generados por el simulador.

Sheet Datos
A1: Tabla del mecanismo biela-manivela (no editar)
A2: θ (°) | B2: Desplazamiento x (mm) | C2: Velocidad v (m/s) | D2: Aceleración a (m/s²) | E2: Velocidad media (m/s) | G2: Cepillado (mm) | H2: Rc
A3: 0 | B3: ='Biela-manivela'!$B$10*(1-COS(RADIANS(A3)))+'Biela-manivela'!$B$6*(1-SQRT(1-'Biela-manivela'!$B$11^2*SIN(RADIANS(A3))^2)) -> 0 | C3: ='Biela-manivela'!$B$10/1000*'Biela-manivela'!$B$12*(SIN(RADIANS(A3))+'Biela-manivela'!$B$11*SIN(RADIANS(2*A3))/(2*SQRT(1-'Biela-manivela'!$B$11^2*SIN(RADIANS(A3))^2))) -> 0 | D3: ='Biela-manivela'!$B$10/1000*'Biela-manivela'!$B$12^2*(COS(RADIANS(A3))+'Biela-manivela'!$B$11*COS(RADIANS(2*A3))) -> 7794.4568 | E3: ='Biela-manivela'!$B$13 -> 9.3333333 | G3: 0 | H3: =('Cilindrada y Rc'!$C$18+('Cilindrada y Rc'!$B$8-'Cilindrada y Rc'!$C$17*G3/10+'Cilindrada y Rc'!$C$19+'Cilindrada y Rc'!$B$11+'Cilindrada y Rc'!$C$20))/('Cilindrada y Rc'!$B$8-'Cilindrada y Rc'!$C$17*G3/10+'Cilindrada y Rc'!$C$19+'Cilindrada y Rc'!$B$11+'Cilindrada y Rc'!$C$20) -> 9.3358029
A4: 5 | B4: ='Biela-manivela'!$B$10*(1-COS(RADIANS(A4)))+'Biela-manivela'!$B$6*(1-SQRT(1-'Biela-manivela'!$B$11^2*SIN(RADIANS(A4))^2)) -> 0.16897992 | C4: ='Biela-manivela'!$B$10/1000*'Biela-manivela'!$B$12*(SIN(RADIANS(A4))+'Biela-manivela'!$B$11*SIN(RADIANS(2*A4))/(2*SQRT(1-'Biela-manivela'!$B$11^2*SIN(RADIANS(A4))^2))) -> 1.6205702 | D4: ='Biela-manivela'!$B$10/1000*'Biela-manivela'!$B$12^2*(COS(RADIANS(A4))+'Biela-manivela'!$B$11*COS(RADIANS(2*A4))) -> 7745.9697 | E4: ='Biela-manivela'!$B$13 -> 9.3333333 | G4: 0.1 | H4: =('Cilindrada y Rc'!$C$18+('Cilindrada y Rc'!$B$8-'Cilindrada y Rc'!$C$17*G4/10+'Cilindrada y Rc'!$C$19+'Cilindrada y Rc'!$B$11+'Cilindrada y Rc'!$C$20))/('Cilindrada y Rc'!$B$8-'Cilindrada y Rc'!$C$17*G4/10+'Cilindrada y Rc'!$C$19+'Cilindrada y Rc'!$B$11+'Cilindrada y Rc'!$C$20) -> 9.4362644
A5: 10 | B5: ='Biela-manivela'!$B$10*(1-COS(RADIANS(A5)))+'Biela-manivela'!$B$6*(1-SQRT(1-'Biela-manivela'!$B$11^2*SIN(RADIANS(A5))^2)) -> 0.67387663 | C5: ='Biela-manivela'!$B$10/1000*'Biela-manivela'!$B$12*(SIN(RADIANS(A5))+'Biela-manivela'!$B$11*SIN(RADIANS(2*A5))/(2*SQRT(1-'Biela-manivela'!$B$11^2*SIN(RADIANS(A5))^2))) -> 3.221553 | D5: ='Biela-manivela'!$B$10/1000*'Biela-manivela'!$B$12^2*(COS(RADIANS(A5))+'Biela-manivela'!$B$11*COS(RADIANS(2*A5))) -> 7601.4495 | E5: ='Biela-manivela'!$B$13 -> 9.3333333 | G5: 0.2 | H5: =('Cilindrada y Rc'!$C$18+('Cilindrada y Rc'!$B$8-'Cilindrada y Rc'!$C$17*G5/10+'Cilindrada y Rc'!$C$19+'Cilindrada y Rc'!$B$11+'Cilindrada y Rc'!$C$20))/('Cilindrada y Rc'!$B$8-'Cilindrada y Rc'!$C$17*G5/10+'Cilindrada y Rc'!$C$19+'Cilindrada y Rc'!$B$11+'Cilindrada y Rc'!$C$20) -> 9.5391769
A6: 15 | B6: ='Biela-manivela'!$B$10*(1-COS(RADIANS(A6)))+'Biela-manivela'!$B$6*(1-SQRT(1-'Biela-manivela'!$B$11^2*SIN(RADIANS(A6))^2)) -> 1.5085934 | C6: ='Biela-manivela'!$B$10/1000*'Biela-manivela'!$B$12*(SIN(RADIANS(A6))+'Biela-manivela'!$B$11*SIN(RADIANS(2*A6))/(2*SQRT(1-'Biela-manivela'!$B$11^2*SIN(RADIANS(A6))^2))) -> 4.7836722 | D6: ='Biela-manivela'!$B$10/1000*'Biela-manivela'!$B$12^2*(COS(RADIANS(A6))+'Biela-manivela'!$B$11*COS(RADIANS(2*A6))) -> 7363.6948 | E6: ='Biela-manivela'!$B$13 -> 9.3333333 | G6: 0.3 | H6: =('Cilindrada y Rc'!$C$18+('Cilindrada y Rc'!$B$8-'Cilindrada y Rc'!$C$17*G6/10+'Cilindrada y Rc'!$C$19+'Cilindrada y Rc'!$B$11+'Cilindrada y Rc'!$C$20))/('Cilindrada y Rc'!$B$8-'Cilindrada y Rc'!$C$17*G6/10+'Cilindrada y Rc'!$C$19+'Cilindrada y Rc'!$B$11+'Cilindrada y Rc'!$C$20) -> 9.6446312
A7: 20 | B7: ='Biela-manivela'!$B$10*(1-COS(RADIANS(A7)))+'Biela-manivela'!$B$6*(1-SQRT(1-'Biela-manivela'!$B$11^2*SIN(RADIANS(A7))^2)) -> 2.6630769 | C7: ='Biela-manivela'!$B$10/1000*'Biela-manivela'!$B$12*(SIN(RADIANS(A7))+'Biela-manivela'!$B$11*SIN(RADIANS(2*A7))/(2*SQRT(1-'Biela-manivela'!$B$11^2*SIN(RADIANS(A7))^2))) -> 6.2882728 | D7: ='Biela-manivela'!$B$10/1000*'Biela-manivela'!$B$12^2*(COS(RADIANS(A7))+'Biela-manivela'!$B$11*COS(RADIANS(2*A7))) -> 7037.2889 | E7: ='Biela-manivela'!$B$13 -> 9.3333333 | G7: 0.4 | H7: =('Cilindrada y Rc'!$C$18+('Cilindrada y Rc'!$B$8-'Cilindrada y Rc'!$C$17*G7/10+'Cilindrada y Rc'!$C$19+'Cilindrada y Rc'!$B$11+'Cilindrada y Rc'!$C$20))/('Cilindrada y Rc'!$B$8-'Cilindrada y Rc'!$C$17*G7/10+'Cilindrada y Rc'!$C$19+'Cilindrada y Rc'!$B$11+'Cilindrada y Rc'!$C$20) -> 9.7527227
A8: 25 | B8: ='Biela-manivela'!$B$10*(1-COS(RADIANS(A8)))+'Biela-manivela'!$B$6*(1-SQRT(1-'Biela-manivela'!$B$11^2*SIN(RADIANS(A8))^2)) -> 4.1234788 | C8: ='Biela-manivela'!$B$10/1000*'Biela-manivela'!$B$12*(SIN(RADIANS(A8))+'Biela-manivela'!$B$11*SIN(RADIANS(2*A8))/(2*SQRT(1-'Biela-manivela'!$B$11^2*SIN(RADIANS(A8))^2))) -> 7.717628 | D8: ='Biela-manivela'!$B$10/1000*'Biela-manivela'!$B$12^2*(COS(RADIANS(A8))+'Biela-manivela'!$B$11*COS(RADIANS(2*A8))) -> 6628.4806 | E8: ='Biela-manivela'!$B$13 -> 9.3333333 | G8: 0.5 | H8: =('Cilindrada y Rc'!$C$18+('Cilindrada y Rc'!$B$8-'Cilindrada y Rc'!$C$17*G8/10+'Cilindrada y Rc'!$C$19+'Cilindrada y Rc'!$B$11+'Cilindrada y Rc'!$C$20))/('Cilindrada y Rc'!$B$8-'Cilindrada y Rc'!$C$17*G8/10+'Cilindrada y Rc'!$C$19+'Cilindrada y Rc'!$B$11+'Cilindrada y Rc'!$C$20) -> 9.8635516
A9: 30 | B9: ='Biela-manivela'!$B$10*(1-COS(RADIANS(A9)))+'Biela-manivela'!$B$6*(1-SQRT(1-'Biela-manivela'!$B$11^2*SIN(RADIANS(A9))^2)) -> 5.8723806 | C9: ='Biela-manivela'!$B$10/1000*'Biela-manivela'!$B$12*(SIN(RADIANS(A9))+'Biela-manivela'!$B$11*SIN(RADIANS(2*A9))/(2*SQRT(1-'Biela-manivela'!$B$11^2*SIN(RADIANS(A9))^2))) -> 9.0552397 | D9: ='Biela-manivela'!$B$10/1000*'Biela-manivela'!$B$12^2*(COS(RADIANS(A9))+'Biela-manivela'!$B$11*COS(RADIANS(2*A9))) -> 6145.0223 | E9: ='Biela-manivela'!$B$13 -> 9.3333333 | G9: 0.6 | H9: =('Cilindrada y Rc'!$C$18+('Cilindrada y Rc'!$B$8-'Cilindrada y Rc'!$C$17*G9/10+'Cilindrada y Rc'!$C$19+'Cilindrada y Rc'!$B$11+'Cilindrada y Rc'!$C$20))/('Cilindrada y Rc'!$B$8-'Cilindrada y Rc'!$C$17*G9/10+'Cilindrada y Rc'!$C$19+'Cilindrada y Rc'!$B$11+'Cilindrada y Rc'!$C$20) -> 9.9772232
A10: 35 | B10: ='Biela-manivela'!$B$10*(1-COS(RADIANS(A10)))+'Biela-manivela'!$B$6*(1-SQRT(1-'Biela-manivela'!$B$11^2*SIN(RADIANS(A10))^2)) -> 7.88908 | C10: ='Biela-manivela'!$B$10/1000*'Biela-manivela'!$B$12*(SIN(RADIANS(A10))+'Biela-manivela'!$B$11*SIN(RADIANS(2*A10))/(2*SQRT(1-'Biela-manivela'!$B$11^2*SIN(RADIANS(A10))^2))) -> 10.28613 | D10: ='Biela-manivela'!$B$10/1000*'Biela-manivela'!$B$12^2*(COS(RADIANS(A10))+'Biela-manivela'!$B$11*COS(RADIANS(2*A10))) -> 5595.9698 | E10: ='Biela-manivela'!$B$13 -> 9.3333333 | G10: 0.7 | H10: =('Cilindrada y Rc'!$C$18+('Cilindrada y Rc'!$B$8-'Cilindrada y Rc'!$C$17*G10/10+'Cilindrada y Rc'!$C$19+'Cilindrada y Rc'!$B$11+'Cilindrada y Rc'!$C$20))/('Cilindrada y Rc'!$B$8-'Cilindrada y Rc'!$C$17*G10/10+'Cilindrada y Rc'!$C$19+'Cilindrada y Rc'!$B$11+'Cilindrada y Rc'!$C$20) -> 10.093848
A11: 40 | B11: ='Biela-manivela'!$B$10*(1-COS(RADIANS(A11)))+'Biela-manivela'!$B$6*(1-SQRT(1-'Biela-manivela'!$B$11^2*SIN(RADIANS(A11))^2)) -> 10.149937 | C11: ='Biela-manivela'!$B$10/1000*'Biela-manivela'!$B$12*(SIN(RADIANS(A11))+'Biela-manivela'!$B$11*SIN(RADIANS(2*A11))/(2*SQRT(1-'Biela-manivela'!$B$11^2*SIN(RADIANS(A11))^2))) -> 11.397115 | D11: ='Biela-manivela'!$B$10/1000*'Biela-manivela'!$B$12^2*(COS(RADIANS(A11))+'Biela-manivela'!$B$11*COS(RADIANS(2*A11))) -> 4991.4503 | E11: ='Biela-manivela'!$B$13 -> 9.3333333 | G11: 0.8 | H11: =('Cilindrada y Rc'!$C$18+('Cilindrada y Rc'!$B$8-'Cilindrada y Rc'!$C$17*G11/10+'Cilindrada y Rc'!$C$19+'Cilindrada y Rc'!$B$11+'Cilindrada y Rc'!$C$20))/('Cilindrada y Rc'!$B$8-'Cilindrada y Rc'!$C$17*G11/10+'Cilindrada y Rc'!$C$19+'Cilindrada y Rc'!$B$11+'Cilindrada y Rc'!$C$20) -> 10.213543
A12: 45 | B12: ='Biela-manivela'!$B$10*(1-COS(RADIANS(A12)))+'Biela-manivela'!$B$6*(1-SQRT(1-'Biela-manivela'!$B$11^2*SIN(RADIANS(A12))^2)) -> 12.628772 | C12: ='Biela-manivela'!$B$10/1000*'Biela-manivela'!$B$12*(SIN(RADIANS(A12))+'Biela-manivela'!$B$11*SIN(RADIANS(2*A12))/(2*SQRT(1-'Biela-manivela'!$B$11^2*SIN(RADIANS(A12))^2))) -> 12.377057 | D12: ='Biela-manivela'!$B$10/1000*'Biela-manivela'!$B$12^2*(COS(RADIANS(A12))+'Biela-manivela'!$B$11*COS(RADIANS(2*A12))) -> 4342.4044 | E12: ='Biela-manivela'!$B$13 -> 9.3333333 | G12: 0.9 | H12: =('Cilindrada y Rc'!$C$18+('Cilindrada y Rc'!$B$8-'Cilindrada y Rc'!$C$17*G12/10+'Cilindrada y Rc'!$C$19+'Cilindrada y Rc'!$B$11+'Cilindrada y Rc'!$C$20))/('Cilindrada y Rc'!$B$8-'Cilindrada y Rc'!$C$17*G12/10+'Cilindrada y Rc'!$C$19+'Cilindrada y Rc'!$B$11+'Cilindrada y Rc'!$C$20) -> 10.336431
A13: 50 | B13: ='Biela-manivela'!$B$10*(1-COS(RADIANS(A13)))+'Biela-manivela'!$B$6*(1-SQRT(1-'Biela-manivela'!$B$11^2*SIN(RADIANS(A13))^2)) -> 15.297322 | C13: ='Biela-manivela'!$B$10/1000*'Biela-manivela'!$B$12*(SIN(RADIANS(A13))+'Biela-manivela'!$B$11*SIN(RADIANS(2*A13))/(2*SQRT(1-'Biela-manivela'!$B$11^2*SIN(RADIANS(A13))^2))) -> 13.217083 | D13: ='Biela-manivela'!$B$10/1000*'Biela-manivela'!$B$12^2*(COS(RADIANS(A13))+'Biela-manivela'!$B$11*COS(RADIANS(2*A13))) -> 3660.3101 | E13: ='Biela-manivela'!$B$13 -> 9.3333333 | G13: 1 | H13: =('Cilindrada y Rc'!$C$18+('Cilindrada y Rc'!$B$8-'Cilindrada y Rc'!$C$17*G13/10+'Cilindrada y Rc'!$C$19+'Cilindrada y Rc'!$B$11+'Cilindrada y Rc'!$C$20))/('Cilindrada y Rc'!$B$8-'Cilindrada y Rc'!$C$17*G13/10+'Cilindrada y Rc'!$C$19+'Cilindrada y Rc'!$B$11+'Cilindrada y Rc'!$C$20) -> 10.462642
A14: 55 | B14: ='Biela-manivela'!$B$10*(1-COS(RADIANS(A14)))+'Biela-manivela'!$B$6*(1-SQRT(1-'Biela-manivela'!$B$11^2*SIN(RADIANS(A14))^2)) -> 18.125721 | C14: ='Biela-manivela'!$B$10/1000*'Biela-manivela'!$B$12*(SIN(RADIANS(A14))+'Biela-manivela'!$B$11*SIN(RADIANS(2*A14))/(2*SQRT(1-'Biela-manivela'!$B$11^2*SIN(RADIANS(A14))^2))) -> 13.910756 | D14: ='Biela-manivela'!$B$10/1000*'Biela-manivela'!$B$12^2*(COS(RADIANS(A14))+'Biela-manivela'!$B$11*COS(RADIANS(2*A14))) -> 2956.8972 | E14: ='Biela-manivela'!$B$13 -> 9.3333333
A15: 60 | B15: ='Biela-manivela'!$B$10*(1-COS(RADIANS(A15)))+'Biela-manivela'!$B$6*(1-SQRT(1-'Biela-manivela'!$B$11^2*SIN(RADIANS(A15))^2)) -> 21.083031 | C15: ='Biela-manivela'!$B$10/1000*'Biela-manivela'!$B$12*(SIN(RADIANS(A15))+'Biela-manivela'!$B$11*SIN(RADIANS(2*A15))/(2*SQRT(1-'Biela-manivela'!$B$11^2*SIN(RADIANS(A15))^2))) -> 14.454195 | D15: ='Biela-manivela'!$B$10/1000*'Biela-manivela'!$B$12^2*(COS(RADIANS(A15))+'Biela-manivela'!$B$11*COS(RADIANS(2*A15))) -> 2243.8588 | E15: ='Biela-manivela'!$B$13 -> 9.3333333
A16: 65 | B16: ='Biela-manivela'!$B$10*(1-COS(RADIANS(A16)))+'Biela-manivela'!$B$6*(1-SQRT(1-'Biela-manivela'!$B$11^2*SIN(RADIANS(A16))^2)) -> 24.137775 | C16: ='Biela-manivela'!$B$10/1000*'Biela-manivela'!$B$12*(SIN(RADIANS(A16))+'Biela-manivela'!$B$11*SIN(RADIANS(2*A16))/(2*SQRT(1-'Biela-manivela'!$B$11^2*SIN(RADIANS(A16))^2))) -> 14.846126 | D16: ='Biela-manivela'!$B$10/1000*'Biela-manivela'!$B$12^2*(COS(RADIANS(A16))+'Biela-manivela'!$B$11*COS(RADIANS(2*A16))) -> 1532.5701 | E16: ='Biela-manivela'!$B$13 -> 9.3333333
A17: 70 | B17: ='Biela-manivela'!$B$10*(1-COS(RADIANS(A17)))+'Biela-manivela'!$B$6*(1-SQRT(1-'Biela-manivela'!$B$11^2*SIN(RADIANS(A17))^2)) -> 27.25848 | C17: ='Biela-manivela'!$B$10/1000*'Biela-manivela'!$B$12*(SIN(RADIANS(A17))+'Biela-manivela'!$B$11*SIN(RADIANS(2*A17))/(2*SQRT(1-'Biela-manivela'!$B$11^2*SIN(RADIANS(A17))^2))) -> 15.087854 | D17: ='Biela-manivela'!$B$10/1000*'Biela-manivela'!$B$12^2*(COS(RADIANS(A17))+'Biela-manivela'!$B$11*COS(RADIANS(2*A17))) -> 833.8209 | E17: ='Biela-manivela'!$B$13 -> 9.3333333
A18: 75 | B18: ='Biela-manivela'!$B$10*(1-COS(RADIANS(A18)))+'Biela-manivela'!$B$6*(1-SQRT(1-'Biela-manivela'!$B$11^2*SIN(RADIANS(A18))^2)) -> 30.414207 | C18: ='Biela-manivela'!$B$10/1000*'Biela-manivela'!$B$12*(SIN(RADIANS(A18))+'Biela-manivela'!$B$11*SIN(RADIANS(2*A18))/(2*SQRT(1-'Biela-manivela'!$B$11^2*SIN(RADIANS(A18))^2))) -> 15.183156 | D18: ='Biela-manivela'!$B$10/1000*'Biela-manivela'!$B$12^2*(COS(RADIANS(A18))+'Biela-manivela'!$B$11*COS(RADIANS(2*A18))) -> 157.57022 | E18: ='Biela-manivela'!$B$13 -> 9.3333333
A19: 80 | B19: ='Biela-manivela'!$B$10*(1-COS(RADIANS(A19)))+'Biela-manivela'!$B$6*(1-SQRT(1-'Biela-manivela'!$B$11^2*SIN(RADIANS(A19))^2)) -> 33.575043 | C19: ='Biela-manivela'!$B$10/1000*'Biela-manivela'!$B$12*(SIN(RADIANS(A19))+'Biela-manivela'!$B$11*SIN(RADIANS(2*A19))/(2*SQRT(1-'Biela-manivela'!$B$11^2*SIN(RADIANS(A19))^2))) -> 15.13809 | D19: ='Biela-manivela'!$B$10/1000*'Biela-manivela'!$B$12^2*(COS(RADIANS(A19))+'Biela-manivela'!$B$11*COS(RADIANS(2*A19))) -> -487.27064 | E19: ='Biela-manivela'!$B$13 -> 9.3333333
A20: 85 | B20: ='Biela-manivela'!$B$10*(1-COS(RADIANS(A20)))+'Biela-manivela'!$B$6*(1-SQRT(1-'Biela-manivela'!$B$11^2*SIN(RADIANS(A20))^2)) -> 36.712553 | C20: ='Biela-manivela'!$B$10/1000*'Biela-manivela'!$B$12*(SIN(RADIANS(A20))+'Biela-manivela'!$B$11*SIN(RADIANS(2*A20))/(2*SQRT(1-'Biela-manivela'!$B$11^2*SIN(RADIANS(A20))^2))) -> 14.960717 | D20: ='Biela-manivela'!$B$10/1000*'Biela-manivela'!$B$12^2*(COS(RADIANS(A20))+'Biela-manivela'!$B$11*COS(RADIANS(2*A20))) -> -1093.0202 | E20: ='Biela-manivela'!$B$13 -> 9.3333333
A21: 90 | B21: ='Biela-manivela'!$B$10*(1-COS(RADIANS(A21)))+'Biela-manivela'!$B$6*(1-SQRT(1-'Biela-manivela'!$B$11^2*SIN(RADIANS(A21))^2)) -> 39.80016 | C21: ='Biela-manivela'!$B$10/1000*'Biela-manivela'!$B$12*(SIN(RADIANS(A21))+'Biela-manivela'!$B$11*SIN(RADIANS(2*A21))/(2*SQRT(1-'Biela-manivela'!$B$11^2*SIN(RADIANS(A21))^2))) -> 14.660766 | D21: ='Biela-manivela'!$B$10/1000*'Biela-manivela'!$B$12^2*(COS(RADIANS(A21))+'Biela-manivela'!$B$11*COS(RADIANS(2*A21))) -> -1653.3696 | E21: ='Biela-manivela'!$B$13 -> 9.3333333
A22: 95 | B22: ='Biela-manivela'!$B$10*(1-COS(RADIANS(A22)))+'Biela-manivela'!$B$6*(1-SQRT(1-'Biela-manivela'!$B$11^2*SIN(RADIANS(A22))^2)) -> 42.813455 | C22: ='Biela-manivela'!$B$10/1000*'Biela-manivela'!$B$12*(SIN(RADIANS(A22))+'Biela-manivela'!$B$11*SIN(RADIANS(2*A22))/(2*SQRT(1-'Biela-manivela'!$B$11^2*SIN(RADIANS(A22))^2))) -> 14.249237 | D22: ='Biela-manivela'!$B$10/1000*'Biela-manivela'!$B$12^2*(COS(RADIANS(A22))+'Biela-manivela'!$B$11*COS(RADIANS(2*A22))) -> -2163.4822 | E22: ='Biela-manivela'!$B$13 -> 9.3333333
A23: 100 | B23: ='Biela-manivela'!$B$10*(1-COS(RADIANS(A23)))+'Biela-manivela'!$B$6*(1-SQRT(1-'Biela-manivela'!$B$11^2*SIN(RADIANS(A23))^2)) -> 45.730416 | C23: ='Biela-manivela'!$B$10/1000*'Biela-manivela'!$B$12*(SIN(RADIANS(A23))+'Biela-manivela'!$B$11*SIN(RADIANS(2*A23))/(2*SQRT(1-'Biela-manivela'!$B$11^2*SIN(RADIANS(A23))^2))) -> 13.737982 | D23: ='Biela-manivela'!$B$10/1000*'Biela-manivela'!$B$12^2*(COS(RADIANS(A23))+'Biela-manivela'!$B$11*COS(RADIANS(2*A23))) -> -2620.0478 | E23: ='Biela-manivela'!$B$13 -> 9.3333333
A24: 105 | B24: ='Biela-manivela'!$B$10*(1-COS(RADIANS(A24)))+'Biela-manivela'!$B$6*(1-SQRT(1-'Biela-manivela'!$B$11^2*SIN(RADIANS(A24))^2)) -> 48.53154 | C24: ='Biela-manivela'!$B$10/1000*'Biela-manivela'!$B$12*(SIN(RADIANS(A24))+'Biela-manivela'!$B$11*SIN(RADIANS(2*A24))/(2*SQRT(1-'Biela-manivela'!$B$11^2*SIN(RADIANS(A24))^2))) -> 13.139268 | D24: ='Biela-manivela'!$B$10/1000*'Biela-manivela'!$B$12^2*(COS(RADIANS(A24))+'Biela-manivela'!$B$11*COS(RADIANS(2*A24))) -> -3021.2904 | E24: ='Biela-manivela'!$B$13 -> 9.3333333
A25: 110 | B25: ='Biela-manivela'!$B$10*(1-COS(RADIANS(A25)))+'Biela-manivela'!$B$6*(1-SQRT(1-'Biela-manivela'!$B$11^2*SIN(RADIANS(A25))^2)) -> 51.199891 | C25: ='Biela-manivela'!$B$10/1000*'Biela-manivela'!$B$12*(SIN(RADIANS(A25))+'Biela-manivela'!$B$11*SIN(RADIANS(2*A25))/(2*SQRT(1-'Biela-manivela'!$B$11^2*SIN(RADIANS(A25))^2))) -> 12.465373 | D25: ='Biela-manivela'!$B$10/1000*'Biela-manivela'!$B$12^2*(COS(RADIANS(A25))+'Biela-manivela'!$B$11*COS(RADIANS(2*A25))) -> -3366.9301 | E25: ='Biela-manivela'!$B$13 -> 9.3333333
... A75: 360 | B75: ='Biela-manivela'!$B$10*(1-COS(RADIANS(A75)))+'Biela-manivela'!$B$6*(1-SQRT(1-'Biela-manivela'!$B$11^2*SIN(RADIANS(A75))^2)) -> 0 | C75: ='Biela-manivela'!$B$10/1000*'Biela-manivela'!$B$12*(SIN(RADIANS(A75))+'Biela-manivela'!$B$11*SIN(RADIANS(2*A75))/(2*SQRT(1-'Biela-manivela'!$B$11^2*SIN(RADIANS(A75))^2))) -> -4.5594867e-15 | D75: ='Biela-manivela'!$B$10/1000*'Biela-manivela'!$B$12^2*(COS(RADIANS(A75))+'Biela-manivela'!$B$11*COS(RADIANS(2*A75))) -> 7794.4568 | E75: ='Biela-manivela'!$B$13 -> 9.3333333

Sheet Datos metrología
A1: Tablas de dibujo de los instrumentos (no editar)
A3: Regla x | B3: Regla y | C3: Nonio x | D3: Nonio y | F3: Rót x | G3: Rót y | H3: Texto | J3: Nonio rót x | K3: y | L3: Texto | N3: Unidad | P3: Vaina x | Q3: Vaina y | S3: Tambor x | T3: Tambor y | V3: Rót tambor x | W3: y | X3: Texto | Z3: Rót vaina x | AA3: y | AB3: Texto | AD3: Nonio x | AE3: Nonio y | AG3: Rót nonio x | AH3: y | AI3: Texto | AK3: Contorno x | AL3: Contorno y | AN3: Esfera x | AO3: Esfera y | AQ3: Bisel x | AR3: Bisel y | AT3: Rót x | AU3: Rót y | AV3: Texto | AX3: Aguja x | AY3: Aguja y | BA3: Cuentavueltas x | BB3: y | BH3: Esfera x | BI3: Esfera y | BK3: Bisel x | BL3: Bisel y | BN3: Rót x | BO3: Rót y | BP3: Texto | BR3: Aguja x | BS3: Aguja y | CB3: Signo x | CC3: y | CD3: Texto
A4: 0 | B4: 0 | C4: =('Pie de rey'!$B$49/'Pie de rey'!$B$42-'Pie de rey'!$B$63)+MIN(0,'Pie de rey'!$B$43)*'Pie de rey'!$B$50 -> 11.75 | D4: 0 | F4: =IF((0*'Pie de rey'!$B$55)<=100,(0*'Pie de rey'!$B$55),-50) -> 0 | G4: 2.7 | H4: =IF((0*'Pie de rey'!$B$55)>100,"",CHOOSE('Pie de rey'!$B$57,(0*'Pie de rey'!$B$55+'Pie de rey'!$B$63)/10,IF(MOD((0*'Pie de rey'!$B$55+'Pie de rey'!$B$63),40)=0,(0*'Pie de rey'!$B$55+'Pie de rey'!$B$63)/40,MOD((0*'Pie de rey'!$B$55+'Pie de rey'!$B$63)/4,10)),IF(MOD((0*'Pie de rey'!$B$55+'Pie de rey'!$B$63),20)=0,(0*'Pie de rey'!$B$55+'Pie de rey'!$B$63)/20,MOD((0*'Pie de rey'!$B$55+'Pie de rey'!$B$63)/2,10)),(0*'Pie de rey'!$B$55+'Pie de rey'!$B$63)/16)&"") -> 0 | J4: =IF((0*'Pie de rey'!$B$56)<='Pie de rey'!$B$43,('Pie de rey'!$B$49/'Pie de rey'!$B$42-'Pie de rey'!$B$63)+(0*'Pie de rey'!$B$56)*'Pie de rey'!$B$50,-50) -> 11.75 | K4: -2.6 | L4: =IF((0*'Pie de rey'!$B$56)>'Pie de rey'!$B$43,"",IF('Pie de rey'!$B$41=0,FIXED((0*'Pie de rey'!$B$56)*'Pie de rey'!$B$45,1,TRUE),(0*'Pie de rey'!$B$56)&"")) -> 0 | N4: =IF('Pie de rey'!$B$41=1,"pulgadas","mm") -> pulgadas | P4: =IF(AND(0<=Micrómetro!$B$52,0<=Micrómetro!$B$43),0,-50) -> 0 | Q4: 0 | S4: =IF(ABS((((INT(Micrómetro!$B$54)-11+0))-Micrómetro!$B$54)*0.6)<=7.2,Micrómetro!$B$52,-50) -> 48.4 | T4: =IF(ABS((((INT(Micrómetro!$B$54)-11+0))-Micrómetro!$B$54)*0.6)<=7.2,(((INT(Micrómetro!$B$54)-11+0))-Micrómetro!$B$54)*0.6,0) -> -6.6 | V4: =IF(AND(ABS((((INT(Micrómetro!$B$54)-11+0))-Micrómetro!$B$54)*0.6)<=7,MOD((INT(Micrómetro!$B$54)-11+0),5)=0),Micrómetro!$B$52+3.3,-50) -> -50 | W4: =IF(AND(ABS((((INT(Micrómetro!$B$54)-11+0))-Micrómetro!$B$54)*0.6)<=7,MOD((INT(Micrómetro!$B$54)-11+0),5)=0),(((INT(Micrómetro!$B$54)-11+0))-Micrómetro!$B$54)*0.6,0) -> 0 | X4: =IF(AND(ABS((((INT(Micrómetro!$B$54)-11+0))-Micrómetro!$B$54)*0.6)<=7,MOD((INT(Micrómetro!$B$54)-11+0),5)=0),MOD((INT(Micrómetro!$B$54)-11+0),Micrómetro!$B$44)&"","") | Z4: =IF(AND((0*IF(Micrómetro!$B$41=1,4,10))<=Micrómetro!$B$52,(0*IF(Micrómetro!$B$41=1,4,10))<=Micrómetro!$B$43),(0*IF(Micrómetro!$B$41=1,4,10)),-50) -> 0 | AA4: 2.4 | AB4: =IF(AND((0*IF(Micrómetro!$B$41=1,4,10))<=Micrómetro!$B$52,(0*IF(Micrómetro!$B$41=1,4,10))<=Micrómetro!$B$43),IF(Micrómetro!$B$41=1,IF(MOD((0*IF(Micrómetro!$B$41=1,4,10))/4,10)=0,IF((0*IF(Micrómetro!$B$41=1,4,10))=0,Micrómetro!$B$58&"",Micrómetro!$B$58+(0*IF(Micrómetro!$B$41=1,4,10))/40&""),MOD((0*IF(Micrómetro!$B$41=1,4,10))/4,10)&""),Micrómetro!$B$58+(0*IF(Micrómetro!$B$41=1,4,10))*Micrómetro!$B$42&""),"") -> 0 | AD4: =IF(Micrómetro!$B$46=1,Micrómetro!$B$52-2.4,-50) -> -50 | AE4: =IF(Micrómetro!$B$46=1,0*0.54,0) -> 0 | AG4: =IF(Micrómetro!$B$46=1,Micrómetro!$B$52-3,-50) -> -50 | AH4: =0*0.54 -> 0 | AI4: =IF(Micrómetro!$B$46=1,MOD(0,10)&"","") | AK4: =-1 -> -1 | AL4: =-2.4 -> -2.4 | AN4: =IF(MOD(0,10)=0,7.9,IF(MOD(0,5)=0,8.5,8.9))*SIN(RADIANS(0*3.6)) -> 0 | AO4: =IF(MOD(0,10)=0,7.9,IF(MOD(0,5)=0,8.5,8.9))*COS(RADIANS(0*3.6)) -> 7.9 | AQ4: =10.2*SIN(RADIANS(0*3)) -> 0 | AR4: =10.2*COS(RADIANS(0*3)) -> 10.2 | AT4: =6.6*SIN(RADIANS(0*36)) -> 0 | AU4: =6.6*COS(RADIANS(0*36)) -> 6.6 | AV4: 0 | AX4: =-1.6*SIN(RADIANS('Reloj comparador'!$B$45*3.6)) -> -1.2328212 | AY4: =-1.6*COS(RADIANS('Reloj comparador'!$B$45*3.6)) -> 1.0198784 | BA4: =1.55*SIN(RADIANS(0*36)) -> 0 | BB4: =3.6+1.55*COS(RADIANS(0*36)) -> 5.15 | BH4: =IF(MOD(0,10)=0,7.9,IF(MOD(0,5)=0,8.5,8.9))*SIN(RADIANS(0*3.6)) -> 0 | BI4: =IF(MOD(0,10)=0,7.9,IF(MOD(0,5)=0,8.5,8.9))*COS(RADIANS(0*3.6)) -> 7.9 | BK4: =10.2*SIN(RADIANS(0*3)) -> 0 | BL4: =10.2*COS(RADIANS(0*3)) -> 10.2 | BN4: =6.6*SIN(RADIANS(0*36)) -> 0 | BO4: =6.6*COS(RADIANS(0*36)) -> 6.6 | BP4: 0 | BR4: =-1.6*SIN(RADIANS(-Alexómetro!$B$44*3.6)) -> -1.0198784 | BS4: =-1.6*COS(RADIANS(-Alexómetro!$B$44*3.6)) -> -1.2328212 | CB4: -8.6 | CC4: 10.9 | CD4: + mayor ←
A5: 0 | B5: =IF(MOD(0,'Pie de rey'!$B$52)=0,2,IF(MOD(0,'Pie de rey'!$B$53)=0,1.5,IF(MOD(0,'Pie de rey'!$B$54)=0,1.1,0.75))) -> 2 | C5: =C4 -> 11.75 | D5: =IF(MOD(MIN(0,'Pie de rey'!$B$43),'Pie de rey'!$B$56)=0,-1.8,-1.1) -> -1.8 | F5: =IF((1*'Pie de rey'!$B$55)<=100,(1*'Pie de rey'!$B$55),-50) -> 16 | G5: 2.7 | H5: =IF((1*'Pie de rey'!$B$55)>100,"",CHOOSE('Pie de rey'!$B$57,(1*'Pie de rey'!$B$55+'Pie de rey'!$B$63)/10,IF(MOD((1*'Pie de rey'!$B$55+'Pie de rey'!$B$63),40)=0,(1*'Pie de rey'!$B$55+'Pie de rey'!$B$63)/40,MOD((1*'Pie de rey'!$B$55+'Pie de rey'!$B$63)/4,10)),IF(MOD((1*'Pie de rey'!$B$55+'Pie de rey'!$B$63),20)=0,(1*'Pie de rey'!$B$55+'Pie de rey'!$B$63)/20,MOD((1*'Pie de rey'!$B$55+'Pie de rey'!$B$63)/2,10)),(1*'Pie de rey'!$B$55+'Pie de rey'!$B$63)/16)&"") -> 1 | J5: =IF((1*'Pie de rey'!$B$56)<='Pie de rey'!$B$43,('Pie de rey'!$B$49/'Pie de rey'!$B$42-'Pie de rey'!$B$63)+(1*'Pie de rey'!$B$56)*'Pie de rey'!$B$50,-50) -> 15.25 | K5: -2.6 | L5: =IF((1*'Pie de rey'!$B$56)>'Pie de rey'!$B$43,"",IF('Pie de rey'!$B$41=0,FIXED((1*'Pie de rey'!$B$56)*'Pie de rey'!$B$45,1,TRUE),(1*'Pie de rey'!$B$56)&"")) -> 4 | P5: =IF(AND(0<=Micrómetro!$B$52,0<=Micrómetro!$B$43),0,-50) -> 0 | Q5: =IF(OR(Micrómetro!$B$41=1,MOD(0,2)=0),IF(Micrómetro!$B$41=1,IF(MOD(0,4)=0,1.6,1),IF(MOD(0,10)=0,1.6,1)),-1.1) -> 1.6 | S5: =IF(ABS((((INT(Micrómetro!$B$54)-11+0))-Micrómetro!$B$54)*0.6)<=7.2,Micrómetro!$B$52+IF(MOD((INT(Micrómetro!$B$54)-11+0),5)=0,2,1.2),-50) -> 49.6 | T5: =IF(ABS((((INT(Micrómetro!$B$54)-11+0))-Micrómetro!$B$54)*0.6)<=7.2,(((INT(Micrómetro!$B$54)-11+0))-Micrómetro!$B$54)*0.6,0) -> -6.6 | V5: =IF(AND(ABS((((INT(Micrómetro!$B$54)-11+1))-Micrómetro!$B$54)*0.6)<=7,MOD((INT(Micrómetro!$B$54)-11+1),5)=0),Micrómetro!$B$52+3.3,-50) -> 51.7 | W5: =IF(AND(ABS((((INT(Micrómetro!$B$54)-11+1))-Micrómetro!$B$54)*0.6)<=7,MOD((INT(Micrómetro!$B$54)-11+1),5)=0),(((INT(Micrómetro!$B$54)-11+1))-Micrómetro!$B$54)*0.6,0) -> -6 | X5: =IF(AND(ABS((((INT(Micrómetro!$B$54)-11+1))-Micrómetro!$B$54)*0.6)<=7,MOD((INT(Micrómetro!$B$54)-11+1),5)=0),MOD((INT(Micrómetro!$B$54)-11+1),Micrómetro!$B$44)&"","") -> 10 | Z5: =IF(AND((1*IF(Micrómetro!$B$41=1,4,10))<=Micrómetro!$B$52,(1*IF(Micrómetro!$B$41=1,4,10))<=Micrómetro!$B$43),(1*IF(Micrómetro!$B$41=1,4,10)),-50) -> 10 | AA5: 2.4 | AB5: =IF(AND((1*IF(Micrómetro!$B$41=1,4,10))<=Micrómetro!$B$52,(1*IF(Micrómetro!$B$41=1,4,10))<=Micrómetro!$B$43),IF(Micrómetro!$B$41=1,IF(MOD((1*IF(Micrómetro!$B$41=1,4,10))/4,10)=0,IF((1*IF(Micrómetro!$B$41=1,4,10))=0,Micrómetro!$B$58&"",Micrómetro!$B$58+(1*IF(Micrómetro!$B$41=1,4,10))/40&""),MOD((1*IF(Micrómetro!$B$41=1,4,10))/4,10)&""),Micrómetro!$B$58+(1*IF(Micrómetro!$B$41=1,4,10))*Micrómetro!$B$42&""),"") -> 5 | AD5: =IF(Micrómetro!$B$46=1,Micrómetro!$B$52-0.15,-50) -> -50 | AE5: =IF(Micrómetro!$B$46=1,0*0.54,0) -> 0 | AG5: =IF(Micrómetro!$B$46=1,Micrómetro!$B$52-3,-50) -> -50 | AH5: =2*0.54 -> 1.08 | AI5: =IF(Micrómetro!$B$46=1,MOD(2,10)&"","") | AK5: =Micrómetro!$B$52 -> 48.4 | AL5: =-2.4 -> -2.4 | AN5: =9.6*SIN(RADIANS(0*3.6)) -> 0 | AO5: =9.6*COS(RADIANS(0*3.6)) -> 9.6 | AQ5: =10.2*SIN(RADIANS(1*3)) -> 0.53382675 | AR5: =10.2*COS(RADIANS(1*3)) -> 10.186021 | AT5: =6.6*SIN(RADIANS(1*36)) -> 3.8793827 | AU5: =6.6*COS(RADIANS(1*36)) -> 5.3395122 | AV5: 10 | AX5: =9.2*SIN(RADIANS('Reloj comparador'!$B$45*3.6)) -> 7.0887218 | AY5: =9.2*COS(RADIANS('Reloj comparador'!$B$45*3.6)) -> -5.8643007 | BA5: =2.05*SIN(RADIANS(0*36)) -> 0 | BB5: =3.6+2.05*COS(RADIANS(0*36)) -> 5.65 | BH5: =9.6*SIN(RADIANS(0*3.6)) -> 0 | BI5: =9.6*COS(RADIANS(0*3.6)) -> 9.6 | BK5: =10.2*SIN(RADIANS(1*3)) -> 0.53382675 | BL5: =10.2*COS(RADIANS(1*3)) -> 10.186021 | BN5: =6.6*SIN(RADIANS(1*36)) -> 3.8793827 | BO5: =6.6*COS(RADIANS(1*36)) -> 5.3395122 | BP5: 10 | BR5: =9.2*SIN(RADIANS(-Alexómetro!$B$44*3.6)) -> 5.8643007 | BS5: =9.2*COS(RADIANS(-Alexómetro!$B$44*3.6)) -> 7.0887218 | CB5: 8.6 | CC5: 10.9 | CD5: → − menor
F6: =IF((2*'Pie de rey'!$B$55)<=100,(2*'Pie de rey'!$B$55),-50) -> 32 | G6: 2.7 | H6: =IF((2*'Pie de rey'!$B$55)>100,"",CHOOSE('Pie de rey'!$B$57,(2*'Pie de rey'!$B$55+'Pie de rey'!$B$63)/10,IF(MOD((2*'Pie de rey'!$B$55+'Pie de rey'!$B$63),40)=0,(2*'Pie de rey'!$B$55+'Pie de rey'!$B$63)/40,MOD((2*'Pie de rey'!$B$55+'Pie de rey'!$B$63)/4,10)),IF(MOD((2*'Pie de rey'!$B$55+'Pie de rey'!$B$63),20)=0,(2*'Pie de rey'!$B$55+'Pie de rey'!$B$63)/20,MOD((2*'Pie de rey'!$B$55+'Pie de rey'!$B$63)/2,10)),(2*'Pie de rey'!$B$55+'Pie de rey'!$B$63)/16)&"") -> 2 | J6: =IF((2*'Pie de rey'!$B$56)<='Pie de rey'!$B$43,('Pie de rey'!$B$49/'Pie de rey'!$B$42-'Pie de rey'!$B$63)+(2*'Pie de rey'!$B$56)*'Pie de rey'!$B$50,-50) -> 18.75 | K6: -2.6 | L6: =IF((2*'Pie de rey'!$B$56)>'Pie de rey'!$B$43,"",IF('Pie de rey'!$B$41=0,FIXED((2*'Pie de rey'!$B$56)*'Pie de rey'!$B$45,1,TRUE),(2*'Pie de rey'!$B$56)&"")) -> 8 | V6: =IF(AND(ABS((((INT(Micrómetro!$B$54)-11+2))-Micrómetro!$B$54)*0.6)<=7,MOD((INT(Micrómetro!$B$54)-11+2),5)=0),Micrómetro!$B$52+3.3,-50) -> -50 | W6: =IF(AND(ABS((((INT(Micrómetro!$B$54)-11+2))-Micrómetro!$B$54)*0.6)<=7,MOD((INT(Micrómetro!$B$54)-11+2),5)=0),(((INT(Micrómetro!$B$54)-11+2))-Micrómetro!$B$54)*0.6,0) -> 0 | X6: =IF(AND(ABS((((INT(Micrómetro!$B$54)-11+2))-Micrómetro!$B$54)*0.6)<=7,MOD((INT(Micrómetro!$B$54)-11+2),5)=0),MOD((INT(Micrómetro!$B$54)-11+2),Micrómetro!$B$44)&"","") | Z6: =IF(AND((2*IF(Micrómetro!$B$41=1,4,10))<=Micrómetro!$B$52,(2*IF(Micrómetro!$B$41=1,4,10))<=Micrómetro!$B$43),(2*IF(Micrómetro!$B$41=1,4,10)),-50) -> 20 | AA6: 2.4 | AB6: =IF(AND((2*IF(Micrómetro!$B$41=1,4,10))<=Micrómetro!$B$52,(2*IF(Micrómetro!$B$41=1,4,10))<=Micrómetro!$B$43),IF(Micrómetro!$B$41=1,IF(MOD((2*IF(Micrómetro!$B$41=1,4,10))/4,10)=0,IF((2*IF(Micrómetro!$B$41=1,4,10))=0,Micrómetro!$B$58&"",Micrómetro!$B$58+(2*IF(Micrómetro!$B$41=1,4,10))/40&""),MOD((2*IF(Micrómetro!$B$41=1,4,10))/4,10)&""),Micrómetro!$B$58+(2*IF(Micrómetro!$B$41=1,4,10))*Micrómetro!$B$42&""),"") -> 10 | AG6: =IF(Micrómetro!$B$46=1,Micrómetro!$B$52-3,-50) -> -50 | AH6: =4*0.54 -> 2.16 | AI6: =IF(Micrómetro!$B$46=1,MOD(4,10)&"","") | AQ6: =10.2*SIN(RADIANS(2*3)) -> 1.0661903 | AR6: =10.2*COS(RADIANS(2*3)) -> 10.144123 | AT6: =6.6*SIN(RADIANS(2*36)) -> 6.276973 | AU6: =6.6*COS(RADIANS(2*36)) -> 2.0395122 | AV6: 20 | BK6: =10.2*SIN(RADIANS(2*3)) -> 1.0661903 | BL6: =10.2*COS(RADIANS(2*3)) -> 10.144123 | BN6: =6.6*SIN(RADIANS(2*36)) -> 6.276973 | BO6: =6.6*COS(RADIANS(2*36)) -> 2.0395122 | BP6: 20
A7: 1 | B7: 0 | C7: =('Pie de rey'!$B$49/'Pie de rey'!$B$42-'Pie de rey'!$B$63)+MIN(1,'Pie de rey'!$B$43)*'Pie de rey'!$B$50 -> 12.625 | D7: 0 | F7: =IF((3*'Pie de rey'!$B$55)<=100,(3*'Pie de rey'!$B$55),-50) -> 48 | G7: 2.7 | H7: =IF((3*'Pie de rey'!$B$55)>100,"",CHOOSE('Pie de rey'!$B$57,(3*'Pie de rey'!$B$55+'Pie de rey'!$B$63)/10,IF(MOD((3*'Pie de rey'!$B$55+'Pie de rey'!$B$63),40)=0,(3*'Pie de rey'!$B$55+'Pie de rey'!$B$63)/40,MOD((3*'Pie de rey'!$B$55+'Pie de rey'!$B$63)/4,10)),IF(MOD((3*'Pie de rey'!$B$55+'Pie de rey'!$B$63),20)=0,(3*'Pie de rey'!$B$55+'Pie de rey'!$B$63)/20,MOD((3*'Pie de rey'!$B$55+'Pie de rey'!$B$63)/2,10)),(3*'Pie de rey'!$B$55+'Pie de rey'!$B$63)/16)&"") -> 3 | J7: =IF((3*'Pie de rey'!$B$56)<='Pie de rey'!$B$43,('Pie de rey'!$B$49/'Pie de rey'!$B$42-'Pie de rey'!$B$63)+(3*'Pie de rey'!$B$56)*'Pie de rey'!$B$50,-50) -> -50 | K7: -2.6 | L7: =IF((3*'Pie de rey'!$B$56)>'Pie de rey'!$B$43,"",IF('Pie de rey'!$B$41=0,FIXED((3*'Pie de rey'!$B$56)*'Pie de rey'!$B$45,1,TRUE),(3*'Pie de rey'!$B$56)&"")) | P7: =IF(AND(1<=Micrómetro!$B$52,1<=Micrómetro!$B$43),1,-50) -> 1 | Q7: 0 | S7: =IF(ABS((((INT(Micrómetro!$B$54)-11+1))-Micrómetro!$B$54)*0.6)<=7.2,Micrómetro!$B$52,-50) -> 48.4 | T7: =IF(ABS((((INT(Micrómetro!$B$54)-11+1))-Micrómetro!$B$54)*0.6)<=7.2,(((INT(Micrómetro!$B$54)-11+1))-Micrómetro!$B$54)*0.6,0) -> -6 | V7: =IF(AND(ABS((((INT(Micrómetro!$B$54)-11+3))-Micrómetro!$B$54)*0.6)<=7,MOD((INT(Micrómetro!$B$54)-11+3),5)=0),Micrómetro!$B$52+3.3,-50) -> -50 | W7: =IF(AND(ABS((((INT(Micrómetro!$B$54)-11+3))-Micrómetro!$B$54)*0.6)<=7,MOD((INT(Micrómetro!$B$54)-11+3),5)=0),(((INT(Micrómetro!$B$54)-11+3))-Micrómetro!$B$54)*0.6,0) -> 0 | X7: =IF(AND(ABS((((INT(Micrómetro!$B$54)-11+3))-Micrómetro!$B$54)*0.6)<=7,MOD((INT(Micrómetro!$B$54)-11+3),5)=0),MOD((INT(Micrómetro!$B$54)-11+3),Micrómetro!$B$44)&"","") | Z7: =IF(AND((3*IF(Micrómetro!$B$41=1,4,10))<=Micrómetro!$B$52,(3*IF(Micrómetro!$B$41=1,4,10))<=Micrómetro!$B$43),(3*IF(Micrómetro!$B$41=1,4,10)),-50) -> 30 | AA7: 2.4 | AB7: =IF(AND((3*IF(Micrómetro!$B$41=1,4,10))<=Micrómetro!$B$52,(3*IF(Micrómetro!$B$41=1,4,10))<=Micrómetro!$B$43),IF(Micrómetro!$B$41=1,IF(MOD((3*IF(Micrómetro!$B$41=1,4,10))/4,10)=0,IF((3*IF(Micrómetro!$B$41=1,4,10))=0,Micrómetro!$B$58&"",Micrómetro!$B$58+(3*IF(Micrómetro!$B$41=1,4,10))/40&""),MOD((3*IF(Micrómetro!$B$41=1,4,10))/4,10)&""),Micrómetro!$B$58+(3*IF(Micrómetro!$B$41=1,4,10))*Micrómetro!$B$42&""),"") -> 15 | AD7: =IF(Micrómetro!$B$46=1,Micrómetro!$B$52-2.4,-50) -> -50 | AE7: =IF(Micrómetro!$B$46=1,1*0.54,0) -> 0 | AG7: =IF(Micrómetro!$B$46=1,Micrómetro!$B$52-3,-50) -> -50 | AH7: =6*0.54 -> 3.24 | AI7: =IF(Micrómetro!$B$46=1,MOD(6,10)&"","") | AK7: =-1 -> -1 | AL7: =6.3 -> 6.3 | AN7: =IF(MOD(1,10)=0,7.9,IF(MOD(1,5)=0,8.5,8.9))*SIN(RADIANS(1*3.6)) -> 0.55883562 | AO7: =IF(MOD(1,10)=0,7.9,IF(MOD(1,5)=0,8.5,8.9))*COS(RADIANS(1*3.6)) -> 8.8824379 | AQ7: =10.2*SIN(RADIANS(3*3)) -> 1.5956315 | AR7: =10.2*COS(RADIANS(3*3)) -> 10.074421 | AT7: =6.6*SIN(RADIANS(3*36)) -> 6.276973 | AU7: =6.6*COS(RADIANS(3*36)) -> -2.0395122 | AV7: 30 | AX7: 0 | AY7: 0 | BA7: =1.55*SIN(RADIANS(1*36)) -> 0.91106714 | BB7: =3.6+1.55*COS(RADIANS(1*36)) -> 4.8539763 | BH7: =IF(MOD(1,10)=0,7.9,IF(MOD(1,5)=0,8.5,8.9))*SIN(RADIANS(1*3.6)) -> 0.55883562 | BI7: =IF(MOD(1,10)=0,7.9,IF(MOD(1,5)=0,8.5,8.9))*COS(RADIANS(1*3.6)) -> 8.8824379 | BK7: =10.2*SIN(RADIANS(3*3)) -> 1.5956315 | BL7: =10.2*COS(RADIANS(3*3)) -> 10.074421 | BN7: =6.6*SIN(RADIANS(3*36)) -> 6.276973 | BO7: =6.6*COS(RADIANS(3*36)) -> -2.0395122 | BP7: 30 | BR7: 0 | BS7: 0
A8: 1 | B8: =IF(MOD(1,'Pie de rey'!$B$52)=0,2,IF(MOD(1,'Pie de rey'!$B$53)=0,1.5,IF(MOD(1,'Pie de rey'!$B$54)=0,1.1,0.75))) -> 0.75 | C8: =C7 -> 12.625 | D8: =IF(MOD(MIN(1,'Pie de rey'!$B$43),'Pie de rey'!$B$56)=0,-1.8,-1.1) -> -1.1 | F8: =IF((4*'Pie de rey'!$B$55)<=100,(4*'Pie de rey'!$B$55),-50) -> 64 | G8: 2.7 | H8: =IF((4*'Pie de rey'!$B$55)>100,"",CHOOSE('Pie de rey'!$B$57,(4*'Pie de rey'!$B$55+'Pie de rey'!$B$63)/10,IF(MOD((4*'Pie de rey'!$B$55+'Pie de rey'!$B$63),40)=0,(4*'Pie de rey'!$B$55+'Pie de rey'!$B$63)/40,MOD((4*'Pie de rey'!$B$55+'Pie de rey'!$B$63)/4,10)),IF(MOD((4*'Pie de rey'!$B$55+'Pie de rey'!$B$63),20)=0,(4*'Pie de rey'!$B$55+'Pie de rey'!$B$63)/20,MOD((4*'Pie de rey'!$B$55+'Pie de rey'!$B$63)/2,10)),(4*'Pie de rey'!$B$55+'Pie de rey'!$B$63)/16)&"") -> 4 | J8: =IF((4*'Pie de rey'!$B$56)<='Pie de rey'!$B$43,('Pie de rey'!$B$49/'Pie de rey'!$B$42-'Pie de rey'!$B$63)+(4*'Pie de rey'!$B$56)*'Pie de rey'!$B$50,-50) -> -50 | K8: -2.6 | L8: =IF((4*'Pie de rey'!$B$56)>'Pie de rey'!$B$43,"",IF('Pie de rey'!$B$41=0,FIXED((4*'Pie de rey'!$B$56)*'Pie de rey'!$B$45,1,TRUE),(4*'Pie de rey'!$B$56)&"")) | P8: =IF(AND(1<=Micrómetro!$B$52,1<=Micrómetro!$B$43),1,-50) -> 1 | Q8: =IF(OR(Micrómetro!$B$41=1,MOD(1,2)=0),IF(Micrómetro!$B$41=1,IF(MOD(1,4)=0,1.6,1),IF(MOD(1,10)=0,1.6,1)),-1.1) -> -1.1 | S8: =IF(ABS((((INT(Micrómetro!$B$54)-11+1))-Micrómetro!$B$54)*0.6)<=7.2,Micrómetro!$B$52+IF(MOD((INT(Micrómetro!$B$54)-11+1),5)=0,2,1.2),-50) -> 50.4 | T8: =IF(ABS((((INT(Micrómetro!$B$54)-11+1))-Micrómetro!$B$54)*0.6)<=7.2,(((INT(Micrómetro!$B$54)-11+1))-Micrómetro!$B$54)*0.6,0) -> -6 | V8: =IF(AND(ABS((((INT(Micrómetro!$B$54)-11+4))-Micrómetro!$B$54)*0.6)<=7,MOD((INT(Micrómetro!$B$54)-11+4),5)=0),Micrómetro!$B$52+3.3,-50) -> -50 | W8: =IF(AND(ABS((((INT(Micrómetro!$B$54)-11+4))-Micrómetro!$B$54)*0.6)<=7,MOD((INT(Micrómetro!$B$54)-11+4),5)=0),(((INT(Micrómetro!$B$54)-11+4))-Micrómetro!$B$54)*0.6,0) -> 0 | X8: =IF(AND(ABS((((INT(Micrómetro!$B$54)-11+4))-Micrómetro!$B$54)*0.6)<=7,MOD((INT(Micrómetro!$B$54)-11+4),5)=0),MOD((INT(Micrómetro!$B$54)-11+4),Micrómetro!$B$44)&"","") | Z8: =IF(AND((4*IF(Micrómetro!$B$41=1,4,10))<=Micrómetro!$B$52,(4*IF(Micrómetro!$B$41=1,4,10))<=Micrómetro!$B$43),(4*IF(Micrómetro!$B$41=1,4,10)),-50) -> 40 | AA8: 2.4 | AB8: =IF(AND((4*IF(Micrómetro!$B$41=1,4,10))<=Micrómetro!$B$52,(4*IF(Micrómetro!$B$41=1,4,10))<=Micrómetro!$B$43),IF(Micrómetro!$B$41=1,IF(MOD((4*IF(Micrómetro!$B$41=1,4,10))/4,10)=0,IF((4*IF(Micrómetro!$B$41=1,4,10))=0,Micrómetro!$B$58&"",Micrómetro!$B$58+(4*IF(Micrómetro!$B$41=1,4,10))/40&""),MOD((4*IF(Micrómetro!$B$41=1,4,10))/4,10)&""),Micrómetro!$B$58+(4*IF(Micrómetro!$B$41=1,4,10))*Micrómetro!$B$42&""),"") -> 20 | AD8: =IF(Micrómetro!$B$46=1,Micrómetro!$B$52-0.15,-50) -> -50 | AE8: =IF(Micrómetro!$B$46=1,1*0.54,0) -> 0 | AG8: =IF(Micrómetro!$B$46=1,Micrómetro!$B$52-3,-50) -> -50 | AH8: =8*0.54 -> 4.32 | AI8: =IF(Micrómetro!$B$46=1,MOD(8,10)&"","") | AK8: =Micrómetro!$B$52 -> 48.4 | AL8: =6.3 -> 6.3 | AN8: =9.6*SIN(RADIANS(1*3.6)) -> 0.60278899 | AO8: =9.6*COS(RADIANS(1*3.6)) -> 9.5810566 | AQ8: =10.2*SIN(RADIANS(4*3)) -> 2.1206992 | AR8: =10.2*COS(RADIANS(4*3)) -> 9.9771055 | AT8: =6.6*SIN(RADIANS(4*36)) -> 3.8793827 | AU8: =6.6*COS(RADIANS(4*36)) -> -5.3395122 | AV8: 40 | BA8: =2.05*SIN(RADIANS(1*36)) -> 1.2049598 | BB8: =3.6+2.05*COS(RADIANS(1*36)) -> 5.2584848 | BH8: =9.6*SIN(RADIANS(1*3.6)) -> 0.60278899 | BI8: =9.6*COS(RADIANS(1*3.6)) -> 9.5810566 | BK8: =10.2*SIN(RADIANS(4*3)) -> 2.1206992 | BL8: =10.2*COS(RADIANS(4*3)) -> 9.9771055 | BN8: =6.6*SIN(RADIANS(4*36)) -> 3.8793827 | BO8: =6.6*COS(RADIANS(4*36)) -> -5.3395122 | BP8: 40
F9: =IF((5*'Pie de rey'!$B$55)<=100,(5*'Pie de rey'!$B$55),-50) -> 80 | G9: 2.7 | H9: =IF((5*'Pie de rey'!$B$55)>100,"",CHOOSE('Pie de rey'!$B$57,(5*'Pie de rey'!$B$55+'Pie de rey'!$B$63)/10,IF(MOD((5*'Pie de rey'!$B$55+'Pie de rey'!$B$63),40)=0,(5*'Pie de rey'!$B$55+'Pie de rey'!$B$63)/40,MOD((5*'Pie de rey'!$B$55+'Pie de rey'!$B$63)/4,10)),IF(MOD((5*'Pie de rey'!$B$55+'Pie de rey'!$B$63),20)=0,(5*'Pie de rey'!$B$55+'Pie de rey'!$B$63)/20,MOD((5*'Pie de rey'!$B$55+'Pie de rey'!$B$63)/2,10)),(5*'Pie de rey'!$B$55+'Pie de rey'!$B$63)/16)&"") -> 5 | J9: =IF((5*'Pie de rey'!$B$56)<='Pie de rey'!$B$43,('Pie de rey'!$B$49/'Pie de rey'!$B$42-'Pie de rey'!$B$63)+(5*'Pie de rey'!$B$56)*'Pie de rey'!$B$50,-50) -> -50 | K9: -2.6 | L9: =IF((5*'Pie de rey'!$B$56)>'Pie de rey'!$B$43,"",IF('Pie de rey'!$B$41=0,FIXED((5*'Pie de rey'!$B$56)*'Pie de rey'!$B$45,1,TRUE),(5*'Pie de rey'!$B$56)&"")) | V9: =IF(AND(ABS((((INT(Micrómetro!$B$54)-11+5))-Micrómetro!$B$54)*0.6)<=7,MOD((INT(Micrómetro!$B$54)-11+5),5)=0),Micrómetro!$B$52+3.3,-50) -> -50 | W9: =IF(AND(ABS((((INT(Micrómetro!$B$54)-11+5))-Micrómetro!$B$54)*0.6)<=7,MOD((INT(Micrómetro!$B$54)-11+5),5)=0),(((INT(Micrómetro!$B$54)-11+5))-Micrómetro!$B$54)*0.6,0) -> 0 | X9: =IF(AND(ABS((((INT(Micrómetro!$B$54)-11+5))-Micrómetro!$B$54)*0.6)<=7,MOD((INT(Micrómetro!$B$54)-11+5),5)=0),MOD((INT(Micrómetro!$B$54)-11+5),Micrómetro!$B$44)&"","") | Z9: =IF(AND((5*IF(Micrómetro!$B$41=1,4,10))<=Micrómetro!$B$52,(5*IF(Micrómetro!$B$41=1,4,10))<=Micrómetro!$B$43),(5*IF(Micrómetro!$B$41=1,4,10)),-50) -> -50 | AA9: 2.4 | AB9: =IF(AND((5*IF(Micrómetro!$B$41=1,4,10))<=Micrómetro!$B$52,(5*IF(Micrómetro!$B$41=1,4,10))<=Micrómetro!$B$43),IF(Micrómetro!$B$41=1,IF(MOD((5*IF(Micrómetro!$B$41=1,4,10))/4,10)=0,IF((5*IF(Micrómetro!$B$41=1,4,10))=0,Micrómetro!$B$58&"",Micrómetro!$B$58+(5*IF(Micrómetro!$B$41=1,4,10))/40&""),MOD((5*IF(Micrómetro!$B$41=1,4,10))/4,10)&""),Micrómetro!$B$58+(5*IF(Micrómetro!$B$41=1,4,10))*Micrómetro!$B$42&""),"") | AG9: =IF(Micrómetro!$B$46=1,Micrómetro!$B$52-3,-50) -> -50 | AH9: =10*0.54 -> 5.4 | AI9: =IF(Micrómetro!$B$46=1,MOD(10,10)&"","") | AQ9: =10.2*SIN(RADIANS(5*3)) -> 2.6399543 | AR9: =10.2*COS(RADIANS(5*3)) -> 9.8524434 | AT9: =6.6*SIN(RADIANS(5*36)) -> 8.0859798e-16 | AU9: =6.6*COS(RADIANS(5*36)) -> -6.6 | AV9: 50 | BK9: =10.2*SIN(RADIANS(5*3)) -> 2.6399543 | BL9: =10.2*COS(RADIANS(5*3)) -> 9.8524434 | BN9: =6.6*SIN(RADIANS(5*36)) -> 8.0859798e-16 | BO9: =6.6*COS(RADIANS(5*36)) -> -6.6 | BP9: 50
A10: 2 | B10: 0 | C10: =('Pie de rey'!$B$49/'Pie de rey'!$B$42-'Pie de rey'!$B$63)+MIN(2,'Pie de rey'!$B$43)*'Pie de rey'!$B$50 -> 13.5 | D10: 0 | F10: =IF((6*'Pie de rey'!$B$55)<=100,(6*'Pie de rey'!$B$55),-50) -> 96 | G10: 2.7 | H10: =IF((6*'Pie de rey'!$B$55)>100,"",CHOOSE('Pie de rey'!$B$57,(6*'Pie de rey'!$B$55+'Pie de rey'!$B$63)/10,IF(MOD((6*'Pie de rey'!$B$55+'Pie de rey'!$B$63),40)=0,(6*'Pie de rey'!$B$55+'Pie de rey'!$B$63)/40,MOD((6*'Pie de rey'!$B$55+'Pie de rey'!$B$63)/4,10)),IF(MOD((6*'Pie de rey'!$B$55+'Pie de rey'!$B$63),20)=0,(6*'Pie de rey'!$B$55+'Pie de rey'!$B$63)/20,MOD((6*'Pie de rey'!$B$55+'Pie de rey'!$B$63)/2,10)),(6*'Pie de rey'!$B$55+'Pie de rey'!$B$63)/16)&"") -> 6 | J10: =IF((6*'Pie de rey'!$B$56)<='Pie de rey'!$B$43,('Pie de rey'!$B$49/'Pie de rey'!$B$42-'Pie de rey'!$B$63)+(6*'Pie de rey'!$B$56)*'Pie de rey'!$B$50,-50) -> -50 | K10: -2.6 | L10: =IF((6*'Pie de rey'!$B$56)>'Pie de rey'!$B$43,"",IF('Pie de rey'!$B$41=0,FIXED((6*'Pie de rey'!$B$56)*'Pie de rey'!$B$45,1,TRUE),(6*'Pie de rey'!$B$56)&"")) | P10: =IF(AND(2<=Micrómetro!$B$52,2<=Micrómetro!$B$43),2,-50) -> 2 | Q10: 0 | S10: =IF(ABS((((INT(Micrómetro!$B$54)-11+2))-Micrómetro!$B$54)*0.6)<=7.2,Micrómetro!$B$52,-50) -> 48.4 | T10: =IF(ABS((((INT(Micrómetro!$B$54)-11+2))-Micrómetro!$B$54)*0.6)<=7.2,(((INT(Micrómetro!$B$54)-11+2))-Micrómetro!$B$54)*0.6,0) -> -5.4 | V10: =IF(AND(ABS((((INT(Micrómetro!$B$54)-11+6))-Micrómetro!$B$54)*0.6)<=7,MOD((INT(Micrómetro!$B$54)-11+6),5)=0),Micrómetro!$B$52+3.3,-50) -> 51.7 | W10: =IF(AND(ABS((((INT(Micrómetro!$B$54)-11+6))-Micrómetro!$B$54)*0.6)<=7,MOD((INT(Micrómetro!$B$54)-11+6),5)=0),(((INT(Micrómetro!$B$54)-11+6))-Micrómetro!$B$54)*0.6,0) -> -3 | X10: =IF(AND(ABS((((INT(Micrómetro!$B$54)-11+6))-Micrómetro!$B$54)*0.6)<=7,MOD((INT(Micrómetro!$B$54)-11+6),5)=0),MOD((INT(Micrómetro!$B$54)-11+6),Micrómetro!$B$44)&"","") -> 15 | Z10: =IF(AND((6*IF(Micrómetro!$B$41=1,4,10))<=Micrómetro!$B$52,(6*IF(Micrómetro!$B$41=1,4,10))<=Micrómetro!$B$43),(6*IF(Micrómetro!$B$41=1,4,10)),-50) -> -50 | AA10: 2.4 | AB10: =IF(AND((6*IF(Micrómetro!$B$41=1,4,10))<=Micrómetro!$B$52,(6*IF(Micrómetro!$B$41=1,4,10))<=Micrómetro!$B$43),IF(Micrómetro!$B$41=1,IF(MOD((6*IF(Micrómetro!$B$41=1,4,10))/4,10)=0,IF((6*IF(Micrómetro!$B$41=1,4,10))=0,Micrómetro!$B$58&"",Micrómetro!$B$58+(6*IF(Micrómetro!$B$41=1,4,10))/40&""),MOD((6*IF(Micrómetro!$B$41=1,4,10))/4,10)&""),Micrómetro!$B$58+(6*IF(Micrómetro!$B$41=1,4,10))*Micrómetro!$B$42&""),"") | AD10: =IF(Micrómetro!$B$46=1,Micrómetro!$B$52-2.4,-50) -> -50 | AE10: =IF(Micrómetro!$B$46=1,2*0.54,0) -> 0 | AK10: =-1 -> -1 | AL10: =0 -> 0 | AN10: =IF(MOD(2,10)=0,7.9,IF(MOD(2,5)=0,8.5,8.9))*SIN(RADIANS(2*3.6)) -> 1.1154658 | AO10: =IF(MOD(2,10)=0,7.9,IF(MOD(2,5)=0,8.5,8.9))*COS(RADIANS(2*3.6)) -> 8.8298208 | AQ10: =10.2*SIN(RADIANS(6*3)) -> 3.1519733 | AR10: =10.2*COS(RADIANS(6*3)) -> 9.7007765 | AT10: =6.6*SIN(RADIANS(6*36)) -> -3.8793827 | AU10: =6.6*COS(RADIANS(6*36)) -> -5.3395122 | AV10: 60 | BA10: =1.55*SIN(RADIANS(2*36)) -> 1.4741376 | BB10: =3.6+1.55*COS(RADIANS(2*36)) -> 4.0789763 | BH10: =IF(MOD(2,10)=0,7.9,IF(MOD(2,5)=0,8.5,8.9))*SIN(RADIANS(2*3.6)) -> 1.1154658 | BI10: =IF(MOD(2,10)=0,7.9,IF(MOD(2,5)=0,8.5,8.9))*COS(RADIANS(2*3.6)) -> 8.8298208 | BK10: =10.2*SIN(RADIANS(6*3)) -> 3.1519733 | BL10: =10.2*COS(RADIANS(6*3)) -> 9.7007765 | BN10: =6.6*SIN(RADIANS(6*36)) -> -3.8793827 | BO10: =6.6*COS(RADIANS(6*36)) -> -5.3395122 | BP10: 40
A11: 2 | B11: =IF(MOD(2,'Pie de rey'!$B$52)=0,2,IF(MOD(2,'Pie de rey'!$B$53)=0,1.5,IF(MOD(2,'Pie de rey'!$B$54)=0,1.1,0.75))) -> 0.75 | C11: =C10 -> 13.5 | D11: =IF(MOD(MIN(2,'Pie de rey'!$B$43),'Pie de rey'!$B$56)=0,-1.8,-1.1) -> -1.1 | F11: =IF((7*'Pie de rey'!$B$55)<=100,(7*'Pie de rey'!$B$55),-50) -> -50 | G11: 2.7 | H11: =IF((7*'Pie de rey'!$B$55)>100,"",CHOOSE('Pie de rey'!$B$57,(7*'Pie de rey'!$B$55+'Pie de rey'!$B$63)/10,IF(MOD((7*'Pie de rey'!$B$55+'Pie de rey'!$B$63),40)=0,(7*'Pie de rey'!$B$55+'Pie de rey'!$B$63)/40,MOD((7*'Pie de rey'!$B$55+'Pie de rey'!$B$63)/4,10)),IF(MOD((7*'Pie de rey'!$B$55+'Pie de rey'!$B$63),20)=0,(7*'Pie de rey'!$B$55+'Pie de rey'!$B$63)/20,MOD((7*'Pie de rey'!$B$55+'Pie de rey'!$B$63)/2,10)),(7*'Pie de rey'!$B$55+'Pie de rey'!$B$63)/16)&"") | J11: =IF((7*'Pie de rey'!$B$56)<='Pie de rey'!$B$43,('Pie de rey'!$B$49/'Pie de rey'!$B$42-'Pie de rey'!$B$63)+(7*'Pie de rey'!$B$56)*'Pie de rey'!$B$50,-50) -> -50 | K11: -2.6 | L11: =IF((7*'Pie de rey'!$B$56)>'Pie de rey'!$B$43,"",IF('Pie de rey'!$B$41=0,FIXED((7*'Pie de rey'!$B$56)*'Pie de rey'!$B$45,1,TRUE),(7*'Pie de rey'!$B$56)&"")) | P11: =IF(AND(2<=Micrómetro!$B$52,2<=Micrómetro!$B$43),2,-50) -> 2 | Q11: =IF(OR(Micrómetro!$B$41=1,MOD(2,2)=0),IF(Micrómetro!$B$41=1,IF(MOD(2,4)=0,1.6,1),IF(MOD(2,10)=0,1.6,1)),-1.1) -> 1 | S11: =IF(ABS((((INT(Micrómetro!$B$54)-11+2))-Micrómetro!$B$54)*0.6)<=7.2,Micrómetro!$B$52+IF(MOD((INT(Micrómetro!$B$54)-11+2),5)=0,2,1.2),-50) -> 49.6 | T11: =IF(ABS((((INT(Micrómetro!$B$54)-11+2))-Micrómetro!$B$54)*0.6)<=7.2,(((INT(Micrómetro!$B$54)-11+2))-Micrómetro!$B$54)*0.6,0) -> -5.4 | V11: =IF(AND(ABS((((INT(Micrómetro!$B$54)-11+7))-Micrómetro!$B$54)*0.6)<=7,MOD((INT(Micrómetro!$B$54)-11+7),5)=0),Micrómetro!$B$52+3.3,-50) -> -50 | W11: =IF(AND(ABS((((INT(Micrómetro!$B$54)-11+7))-Micrómetro!$B$54)*0.6)<=7,MOD((INT(Micrómetro!$B$54)-11+7),5)=0),(((INT(Micrómetro!$B$54)-11+7))-Micrómetro!$B$54)*0.6,0) -> 0 | X11: =IF(AND(ABS((((INT(Micrómetro!$B$54)-11+7))-Micrómetro!$B$54)*0.6)<=7,MOD((INT(Micrómetro!$B$54)-11+7),5)=0),MOD((INT(Micrómetro!$B$54)-11+7),Micrómetro!$B$44)&"","") | Z11: =IF(AND((7*IF(Micrómetro!$B$41=1,4,10))<=Micrómetro!$B$52,(7*IF(Micrómetro!$B$41=1,4,10))<=Micrómetro!$B$43),(7*IF(Micrómetro!$B$41=1,4,10)),-50) -> -50 | AA11: 2.4 | AB11: =IF(AND((7*IF(Micrómetro!$B$41=1,4,10))<=Micrómetro!$B$52,(7*IF(Micrómetro!$B$41=1,4,10))<=Micrómetro!$B$43),IF(Micrómetro!$B$41=1,IF(MOD((7*IF(Micrómetro!$B$41=1,4,10))/4,10)=0,IF((7*IF(Micrómetro!$B$41=1,4,10))=0,Micrómetro!$B$58&"",Micrómetro!$B$58+(7*IF(Micrómetro!$B$41=1,4,10))/40&""),MOD((7*IF(Micrómetro!$B$41=1,4,10))/4,10)&""),Micrómetro!$B$58+(7*IF(Micrómetro!$B$41=1,4,10))*Micrómetro!$B$42&""),"") | AD11: =IF(Micrómetro!$B$46=1,Micrómetro!$B$52-0.15,-50) -> -50 | AE11: =IF(Micrómetro!$B$46=1,2*0.54,0) -> 0 | AK11: =Micrómetro!$B$52 -> 48.4 | AL11: =0 -> 0 | AN11: =9.6*SIN(RADIANS(2*3.6)) -> 1.203199 | AO11: =9.6*COS(RADIANS(2*3.6)) -> 9.5243011 | AQ11: =10.2*SIN(RADIANS(7*3)) -> 3.6553531 | AR11: =10.2*COS(RADIANS(7*3)) -> 9.5225204 | AT11: =6.6*SIN(RADIANS(7*36)) -> -6.276973 | AU11: =6.6*COS(RADIANS(7*36)) -> -2.0395122 | AV11: 70 | BA11: =2.05*SIN(RADIANS(2*36)) -> 1.9496659 | BB11: =3.6+2.05*COS(RADIANS(2*36)) -> 4.2334848 | BH11: =9.6*SIN(RADIANS(2*3.6)) -> 1.203199 | BI11: =9.6*COS(RADIANS(2*3.6)) -> 9.5243011 | BK11: =10.2*SIN(RADIANS(7*3)) -> 3.6553531 | BL11: =10.2*COS(RADIANS(7*3)) -> 9.5225204 | BN11: =6.6*SIN(RADIANS(7*36)) -> -6.276973 | BO11: =6.6*COS(RADIANS(7*36)) -> -2.0395122 | BP11: 30
F12: =IF((8*'Pie de rey'!$B$55)<=100,(8*'Pie de rey'!$B$55),-50) -> -50 | G12: 2.7 | H12: =IF((8*'Pie de rey'!$B$55)>100,"",CHOOSE('Pie de rey'!$B$57,(8*'Pie de rey'!$B$55+'Pie de rey'!$B$63)/10,IF(MOD((8*'Pie de rey'!$B$55+'Pie de rey'!$B$63),40)=0,(8*'Pie de rey'!$B$55+'Pie de rey'!$B$63)/40,MOD((8*'Pie de rey'!$B$55+'Pie de rey'!$B$63)/4,10)),IF(MOD((8*'Pie de rey'!$B$55+'Pie de rey'!$B$63),20)=0,(8*'Pie de rey'!$B$55+'Pie de rey'!$B$63)/20,MOD((8*'Pie de rey'!$B$55+'Pie de rey'!$B$63)/2,10)),(8*'Pie de rey'!$B$55+'Pie de rey'!$B$63)/16)&"") | J12: =IF((8*'Pie de rey'!$B$56)<='Pie de rey'!$B$43,('Pie de rey'!$B$49/'Pie de rey'!$B$42-'Pie de rey'!$B$63)+(8*'Pie de rey'!$B$56)*'Pie de rey'!$B$50,-50) -> -50 | K12: -2.6 | L12: =IF((8*'Pie de rey'!$B$56)>'Pie de rey'!$B$43,"",IF('Pie de rey'!$B$41=0,FIXED((8*'Pie de rey'!$B$56)*'Pie de rey'!$B$45,1,TRUE),(8*'Pie de rey'!$B$56)&"")) | V12: =IF(AND(ABS((((INT(Micrómetro!$B$54)-11+8))-Micrómetro!$B$54)*0.6)<=7,MOD((INT(Micrómetro!$B$54)-11+8),5)=0),Micrómetro!$B$52+3.3,-50) -> -50 | W12: =IF(AND(ABS((((INT(Micrómetro!$B$54)-11+8))-Micrómetro!$B$54)*0.6)<=7,MOD((INT(Micrómetro!$B$54)-11+8),5)=0),(((INT(Micrómetro!$B$54)-11+8))-Micrómetro!$B$54)*0.6,0) -> 0 | X12: =IF(AND(ABS((((INT(Micrómetro!$B$54)-11+8))-Micrómetro!$B$54)*0.6)<=7,MOD((INT(Micrómetro!$B$54)-11+8),5)=0),MOD((INT(Micrómetro!$B$54)-11+8),Micrómetro!$B$44)&"","") | Z12: =IF(AND((8*IF(Micrómetro!$B$41=1,4,10))<=Micrómetro!$B$52,(8*IF(Micrómetro!$B$41=1,4,10))<=Micrómetro!$B$43),(8*IF(Micrómetro!$B$41=1,4,10)),-50) -> -50 | AA12: 2.4 | AB12: =IF(AND((8*IF(Micrómetro!$B$41=1,4,10))<=Micrómetro!$B$52,(8*IF(Micrómetro!$B$41=1,4,10))<=Micrómetro!$B$43),IF(Micrómetro!$B$41=1,IF(MOD((8*IF(Micrómetro!$B$41=1,4,10))/4,10)=0,IF((8*IF(Micrómetro!$B$41=1,4,10))=0,Micrómetro!$B$58&"",Micrómetro!$B$58+(8*IF(Micrómetro!$B$41=1,4,10))/40&""),MOD((8*IF(Micrómetro!$B$41=1,4,10))/4,10)&""),Micrómetro!$B$58+(8*IF(Micrómetro!$B$41=1,4,10))*Micrómetro!$B$42&""),"") | AQ12: =10.2*SIN(RADIANS(8*3)) -> 4.1487138 | AR12: =10.2*COS(RADIANS(8*3)) -> 9.3181637 | AT12: =6.6*SIN(RADIANS(8*36)) -> -6.276973 | AU12: =6.6*COS(RADIANS(8*36)) -> 2.0395122 | AV12: 80 | BK12: =10.2*SIN(RADIANS(8*3)) -> 4.1487138 | BL12: =10.2*COS(RADIANS(8*3)) -> 9.3181637 | BN12: =6.6*SIN(RADIANS(8*36)) -> -6.276973 | BO12: =6.6*COS(RADIANS(8*36)) -> 2.0395122 | BP12: 20
A13: 3 | B13: 0 | C13: =('Pie de rey'!$B$49/'Pie de rey'!$B$42-'Pie de rey'!$B$63)+MIN(3,'Pie de rey'!$B$43)*'Pie de rey'!$B$50 -> 14.375 | D13: 0 | F13: =IF((9*'Pie de rey'!$B$55)<=100,(9*'Pie de rey'!$B$55),-50) -> -50 | G13: 2.7 | H13: =IF((9*'Pie de rey'!$B$55)>100,"",CHOOSE('Pie de rey'!$B$57,(9*'Pie de rey'!$B$55+'Pie de rey'!$B$63)/10,IF(MOD((9*'Pie de rey'!$B$55+'Pie de rey'!$B$63),40)=0,(9*'Pie de rey'!$B$55+'Pie de rey'!$B$63)/40,MOD((9*'Pie de rey'!$B$55+'Pie de rey'!$B$63)/4,10)),IF(MOD((9*'Pie de rey'!$B$55+'Pie de rey'!$B$63),20)=0,(9*'Pie de rey'!$B$55+'Pie de rey'!$B$63)/20,MOD((9*'Pie de rey'!$B$55+'Pie de rey'!$B$63)/2,10)),(9*'Pie de rey'!$B$55+'Pie de rey'!$B$63)/16)&"") | J13: =IF((9*'Pie de rey'!$B$56)<='Pie de rey'!$B$43,('Pie de rey'!$B$49/'Pie de rey'!$B$42-'Pie de rey'!$B$63)+(9*'Pie de rey'!$B$56)*'Pie de rey'!$B$50,-50) -> -50 | K13: -2.6 | L13: =IF((9*'Pie de rey'!$B$56)>'Pie de rey'!$B$43,"",IF('Pie de rey'!$B$41=0,FIXED((9*'Pie de rey'!$B$56)*'Pie de rey'!$B$45,1,TRUE),(9*'Pie de rey'!$B$56)&"")) | P13: =IF(AND(3<=Micrómetro!$B$52,3<=Micrómetro!$B$43),3,-50) -> 3 | Q13: 0 | S13: =IF(ABS((((INT(Micrómetro!$B$54)-11+3))-Micrómetro!$B$54)*0.6)<=7.2,Micrómetro!$B$52,-50) -> 48.4 | T13: =IF(ABS((((INT(Micrómetro!$B$54)-11+3))-Micrómetro!$B$54)*0.6)<=7.2,(((INT(Micrómetro!$B$54)-11+3))-Micrómetro!$B$54)*0.6,0) -> -4.8 | V13: =IF(AND(ABS((((INT(Micrómetro!$B$54)-11+9))-Micrómetro!$B$54)*0.6)<=7,MOD((INT(Micrómetro!$B$54)-11+9),5)=0),Micrómetro!$B$52+3.3,-50) -> -50 | W13: =IF(AND(ABS((((INT(Micrómetro!$B$54)-11+9))-Micrómetro!$B$54)*0.6)<=7,MOD((INT(Micrómetro!$B$54)-11+9),5)=0),(((INT(Micrómetro!$B$54)-11+9))-Micrómetro!$B$54)*0.6,0) -> 0 | X13: =IF(AND(ABS((((INT(Micrómetro!$B$54)-11+9))-Micrómetro!$B$54)*0.6)<=7,MOD((INT(Micrómetro!$B$54)-11+9),5)=0),MOD((INT(Micrómetro!$B$54)-11+9),Micrómetro!$B$44)&"","") | Z13: =IF(AND((9*IF(Micrómetro!$B$41=1,4,10))<=Micrómetro!$B$52,(9*IF(Micrómetro!$B$41=1,4,10))<=Micrómetro!$B$43),(9*IF(Micrómetro!$B$41=1,4,10)),-50) -> -50 | AA13: 2.4 | AB13: =IF(AND((9*IF(Micrómetro!$B$41=1,4,10))<=Micrómetro!$B$52,(9*IF(Micrómetro!$B$41=1,4,10))<=Micrómetro!$B$43),IF(Micrómetro!$B$41=1,IF(MOD((9*IF(Micrómetro!$B$41=1,4,10))/4,10)=0,IF((9*IF(Micrómetro!$B$41=1,4,10))=0,Micrómetro!$B$58&"",Micrómetro!$B$58+(9*IF(Micrómetro!$B$41=1,4,10))/40&""),MOD((9*IF(Micrómetro!$B$41=1,4,10))/4,10)&""),Micrómetro!$B$58+(9*IF(Micrómetro!$B$41=1,4,10))*Micrómetro!$B$42&""),"") | AD13: =IF(Micrómetro!$B$46=1,Micrómetro!$B$52-2.4,-50) -> -50 | AE13: =IF(Micrómetro!$B$46=1,3*0.54,0) -> 0 | AK13: =Micrómetro!$B$52 -> 48.4 | AL13: =-7.6 -> -7.6 | AN13: =IF(MOD(3,10)=0,7.9,IF(MOD(3,5)=0,8.5,8.9))*SIN(RADIANS(3*3.6)) -> 1.6676937 | AO13: =IF(MOD(3,10)=0,7.9,IF(MOD(3,5)=0,8.5,8.9))*COS(RADIANS(3*3.6)) -> 8.7423565 | AQ13: =10.2*SIN(RADIANS(9*3)) -> 4.6307031 | AR13: =10.2*COS(RADIANS(9*3)) -> 9.0882665 | AT13: =6.6*SIN(RADIANS(9*36)) -> -3.8793827 | AU13: =6.6*COS(RADIANS(9*36)) -> 5.3395122 | AV13: 90 | BA13: =1.55*SIN(RADIANS(3*36)) -> 1.4741376 | BB13: =3.6+1.55*COS(RADIANS(3*36)) -> 3.1210237 | BH13: =IF(MOD(3,10)=0,7.9,IF(MOD(3,5)=0,8.5,8.9))*SIN(RADIANS(3*3.6)) -> 1.6676937 | BI13: =IF(MOD(3,10)=0,7.9,IF(MOD(3,5)=0,8.5,8.9))*COS(RADIANS(3*3.6)) -> 8.7423565 | BK13: =10.2*SIN(RADIANS(9*3)) -> 4.6307031 | BL13: =10.2*COS(RADIANS(9*3)) -> 9.0882665 | BN13: =6.6*SIN(RADIANS(9*36)) -> -3.8793827 | BO13: =6.6*COS(RADIANS(9*36)) -> 5.3395122 | BP13: 10
A14: 3 | B14: =IF(MOD(3,'Pie de rey'!$B$52)=0,2,IF(MOD(3,'Pie de rey'!$B$53)=0,1.5,IF(MOD(3,'Pie de rey'!$B$54)=0,1.1,0.75))) -> 0.75 | C14: =C13 -> 14.375 | D14: =IF(MOD(MIN(3,'Pie de rey'!$B$43),'Pie de rey'!$B$56)=0,-1.8,-1.1) -> -1.1 | F14: =IF((10*'Pie de rey'!$B$55)<=100,(10*'Pie de rey'!$B$55),-50) -> -50 | G14: 2.7 | H14: =IF((10*'Pie de rey'!$B$55)>100,"",CHOOSE('Pie de rey'!$B$57,(10*'Pie de rey'!$B$55+'Pie de rey'!$B$63)/10,IF(MOD((10*'Pie de rey'!$B$55+'Pie de rey'!$B$63),40)=0,(10*'Pie de rey'!$B$55+'Pie de rey'!$B$63)/40,MOD((10*'Pie de rey'!$B$55+'Pie de rey'!$B$63)/4,10)),IF(MOD((10*'Pie de rey'!$B$55+'Pie de rey'!$B$63),20)=0,(10*'Pie de rey'!$B$55+'Pie de rey'!$B$63)/20,MOD((10*'Pie de rey'!$B$55+'Pie de rey'!$B$63)/2,10)),(10*'Pie de rey'!$B$55+'Pie de rey'!$B$63)/16)&"") | J14: =IF((10*'Pie de rey'!$B$56)<='Pie de rey'!$B$43,('Pie de rey'!$B$49/'Pie de rey'!$B$42-'Pie de rey'!$B$63)+(10*'Pie de rey'!$B$56)*'Pie de rey'!$B$50,-50) -> -50 | K14: -2.6 | L14: =IF((10*'Pie de rey'!$B$56)>'Pie de rey'!$B$43,"",IF('Pie de rey'!$B$41=0,FIXED((10*'Pie de rey'!$B$56)*'Pie de rey'!$B$45,1,TRUE),(10*'Pie de rey'!$B$56)&"")) | P14: =IF(AND(3<=Micrómetro!$B$52,3<=Micrómetro!$B$43),3,-50) -> 3 | Q14: =IF(OR(Micrómetro!$B$41=1,MOD(3,2)=0),IF(Micrómetro!$B$41=1,IF(MOD(3,4)=0,1.6,1),IF(MOD(3,10)=0,1.6,1)),-1.1) -> -1.1 | S14: =IF(ABS((((INT(Micrómetro!$B$54)-11+3))-Micrómetro!$B$54)*0.6)<=7.2,Micrómetro!$B$52+IF(MOD((INT(Micrómetro!$B$54)-11+3),5)=0,2,1.2),-50) -> 49.6 | T14: =IF(ABS((((INT(Micrómetro!$B$54)-11+3))-Micrómetro!$B$54)*0.6)<=7.2,(((INT(Micrómetro!$B$54)-11+3))-Micrómetro!$B$54)*0.6,0) -> -4.8 | V14: =IF(AND(ABS((((INT(Micrómetro!$B$54)-11+10))-Micrómetro!$B$54)*0.6)<=7,MOD((INT(Micrómetro!$B$54)-11+10),5)=0),Micrómetro!$B$52+3.3,-50) -> -50 | W14: =IF(AND(ABS((((INT(Micrómetro!$B$54)-11+10))-Micrómetro!$B$54)*0.6)<=7,MOD((INT(Micrómetro!$B$54)-11+10),5)=0),(((INT(Micrómetro!$B$54)-11+10))-Micrómetro!$B$54)*0.6,0) -> 0 | X14: =IF(AND(ABS((((INT(Micrómetro!$B$54)-11+10))-Micrómetro!$B$54)*0.6)<=7,MOD((INT(Micrómetro!$B$54)-11+10),5)=0),MOD((INT(Micrómetro!$B$54)-11+10),Micrómetro!$B$44)&"","") | Z14: =IF(AND((10*IF(Micrómetro!$B$41=1,4,10))<=Micrómetro!$B$52,(10*IF(Micrómetro!$B$41=1,4,10))<=Micrómetro!$B$43),(10*IF(Micrómetro!$B$41=1,4,10)),-50) -> -50 | AA14: 2.4 | AB14: =IF(AND((10*IF(Micrómetro!$B$41=1,4,10))<=Micrómetro!$B$52,(10*IF(Micrómetro!$B$41=1,4,10))<=Micrómetro!$B$43),IF(Micrómetro!$B$41=1,IF(MOD((10*IF(Micrómetro!$B$41=1,4,10))/4,10)=0,IF((10*IF(Micrómetro!$B$41=1,4,10))=0,Micrómetro!$B$58&"",Micrómetro!$B$58+(10*IF(Micrómetro!$B$41=1,4,10))/40&""),MOD((10*IF(Micrómetro!$B$41=1,4,10))/4,10)&""),Micrómetro!$B$58+(10*IF(Micrómetro!$B$41=1,4,10))*Micrómetro!$B$42&""),"") | AD14: =IF(Micrómetro!$B$46=1,Micrómetro!$B$52-0.15,-50) -> -50 | AE14: =IF(Micrómetro!$B$46=1,3*0.54,0) -> 0 | AK14: =Micrómetro!$B$52 -> 48.4 | AL14: =7.6 -> 7.6 | AN14: =9.6*SIN(RADIANS(3*3.6)) -> 1.7988606 | AO14: =9.6*COS(RADIANS(3*3.6)) -> 9.4299576 | AQ14: =10.2*SIN(RADIANS(10*3)) -> 5.1 | AR14: =10.2*COS(RADIANS(10*3)) -> 8.8334591 | BA14: =2.05*SIN(RADIANS(3*36)) -> 1.9496659 | BB14: =3.6+2.05*COS(RADIANS(3*36)) -> 2.9665152 | BH14: =9.6*SIN(RADIANS(3*3.6)) -> 1.7988606 | BI14: =9.6*COS(RADIANS(3*3.6)) -> 9.4299576 | BK14: =10.2*SIN(RADIANS(10*3)) -> 5.1 | BL14: =10.2*COS(RADIANS(10*3)) -> 8.8334591
F15: =IF((11*'Pie de rey'!$B$55)<=100,(11*'Pie de rey'!$B$55),-50) -> -50 | G15: 2.7 | H15: =IF((11*'Pie de rey'!$B$55)>100,"",CHOOSE('Pie de rey'!$B$57,(11*'Pie de rey'!$B$55+'Pie de rey'!$B$63)/10,IF(MOD((11*'Pie de rey'!$B$55+'Pie de rey'!$B$63),40)=0,(11*'Pie de rey'!$B$55+'Pie de rey'!$B$63)/40,MOD((11*'Pie de rey'!$B$55+'Pie de rey'!$B$63)/4,10)),IF(MOD((11*'Pie de rey'!$B$55+'Pie de rey'!$B$63),20)=0,(11*'Pie de rey'!$B$55+'Pie de rey'!$B$63)/20,MOD((11*'Pie de rey'!$B$55+'Pie de rey'!$B$63)/2,10)),(11*'Pie de rey'!$B$55+'Pie de rey'!$B$63)/16)&"") | V15: =IF(AND(ABS((((INT(Micrómetro!$B$54)-11+11))-Micrómetro!$B$54)*0.6)<=7,MOD((INT(Micrómetro!$B$54)-11+11),5)=0),Micrómetro!$B$52+3.3,-50) -> 51.7 | W15: =IF(AND(ABS((((INT(Micrómetro!$B$54)-11+11))-Micrómetro!$B$54)*0.6)<=7,MOD((INT(Micrómetro!$B$54)-11+11),5)=0),(((INT(Micrómetro!$B$54)-11+11))-Micrómetro!$B$54)*0.6,0) -> 0 | X15: =IF(AND(ABS((((INT(Micrómetro!$B$54)-11+11))-Micrómetro!$B$54)*0.6)<=7,MOD((INT(Micrómetro!$B$54)-11+11),5)=0),MOD((INT(Micrómetro!$B$54)-11+11),Micrómetro!$B$44)&"","") -> 20 | AK15: =Micrómetro!$B$52+9 -> 57.4 | AL15: =7.6 -> 7.6 | AQ15: =10.2*SIN(RADIANS(11*3)) -> 5.5553182 | AR15: =10.2*COS(RADIANS(11*3)) -> 8.5544398 | BK15: =10.2*SIN(RADIANS(11*3)) -> 5.5553182 | BL15: =10.2*COS(RADIANS(11*3)) -> 8.5544398
A16: 4 | B16: 0 | C16: =('Pie de rey'!$B$49/'Pie de rey'!$B$42-'Pie de rey'!$B$63)+MIN(4,'Pie de rey'!$B$43)*'Pie de rey'!$B$50 -> 15.25 | D16: 0 | F16: =IF((12*'Pie de rey'!$B$55)<=100,(12*'Pie de rey'!$B$55),-50) -> -50 | G16: 2.7 | H16: =IF((12*'Pie de rey'!$B$55)>100,"",CHOOSE('Pie de rey'!$B$57,(12*'Pie de rey'!$B$55+'Pie de rey'!$B$63)/10,IF(MOD((12*'Pie de rey'!$B$55+'Pie de rey'!$B$63),40)=0,(12*'Pie de rey'!$B$55+'Pie de rey'!$B$63)/40,MOD((12*'Pie de rey'!$B$55+'Pie de rey'!$B$63)/4,10)),IF(MOD((12*'Pie de rey'!$B$55+'Pie de rey'!$B$63),20)=0,(12*'Pie de rey'!$B$55+'Pie de rey'!$B$63)/20,MOD((12*'Pie de rey'!$B$55+'Pie de rey'!$B$63)/2,10)),(12*'Pie de rey'!$B$55+'Pie de rey'!$B$63)/16)&"") | P16: =IF(AND(4<=Micrómetro!$B$52,4<=Micrómetro!$B$43),4,-50) -> 4 | Q16: 0 | S16: =IF(ABS((((INT(Micrómetro!$B$54)-11+4))-Micrómetro!$B$54)*0.6)<=7.2,Micrómetro!$B$52,-50) -> 48.4 | T16: =IF(ABS((((INT(Micrómetro!$B$54)-11+4))-Micrómetro!$B$54)*0.6)<=7.2,(((INT(Micrómetro!$B$54)-11+4))-Micrómetro!$B$54)*0.6,0) -> -4.2 | V16: =IF(AND(ABS((((INT(Micrómetro!$B$54)-11+12))-Micrómetro!$B$54)*0.6)<=7,MOD((INT(Micrómetro!$B$54)-11+12),5)=0),Micrómetro!$B$52+3.3,-50) -> -50 | W16: =IF(AND(ABS((((INT(Micrómetro!$B$54)-11+12))-Micrómetro!$B$54)*0.6)<=7,MOD((INT(Micrómetro!$B$54)-11+12),5)=0),(((INT(Micrómetro!$B$54)-11+12))-Micrómetro!$B$54)*0.6,0) -> 0 | X16: =IF(AND(ABS((((INT(Micrómetro!$B$54)-11+12))-Micrómetro!$B$54)*0.6)<=7,MOD((INT(Micrómetro!$B$54)-11+12),5)=0),MOD((INT(Micrómetro!$B$54)-11+12),Micrómetro!$B$44)&"","") | AD16: =IF(Micrómetro!$B$46=1,Micrómetro!$B$52-2.4,-50) -> -50 | AE16: =IF(Micrómetro!$B$46=1,4*0.54,0) -> 0 | AK16: =Micrómetro!$B$52+9 -> 57.4 | AL16: =-7.6 -> -7.6 | AN16: =IF(MOD(4,10)=0,7.9,IF(MOD(4,5)=0,8.5,8.9))*SIN(RADIANS(4*3.6)) -> 2.21334 | AO16: =IF(MOD(4,10)=0,7.9,IF(MOD(4,5)=0,8.5,8.9))*COS(RADIANS(4*3.6)) -> 8.6203901 | AQ16: =10.2*SIN(RADIANS(12*3)) -> 5.9954096 | AR16: =10.2*COS(RADIANS(12*3)) -> 8.2519733 | BA16: =1.55*SIN(RADIANS(4*36)) -> 0.91106714 | BB16: =3.6+1.55*COS(RADIANS(4*36)) -> 2.3460237 | BH16: =IF(MOD(4,10)=0,7.9,IF(MOD(4,5)=0,8.5,8.9))*SIN(RADIANS(4*3.6)) -> 2.21334 | BI16: =IF(MOD(4,10)=0,7.9,IF(MOD(4,5)=0,8.5,8.9))*COS(RADIANS(4*3.6)) -> 8.6203901 | BK16: =10.2*SIN(RADIANS(12*3)) -> 5.9954096 | BL16: =10.2*COS(RADIANS(12*3)) -> 8.2519733
A17: 4 | B17: =IF(MOD(4,'Pie de rey'!$B$52)=0,2,IF(MOD(4,'Pie de rey'!$B$53)=0,1.5,IF(MOD(4,'Pie de rey'!$B$54)=0,1.1,0.75))) -> 1.1 | C17: =C16 -> 15.25 | D17: =IF(MOD(MIN(4,'Pie de rey'!$B$43),'Pie de rey'!$B$56)=0,-1.8,-1.1) -> -1.8 | F17: =IF((13*'Pie de rey'!$B$55)<=100,(13*'Pie de rey'!$B$55),-50) -> -50 | G17: 2.7 | H17: =IF((13*'Pie de rey'!$B$55)>100,"",CHOOSE('Pie de rey'!$B$57,(13*'Pie de rey'!$B$55+'Pie de rey'!$B$63)/10,IF(MOD((13*'Pie de rey'!$B$55+'Pie de rey'!$B$63),40)=0,(13*'Pie de rey'!$B$55+'Pie de rey'!$B$63)/40,MOD((13*'Pie de rey'!$B$55+'Pie de rey'!$B$63)/4,10)),IF(MOD((13*'Pie de rey'!$B$55+'Pie de rey'!$B$63),20)=0,(13*'Pie de rey'!$B$55+'Pie de rey'!$B$63)/20,MOD((13*'Pie de rey'!$B$55+'Pie de rey'!$B$63)/2,10)),(13*'Pie de rey'!$B$55+'Pie de rey'!$B$63)/16)&"") | P17: =IF(AND(4<=Micrómetro!$B$52,4<=Micrómetro!$B$43),4,-50) -> 4 | Q17: =IF(OR(Micrómetro!$B$41=1,MOD(4,2)=0),IF(Micrómetro!$B$41=1,IF(MOD(4,4)=0,1.6,1),IF(MOD(4,10)=0,1.6,1)),-1.1) -> 1 | S17: =IF(ABS((((INT(Micrómetro!$B$54)-11+4))-Micrómetro!$B$54)*0.6)<=7.2,Micrómetro!$B$52+IF(MOD((INT(Micrómetro!$B$54)-11+4),5)=0,2,1.2),-50) -> 49.6 | T17: =IF(ABS((((INT(Micrómetro!$B$54)-11+4))-Micrómetro!$B$54)*0.6)<=7.2,(((INT(Micrómetro!$B$54)-11+4))-Micrómetro!$B$54)*0.6,0) -> -4.2 | V17: =IF(AND(ABS((((INT(Micrómetro!$B$54)-11+13))-Micrómetro!$B$54)*0.6)<=7,MOD((INT(Micrómetro!$B$54)-11+13),5)=0),Micrómetro!$B$52+3.3,-50) -> -50 | W17: =IF(AND(ABS((((INT(Micrómetro!$B$54)-11+13))-Micrómetro!$B$54)*0.6)<=7,MOD((INT(Micrómetro!$B$54)-11+13),5)=0),(((INT(Micrómetro!$B$54)-11+13))-Micrómetro!$B$54)*0.6,0) -> 0 | X17: =IF(AND(ABS((((INT(Micrómetro!$B$54)-11+13))-Micrómetro!$B$54)*0.6)<=7,MOD((INT(Micrómetro!$B$54)-11+13),5)=0),MOD((INT(Micrómetro!$B$54)-11+13),Micrómetro!$B$44)&"","") | AD17: =IF(Micrómetro!$B$46=1,Micrómetro!$B$52-0.15,-50) -> -50 | AE17: =IF(Micrómetro!$B$46=1,4*0.54,0) -> 0 | AK17: =Micrómetro!$B$52 -> 48.4 | AL17: =-7.6 -> -7.6 | AN17: =9.6*SIN(RADIANS(4*3.6)) -> 2.3874229 | AO17: =9.6*COS(RADIANS(4*3.6)) -> 9.2983983 | AQ17: =10.2*SIN(RADIANS(13*3)) -> 6.419068 | AR17: =10.2*COS(RADIANS(13*3)) -> 7.9268888 | BA17: =2.05*SIN(RADIANS(4*36)) -> 1.2049598 | BB17: =3.6+2.05*COS(RADIANS(4*36)) -> 1.9415152 | BH17: =9.6*SIN(RADIANS(4*3.6)) -> 2.3874229 | BI17: =9.6*COS(RADIANS(4*3.6)) -> 9.2983983 | BK17: =10.2*SIN(RADIANS(13*3)) -> 6.419068 | BL17: =10.2*COS(RADIANS(13*3)) -> 7.9268888
F18: =IF((14*'Pie de rey'!$B$55)<=100,(14*'Pie de rey'!$B$55),-50) -> -50 | G18: 2.7 | H18: =IF((14*'Pie de rey'!$B$55)>100,"",CHOOSE('Pie de rey'!$B$57,(14*'Pie de rey'!$B$55+'Pie de rey'!$B$63)/10,IF(MOD((14*'Pie de rey'!$B$55+'Pie de rey'!$B$63),40)=0,(14*'Pie de rey'!$B$55+'Pie de rey'!$B$63)/40,MOD((14*'Pie de rey'!$B$55+'Pie de rey'!$B$63)/4,10)),IF(MOD((14*'Pie de rey'!$B$55+'Pie de rey'!$B$63),20)=0,(14*'Pie de rey'!$B$55+'Pie de rey'!$B$63)/20,MOD((14*'Pie de rey'!$B$55+'Pie de rey'!$B$63)/2,10)),(14*'Pie de rey'!$B$55+'Pie de rey'!$B$63)/16)&"") | V18: =IF(AND(ABS((((INT(Micrómetro!$B$54)-11+14))-Micrómetro!$B$54)*0.6)<=7,MOD((INT(Micrómetro!$B$54)-11+14),5)=0),Micrómetro!$B$52+3.3,-50) -> -50 | W18: =IF(AND(ABS((((INT(Micrómetro!$B$54)-11+14))-Micrómetro!$B$54)*0.6)<=7,MOD((INT(Micrómetro!$B$54)-11+14),5)=0),(((INT(Micrómetro!$B$54)-11+14))-Micrómetro!$B$54)*0.6,0) -> 0 | X18: =IF(AND(ABS((((INT(Micrómetro!$B$54)-11+14))-Micrómetro!$B$54)*0.6)<=7,MOD((INT(Micrómetro!$B$54)-11+14),5)=0),MOD((INT(Micrómetro!$B$54)-11+14),Micrómetro!$B$44)&"","") | AQ18: =10.2*SIN(RADIANS(14*3)) -> 6.8251322 | AR18: =10.2*COS(RADIANS(14*3)) -> 7.5800772 | BK18: =10.2*SIN(RADIANS(14*3)) -> 6.8251322 | BL18: =10.2*COS(RADIANS(14*3)) -> 7.5800772
A19: 5 | B19: 0 | C19: =('Pie de rey'!$B$49/'Pie de rey'!$B$42-'Pie de rey'!$B$63)+MIN(5,'Pie de rey'!$B$43)*'Pie de rey'!$B$50 -> 16.125 | D19: 0 | F19: =IF((15*'Pie de rey'!$B$55)<=100,(15*'Pie de rey'!$B$55),-50) -> -50 | G19: 2.7 | H19: =IF((15*'Pie de rey'!$B$55)>100,"",CHOOSE('Pie de rey'!$B$57,(15*'Pie de rey'!$B$55+'Pie de rey'!$B$63)/10,IF(MOD((15*'Pie de rey'!$B$55+'Pie de rey'!$B$63),40)=0,(15*'Pie de rey'!$B$55+'Pie de rey'!$B$63)/40,MOD((15*'Pie de rey'!$B$55+'Pie de rey'!$B$63)/4,10)),IF(MOD((15*'Pie de rey'!$B$55+'Pie de rey'!$B$63),20)=0,(15*'Pie de rey'!$B$55+'Pie de rey'!$B$63)/20,MOD((15*'Pie de rey'!$B$55+'Pie de rey'!$B$63)/2,10)),(15*'Pie de rey'!$B$55+'Pie de rey'!$B$63)/16)&"") | P19: =IF(AND(5<=Micrómetro!$B$52,5<=Micrómetro!$B$43),5,-50) -> 5 | Q19: 0 | S19: =IF(ABS((((INT(Micrómetro!$B$54)-11+5))-Micrómetro!$B$54)*0.6)<=7.2,Micrómetro!$B$52,-50) -> 48.4 | T19: =IF(ABS((((INT(Micrómetro!$B$54)-11+5))-Micrómetro!$B$54)*0.6)<=7.2,(((INT(Micrómetro!$B$54)-11+5))-Micrómetro!$B$54)*0.6,0) -> -3.6 | V19: =IF(AND(ABS((((INT(Micrómetro!$B$54)-11+15))-Micrómetro!$B$54)*0.6)<=7,MOD((INT(Micrómetro!$B$54)-11+15),5)=0),Micrómetro!$B$52+3.3,-50) -> -50 | W19: =IF(AND(ABS((((INT(Micrómetro!$B$54)-11+15))-Micrómetro!$B$54)*0.6)<=7,MOD((INT(Micrómetro!$B$54)-11+15),5)=0),(((INT(Micrómetro!$B$54)-11+15))-Micrómetro!$B$54)*0.6,0) -> 0 | X19: =IF(AND(ABS((((INT(Micrómetro!$B$54)-11+15))-Micrómetro!$B$54)*0.6)<=7,MOD((INT(Micrómetro!$B$54)-11+15),5)=0),MOD((INT(Micrómetro!$B$54)-11+15),Micrómetro!$B$44)&"","") | AD19: =IF(Micrómetro!$B$46=1,Micrómetro!$B$52-2.4,-50) -> -50 | AE19: =IF(Micrómetro!$B$46=1,5*0.54,0) -> 0 | AN19: =IF(MOD(5,10)=0,7.9,IF(MOD(5,5)=0,8.5,8.9))*SIN(RADIANS(5*3.6)) -> 2.6266445 | AO19: =IF(MOD(5,10)=0,7.9,IF(MOD(5,5)=0,8.5,8.9))*COS(RADIANS(5*3.6)) -> 8.0839804 | AQ19: =10.2*SIN(RADIANS(15*3)) -> 7.2124892 | AR19: =10.2*COS(RADIANS(15*3)) -> 7.2124892 | BA19: =1.55*SIN(RADIANS(5*36)) -> 1.8989801e-16 | BB19: =3.6+1.55*COS(RADIANS(5*36)) -> 2.05 | BH19: =IF(MOD(5,10)=0,7.9,IF(MOD(5,5)=0,8.5,8.9))*SIN(RADIANS(5*3.6)) -> 2.6266445 | BI19: =IF(MOD(5,10)=0,7.9,IF(MOD(5,5)=0,8.5,8.9))*COS(RADIANS(5*3.6)) -> 8.0839804 | BK19: =10.2*SIN(RADIANS(15*3)) -> 7.2124892 | BL19: =10.2*COS(RADIANS(15*3)) -> 7.2124892
A20: 5 | B20: =IF(MOD(5,'Pie de rey'!$B$52)=0,2,IF(MOD(5,'Pie de rey'!$B$53)=0,1.5,IF(MOD(5,'Pie de rey'!$B$54)=0,1.1,0.75))) -> 0.75 | C20: =C19 -> 16.125 | D20: =IF(MOD(MIN(5,'Pie de rey'!$B$43),'Pie de rey'!$B$56)=0,-1.8,-1.1) -> -1.1 | F20: =IF((16*'Pie de rey'!$B$55)<=100,(16*'Pie de rey'!$B$55),-50) -> -50 | G20: 2.7 | H20: =IF((16*'Pie de rey'!$B$55)>100,"",CHOOSE('Pie de rey'!$B$57,(16*'Pie de rey'!$B$55+'Pie de rey'!$B$63)/10,IF(MOD((16*'Pie de rey'!$B$55+'Pie de rey'!$B$63),40)=0,(16*'Pie de rey'!$B$55+'Pie de rey'!$B$63)/40,MOD((16*'Pie de rey'!$B$55+'Pie de rey'!$B$63)/4,10)),IF(MOD((16*'Pie de rey'!$B$55+'Pie de rey'!$B$63),20)=0,(16*'Pie de rey'!$B$55+'Pie de rey'!$B$63)/20,MOD((16*'Pie de rey'!$B$55+'Pie de rey'!$B$63)/2,10)),(16*'Pie de rey'!$B$55+'Pie de rey'!$B$63)/16)&"") | P20: =IF(AND(5<=Micrómetro!$B$52,5<=Micrómetro!$B$43),5,-50) -> 5 | Q20: =IF(OR(Micrómetro!$B$41=1,MOD(5,2)=0),IF(Micrómetro!$B$41=1,IF(MOD(5,4)=0,1.6,1),IF(MOD(5,10)=0,1.6,1)),-1.1) -> -1.1 | S20: =IF(ABS((((INT(Micrómetro!$B$54)-11+5))-Micrómetro!$B$54)*0.6)<=7.2,Micrómetro!$B$52+IF(MOD((INT(Micrómetro!$B$54)-11+5),5)=0,2,1.2),-50) -> 49.6 | T20: =IF(ABS((((INT(Micrómetro!$B$54)-11+5))-Micrómetro!$B$54)*0.6)<=7.2,(((INT(Micrómetro!$B$54)-11+5))-Micrómetro!$B$54)*0.6,0) -> -3.6 | V20: =IF(AND(ABS((((INT(Micrómetro!$B$54)-11+16))-Micrómetro!$B$54)*0.6)<=7,MOD((INT(Micrómetro!$B$54)-11+16),5)=0),Micrómetro!$B$52+3.3,-50) -> 51.7 | W20: =IF(AND(ABS((((INT(Micrómetro!$B$54)-11+16))-Micrómetro!$B$54)*0.6)<=7,MOD((INT(Micrómetro!$B$54)-11+16),5)=0),(((INT(Micrómetro!$B$54)-11+16))-Micrómetro!$B$54)*0.6,0) -> 3 | X20: =IF(AND(ABS((((INT(Micrómetro!$B$54)-11+16))-Micrómetro!$B$54)*0.6)<=7,MOD((INT(Micrómetro!$B$54)-11+16),5)=0),MOD((INT(Micrómetro!$B$54)-11+16),Micrómetro!$B$44)&"","") -> 25 | AD20: =IF(Micrómetro!$B$46=1,Micrómetro!$B$52-0.15,-50) -> -50 | AE20: =IF(Micrómetro!$B$46=1,5*0.54,0) -> 0 | AN20: =9.6*SIN(RADIANS(5*3.6)) -> 2.9665631 | AO20: =9.6*COS(RADIANS(5*3.6)) -> 9.1301426 | AQ20: =10.2*SIN(RADIANS(16*3)) -> 7.5800772 | AR20: =10.2*COS(RADIANS(16*3)) -> 6.8251322 | BA20: =2.05*SIN(RADIANS(5*36)) -> 2.5115543e-16 | BB20: =3.6+2.05*COS(RADIANS(5*36)) -> 1.55 | BH20: =9.6*SIN(RADIANS(5*3.6)) -> 2.9665631 | BI20: =9.6*COS(RADIANS(5*3.6)) -> 9.1301426 | BK20: =10.2*SIN(RADIANS(16*3)) -> 7.5800772 | BL20: =10.2*COS(RADIANS(16*3)) -> 6.8251322
F21: =IF((17*'Pie de rey'!$B$55)<=100,(17*'Pie de rey'!$B$55),-50) -> -50 | G21: 2.7 | H21: =IF((17*'Pie de rey'!$B$55)>100,"",CHOOSE('Pie de rey'!$B$57,(17*'Pie de rey'!$B$55+'Pie de rey'!$B$63)/10,IF(MOD((17*'Pie de rey'!$B$55+'Pie de rey'!$B$63),40)=0,(17*'Pie de rey'!$B$55+'Pie de rey'!$B$63)/40,MOD((17*'Pie de rey'!$B$55+'Pie de rey'!$B$63)/4,10)),IF(MOD((17*'Pie de rey'!$B$55+'Pie de rey'!$B$63),20)=0,(17*'Pie de rey'!$B$55+'Pie de rey'!$B$63)/20,MOD((17*'Pie de rey'!$B$55+'Pie de rey'!$B$63)/2,10)),(17*'Pie de rey'!$B$55+'Pie de rey'!$B$63)/16)&"") | V21: =IF(AND(ABS((((INT(Micrómetro!$B$54)-11+17))-Micrómetro!$B$54)*0.6)<=7,MOD((INT(Micrómetro!$B$54)-11+17),5)=0),Micrómetro!$B$52+3.3,-50) -> -50 | W21: =IF(AND(ABS((((INT(Micrómetro!$B$54)-11+17))-Micrómetro!$B$54)*0.6)<=7,MOD((INT(Micrómetro!$B$54)-11+17),5)=0),(((INT(Micrómetro!$B$54)-11+17))-Micrómetro!$B$54)*0.6,0) -> 0 | X21: =IF(AND(ABS((((INT(Micrómetro!$B$54)-11+17))-Micrómetro!$B$54)*0.6)<=7,MOD((INT(Micrómetro!$B$54)-11+17),5)=0),MOD((INT(Micrómetro!$B$54)-11+17),Micrómetro!$B$44)&"","") | AQ21: =10.2*SIN(RADIANS(17*3)) -> 7.9268888 | AR21: =10.2*COS(RADIANS(17*3)) -> 6.419068 | BK21: =10.2*SIN(RADIANS(17*3)) -> 7.9268888 | BL21: =10.2*COS(RADIANS(17*3)) -> 6.419068
A22: 6 | B22: 0 | C22: =('Pie de rey'!$B$49/'Pie de rey'!$B$42-'Pie de rey'!$B$63)+MIN(6,'Pie de rey'!$B$43)*'Pie de rey'!$B$50 -> 17 | D22: 0 | F22: =IF((18*'Pie de rey'!$B$55)<=100,(18*'Pie de rey'!$B$55),-50) -> -50 | G22: 2.7 | H22: =IF((18*'Pie de rey'!$B$55)>100,"",CHOOSE('Pie de rey'!$B$57,(18*'Pie de rey'!$B$55+'Pie de rey'!$B$63)/10,IF(MOD((18*'Pie de rey'!$B$55+'Pie de rey'!$B$63),40)=0,(18*'Pie de rey'!$B$55+'Pie de rey'!$B$63)/40,MOD((18*'Pie de rey'!$B$55+'Pie de rey'!$B$63)/4,10)),IF(MOD((18*'Pie de rey'!$B$55+'Pie de rey'!$B$63),20)=0,(18*'Pie de rey'!$B$55+'Pie de rey'!$B$63)/20,MOD((18*'Pie de rey'!$B$55+'Pie de rey'!$B$63)/2,10)),(18*'Pie de rey'!$B$55+'Pie de rey'!$B$63)/16)&"") | P22: =IF(AND(6<=Micrómetro!$B$52,6<=Micrómetro!$B$43),6,-50) -> 6 | Q22: 0 | S22: =IF(ABS((((INT(Micrómetro!$B$54)-11+6))-Micrómetro!$B$54)*0.6)<=7.2,Micrómetro!$B$52,-50) -> 48.4 | T22: =IF(ABS((((INT(Micrómetro!$B$54)-11+6))-Micrómetro!$B$54)*0.6)<=7.2,(((INT(Micrómetro!$B$54)-11+6))-Micrómetro!$B$54)*0.6,0) -> -3 | V22: =IF(AND(ABS((((INT(Micrómetro!$B$54)-11+18))-Micrómetro!$B$54)*0.6)<=7,MOD((INT(Micrómetro!$B$54)-11+18),5)=0),Micrómetro!$B$52+3.3,-50) -> -50 | W22: =IF(AND(ABS((((INT(Micrómetro!$B$54)-11+18))-Micrómetro!$B$54)*0.6)<=7,MOD((INT(Micrómetro!$B$54)-11+18),5)=0),(((INT(Micrómetro!$B$54)-11+18))-Micrómetro!$B$54)*0.6,0) -> 0 | X22: =IF(AND(ABS((((INT(Micrómetro!$B$54)-11+18))-Micrómetro!$B$54)*0.6)<=7,MOD((INT(Micrómetro!$B$54)-11+18),5)=0),MOD((INT(Micrómetro!$B$54)-11+18),Micrómetro!$B$44)&"","") | AD22: =IF(Micrómetro!$B$46=1,Micrómetro!$B$52-2.4,-50) -> -50 | AE22: =IF(Micrómetro!$B$46=1,6*0.54,0) -> 0 | AN22: =IF(MOD(6,10)=0,7.9,IF(MOD(6,5)=0,8.5,8.9))*SIN(RADIANS(6*3.6)) -> 3.2763085 | AO22: =IF(MOD(6,10)=0,7.9,IF(MOD(6,5)=0,8.5,8.9))*COS(RADIANS(6*3.6)) -> 8.2750107 | AQ22: =10.2*SIN(RADIANS(18*3)) -> 8.2519733 | AR22: =10.2*COS(RADIANS(18*3)) -> 5.9954096 | BA22: =1.55*SIN(RADIANS(6*36)) -> -0.91106714 | BB22: =3.6+1.55*COS(RADIANS(6*36)) -> 2.3460237 | BH22: =IF(MOD(6,10)=0,7.9,IF(MOD(6,5)=0,8.5,8.9))*SIN(RADIANS(6*3.6)) -> 3.2763085 | BI22: =IF(MOD(6,10)=0,7.9,IF(MOD(6,5)=0,8.5,8.9))*COS(RADIANS(6*3.6)) -> 8.2750107 | BK22: =10.2*SIN(RADIANS(18*3)) -> 8.2519733 | BL22: =10.2*COS(RADIANS(18*3)) -> 5.9954096
A23: 6 | B23: =IF(MOD(6,'Pie de rey'!$B$52)=0,2,IF(MOD(6,'Pie de rey'!$B$53)=0,1.5,IF(MOD(6,'Pie de rey'!$B$54)=0,1.1,0.75))) -> 0.75 | C23: =C22 -> 17 | D23: =IF(MOD(MIN(6,'Pie de rey'!$B$43),'Pie de rey'!$B$56)=0,-1.8,-1.1) -> -1.1 | F23: =IF((19*'Pie de rey'!$B$55)<=100,(19*'Pie de rey'!$B$55),-50) -> -50 | G23: 2.7 | H23: =IF((19*'Pie de rey'!$B$55)>100,"",CHOOSE('Pie de rey'!$B$57,(19*'Pie de rey'!$B$55+'Pie de rey'!$B$63)/10,IF(MOD((19*'Pie de rey'!$B$55+'Pie de rey'!$B$63),40)=0,(19*'Pie de rey'!$B$55+'Pie de rey'!$B$63)/40,MOD((19*'Pie de rey'!$B$55+'Pie de rey'!$B$63)/4,10)),IF(MOD((19*'Pie de rey'!$B$55+'Pie de rey'!$B$63),20)=0,(19*'Pie de rey'!$B$55+'Pie de rey'!$B$63)/20,MOD((19*'Pie de rey'!$B$55+'Pie de rey'!$B$63)/2,10)),(19*'Pie de rey'!$B$55+'Pie de rey'!$B$63)/16)&"") | P23: =IF(AND(6<=Micrómetro!$B$52,6<=Micrómetro!$B$43),6,-50) -> 6 | Q23: =IF(OR(Micrómetro!$B$41=1,MOD(6,2)=0),IF(Micrómetro!$B$41=1,IF(MOD(6,4)=0,1.6,1),IF(MOD(6,10)=0,1.6,1)),-1.1) -> 1 | S23: =IF(ABS((((INT(Micrómetro!$B$54)-11+6))-Micrómetro!$B$54)*0.6)<=7.2,Micrómetro!$B$52+IF(MOD((INT(Micrómetro!$B$54)-11+6),5)=0,2,1.2),-50) -> 50.4 | T23: =IF(ABS((((INT(Micrómetro!$B$54)-11+6))-Micrómetro!$B$54)*0.6)<=7.2,(((INT(Micrómetro!$B$54)-11+6))-Micrómetro!$B$54)*0.6,0) -> -3 | V23: =IF(AND(ABS((((INT(Micrómetro!$B$54)-11+19))-Micrómetro!$B$54)*0.6)<=7,MOD((INT(Micrómetro!$B$54)-11+19),5)=0),Micrómetro!$B$52+3.3,-50) -> -50 | W23: =IF(AND(ABS((((INT(Micrómetro!$B$54)-11+19))-Micrómetro!$B$54)*0.6)<=7,MOD((INT(Micrómetro!$B$54)-11+19),5)=0),(((INT(Micrómetro!$B$54)-11+19))-Micrómetro!$B$54)*0.6,0) -> 0 | X23: =IF(AND(ABS((((INT(Micrómetro!$B$54)-11+19))-Micrómetro!$B$54)*0.6)<=7,MOD((INT(Micrómetro!$B$54)-11+19),5)=0),MOD((INT(Micrómetro!$B$54)-11+19),Micrómetro!$B$44)&"","") | AD23: =IF(Micrómetro!$B$46=1,Micrómetro!$B$52-0.15,-50) -> -50 | AE23: =IF(Micrómetro!$B$46=1,6*0.54,0) -> 0 | AN23: =9.6*SIN(RADIANS(6*3.6)) -> 3.5339957 | AO23: =9.6*COS(RADIANS(6*3.6)) -> 8.9258543 | AQ23: =10.2*SIN(RADIANS(19*3)) -> 8.5544398 | AR23: =10.2*COS(RADIANS(19*3)) -> 5.5553182 | BA23: =2.05*SIN(RADIANS(6*36)) -> -1.2049598 | BB23: =3.6+2.05*COS(RADIANS(6*36)) -> 1.9415152 | BH23: =9.6*SIN(RADIANS(6*3.6)) -> 3.5339957 | BI23: =9.6*COS(RADIANS(6*3.6)) -> 8.9258543 | BK23: =10.2*SIN(RADIANS(19*3)) -> 8.5544398 | BL23: =10.2*COS(RADIANS(19*3)) -> 5.5553182
F24: =IF((20*'Pie de rey'!$B$55)<=100,(20*'Pie de rey'!$B$55),-50) -> -50 | G24: 2.7 | H24: =IF((20*'Pie de rey'!$B$55)>100,"",CHOOSE('Pie de rey'!$B$57,(20*'Pie de rey'!$B$55+'Pie de rey'!$B$63)/10,IF(MOD((20*'Pie de rey'!$B$55+'Pie de rey'!$B$63),40)=0,(20*'Pie de rey'!$B$55+'Pie de rey'!$B$63)/40,MOD((20*'Pie de rey'!$B$55+'Pie de rey'!$B$63)/4,10)),IF(MOD((20*'Pie de rey'!$B$55+'Pie de rey'!$B$63),20)=0,(20*'Pie de rey'!$B$55+'Pie de rey'!$B$63)/20,MOD((20*'Pie de rey'!$B$55+'Pie de rey'!$B$63)/2,10)),(20*'Pie de rey'!$B$55+'Pie de rey'!$B$63)/16)&"") | V24: =IF(AND(ABS((((INT(Micrómetro!$B$54)-11+20))-Micrómetro!$B$54)*0.6)<=7,MOD((INT(Micrómetro!$B$54)-11+20),5)=0),Micrómetro!$B$52+3.3,-50) -> -50 | W24: =IF(AND(ABS((((INT(Micrómetro!$B$54)-11+20))-Micrómetro!$B$54)*0.6)<=7,MOD((INT(Micrómetro!$B$54)-11+20),5)=0),(((INT(Micrómetro!$B$54)-11+20))-Micrómetro!$B$54)*0.6,0) -> 0 | X24: =IF(AND(ABS((((INT(Micrómetro!$B$54)-11+20))-Micrómetro!$B$54)*0.6)<=7,MOD((INT(Micrómetro!$B$54)-11+20),5)=0),MOD((INT(Micrómetro!$B$54)-11+20),Micrómetro!$B$44)&"","") | AQ24: =10.2*SIN(RADIANS(20*3)) -> 8.8334591 | AR24: =10.2*COS(RADIANS(20*3)) -> 5.1 | BK24: =10.2*SIN(RADIANS(20*3)) -> 8.8334591 | BL24: =10.2*COS(RADIANS(20*3)) -> 5.1
A25: 7 | B25: 0 | C25: =('Pie de rey'!$B$49/'Pie de rey'!$B$42-'Pie de rey'!$B$63)+MIN(7,'Pie de rey'!$B$43)*'Pie de rey'!$B$50 -> 17.875 | D25: 0 | F25: =IF((21*'Pie de rey'!$B$55)<=100,(21*'Pie de rey'!$B$55),-50) -> -50 | G25: 2.7 | H25: =IF((21*'Pie de rey'!$B$55)>100,"",CHOOSE('Pie de rey'!$B$57,(21*'Pie de rey'!$B$55+'Pie de rey'!$B$63)/10,IF(MOD((21*'Pie de rey'!$B$55+'Pie de rey'!$B$63),40)=0,(21*'Pie de rey'!$B$55+'Pie de rey'!$B$63)/40,MOD((21*'Pie de rey'!$B$55+'Pie de rey'!$B$63)/4,10)),IF(MOD((21*'Pie de rey'!$B$55+'Pie de rey'!$B$63),20)=0,(21*'Pie de rey'!$B$55+'Pie de rey'!$B$63)/20,MOD((21*'Pie de rey'!$B$55+'Pie de rey'!$B$63)/2,10)),(21*'Pie de rey'!$B$55+'Pie de rey'!$B$63)/16)&"") | P25: =IF(AND(7<=Micrómetro!$B$52,7<=Micrómetro!$B$43),7,-50) -> 7 | Q25: 0 | S25: =IF(ABS((((INT(Micrómetro!$B$54)-11+7))-Micrómetro!$B$54)*0.6)<=7.2,Micrómetro!$B$52,-50) -> 48.4 | T25: =IF(ABS((((INT(Micrómetro!$B$54)-11+7))-Micrómetro!$B$54)*0.6)<=7.2,(((INT(Micrómetro!$B$54)-11+7))-Micrómetro!$B$54)*0.6,0) -> -2.4 | V25: =IF(AND(ABS((((INT(Micrómetro!$B$54)-11+21))-Micrómetro!$B$54)*0.6)<=7,MOD((INT(Micrómetro!$B$54)-11+21),5)=0),Micrómetro!$B$52+3.3,-50) -> 51.7 | W25: =IF(AND(ABS((((INT(Micrómetro!$B$54)-11+21))-Micrómetro!$B$54)*0.6)<=7,MOD((INT(Micrómetro!$B$54)-11+21),5)=0),(((INT(Micrómetro!$B$54)-11+21))-Micrómetro!$B$54)*0.6,0) -> 6 | X25: =IF(AND(ABS((((INT(Micrómetro!$B$54)-11+21))-Micrómetro!$B$54)*0.6)<=7,MOD((INT(Micrómetro!$B$54)-11+21),5)=0),MOD((INT(Micrómetro!$B$54)-11+21),Micrómetro!$B$44)&"","") -> 30 | AD25: =IF(Micrómetro!$B$46=1,Micrómetro!$B$52-2.4,-50) -> -50 | AE25: =IF(Micrómetro!$B$46=1,7*0.54,0) -> 0 | AN25: =IF(MOD(7,10)=0,7.9,IF(MOD(7,5)=0,8.5,8.9))*SIN(RADIANS(7*3.6)) -> 3.7894357 | AO25: =IF(MOD(7,10)=0,7.9,IF(MOD(7,5)=0,8.5,8.9))*COS(RADIANS(7*3.6)) -> 8.0529608 | AQ25: =10.2*SIN(RADIANS(21*3)) -> 9.0882665 | AR25: =10.2*COS(RADIANS(21*3)) -> 4.6307031 | BA25: =1.55*SIN(RADIANS(7*36)) -> -1.4741376 | BB25: =3.6+1.55*COS(RADIANS(7*36)) -> 3.1210237 | BH25: =IF(MOD(7,10)=0,7.9,IF(MOD(7,5)=0,8.5,8.9))*SIN(RADIANS(7*3.6)) -> 3.7894357 | BI25: =IF(MOD(7,10)=0,7.9,IF(MOD(7,5)=0,8.5,8.9))*COS(RADIANS(7*3.6)) -> 8.0529608 | BK25: =10.2*SIN(RADIANS(21*3)) -> 9.0882665 | BL25: =10.2*COS(RADIANS(21*3)) -> 4.6307031
A26: 7 | B26: =IF(MOD(7,'Pie de rey'!$B$52)=0,2,IF(MOD(7,'Pie de rey'!$B$53)=0,1.5,IF(MOD(7,'Pie de rey'!$B$54)=0,1.1,0.75))) -> 0.75 | C26: =C25 -> 17.875 | D26: =IF(MOD(MIN(7,'Pie de rey'!$B$43),'Pie de rey'!$B$56)=0,-1.8,-1.1) -> -1.1 | F26: =IF((22*'Pie de rey'!$B$55)<=100,(22*'Pie de rey'!$B$55),-50) -> -50 | G26: 2.7 | H26: =IF((22*'Pie de rey'!$B$55)>100,"",CHOOSE('Pie de rey'!$B$57,(22*'Pie de rey'!$B$55+'Pie de rey'!$B$63)/10,IF(MOD((22*'Pie de rey'!$B$55+'Pie de rey'!$B$63),40)=0,(22*'Pie de rey'!$B$55+'Pie de rey'!$B$63)/40,MOD((22*'Pie de rey'!$B$55+'Pie de rey'!$B$63)/4,10)),IF(MOD((22*'Pie de rey'!$B$55+'Pie de rey'!$B$63),20)=0,(22*'Pie de rey'!$B$55+'Pie de rey'!$B$63)/20,MOD((22*'Pie de rey'!$B$55+'Pie de rey'!$B$63)/2,10)),(22*'Pie de rey'!$B$55+'Pie de rey'!$B$63)/16)&"") | P26: =IF(AND(7<=Micrómetro!$B$52,7<=Micrómetro!$B$43),7,-50) -> 7 | Q26: =IF(OR(Micrómetro!$B$41=1,MOD(7,2)=0),IF(Micrómetro!$B$41=1,IF(MOD(7,4)=0,1.6,1),IF(MOD(7,10)=0,1.6,1)),-1.1) -> -1.1 | S26: =IF(ABS((((INT(Micrómetro!$B$54)-11+7))-Micrómetro!$B$54)*0.6)<=7.2,Micrómetro!$B$52+IF(MOD((INT(Micrómetro!$B$54)-11+7),5)=0,2,1.2),-50) -> 49.6 | T26: =IF(ABS((((INT(Micrómetro!$B$54)-11+7))-Micrómetro!$B$54)*0.6)<=7.2,(((INT(Micrómetro!$B$54)-11+7))-Micrómetro!$B$54)*0.6,0) -> -2.4 | V26: =IF(AND(ABS((((INT(Micrómetro!$B$54)-11+22))-Micrómetro!$B$54)*0.6)<=7,MOD((INT(Micrómetro!$B$54)-11+22),5)=0),Micrómetro!$B$52+3.3,-50) -> -50 | W26: =IF(AND(ABS((((INT(Micrómetro!$B$54)-11+22))-Micrómetro!$B$54)*0.6)<=7,MOD((INT(Micrómetro!$B$54)-11+22),5)=0),(((INT(Micrómetro!$B$54)-11+22))-Micrómetro!$B$54)*0.6,0) -> 0 | X26: =IF(AND(ABS((((INT(Micrómetro!$B$54)-11+22))-Micrómetro!$B$54)*0.6)<=7,MOD((INT(Micrómetro!$B$54)-11+22),5)=0),MOD((INT(Micrómetro!$B$54)-11+22),Micrómetro!$B$44)&"","") | AD26: =IF(Micrómetro!$B$46=1,Micrómetro!$B$52-0.15,-50) -> -50 | AE26: =IF(Micrómetro!$B$46=1,7*0.54,0) -> 0 | AN26: =9.6*SIN(RADIANS(7*3.6)) -> 4.0874812 | AO26: =9.6*COS(RADIANS(7*3.6)) -> 8.6863397 | AQ26: =10.2*SIN(RADIANS(22*3)) -> 9.3181637 | AR26: =10.2*COS(RADIANS(22*3)) -> 4.1487138 | BA26: =2.05*SIN(RADIANS(7*36)) -> -1.9496659 | BB26: =3.6+2.05*COS(RADIANS(7*36)) -> 2.9665152 | BH26: =9.6*SIN(RADIANS(7*3.6)) -> 4.0874812 | BI26: =9.6*COS(RADIANS(7*3.6)) -> 8.6863397 | BK26: =10.2*SIN(RADIANS(22*3)) -> 9.3181637 | BL26: =10.2*COS(RADIANS(22*3)) -> 4.1487138
F27: =IF((23*'Pie de rey'!$B$55)<=100,(23*'Pie de rey'!$B$55),-50) -> -50 | G27: 2.7 | H27: =IF((23*'Pie de rey'!$B$55)>100,"",CHOOSE('Pie de rey'!$B$57,(23*'Pie de rey'!$B$55+'Pie de rey'!$B$63)/10,IF(MOD((23*'Pie de rey'!$B$55+'Pie de rey'!$B$63),40)=0,(23*'Pie de rey'!$B$55+'Pie de rey'!$B$63)/40,MOD((23*'Pie de rey'!$B$55+'Pie de rey'!$B$63)/4,10)),IF(MOD((23*'Pie de rey'!$B$55+'Pie de rey'!$B$63),20)=0,(23*'Pie de rey'!$B$55+'Pie de rey'!$B$63)/20,MOD((23*'Pie de rey'!$B$55+'Pie de rey'!$B$63)/2,10)),(23*'Pie de rey'!$B$55+'Pie de rey'!$B$63)/16)&"") | V27: =IF(AND(ABS((((INT(Micrómetro!$B$54)-11+23))-Micrómetro!$B$54)*0.6)<=7,MOD((INT(Micrómetro!$B$54)-11+23),5)=0),Micrómetro!$B$52+3.3,-50) -> -50 | W27: =IF(AND(ABS((((INT(Micrómetro!$B$54)-11+23))-Micrómetro!$B$54)*0.6)<=7,MOD((INT(Micrómetro!$B$54)-11+23),5)=0),(((INT(Micrómetro!$B$54)-11+23))-Micrómetro!$B$54)*0.6,0) -> 0 | X27: =IF(AND(ABS((((INT(Micrómetro!$B$54)-11+23))-Micrómetro!$B$54)*0.6)<=7,MOD((INT(Micrómetro!$B$54)-11+23),5)=0),MOD((INT(Micrómetro!$B$54)-11+23),Micrómetro!$B$44)&"","") | AQ27: =10.2*SIN(RADIANS(23*3)) -> 9.5225204 | AR27: =10.2*COS(RADIANS(23*3)) -> 3.6553531 | BK27: =10.2*SIN(RADIANS(23*3)) -> 9.5225204 | BL27: =10.2*COS(RADIANS(23*3)) -> 3.6553531
A28: 8 | B28: 0 | C28: =('Pie de rey'!$B$49/'Pie de rey'!$B$42-'Pie de rey'!$B$63)+MIN(8,'Pie de rey'!$B$43)*'Pie de rey'!$B$50 -> 18.75 | D28: 0 | F28: =IF((24*'Pie de rey'!$B$55)<=100,(24*'Pie de rey'!$B$55),-50) -> -50 | G28: 2.7 | H28: =IF((24*'Pie de rey'!$B$55)>100,"",CHOOSE('Pie de rey'!$B$57,(24*'Pie de rey'!$B$55+'Pie de rey'!$B$63)/10,IF(MOD((24*'Pie de rey'!$B$55+'Pie de rey'!$B$63),40)=0,(24*'Pie de rey'!$B$55+'Pie de rey'!$B$63)/40,MOD((24*'Pie de rey'!$B$55+'Pie de rey'!$B$63)/4,10)),IF(MOD((24*'Pie de rey'!$B$55+'Pie de rey'!$B$63),20)=0,(24*'Pie de rey'!$B$55+'Pie de rey'!$B$63)/20,MOD((24*'Pie de rey'!$B$55+'Pie de rey'!$B$63)/2,10)),(24*'Pie de rey'!$B$55+'Pie de rey'!$B$63)/16)&"") | P28: =IF(AND(8<=Micrómetro!$B$52,8<=Micrómetro!$B$43),8,-50) -> 8 | Q28: 0 | S28: =IF(ABS((((INT(Micrómetro!$B$54)-11+8))-Micrómetro!$B$54)*0.6)<=7.2,Micrómetro!$B$52,-50) -> 48.4 | T28: =IF(ABS((((INT(Micrómetro!$B$54)-11+8))-Micrómetro!$B$54)*0.6)<=7.2,(((INT(Micrómetro!$B$54)-11+8))-Micrómetro!$B$54)*0.6,0) -> -1.8 | AD28: =IF(Micrómetro!$B$46=1,Micrómetro!$B$52-2.4,-50) -> -50 | AE28: =IF(Micrómetro!$B$46=1,8*0.54,0) -> 0 | AN28: =IF(MOD(8,10)=0,7.9,IF(MOD(8,5)=0,8.5,8.9))*SIN(RADIANS(8*3.6)) -> 4.2876077 | AO28: =IF(MOD(8,10)=0,7.9,IF(MOD(8,5)=0,8.5,8.9))*COS(RADIANS(8*3.6)) -> 7.7991295 | AQ28: =10.2*SIN(RADIANS(24*3)) -> 9.7007765 | AR28: =10.2*COS(RADIANS(24*3)) -> 3.1519733 | BA28: =1.55*SIN(RADIANS(8*36)) -> -1.4741376 | BB28: =3.6+1.55*COS(RADIANS(8*36)) -> 4.0789763 | BH28: =IF(MOD(8,10)=0,7.9,IF(MOD(8,5)=0,8.5,8.9))*SIN(RADIANS(8*3.6)) -> 4.2876077 | BI28: =IF(MOD(8,10)=0,7.9,IF(MOD(8,5)=0,8.5,8.9))*COS(RADIANS(8*3.6)) -> 7.7991295 | BK28: =10.2*SIN(RADIANS(24*3)) -> 9.7007765 | BL28: =10.2*COS(RADIANS(24*3)) -> 3.1519733
A29: 8 | B29: =IF(MOD(8,'Pie de rey'!$B$52)=0,2,IF(MOD(8,'Pie de rey'!$B$53)=0,1.5,IF(MOD(8,'Pie de rey'!$B$54)=0,1.1,0.75))) -> 1.5 | C29: =C28 -> 18.75 | D29: =IF(MOD(MIN(8,'Pie de rey'!$B$43),'Pie de rey'!$B$56)=0,-1.8,-1.1) -> -1.8 | F29: =IF((25*'Pie de rey'!$B$55)<=100,(25*'Pie de rey'!$B$55),-50) -> -50 | G29: 2.7 | H29: =IF((25*'Pie de rey'!$B$55)>100,"",CHOOSE('Pie de rey'!$B$57,(25*'Pie de rey'!$B$55+'Pie de rey'!$B$63)/10,IF(MOD((25*'Pie de rey'!$B$55+'Pie de rey'!$B$63),40)=0,(25*'Pie de rey'!$B$55+'Pie de rey'!$B$63)/40,MOD((25*'Pie de rey'!$B$55+'Pie de rey'!$B$63)/4,10)),IF(MOD((25*'Pie de rey'!$B$55+'Pie de rey'!$B$63),20)=0,(25*'Pie de rey'!$B$55+'Pie de rey'!$B$63)/20,MOD((25*'Pie de rey'!$B$55+'Pie de rey'!$B$63)/2,10)),(25*'Pie de rey'!$B$55+'Pie de rey'!$B$63)/16)&"") | P29: =IF(AND(8<=Micrómetro!$B$52,8<=Micrómetro!$B$43),8,-50) -> 8 | Q29: =IF(OR(Micrómetro!$B$41=1,MOD(8,2)=0),IF(Micrómetro!$B$41=1,IF(MOD(8,4)=0,1.6,1),IF(MOD(8,10)=0,1.6,1)),-1.1) -> 1 | S29: =IF(ABS((((INT(Micrómetro!$B$54)-11+8))-Micrómetro!$B$54)*0.6)<=7.2,Micrómetro!$B$52+IF(MOD((INT(Micrómetro!$B$54)-11+8),5)=0,2,1.2),-50) -> 49.6 | T29: =IF(ABS((((INT(Micrómetro!$B$54)-11+8))-Micrómetro!$B$54)*0.6)<=7.2,(((INT(Micrómetro!$B$54)-11+8))-Micrómetro!$B$54)*0.6,0) -> -1.8 | AD29: =IF(Micrómetro!$B$46=1,Micrómetro!$B$52-0.15,-50) -> -50 | AE29: =IF(Micrómetro!$B$46=1,8*0.54,0) -> 0 | AN29: =9.6*SIN(RADIANS(8*3.6)) -> 4.6248353 | AO29: =9.6*COS(RADIANS(8*3.6)) -> 8.4125441 | AQ29: =10.2*SIN(RADIANS(25*3)) -> 9.8524434 | AR29: =10.2*COS(RADIANS(25*3)) -> 2.6399543 | BA29: =2.05*SIN(RADIANS(8*36)) -> -1.9496659 | BB29: =3.6+2.05*COS(RADIANS(8*36)) -> 4.2334848 | BH29: =9.6*SIN(RADIANS(8*3.6)) -> 4.6248353 | BI29: =9.6*COS(RADIANS(8*3.6)) -> 8.4125441 | BK29: =10.2*SIN(RADIANS(25*3)) -> 9.8524434 | BL29: =10.2*COS(RADIANS(25*3)) -> 2.6399543
F30: =IF((26*'Pie de rey'!$B$55)<=100,(26*'Pie de rey'!$B$55),-50) -> -50 | G30: 2.7 | H30: =IF((26*'Pie de rey'!$B$55)>100,"",CHOOSE('Pie de rey'!$B$57,(26*'Pie de rey'!$B$55+'Pie de rey'!$B$63)/10,IF(MOD((26*'Pie de rey'!$B$55+'Pie de rey'!$B$63),40)=0,(26*'Pie de rey'!$B$55+'Pie de rey'!$B$63)/40,MOD((26*'Pie de rey'!$B$55+'Pie de rey'!$B$63)/4,10)),IF(MOD((26*'Pie de rey'!$B$55+'Pie de rey'!$B$63),20)=0,(26*'Pie de rey'!$B$55+'Pie de rey'!$B$63)/20,MOD((26*'Pie de rey'!$B$55+'Pie de rey'!$B$63)/2,10)),(26*'Pie de rey'!$B$55+'Pie de rey'!$B$63)/16)&"") | AQ30: =10.2*SIN(RADIANS(26*3)) -> 9.9771055 | AR30: =10.2*COS(RADIANS(26*3)) -> 2.1206992 | BK30: =10.2*SIN(RADIANS(26*3)) -> 9.9771055 | BL30: =10.2*COS(RADIANS(26*3)) -> 2.1206992
A31: 9 | B31: 0 | C31: =('Pie de rey'!$B$49/'Pie de rey'!$B$42-'Pie de rey'!$B$63)+MIN(9,'Pie de rey'!$B$43)*'Pie de rey'!$B$50 -> 18.75 | D31: 0 | F31: =IF((27*'Pie de rey'!$B$55)<=100,(27*'Pie de rey'!$B$55),-50) -> -50 | G31: 2.7 | H31: =IF((27*'Pie de rey'!$B$55)>100,"",CHOOSE('Pie de rey'!$B$57,(27*'Pie de rey'!$B$55+'Pie de rey'!$B$63)/10,IF(MOD((27*'Pie de rey'!$B$55+'Pie de rey'!$B$63),40)=0,(27*'Pie de rey'!$B$55+'Pie de rey'!$B$63)/40,MOD((27*'Pie de rey'!$B$55+'Pie de rey'!$B$63)/4,10)),IF(MOD((27*'Pie de rey'!$B$55+'Pie de rey'!$B$63),20)=0,(27*'Pie de rey'!$B$55+'Pie de rey'!$B$63)/20,MOD((27*'Pie de rey'!$B$55+'Pie de rey'!$B$63)/2,10)),(27*'Pie de rey'!$B$55+'Pie de rey'!$B$63)/16)&"") | P31: =IF(AND(9<=Micrómetro!$B$52,9<=Micrómetro!$B$43),9,-50) -> 9 | Q31: 0 | S31: =IF(ABS((((INT(Micrómetro!$B$54)-11+9))-Micrómetro!$B$54)*0.6)<=7.2,Micrómetro!$B$52,-50) -> 48.4 | T31: =IF(ABS((((INT(Micrómetro!$B$54)-11+9))-Micrómetro!$B$54)*0.6)<=7.2,(((INT(Micrómetro!$B$54)-11+9))-Micrómetro!$B$54)*0.6,0) -> -1.2 | AD31: =IF(Micrómetro!$B$46=1,Micrómetro!$B$52-2.4,-50) -> -50 | AE31: =IF(Micrómetro!$B$46=1,9*0.54,0) -> 0 | AN31: =IF(MOD(9,10)=0,7.9,IF(MOD(9,5)=0,8.5,8.9))*SIN(RADIANS(9*3.6)) -> 4.7688585 | AO31: =IF(MOD(9,10)=0,7.9,IF(MOD(9,5)=0,8.5,8.9))*COS(RADIANS(9*3.6)) -> 7.5145185 | AQ31: =10.2*SIN(RADIANS(27*3)) -> 10.074421 | AR31: =10.2*COS(RADIANS(27*3)) -> 1.5956315 | BA31: =1.55*SIN(RADIANS(9*36)) -> -0.91106714 | BB31: =3.6+1.55*COS(RADIANS(9*36)) -> 4.8539763 | BH31: =IF(MOD(9,10)=0,7.9,IF(MOD(9,5)=0,8.5,8.9))*SIN(RADIANS(9*3.6)) -> 4.7688585 | BI31: =IF(MOD(9,10)=0,7.9,IF(MOD(9,5)=0,8.5,8.9))*COS(RADIANS(9*3.6)) -> 7.5145185 | BK31: =10.2*SIN(RADIANS(27*3)) -> 10.074421 | BL31: =10.2*COS(RADIANS(27*3)) -> 1.5956315
A32: 9 | B32: =IF(MOD(9,'Pie de rey'!$B$52)=0,2,IF(MOD(9,'Pie de rey'!$B$53)=0,1.5,IF(MOD(9,'Pie de rey'!$B$54)=0,1.1,0.75))) -> 0.75 | C32: =C31 -> 18.75 | D32: =IF(MOD(MIN(9,'Pie de rey'!$B$43),'Pie de rey'!$B$56)=0,-1.8,-1.1) -> -1.8 | F32: =IF((28*'Pie de rey'!$B$55)<=100,(28*'Pie de rey'!$B$55),-50) -> -50 | G32: 2.7 | H32: =IF((28*'Pie de rey'!$B$55)>100,"",CHOOSE('Pie de rey'!$B$57,(28*'Pie de rey'!$B$55+'Pie de rey'!$B$63)/10,IF(MOD((28*'Pie de rey'!$B$55+'Pie de rey'!$B$63),40)=0,(28*'Pie de rey'!$B$55+'Pie de rey'!$B$63)/40,MOD((28*'Pie de rey'!$B$55+'Pie de rey'!$B$63)/4,10)),IF(MOD((28*'Pie de rey'!$B$55+'Pie de rey'!$B$63),20)=0,(28*'Pie de rey'!$B$55+'Pie de rey'!$B$63)/20,MOD((28*'Pie de rey'!$B$55+'Pie de rey'!$B$63)/2,10)),(28*'Pie de rey'!$B$55+'Pie de rey'!$B$63)/16)&"") | P32: =IF(AND(9<=Micrómetro!$B$52,9<=Micrómetro!$B$43),9,-50) -> 9 | Q32: =IF(OR(Micrómetro!$B$41=1,MOD(9,2)=0),IF(Micrómetro!$B$41=1,IF(MOD(9,4)=0,1.6,1),IF(MOD(9,10)=0,1.6,1)),-1.1) -> -1.1 | S32: =IF(ABS((((INT(Micrómetro!$B$54)-11+9))-Micrómetro!$B$54)*0.6)<=7.2,Micrómetro!$B$52+IF(MOD((INT(Micrómetro!$B$54)-11+9),5)=0,2,1.2),-50) -> 49.6 | T32: =IF(ABS((((INT(Micrómetro!$B$54)-11+9))-Micrómetro!$B$54)*0.6)<=7.2,(((INT(Micrómetro!$B$54)-11+9))-Micrómetro!$B$54)*0.6,0) -> -1.2 | AD32: =IF(Micrómetro!$B$46=1,Micrómetro!$B$52-0.15,-50) -> -50 | AE32: =IF(Micrómetro!$B$46=1,9*0.54,0) -> 0 | AN32: =9.6*SIN(RADIANS(9*3.6)) -> 5.1439372 | AO32: =9.6*COS(RADIANS(9*3.6)) -> 8.1055481 | AQ32: =10.2*SIN(RADIANS(28*3)) -> 10.144123 | AR32: =10.2*COS(RADIANS(28*3)) -> 1.0661903 | BA32: =2.05*SIN(RADIANS(9*36)) -> -1.2049598 | BB32: =3.6+2.05*COS(RADIANS(9*36)) -> 5.2584848 | BH32: =9.6*SIN(RADIANS(9*3.6)) -> 5.1439372 | BI32: =9.6*COS(RADIANS(9*3.6)) -> 8.1055481 | BK32: =10.2*SIN(RADIANS(28*3)) -> 10.144123 | BL32: =10.2*COS(RADIANS(28*3)) -> 1.0661903
F33: =IF((29*'Pie de rey'!$B$55)<=100,(29*'Pie de rey'!$B$55),-50) -> -50 | G33: 2.7 | H33: =IF((29*'Pie de rey'!$B$55)>100,"",CHOOSE('Pie de rey'!$B$57,(29*'Pie de rey'!$B$55+'Pie de rey'!$B$63)/10,IF(MOD((29*'Pie de rey'!$B$55+'Pie de rey'!$B$63),40)=0,(29*'Pie de rey'!$B$55+'Pie de rey'!$B$63)/40,MOD((29*'Pie de rey'!$B$55+'Pie de rey'!$B$63)/4,10)),IF(MOD((29*'Pie de rey'!$B$55+'Pie de rey'!$B$63),20)=0,(29*'Pie de rey'!$B$55+'Pie de rey'!$B$63)/20,MOD((29*'Pie de rey'!$B$55+'Pie de rey'!$B$63)/2,10)),(29*'Pie de rey'!$B$55+'Pie de rey'!$B$63)/16)&"") | AQ33: =10.2*SIN(RADIANS(29*3)) -> 10.186021 | AR33: =10.2*COS(RADIANS(29*3)) -> 0.53382675 | BK33: =10.2*SIN(RADIANS(29*3)) -> 10.186021 | BL33: =10.2*COS(RADIANS(29*3)) -> 0.53382675
A34: 10 | B34: 0 | C34: =('Pie de rey'!$B$49/'Pie de rey'!$B$42-'Pie de rey'!$B$63)+MIN(10,'Pie de rey'!$B$43)*'Pie de rey'!$B$50 -> 18.75 | D34: 0 | F34: =IF((30*'Pie de rey'!$B$55)<=100,(30*'Pie de rey'!$B$55),-50) -> -50 | G34: 2.7 | H34: =IF((30*'Pie de rey'!$B$55)>100,"",CHOOSE('Pie de rey'!$B$57,(30*'Pie de rey'!$B$55+'Pie de rey'!$B$63)/10,IF(MOD((30*'Pie de rey'!$B$55+'Pie de rey'!$B$63),40)=0,(30*'Pie de rey'!$B$55+'Pie de rey'!$B$63)/40,MOD((30*'Pie de rey'!$B$55+'Pie de rey'!$B$63)/4,10)),IF(MOD((30*'Pie de rey'!$B$55+'Pie de rey'!$B$63),20)=0,(30*'Pie de rey'!$B$55+'Pie de rey'!$B$63)/20,MOD((30*'Pie de rey'!$B$55+'Pie de rey'!$B$63)/2,10)),(30*'Pie de rey'!$B$55+'Pie de rey'!$B$63)/16)&"") | P34: =IF(AND(10<=Micrómetro!$B$52,10<=Micrómetro!$B$43),10,-50) -> 10 | Q34: 0 | S34: =IF(ABS((((INT(Micrómetro!$B$54)-11+10))-Micrómetro!$B$54)*0.6)<=7.2,Micrómetro!$B$52,-50) -> 48.4 | T34: =IF(ABS((((INT(Micrómetro!$B$54)-11+10))-Micrómetro!$B$54)*0.6)<=7.2,(((INT(Micrómetro!$B$54)-11+10))-Micrómetro!$B$54)*0.6,0) -> -0.6 | AD34: =IF(Micrómetro!$B$46=1,Micrómetro!$B$52-2.4,-50) -> -50 | AE34: =IF(Micrómetro!$B$46=1,10*0.54,0) -> 0 | AN34: =IF(MOD(10,10)=0,7.9,IF(MOD(10,5)=0,8.5,8.9))*SIN(RADIANS(10*3.6)) -> 4.6435035 | AO34: =IF(MOD(10,10)=0,7.9,IF(MOD(10,5)=0,8.5,8.9))*COS(RADIANS(10*3.6)) -> 6.3912343 | AQ34: =10.2*SIN(RADIANS(30*3)) -> 10.2 | AR34: =10.2*COS(RADIANS(30*3)) -> 6.2482571e-16 | BH34: =IF(MOD(10,10)=0,7.9,IF(MOD(10,5)=0,8.5,8.9))*SIN(RADIANS(10*3.6)) -> 4.6435035 | BI34: =IF(MOD(10,10)=0,7.9,IF(MOD(10,5)=0,8.5,8.9))*COS(RADIANS(10*3.6)) -> 6.3912343 | BK34: =10.2*SIN(RADIANS(30*3)) -> 10.2 | BL34: =10.2*COS(RADIANS(30*3)) -> 6.2482571e-16
A35: 10 | B35: =IF(MOD(10,'Pie de rey'!$B$52)=0,2,IF(MOD(10,'Pie de rey'!$B$53)=0,1.5,IF(MOD(10,'Pie de rey'!$B$54)=0,1.1,0.75))) -> 0.75 | C35: =C34 -> 18.75 | D35: =IF(MOD(MIN(10,'Pie de rey'!$B$43),'Pie de rey'!$B$56)=0,-1.8,-1.1) -> -1.8 | F35: =IF((31*'Pie de rey'!$B$55)<=100,(31*'Pie de rey'!$B$55),-50) -> -50 | G35: 2.7 | H35: =IF((31*'Pie de rey'!$B$55)>100,"",CHOOSE('Pie de rey'!$B$57,(31*'Pie de rey'!$B$55+'Pie de rey'!$B$63)/10,IF(MOD((31*'Pie de rey'!$B$55+'Pie de rey'!$B$63),40)=0,(31*'Pie de rey'!$B$55+'Pie de rey'!$B$63)/40,MOD((31*'Pie de rey'!$B$55+'Pie de rey'!$B$63)/4,10)),IF(MOD((31*'Pie de rey'!$B$55+'Pie de rey'!$B$63),20)=0,(31*'Pie de rey'!$B$55+'Pie de rey'!$B$63)/20,MOD((31*'Pie de rey'!$B$55+'Pie de rey'!$B$63)/2,10)),(31*'Pie de rey'!$B$55+'Pie de rey'!$B$63)/16)&"") | P35: =IF(AND(10<=Micrómetro!$B$52,10<=Micrómetro!$B$43),10,-50) -> 10 | Q35: =IF(OR(Micrómetro!$B$41=1,MOD(10,2)=0),IF(Micrómetro!$B$41=1,IF(MOD(10,4)=0,1.6,1),IF(MOD(10,10)=0,1.6,1)),-1.1) -> 1.6 | S35: =IF(ABS((((INT(Micrómetro!$B$54)-11+10))-Micrómetro!$B$54)*0.6)<=7.2,Micrómetro!$B$52+IF(MOD((INT(Micrómetro!$B$54)-11+10),5)=0,2,1.2),-50) -> 49.6 | T35: =IF(ABS((((INT(Micrómetro!$B$54)-11+10))-Micrómetro!$B$54)*0.6)<=7.2,(((INT(Micrómetro!$B$54)-11+10))-Micrómetro!$B$54)*0.6,0) -> -0.6 | AD35: =IF(Micrómetro!$B$46=1,Micrómetro!$B$52-0.15,-50) -> -50 | AE35: =IF(Micrómetro!$B$46=1,10*0.54,0) -> 0 | AN35: =9.6*SIN(RADIANS(10*3.6)) -> 5.6427384 | AO35: =9.6*COS(RADIANS(10*3.6)) -> 7.7665631 | AQ35: =10.2*SIN(RADIANS(31*3)) -> 10.186021 | AR35: =10.2*COS(RADIANS(31*3)) -> -0.53382675 | BH35: =9.6*SIN(RADIANS(10*3.6)) -> 5.6427384 | BI35: =9.6*COS(RADIANS(10*3.6)) -> 7.7665631 | BK35: =10.2*SIN(RADIANS(31*3)) -> 10.186021 | BL35: =10.2*COS(RADIANS(31*3)) -> -0.53382675
F36: =IF((32*'Pie de rey'!$B$55)<=100,(32*'Pie de rey'!$B$55),-50) -> -50 | G36: 2.7 | H36: =IF((32*'Pie de rey'!$B$55)>100,"",CHOOSE('Pie de rey'!$B$57,(32*'Pie de rey'!$B$55+'Pie de rey'!$B$63)/10,IF(MOD((32*'Pie de rey'!$B$55+'Pie de rey'!$B$63),40)=0,(32*'Pie de rey'!$B$55+'Pie de rey'!$B$63)/40,MOD((32*'Pie de rey'!$B$55+'Pie de rey'!$B$63)/4,10)),IF(MOD((32*'Pie de rey'!$B$55+'Pie de rey'!$B$63),20)=0,(32*'Pie de rey'!$B$55+'Pie de rey'!$B$63)/20,MOD((32*'Pie de rey'!$B$55+'Pie de rey'!$B$63)/2,10)),(32*'Pie de rey'!$B$55+'Pie de rey'!$B$63)/16)&"") | AQ36: =10.2*SIN(RADIANS(32*3)) -> 10.144123 | AR36: =10.2*COS(RADIANS(32*3)) -> -1.0661903 | BK36: =10.2*SIN(RADIANS(32*3)) -> 10.144123 | BL36: =10.2*COS(RADIANS(32*3)) -> -1.0661903
A37: 11 | B37: 0 | C37: =('Pie de rey'!$B$49/'Pie de rey'!$B$42-'Pie de rey'!$B$63)+MIN(11,'Pie de rey'!$B$43)*'Pie de rey'!$B$50 -> 18.75 | D37: 0 | F37: =IF((33*'Pie de rey'!$B$55)<=100,(33*'Pie de rey'!$B$55),-50) -> -50 | G37: 2.7 | H37: =IF((33*'Pie de rey'!$B$55)>100,"",CHOOSE('Pie de rey'!$B$57,(33*'Pie de rey'!$B$55+'Pie de rey'!$B$63)/10,IF(MOD((33*'Pie de rey'!$B$55+'Pie de rey'!$B$63),40)=0,(33*'Pie de rey'!$B$55+'Pie de rey'!$B$63)/40,MOD((33*'Pie de rey'!$B$55+'Pie de rey'!$B$63)/4,10)),IF(MOD((33*'Pie de rey'!$B$55+'Pie de rey'!$B$63),20)=0,(33*'Pie de rey'!$B$55+'Pie de rey'!$B$63)/20,MOD((33*'Pie de rey'!$B$55+'Pie de rey'!$B$63)/2,10)),(33*'Pie de rey'!$B$55+'Pie de rey'!$B$63)/16)&"") | P37: =IF(AND(11<=Micrómetro!$B$52,11<=Micrómetro!$B$43),11,-50) -> 11 | Q37: 0 | S37: =IF(ABS((((INT(Micrómetro!$B$54)-11+11))-Micrómetro!$B$54)*0.6)<=7.2,Micrómetro!$B$52,-50) -> 48.4 | T37: =IF(ABS((((INT(Micrómetro!$B$54)-11+11))-Micrómetro!$B$54)*0.6)<=7.2,(((INT(Micrómetro!$B$54)-11+11))-Micrómetro!$B$54)*0.6,0) -> 0 | AN37: =IF(MOD(11,10)=0,7.9,IF(MOD(11,5)=0,8.5,8.9))*SIN(RADIANS(11*3.6)) -> 5.6730735 | AO37: =IF(MOD(11,10)=0,7.9,IF(MOD(11,5)=0,8.5,8.9))*COS(RADIANS(11*3.6)) -> 6.8575679 | AQ37: =10.2*SIN(RADIANS(33*3)) -> 10.074421 | AR37: =10.2*COS(RADIANS(33*3)) -> -1.5956315 | BH37: =IF(MOD(11,10)=0,7.9,IF(MOD(11,5)=0,8.5,8.9))*SIN(RADIANS(11*3.6)) -> 5.6730735 | BI37: =IF(MOD(11,10)=0,7.9,IF(MOD(11,5)=0,8.5,8.9))*COS(RADIANS(11*3.6)) -> 6.8575679 | BK37: =10.2*SIN(RADIANS(33*3)) -> 10.074421 | BL37: =10.2*COS(RADIANS(33*3)) -> -1.5956315
A38: 11 | B38: =IF(MOD(11,'Pie de rey'!$B$52)=0,2,IF(MOD(11,'Pie de rey'!$B$53)=0,1.5,IF(MOD(11,'Pie de rey'!$B$54)=0,1.1,0.75))) -> 0.75 | C38: =C37 -> 18.75 | D38: =IF(MOD(MIN(11,'Pie de rey'!$B$43),'Pie de rey'!$B$56)=0,-1.8,-1.1) -> -1.8 | F38: =IF((34*'Pie de rey'!$B$55)<=100,(34*'Pie de rey'!$B$55),-50) -> -50 | G38: 2.7 | H38: =IF((34*'Pie de rey'!$B$55)>100,"",CHOOSE('Pie de rey'!$B$57,(34*'Pie de rey'!$B$55+'Pie de rey'!$B$63)/10,IF(MOD((34*'Pie de rey'!$B$55+'Pie de rey'!$B$63),40)=0,(34*'Pie de rey'!$B$55+'Pie de rey'!$B$63)/40,MOD((34*'Pie de rey'!$B$55+'Pie de rey'!$B$63)/4,10)),IF(MOD((34*'Pie de rey'!$B$55+'Pie de rey'!$B$63),20)=0,(34*'Pie de rey'!$B$55+'Pie de rey'!$B$63)/20,MOD((34*'Pie de rey'!$B$55+'Pie de rey'!$B$63)/2,10)),(34*'Pie de rey'!$B$55+'Pie de rey'!$B$63)/16)&"") | P38: =IF(AND(11<=Micrómetro!$B$52,11<=Micrómetro!$B$43),11,-50) -> 11 | Q38: =IF(OR(Micrómetro!$B$41=1,MOD(11,2)=0),IF(Micrómetro!$B$41=1,IF(MOD(11,4)=0,1.6,1),IF(MOD(11,10)=0,1.6,1)),-1.1) -> -1.1 | S38: =IF(ABS((((INT(Micrómetro!$B$54)-11+11))-Micrómetro!$B$54)*0.6)<=7.2,Micrómetro!$B$52+IF(MOD((INT(Micrómetro!$B$54)-11+11),5)=0,2,1.2),-50) -> 50.4 | T38: =IF(ABS((((INT(Micrómetro!$B$54)-11+11))-Micrómetro!$B$54)*0.6)<=7.2,(((INT(Micrómetro!$B$54)-11+11))-Micrómetro!$B$54)*0.6,0) -> 0 | AN38: =9.6*SIN(RADIANS(11*3.6)) -> 6.1192703 | AO38: =9.6*COS(RADIANS(11*3.6)) -> 7.3969271 | AQ38: =10.2*SIN(RADIANS(34*3)) -> 9.9771055 | AR38: =10.2*COS(RADIANS(34*3)) -> -2.1206992 | BH38: =9.6*SIN(RADIANS(11*3.6)) -> 6.1192703 | BI38: =9.6*COS(RADIANS(11*3.6)) -> 7.3969271 | BK38: =10.2*SIN(RADIANS(34*3)) -> 9.9771055 | BL38: =10.2*COS(RADIANS(34*3)) -> -2.1206992
F39: =IF((35*'Pie de rey'!$B$55)<=100,(35*'Pie de rey'!$B$55),-50) -> -50 | G39: 2.7 | H39: =IF((35*'Pie de rey'!$B$55)>100,"",CHOOSE('Pie de rey'!$B$57,(35*'Pie de rey'!$B$55+'Pie de rey'!$B$63)/10,IF(MOD((35*'Pie de rey'!$B$55+'Pie de rey'!$B$63),40)=0,(35*'Pie de rey'!$B$55+'Pie de rey'!$B$63)/40,MOD((35*'Pie de rey'!$B$55+'Pie de rey'!$B$63)/4,10)),IF(MOD((35*'Pie de rey'!$B$55+'Pie de rey'!$B$63),20)=0,(35*'Pie de rey'!$B$55+'Pie de rey'!$B$63)/20,MOD((35*'Pie de rey'!$B$55+'Pie de rey'!$B$63)/2,10)),(35*'Pie de rey'!$B$55+'Pie de rey'!$B$63)/16)&"") | AQ39: =10.2*SIN(RADIANS(35*3)) -> 9.8524434 | AR39: =10.2*COS(RADIANS(35*3)) -> -2.6399543 | BK39: =10.2*SIN(RADIANS(35*3)) -> 9.8524434 | BL39: =10.2*COS(RADIANS(35*3)) -> -2.6399543
A40: 12 | B40: 0 | C40: =('Pie de rey'!$B$49/'Pie de rey'!$B$42-'Pie de rey'!$B$63)+MIN(12,'Pie de rey'!$B$43)*'Pie de rey'!$B$50 -> 18.75 | D40: 0 | F40: =IF((36*'Pie de rey'!$B$55)<=100,(36*'Pie de rey'!$B$55),-50) -> -50 | G40: 2.7 | H40: =IF((36*'Pie de rey'!$B$55)>100,"",CHOOSE('Pie de rey'!$B$57,(36*'Pie de rey'!$B$55+'Pie de rey'!$B$63)/10,IF(MOD((36*'Pie de rey'!$B$55+'Pie de rey'!$B$63),40)=0,(36*'Pie de rey'!$B$55+'Pie de rey'!$B$63)/40,MOD((36*'Pie de rey'!$B$55+'Pie de rey'!$B$63)/4,10)),IF(MOD((36*'Pie de rey'!$B$55+'Pie de rey'!$B$63),20)=0,(36*'Pie de rey'!$B$55+'Pie de rey'!$B$63)/20,MOD((36*'Pie de rey'!$B$55+'Pie de rey'!$B$63)/2,10)),(36*'Pie de rey'!$B$55+'Pie de rey'!$B$63)/16)&"") | P40: =IF(AND(12<=Micrómetro!$B$52,12<=Micrómetro!$B$43),12,-50) -> 12 | Q40: 0 | S40: =IF(ABS((((INT(Micrómetro!$B$54)-11+12))-Micrómetro!$B$54)*0.6)<=7.2,Micrómetro!$B$52,-50) -> 48.4 | T40: =IF(ABS((((INT(Micrómetro!$B$54)-11+12))-Micrómetro!$B$54)*0.6)<=7.2,(((INT(Micrómetro!$B$54)-11+12))-Micrómetro!$B$54)*0.6,0) -> 0.6 | AN40: =IF(MOD(12,10)=0,7.9,IF(MOD(12,5)=0,8.5,8.9))*SIN(RADIANS(12*3.6)) -> 6.0924692 | AO40: =IF(MOD(12,10)=0,7.9,IF(MOD(12,5)=0,8.5,8.9))*COS(RADIANS(12*3.6)) -> 6.4878208 | AQ40: =10.2*SIN(RADIANS(36*3)) -> 9.7007765 | AR40: =10.2*COS(RADIANS(36*3)) -> -3.1519733 | BA40: =2.2*SIN(RADIANS(0*9)) -> 0 | BB40: =3.6+2.2*COS(RADIANS(0*9)) -> 5.8 | BH40: =IF(MOD(12,10)=0,7.9,IF(MOD(12,5)=0,8.5,8.9))*SIN(RADIANS(12*3.6)) -> 6.0924692 | BI40: =IF(MOD(12,10)=0,7.9,IF(MOD(12,5)=0,8.5,8.9))*COS(RADIANS(12*3.6)) -> 6.4878208 | BK40: =10.2*SIN(RADIANS(36*3)) -> 9.7007765 | BL40: =10.2*COS(RADIANS(36*3)) -> -3.1519733
A41: 12 | B41: =IF(MOD(12,'Pie de rey'!$B$52)=0,2,IF(MOD(12,'Pie de rey'!$B$53)=0,1.5,IF(MOD(12,'Pie de rey'!$B$54)=0,1.1,0.75))) -> 1.1 | C41: =C40 -> 18.75 | D41: =IF(MOD(MIN(12,'Pie de rey'!$B$43),'Pie de rey'!$B$56)=0,-1.8,-1.1) -> -1.8 | F41: =IF((37*'Pie de rey'!$B$55)<=100,(37*'Pie de rey'!$B$55),-50) -> -50 | G41: 2.7 | H41: =IF((37*'Pie de rey'!$B$55)>100,"",CHOOSE('Pie de rey'!$B$57,(37*'Pie de rey'!$B$55+'Pie de rey'!$B$63)/10,IF(MOD((37*'Pie de rey'!$B$55+'Pie de rey'!$B$63),40)=0,(37*'Pie de rey'!$B$55+'Pie de rey'!$B$63)/40,MOD((37*'Pie de rey'!$B$55+'Pie de rey'!$B$63)/4,10)),IF(MOD((37*'Pie de rey'!$B$55+'Pie de rey'!$B$63),20)=0,(37*'Pie de rey'!$B$55+'Pie de rey'!$B$63)/20,MOD((37*'Pie de rey'!$B$55+'Pie de rey'!$B$63)/2,10)),(37*'Pie de rey'!$B$55+'Pie de rey'!$B$63)/16)&"") | P41: =IF(AND(12<=Micrómetro!$B$52,12<=Micrómetro!$B$43),12,-50) -> 12 | Q41: =IF(OR(Micrómetro!$B$41=1,MOD(12,2)=0),IF(Micrómetro!$B$41=1,IF(MOD(12,4)=0,1.6,1),IF(MOD(12,10)=0,1.6,1)),-1.1) -> 1 | S41: =IF(ABS((((INT(Micrómetro!$B$54)-11+12))-Micrómetro!$B$54)*0.6)<=7.2,Micrómetro!$B$52+IF(MOD((INT(Micrómetro!$B$54)-11+12),5)=0,2,1.2),-50) -> 49.6 | T41: =IF(ABS((((INT(Micrómetro!$B$54)-11+12))-Micrómetro!$B$54)*0.6)<=7.2,(((INT(Micrómetro!$B$54)-11+12))-Micrómetro!$B$54)*0.6,0) -> 0.6 | AN41: =9.6*SIN(RADIANS(12*3.6)) -> 6.5716522 | AO41: =9.6*COS(RADIANS(12*3.6)) -> 6.9980988 | AQ41: =10.2*SIN(RADIANS(37*3)) -> 9.5225204 | AR41: =10.2*COS(RADIANS(37*3)) -> -3.6553531 | BA41: =2.2*SIN(RADIANS(1*9)) -> 0.34415582 | BB41: =3.6+2.2*COS(RADIANS(1*9)) -> 5.7729143 | BH41: =9.6*SIN(RADIANS(12*3.6)) -> 6.5716522 | BI41: =9.6*COS(RADIANS(12*3.6)) -> 6.9980988 | BK41: =10.2*SIN(RADIANS(37*3)) -> 9.5225204 | BL41: =10.2*COS(RADIANS(37*3)) -> -3.6553531
F42: =IF((38*'Pie de rey'!$B$55)<=100,(38*'Pie de rey'!$B$55),-50) -> -50 | G42: 2.7 | H42: =IF((38*'Pie de rey'!$B$55)>100,"",CHOOSE('Pie de rey'!$B$57,(38*'Pie de rey'!$B$55+'Pie de rey'!$B$63)/10,IF(MOD((38*'Pie de rey'!$B$55+'Pie de rey'!$B$63),40)=0,(38*'Pie de rey'!$B$55+'Pie de rey'!$B$63)/40,MOD((38*'Pie de rey'!$B$55+'Pie de rey'!$B$63)/4,10)),IF(MOD((38*'Pie de rey'!$B$55+'Pie de rey'!$B$63),20)=0,(38*'Pie de rey'!$B$55+'Pie de rey'!$B$63)/20,MOD((38*'Pie de rey'!$B$55+'Pie de rey'!$B$63)/2,10)),(38*'Pie de rey'!$B$55+'Pie de rey'!$B$63)/16)&"") | AQ42: =10.2*SIN(RADIANS(38*3)) -> 9.3181637 | AR42: =10.2*COS(RADIANS(38*3)) -> -4.1487138 | BA42: =2.2*SIN(RADIANS(2*9)) -> 0.67983739 | BB42: =3.6+2.2*COS(RADIANS(2*9)) -> 5.6923243 | BK42: =10.2*SIN(RADIANS(38*3)) -> 9.3181637 | BL42: =10.2*COS(RADIANS(38*3)) -> -4.1487138
A43: 13 | B43: 0 | C43: =('Pie de rey'!$B$49/'Pie de rey'!$B$42-'Pie de rey'!$B$63)+MIN(13,'Pie de rey'!$B$43)*'Pie de rey'!$B$50 -> 18.75 | D43: 0 | F43: =IF((39*'Pie de rey'!$B$55)<=100,(39*'Pie de rey'!$B$55),-50) -> -50 | G43: 2.7 | H43: =IF((39*'Pie de rey'!$B$55)>100,"",CHOOSE('Pie de rey'!$B$57,(39*'Pie de rey'!$B$55+'Pie de rey'!$B$63)/10,IF(MOD((39*'Pie de rey'!$B$55+'Pie de rey'!$B$63),40)=0,(39*'Pie de rey'!$B$55+'Pie de rey'!$B$63)/40,MOD((39*'Pie de rey'!$B$55+'Pie de rey'!$B$63)/4,10)),IF(MOD((39*'Pie de rey'!$B$55+'Pie de rey'!$B$63),20)=0,(39*'Pie de rey'!$B$55+'Pie de rey'!$B$63)/20,MOD((39*'Pie de rey'!$B$55+'Pie de rey'!$B$63)/2,10)),(39*'Pie de rey'!$B$55+'Pie de rey'!$B$63)/16)&"") | P43: =IF(AND(13<=Micrómetro!$B$52,13<=Micrómetro!$B$43),13,-50) -> 13 | Q43: 0 | S43: =IF(ABS((((INT(Micrómetro!$B$54)-11+13))-Micrómetro!$B$54)*0.6)<=7.2,Micrómetro!$B$52,-50) -> 48.4 | T43: =IF(ABS((((INT(Micrómetro!$B$54)-11+13))-Micrómetro!$B$54)*0.6)<=7.2,(((INT(Micrómetro!$B$54)-11+13))-Micrómetro!$B$54)*0.6,0) -> 1.2 | AN43: =IF(MOD(13,10)=0,7.9,IF(MOD(13,5)=0,8.5,8.9))*SIN(RADIANS(13*3.6)) -> 6.4878208 | AO43: =IF(MOD(13,10)=0,7.9,IF(MOD(13,5)=0,8.5,8.9))*COS(RADIANS(13*3.6)) -> 6.0924692 | AQ43: =10.2*SIN(RADIANS(39*3)) -> 9.0882665 | AR43: =10.2*COS(RADIANS(39*3)) -> -4.6307031 | BA43: =2.2*SIN(RADIANS(3*9)) -> 0.9987791 | BB43: =3.6+2.2*COS(RADIANS(3*9)) -> 5.5602144 | BH43: =IF(MOD(13,10)=0,7.9,IF(MOD(13,5)=0,8.5,8.9))*SIN(RADIANS(13*3.6)) -> 6.4878208 | BI43: =IF(MOD(13,10)=0,7.9,IF(MOD(13,5)=0,8.5,8.9))*COS(RADIANS(13*3.6)) -> 6.0924692 | BK43: =10.2*SIN(RADIANS(39*3)) -> 9.0882665 | BL43: =10.2*COS(RADIANS(39*3)) -> -4.6307031
A44: 13 | B44: =IF(MOD(13,'Pie de rey'!$B$52)=0,2,IF(MOD(13,'Pie de rey'!$B$53)=0,1.5,IF(MOD(13,'Pie de rey'!$B$54)=0,1.1,0.75))) -> 0.75 | C44: =C43 -> 18.75 | D44: =IF(MOD(MIN(13,'Pie de rey'!$B$43),'Pie de rey'!$B$56)=0,-1.8,-1.1) -> -1.8 | F44: =IF((40*'Pie de rey'!$B$55)<=100,(40*'Pie de rey'!$B$55),-50) -> -50 | G44: 2.7 | H44: =IF((40*'Pie de rey'!$B$55)>100,"",CHOOSE('Pie de rey'!$B$57,(40*'Pie de rey'!$B$55+'Pie de rey'!$B$63)/10,IF(MOD((40*'Pie de rey'!$B$55+'Pie de rey'!$B$63),40)=0,(40*'Pie de rey'!$B$55+'Pie de rey'!$B$63)/40,MOD((40*'Pie de rey'!$B$55+'Pie de rey'!$B$63)/4,10)),IF(MOD((40*'Pie de rey'!$B$55+'Pie de rey'!$B$63),20)=0,(40*'Pie de rey'!$B$55+'Pie de rey'!$B$63)/20,MOD((40*'Pie de rey'!$B$55+'Pie de rey'!$B$63)/2,10)),(40*'Pie de rey'!$B$55+'Pie de rey'!$B$63)/16)&"") | P44: =IF(AND(13<=Micrómetro!$B$52,13<=Micrómetro!$B$43),13,-50) -> 13 | Q44: =IF(OR(Micrómetro!$B$41=1,MOD(13,2)=0),IF(Micrómetro!$B$41=1,IF(MOD(13,4)=0,1.6,1),IF(MOD(13,10)=0,1.6,1)),-1.1) -> -1.1 | S44: =IF(ABS((((INT(Micrómetro!$B$54)-11+13))-Micrómetro!$B$54)*0.6)<=7.2,Micrómetro!$B$52+IF(MOD((INT(Micrómetro!$B$54)-11+13),5)=0,2,1.2),-50) -> 49.6 | T44: =IF(ABS((((INT(Micrómetro!$B$54)-11+13))-Micrómetro!$B$54)*0.6)<=7.2,(((INT(Micrómetro!$B$54)-11+13))-Micrómetro!$B$54)*0.6,0) -> 1.2 | AN44: =9.6*SIN(RADIANS(13*3.6)) -> 6.9980988 | AO44: =9.6*COS(RADIANS(13*3.6)) -> 6.5716522 | AQ44: =10.2*SIN(RADIANS(40*3)) -> 8.8334591 | AR44: =10.2*COS(RADIANS(40*3)) -> -5.1 | BA44: =2.2*SIN(RADIANS(4*9)) -> 1.2931276 | BB44: =3.6+2.2*COS(RADIANS(4*9)) -> 5.3798374 | BH44: =9.6*SIN(RADIANS(13*3.6)) -> 6.9980988 | BI44: =9.6*COS(RADIANS(13*3.6)) -> 6.5716522 | BK44: =10.2*SIN(RADIANS(40*3)) -> 8.8334591 | BL44: =10.2*COS(RADIANS(40*3)) -> -5.1
F45: =IF((41*'Pie de rey'!$B$55)<=100,(41*'Pie de rey'!$B$55),-50) -> -50 | G45: 2.7 | H45: =IF((41*'Pie de rey'!$B$55)>100,"",CHOOSE('Pie de rey'!$B$57,(41*'Pie de rey'!$B$55+'Pie de rey'!$B$63)/10,IF(MOD((41*'Pie de rey'!$B$55+'Pie de rey'!$B$63),40)=0,(41*'Pie de rey'!$B$55+'Pie de rey'!$B$63)/40,MOD((41*'Pie de rey'!$B$55+'Pie de rey'!$B$63)/4,10)),IF(MOD((41*'Pie de rey'!$B$55+'Pie de rey'!$B$63),20)=0,(41*'Pie de rey'!$B$55+'Pie de rey'!$B$63)/20,MOD((41*'Pie de rey'!$B$55+'Pie de rey'!$B$63)/2,10)),(41*'Pie de rey'!$B$55+'Pie de rey'!$B$63)/16)&"") | AQ45: =10.2*SIN(RADIANS(41*3)) -> 8.5544398 | AR45: =10.2*COS(RADIANS(41*3)) -> -5.5553182 | BA45: =2.2*SIN(RADIANS(5*9)) -> 1.5556349 | BB45: =3.6+2.2*COS(RADIANS(5*9)) -> 5.1556349 | BK45: =10.2*SIN(RADIANS(41*3)) -> 8.5544398 | BL45: =10.2*COS(RADIANS(41*3)) -> -5.5553182
A46: 14 | B46: 0 | C46: =('Pie de rey'!$B$49/'Pie de rey'!$B$42-'Pie de rey'!$B$63)+MIN(14,'Pie de rey'!$B$43)*'Pie de rey'!$B$50 -> 18.75 | D46: 0 | F46: =IF((42*'Pie de rey'!$B$55)<=100,(42*'Pie de rey'!$B$55),-50) -> -50 | G46: 2.7 | H46: =IF((42*'Pie de rey'!$B$55)>100,"",CHOOSE('Pie de rey'!$B$57,(42*'Pie de rey'!$B$55+'Pie de rey'!$B$63)/10,IF(MOD((42*'Pie de rey'!$B$55+'Pie de rey'!$B$63),40)=0,(42*'Pie de rey'!$B$55+'Pie de rey'!$B$63)/40,MOD((42*'Pie de rey'!$B$55+'Pie de rey'!$B$63)/4,10)),IF(MOD((42*'Pie de rey'!$B$55+'Pie de rey'!$B$63),20)=0,(42*'Pie de rey'!$B$55+'Pie de rey'!$B$63)/20,MOD((42*'Pie de rey'!$B$55+'Pie de rey'!$B$63)/2,10)),(42*'Pie de rey'!$B$55+'Pie de rey'!$B$63)/16)&"") | P46: =IF(AND(14<=Micrómetro!$B$52,14<=Micrómetro!$B$43),14,-50) -> 14 | Q46: 0 | S46: =IF(ABS((((INT(Micrómetro!$B$54)-11+14))-Micrómetro!$B$54)*0.6)<=7.2,Micrómetro!$B$52,-50) -> 48.4 | T46: =IF(ABS((((INT(Micrómetro!$B$54)-11+14))-Micrómetro!$B$54)*0.6)<=7.2,(((INT(Micrómetro!$B$54)-11+14))-Micrómetro!$B$54)*0.6,0) -> 1.8 | AN46: =IF(MOD(14,10)=0,7.9,IF(MOD(14,5)=0,8.5,8.9))*SIN(RADIANS(14*3.6)) -> 6.8575679 | AO46: =IF(MOD(14,10)=0,7.9,IF(MOD(14,5)=0,8.5,8.9))*COS(RADIANS(14*3.6)) -> 5.6730735 | AQ46: =10.2*SIN(RADIANS(42*3)) -> 8.2519733 | AR46: =10.2*COS(RADIANS(42*3)) -> -5.9954096 | BA46: =2.2*SIN(RADIANS(6*9)) -> 1.7798374 | BB46: =3.6+2.2*COS(RADIANS(6*9)) -> 4.8931276 | BH46: =IF(MOD(14,10)=0,7.9,IF(MOD(14,5)=0,8.5,8.9))*SIN(RADIANS(14*3.6)) -> 6.8575679 | BI46: =IF(MOD(14,10)=0,7.9,IF(MOD(14,5)=0,8.5,8.9))*COS(RADIANS(14*3.6)) -> 5.6730735 | BK46: =10.2*SIN(RADIANS(42*3)) -> 8.2519733 | BL46: =10.2*COS(RADIANS(42*3)) -> -5.9954096
A47: 14 | B47: =IF(MOD(14,'Pie de rey'!$B$52)=0,2,IF(MOD(14,'Pie de rey'!$B$53)=0,1.5,IF(MOD(14,'Pie de rey'!$B$54)=0,1.1,0.75))) -> 0.75 | C47: =C46 -> 18.75 | D47: =IF(MOD(MIN(14,'Pie de rey'!$B$43),'Pie de rey'!$B$56)=0,-1.8,-1.1) -> -1.8 | F47: =IF((43*'Pie de rey'!$B$55)<=100,(43*'Pie de rey'!$B$55),-50) -> -50 | G47: 2.7 | H47: =IF((43*'Pie de rey'!$B$55)>100,"",CHOOSE('Pie de rey'!$B$57,(43*'Pie de rey'!$B$55+'Pie de rey'!$B$63)/10,IF(MOD((43*'Pie de rey'!$B$55+'Pie de rey'!$B$63),40)=0,(43*'Pie de rey'!$B$55+'Pie de rey'!$B$63)/40,MOD((43*'Pie de rey'!$B$55+'Pie de rey'!$B$63)/4,10)),IF(MOD((43*'Pie de rey'!$B$55+'Pie de rey'!$B$63),20)=0,(43*'Pie de rey'!$B$55+'Pie de rey'!$B$63)/20,MOD((43*'Pie de rey'!$B$55+'Pie de rey'!$B$63)/2,10)),(43*'Pie de rey'!$B$55+'Pie de rey'!$B$63)/16)&"") | P47: =IF(AND(14<=Micrómetro!$B$52,14<=Micrómetro!$B$43),14,-50) -> 14 | Q47: =IF(OR(Micrómetro!$B$41=1,MOD(14,2)=0),IF(Micrómetro!$B$41=1,IF(MOD(14,4)=0,1.6,1),IF(MOD(14,10)=0,1.6,1)),-1.1) -> 1 | S47: =IF(ABS((((INT(Micrómetro!$B$54)-11+14))-Micrómetro!$B$54)*0.6)<=7.2,Micrómetro!$B$52+IF(MOD((INT(Micrómetro!$B$54)-11+14),5)=0,2,1.2),-50) -> 49.6 | T47: =IF(ABS((((INT(Micrómetro!$B$54)-11+14))-Micrómetro!$B$54)*0.6)<=7.2,(((INT(Micrómetro!$B$54)-11+14))-Micrómetro!$B$54)*0.6,0) -> 1.8 | AN47: =9.6*SIN(RADIANS(14*3.6)) -> 7.3969271 | AO47: =9.6*COS(RADIANS(14*3.6)) -> 6.1192703 | AQ47: =10.2*SIN(RADIANS(43*3)) -> 7.9268888 | AR47: =10.2*COS(RADIANS(43*3)) -> -6.419068 | BA47: =2.2*SIN(RADIANS(7*9)) -> 1.9602144 | BB47: =3.6+2.2*COS(RADIANS(7*9)) -> 4.5987791 | BH47: =9.6*SIN(RADIANS(14*3.6)) -> 7.3969271 | BI47: =9.6*COS(RADIANS(14*3.6)) -> 6.1192703 | BK47: =10.2*SIN(RADIANS(43*3)) -> 7.9268888 | BL47: =10.2*COS(RADIANS(43*3)) -> -6.419068
F48: =IF((44*'Pie de rey'!$B$55)<=100,(44*'Pie de rey'!$B$55),-50) -> -50 | G48: 2.7 | H48: =IF((44*'Pie de rey'!$B$55)>100,"",CHOOSE('Pie de rey'!$B$57,(44*'Pie de rey'!$B$55+'Pie de rey'!$B$63)/10,IF(MOD((44*'Pie de rey'!$B$55+'Pie de rey'!$B$63),40)=0,(44*'Pie de rey'!$B$55+'Pie de rey'!$B$63)/40,MOD((44*'Pie de rey'!$B$55+'Pie de rey'!$B$63)/4,10)),IF(MOD((44*'Pie de rey'!$B$55+'Pie de rey'!$B$63),20)=0,(44*'Pie de rey'!$B$55+'Pie de rey'!$B$63)/20,MOD((44*'Pie de rey'!$B$55+'Pie de rey'!$B$63)/2,10)),(44*'Pie de rey'!$B$55+'Pie de rey'!$B$63)/16)&"") | AQ48: =10.2*SIN(RADIANS(44*3)) -> 7.5800772 | AR48: =10.2*COS(RADIANS(44*3)) -> -6.8251322 | BA48: =2.2*SIN(RADIANS(8*9)) -> 2.0923243 | BB48: =3.6+2.2*COS(RADIANS(8*9)) -> 4.2798374 | BK48: =10.2*SIN(RADIANS(44*3)) -> 7.5800772 | BL48: =10.2*COS(RADIANS(44*3)) -> -6.8251322
