Workbook

Sheet Presion_cilindro
A1: Avance del encendido · Desarrollo de la presión de combustión p(α)
A2: Reproduce la figura 2.20: presión en el cilindro frente al ángulo del cigüeñal α, con combustión normal (1), desarrollo irregular de la combustión / detonación (2) y la curva sin combustión (arrastre). Modelo de una zona: compresión y expansión politrópicas y liberación de calor con la ley de Wiebe. Cambie solo las celdas amarillas (azul = dato). Valores orientativos con fines didácticos. | N2: Tabla de cálculo (paso 0,5°)
N3: α (°) | O3: V (cm³) | P3: x_b curva 1 | Q3: p curva 1 (bar) | R3: p arrastre (bar) | S3: x_b curva 2 | T3: p curva 2 sin ondas (bar) | U3: p curva 2 (bar) | V3: W₁ (J) | W3: W₂ (J)
A4: Geometría del motor | N4: -180 | O4: =$B$30+PI()/4*($B$5/10)^2*($B$31+$B$7/10-$B$31*COS(RADIANS(N4))-SQRT(($B$7/10)^2-($B$31*SIN(RADIANS(N4)))^2)) -> 403.24087 | P4: =IF(N4>$B$36,1-EXP(-$B$16*((N4-$B$36)/$B$35)^($B$17+1)),0) -> 0 | Q4: =$B$32 -> 0.72 | R4: =$B$32 -> 0.72 | S4: =IF(N4<=$B$38,IF(N4>$B$37,1-EXP(-$B$16*((N4-$B$37)/$B$35)^($B$17+1)),0),$B$22+(1-$B$22)*(1-EXP(-(N4-$B$38)/$B$23))) -> 0 | T4: =$B$32 -> 0.72 | U4: =T4+IF(N4>$B$38,$B$24*EXP(-(N4-$B$38)/$B$26)*SIN(2*PI()*(N4-$B$38)/$B$39),0) -> 0.72 | V4: 0 | W4: 0
A5: Diámetro del cilindro D | B5: 76 | C5: mm | N5: -179.5 | O5: =$B$30+PI()/4*($B$5/10)^2*($B$31+$B$7/10-$B$31*COS(RADIANS(N5))-SQRT(($B$7/10)^2-($B$31*SIN(RADIANS(N5)))^2)) -> 403.23594 | P5: =IF(N5>$B$36,1-EXP(-$B$16*((N5-$B$36)/$B$35)^($B$17+1)),0) -> 0 | Q5: =Q4*(O4/O5)^$B$9+10*($B$9-1)*$B$33*(P5-P4)/((O4+O5)/2) -> 0.72001172 | R5: =R4*(O4/O5)^$B$9 -> 0.72001172 | S5: =IF(N5<=$B$38,IF(N5>$B$37,1-EXP(-$B$16*((N5-$B$37)/$B$35)^($B$17+1)),0),$B$22+(1-$B$22)*(1-EXP(-(N5-$B$38)/$B$23))) -> 0 | T5: =T4*(O4/O5)^$B$9+10*($B$9-1)*$B$33*(S5-S4)/((O4+O5)/2) -> 0.72001172 | U5: =T5+IF(N5>$B$38,$B$24*EXP(-(N5-$B$38)/$B$26)*SIN(2*PI()*(N5-$B$38)/$B$39),0) -> 0.72001172 | V5: =V4+(Q4+Q5)/2*(O5-O4)/10 -> -0.0003553449 | W5: =W4+(T4+T5)/2*(O5-O4)/10 -> -0.0003553449
A6: Carrera S | B6: 80 | C6: mm | N6: -179 | O6: =$B$30+PI()/4*($B$5/10)^2*($B$31+$B$7/10-$B$31*COS(RADIANS(N6))-SQRT(($B$7/10)^2-($B$31*SIN(RADIANS(N6)))^2)) -> 403.22113 | P6: =IF(N6>$B$36,1-EXP(-$B$16*((N6-$B$36)/$B$35)^($B$17+1)),0) -> 0 | Q6: =Q5*(O5/O6)^$B$9+10*($B$9-1)*$B$33*(P6-P5)/((O5+O6)/2) -> 0.72004688 | R6: =R5*(O5/O6)^$B$9 -> 0.72004688 | S6: =IF(N6<=$B$38,IF(N6>$B$37,1-EXP(-$B$16*((N6-$B$37)/$B$35)^($B$17+1)),0),$B$22+(1-$B$22)*(1-EXP(-(N6-$B$38)/$B$23))) -> 0 | T6: =T5*(O5/O6)^$B$9+10*($B$9-1)*$B$33*(S6-S5)/((O5+O6)/2) -> 0.72004688 | U6: =T6+IF(N6>$B$38,$B$24*EXP(-(N6-$B$38)/$B$26)*SIN(2*PI()*(N6-$B$38)/$B$39),0) -> 0.72004688 | V6: =V5+(Q5+Q6)/2*(O6-O5)/10 -> -0.0014214171 | W6: =W5+(T5+T6)/2*(O6-O5)/10 -> -0.0014214171
A7: Longitud de biela L | B7: 140 | C7: mm | N7: -178.5 | O7: =$B$30+PI()/4*($B$5/10)^2*($B$31+$B$7/10-$B$31*COS(RADIANS(N7))-SQRT(($B$7/10)^2-($B$31*SIN(RADIANS(N7)))^2)) -> 403.19645 | P7: =IF(N7>$B$36,1-EXP(-$B$16*((N7-$B$36)/$B$35)^($B$17+1)),0) -> 0 | Q7: =Q6*(O6/O7)^$B$9+10*($B$9-1)*$B$33*(P7-P6)/((O6+O7)/2) -> 0.7201055 | R7: =R6*(O6/O7)^$B$9 -> 0.7201055 | S7: =IF(N7<=$B$38,IF(N7>$B$37,1-EXP(-$B$16*((N7-$B$37)/$B$35)^($B$17+1)),0),$B$22+(1-$B$22)*(1-EXP(-(N7-$B$38)/$B$23))) -> 0 | T7: =T6*(O6/O7)^$B$9+10*($B$9-1)*$B$33*(S7-S6)/((O6+O7)/2) -> 0.7201055 | U7: =T7+IF(N7>$B$38,$B$24*EXP(-(N7-$B$38)/$B$26)*SIN(2*PI()*(N7-$B$38)/$B$39),0) -> 0.7201055 | V7: =V6+(Q6+Q7)/2*(O7-O6)/10 -> -0.0031983289 | W7: =W6+(T6+T7)/2*(O7-O6)/10 -> -0.0031983289
A8: Relación de compresión ε | B8: 10 | C8: — | N8: -178 | O8: =$B$30+PI()/4*($B$5/10)^2*($B$31+$B$7/10-$B$31*COS(RADIANS(N8))-SQRT(($B$7/10)^2-($B$31*SIN(RADIANS(N8)))^2)) -> 403.1619 | P8: =IF(N8>$B$36,1-EXP(-$B$16*((N8-$B$36)/$B$35)^($B$17+1)),0) -> 0 | Q8: =Q7*(O7/O8)^$B$9+10*($B$9-1)*$B$33*(P8-P7)/((O7+O8)/2) -> 0.72018757 | R8: =R7*(O7/O8)^$B$9 -> 0.72018757 | S8: =IF(N8<=$B$38,IF(N8>$B$37,1-EXP(-$B$16*((N8-$B$37)/$B$35)^($B$17+1)),0),$B$22+(1-$B$22)*(1-EXP(-(N8-$B$38)/$B$23))) -> 0 | T8: =T7*(O7/O8)^$B$9+10*($B$9-1)*$B$33*(S8-S7)/((O7+O8)/2) -> 0.72018757 | U8: =T8+IF(N8>$B$38,$B$24*EXP(-(N8-$B$38)/$B$26)*SIN(2*PI()*(N8-$B$38)/$B$39),0) -> 0.72018757 | V8: =V7+(Q7+Q8)/2*(O8-O7)/10 -> -0.0056862677 | W8: =W7+(T7+T8)/2*(O8-O7)/10 -> -0.0056862677
A9: Exponente politrópico γ | B9: 1.33 | C9: — | N9: -177.5 | O9: =$B$30+PI()/4*($B$5/10)^2*($B$31+$B$7/10-$B$31*COS(RADIANS(N9))-SQRT(($B$7/10)^2-($B$31*SIN(RADIANS(N9)))^2)) -> 403.11749 | P9: =IF(N9>$B$36,1-EXP(-$B$16*((N9-$B$36)/$B$35)^($B$17+1)),0) -> 0 | Q9: =Q8*(O8/O9)^$B$9+10*($B$9-1)*$B$33*(P9-P8)/((O8+O9)/2) -> 0.72029311 | R9: =R8*(O8/O9)^$B$9 -> 0.72029311 | S9: =IF(N9<=$B$38,IF(N9>$B$37,1-EXP(-$B$16*((N9-$B$37)/$B$35)^($B$17+1)),0),$B$22+(1-$B$22)*(1-EXP(-(N9-$B$38)/$B$23))) -> 0 | T9: =T8*(O8/O9)^$B$9+10*($B$9-1)*$B$33*(S9-S8)/((O8+O9)/2) -> 0.72029311 | U9: =T9+IF(N9>$B$38,$B$24*EXP(-(N9-$B$38)/$B$26)*SIN(2*PI()*(N9-$B$38)/$B$39),0) -> 0.72029311 | V9: =V8+(Q8+Q9)/2*(O9-O8)/10 -> -0.008885496 | W9: =W8+(T8+T9)/2*(O9-O8)/10 -> -0.008885496
A10: Funcionamiento | N10: -177 | O10: =$B$30+PI()/4*($B$5/10)^2*($B$31+$B$7/10-$B$31*COS(RADIANS(N10))-SQRT(($B$7/10)^2-($B$31*SIN(RADIANS(N10)))^2)) -> 403.0632 | P10: =IF(N10>$B$36,1-EXP(-$B$16*((N10-$B$36)/$B$35)^($B$17+1)),0) -> 0 | Q10: =Q9*(O9/O10)^$B$9+10*($B$9-1)*$B$33*(P10-P9)/((O9+O10)/2) -> 0.72042215 | R10: =R9*(O9/O10)^$B$9 -> 0.72042215 | S10: =IF(N10<=$B$38,IF(N10>$B$37,1-EXP(-$B$16*((N10-$B$37)/$B$35)^($B$17+1)),0),$B$22+(1-$B$22)*(1-EXP(-(N10-$B$38)/$B$23))) -> 0 | T10: =T9*(O9/O10)^$B$9+10*($B$9-1)*$B$33*(S10-S9)/((O9+O10)/2) -> 0.72042215 | U10: =T10+IF(N10>$B$38,$B$24*EXP(-(N10-$B$38)/$B$26)*SIN(2*PI()*(N10-$B$38)/$B$39),0) -> 0.72042215 | V10: =V9+(Q9+Q10)/2*(O10-O9)/10 -> -0.012796351 | W10: =W9+(T9+T10)/2*(O10-O9)/10 -> -0.012796351
A11: Régimen n | B11: 2000 | C11: rpm | N11: -176.5 | O11: =$B$30+PI()/4*($B$5/10)^2*($B$31+$B$7/10-$B$31*COS(RADIANS(N11))-SQRT(($B$7/10)^2-($B$31*SIN(RADIANS(N11)))^2)) -> 402.99903 | P11: =IF(N11>$B$36,1-EXP(-$B$16*((N11-$B$36)/$B$35)^($B$17+1)),0) -> 0 | Q11: =Q10*(O10/O11)^$B$9+10*($B$9-1)*$B$33*(P11-P10)/((O10+O11)/2) -> 0.72057471 | R11: =R10*(O10/O11)^$B$9 -> 0.72057471 | S11: =IF(N11<=$B$38,IF(N11>$B$37,1-EXP(-$B$16*((N11-$B$37)/$B$35)^($B$17+1)),0),$B$22+(1-$B$22)*(1-EXP(-(N11-$B$38)/$B$23))) -> 0 | T11: =T10*(O10/O11)^$B$9+10*($B$9-1)*$B$33*(S11-S10)/((O10+O11)/2) -> 0.72057471 | U11: =T11+IF(N11>$B$38,$B$24*EXP(-(N11-$B$38)/$B$26)*SIN(2*PI()*(N11-$B$38)/$B$39),0) -> 0.72057471 | V11: =V10+(Q10+Q11)/2*(O11-O10)/10 -> -0.017419245 | W11: =W10+(T10+T11)/2*(O11-O10)/10 -> -0.017419245
A12: Carga (apertura de mariposa) | B12: 0.6 | C12: % | N12: -176 | O12: =$B$30+PI()/4*($B$5/10)^2*($B$31+$B$7/10-$B$31*COS(RADIANS(N12))-SQRT(($B$7/10)^2-($B$31*SIN(RADIANS(N12)))^2)) -> 402.925 | P12: =IF(N12>$B$36,1-EXP(-$B$16*((N12-$B$36)/$B$35)^($B$17+1)),0) -> 0 | Q12: =Q11*(O11/O12)^$B$9+10*($B$9-1)*$B$33*(P12-P11)/((O11+O12)/2) -> 0.72075081 | R12: =R11*(O11/O12)^$B$9 -> 0.72075081 | S12: =IF(N12<=$B$38,IF(N12>$B$37,1-EXP(-$B$16*((N12-$B$37)/$B$35)^($B$17+1)),0),$B$22+(1-$B$22)*(1-EXP(-(N12-$B$38)/$B$23))) -> 0 | T12: =T11*(O11/O12)^$B$9+10*($B$9-1)*$B$33*(S12-S11)/((O11+O12)/2) -> 0.72075081 | U12: =T12+IF(N12>$B$38,$B$24*EXP(-(N12-$B$38)/$B$26)*SIN(2*PI()*(N12-$B$38)/$B$39),0) -> 0.72075081 | V12: =V11+(Q11+Q12)/2*(O12-O11)/10 -> -0.022754666 | W12: =W11+(T11+T12)/2*(O12-O11)/10 -> -0.022754666
A13: Calor aportado a plena carga Q | B13: 650 | C13: J | N13: -175.5 | O13: =$B$30+PI()/4*($B$5/10)^2*($B$31+$B$7/10-$B$31*COS(RADIANS(N13))-SQRT(($B$7/10)^2-($B$31*SIN(RADIANS(N13)))^2)) -> 402.84109 | P13: =IF(N13>$B$36,1-EXP(-$B$16*((N13-$B$36)/$B$35)^($B$17+1)),0) -> 0 | Q13: =Q12*(O12/O13)^$B$9+10*($B$9-1)*$B$33*(P13-P12)/((O12+O13)/2) -> 0.72095048 | R13: =R12*(O12/O13)^$B$9 -> 0.72095048 | S13: =IF(N13<=$B$38,IF(N13>$B$37,1-EXP(-$B$16*((N13-$B$37)/$B$35)^($B$17+1)),0),$B$22+(1-$B$22)*(1-EXP(-(N13-$B$38)/$B$23))) -> 0 | T13: =T12*(O12/O13)^$B$9+10*($B$9-1)*$B$33*(S13-S12)/((O12+O13)/2) -> 0.72095048 | U13: =T13+IF(N13>$B$38,$B$24*EXP(-(N13-$B$38)/$B$26)*SIN(2*PI()*(N13-$B$38)/$B$39),0) -> 0.72095048 | V13: =V12+(Q12+Q13)/2*(O13-O12)/10 -> -0.028803176 | W13: =W12+(T12+T13)/2*(O13-O12)/10 -> -0.028803176
A14: Retardo de inflamación | B14: 0.6 | C14: ms | N14: -175 | O14: =$B$30+PI()/4*($B$5/10)^2*($B$31+$B$7/10-$B$31*COS(RADIANS(N14))-SQRT(($B$7/10)^2-($B$31*SIN(RADIANS(N14)))^2)) -> 402.74731 | P14: =IF(N14>$B$36,1-EXP(-$B$16*((N14-$B$36)/$B$35)^($B$17+1)),0) -> 0 | Q14: =Q13*(O13/O14)^$B$9+10*($B$9-1)*$B$33*(P14-P13)/((O13+O14)/2) -> 0.72117376 | R14: =R13*(O13/O14)^$B$9 -> 0.72117376 | S14: =IF(N14<=$B$38,IF(N14>$B$37,1-EXP(-$B$16*((N14-$B$37)/$B$35)^($B$17+1)),0),$B$22+(1-$B$22)*(1-EXP(-(N14-$B$38)/$B$23))) -> 0 | T14: =T13*(O13/O14)^$B$9+10*($B$9-1)*$B$33*(S14-S13)/((O13+O14)/2) -> 0.72117376 | U14: =T14+IF(N14>$B$38,$B$24*EXP(-(N14-$B$38)/$B$26)*SIN(2*PI()*(N14-$B$38)/$B$39),0) -> 0.72117376 | V14: =V13+(Q13+Q14)/2*(O14-O13)/10 -> -0.035565413 | W14: =W13+(T13+T14)/2*(O14-O13)/10 -> -0.035565413
A15: Duración de la combustión a plena carga | B15: 40 | C15: ° | N15: -174.5 | O15: =$B$30+PI()/4*($B$5/10)^2*($B$31+$B$7/10-$B$31*COS(RADIANS(N15))-SQRT(($B$7/10)^2-($B$31*SIN(RADIANS(N15)))^2)) -> 402.64365 | P15: =IF(N15>$B$36,1-EXP(-$B$16*((N15-$B$36)/$B$35)^($B$17+1)),0) -> 0 | Q15: =Q14*(O14/O15)^$B$9+10*($B$9-1)*$B$33*(P15-P14)/((O14+O15)/2) -> 0.7214207 | R15: =R14*(O14/O15)^$B$9 -> 0.7214207 | S15: =IF(N15<=$B$38,IF(N15>$B$37,1-EXP(-$B$16*((N15-$B$37)/$B$35)^($B$17+1)),0),$B$22+(1-$B$22)*(1-EXP(-(N15-$B$38)/$B$23))) -> 0 | T15: =T14*(O14/O15)^$B$9+10*($B$9-1)*$B$33*(S15-S14)/((O14+O15)/2) -> 0.7214207 | U15: =T15+IF(N15>$B$38,$B$24*EXP(-(N15-$B$38)/$B$26)*SIN(2*PI()*(N15-$B$38)/$B$39),0) -> 0.7214207 | V15: =V14+(Q14+Q15)/2*(O15-O14)/10 -> -0.043042091 | W15: =W14+(T14+T15)/2*(O15-O14)/10 -> -0.043042091
A16: Parámetro de Wiebe a | B16: 5 | C16: — | N16: -174 | O16: =$B$30+PI()/4*($B$5/10)^2*($B$31+$B$7/10-$B$31*COS(RADIANS(N16))-SQRT(($B$7/10)^2-($B$31*SIN(RADIANS(N16)))^2)) -> 402.53012 | P16: =IF(N16>$B$36,1-EXP(-$B$16*((N16-$B$36)/$B$35)^($B$17+1)),0) -> 0 | Q16: =Q15*(O15/O16)^$B$9+10*($B$9-1)*$B$33*(P16-P15)/((O15+O16)/2) -> 0.72169133 | R16: =R15*(O15/O16)^$B$9 -> 0.72169133 | S16: =IF(N16<=$B$38,IF(N16>$B$37,1-EXP(-$B$16*((N16-$B$37)/$B$35)^($B$17+1)),0),$B$22+(1-$B$22)*(1-EXP(-(N16-$B$38)/$B$23))) -> 0 | T16: =T15*(O15/O16)^$B$9+10*($B$9-1)*$B$33*(S16-S15)/((O15+O16)/2) -> 0.72169133 | U16: =T16+IF(N16>$B$38,$B$24*EXP(-(N16-$B$38)/$B$26)*SIN(2*PI()*(N16-$B$38)/$B$39),0) -> 0.72169133 | V16: =V15+(Q15+Q16)/2*(O16-O15)/10 -> -0.051233998 | W16: =W15+(T15+T16)/2*(O16-O15)/10 -> -0.051233998
A17: Parámetro de forma m | B17: 2 | C17: — | N17: -173.5 | O17: =$B$30+PI()/4*($B$5/10)^2*($B$31+$B$7/10-$B$31*COS(RADIANS(N17))-SQRT(($B$7/10)^2-($B$31*SIN(RADIANS(N17)))^2)) -> 402.40671 | P17: =IF(N17>$B$36,1-EXP(-$B$16*((N17-$B$36)/$B$35)^($B$17+1)),0) -> 0 | Q17: =Q16*(O16/O17)^$B$9+10*($B$9-1)*$B$33*(P17-P16)/((O16+O17)/2) -> 0.72198571 | R17: =R16*(O16/O17)^$B$9 -> 0.72198571 | S17: =IF(N17<=$B$38,IF(N17>$B$37,1-EXP(-$B$16*((N17-$B$37)/$B$35)^($B$17+1)),0),$B$22+(1-$B$22)*(1-EXP(-(N17-$B$38)/$B$23))) -> 0 | T17: =T16*(O16/O17)^$B$9+10*($B$9-1)*$B$33*(S17-S16)/((O16+O17)/2) -> 0.72198571 | U17: =T17+IF(N17>$B$38,$B$24*EXP(-(N17-$B$38)/$B$26)*SIN(2*PI()*(N17-$B$38)/$B$39),0) -> 0.72198571 | V17: =V16+(Q16+Q17)/2*(O17-O16)/10 -> -0.060141998 | W17: =W16+(T16+T17)/2*(O17-O16)/10 -> -0.060141998
A18: Curva 1 · Combustión normal | N18: -173 | O18: =$B$30+PI()/4*($B$5/10)^2*($B$31+$B$7/10-$B$31*COS(RADIANS(N18))-SQRT(($B$7/10)^2-($B$31*SIN(RADIANS(N18)))^2)) -> 402.27343 | P18: =IF(N18>$B$36,1-EXP(-$B$16*((N18-$B$36)/$B$35)^($B$17+1)),0) -> 0 | Q18: =Q17*(O17/O18)^$B$9+10*($B$9-1)*$B$33*(P18-P17)/((O17+O18)/2) -> 0.72230388 | R18: =R17*(O17/O18)^$B$9 -> 0.72230388 | S18: =IF(N18<=$B$38,IF(N18>$B$37,1-EXP(-$B$16*((N18-$B$37)/$B$35)^($B$17+1)),0),$B$22+(1-$B$22)*(1-EXP(-(N18-$B$38)/$B$23))) -> 0 | T18: =T17*(O17/O18)^$B$9+10*($B$9-1)*$B$33*(S18-S17)/((O17+O18)/2) -> 0.72230388 | U18: =T18+IF(N18>$B$38,$B$24*EXP(-(N18-$B$38)/$B$26)*SIN(2*PI()*(N18-$B$38)/$B$39),0) -> 0.72230388 | V18: =V17+(Q17+Q18)/2*(O18-O17)/10 -> -0.069767032 | W18: =W17+(T17+T18)/2*(O18-O17)/10 -> -0.069767032
A19: Avance del encendido AE (curva 1) | B19: 30 | C19: ° APMS | N19: -172.5 | O19: =$B$30+PI()/4*($B$5/10)^2*($B$31+$B$7/10-$B$31*COS(RADIANS(N19))-SQRT(($B$7/10)^2-($B$31*SIN(RADIANS(N19)))^2)) -> 402.13027 | P19: =IF(N19>$B$36,1-EXP(-$B$16*((N19-$B$36)/$B$35)^($B$17+1)),0) -> 0 | Q19: =Q18*(O18/O19)^$B$9+10*($B$9-1)*$B$33*(P19-P18)/((O18+O19)/2) -> 0.7226459 | R19: =R18*(O18/O19)^$B$9 -> 0.7226459 | S19: =IF(N19<=$B$38,IF(N19>$B$37,1-EXP(-$B$16*((N19-$B$37)/$B$35)^($B$17+1)),0),$B$22+(1-$B$22)*(1-EXP(-(N19-$B$38)/$B$23))) -> 0 | T19: =T18*(O18/O19)^$B$9+10*($B$9-1)*$B$33*(S19-S18)/((O18+O19)/2) -> 0.7226459 | U19: =T19+IF(N19>$B$38,$B$24*EXP(-(N19-$B$38)/$B$26)*SIN(2*PI()*(N19-$B$38)/$B$39),0) -> 0.7226459 | V19: =V18+(Q18+Q19)/2*(O19-O18)/10 -> -0.080110113 | W19: =W18+(T18+T19)/2*(O19-O18)/10 -> -0.080110113
A20: Curva 2 · Desarrollo irregular (detonación) | N20: -172 | O20: =$B$30+PI()/4*($B$5/10)^2*($B$31+$B$7/10-$B$31*COS(RADIANS(N20))-SQRT(($B$7/10)^2-($B$31*SIN(RADIANS(N20)))^2)) -> 401.97723 | P20: =IF(N20>$B$36,1-EXP(-$B$16*((N20-$B$36)/$B$35)^($B$17+1)),0) -> 0 | Q20: =Q19*(O19/O20)^$B$9+10*($B$9-1)*$B$33*(P20-P19)/((O19+O20)/2) -> 0.72301184 | R20: =R19*(O19/O20)^$B$9 -> 0.72301184 | S20: =IF(N20<=$B$38,IF(N20>$B$37,1-EXP(-$B$16*((N20-$B$37)/$B$35)^($B$17+1)),0),$B$22+(1-$B$22)*(1-EXP(-(N20-$B$38)/$B$23))) -> 0 | T20: =T19*(O19/O20)^$B$9+10*($B$9-1)*$B$33*(S20-S19)/((O19+O20)/2) -> 0.72301184 | U20: =T20+IF(N20>$B$38,$B$24*EXP(-(N20-$B$38)/$B$26)*SIN(2*PI()*(N20-$B$38)/$B$39),0) -> 0.72301184 | V20: =V19+(Q19+Q20)/2*(O20-O19)/10 -> -0.091172335 | W20: =W19+(T19+T20)/2*(O20-O19)/10 -> -0.091172335
A21: Avance del encendido AE (curva 2) | B21: 34 | C21: ° APMS | N21: -171.5 | O21: =$B$30+PI()/4*($B$5/10)^2*($B$31+$B$7/10-$B$31*COS(RADIANS(N21))-SQRT(($B$7/10)^2-($B$31*SIN(RADIANS(N21)))^2)) -> 401.81431 | P21: =IF(N21>$B$36,1-EXP(-$B$16*((N21-$B$36)/$B$35)^($B$17+1)),0) -> 0 | Q21: =Q20*(O20/O21)^$B$9+10*($B$9-1)*$B$33*(P21-P20)/((O20+O21)/2) -> 0.72340176 | R21: =R20*(O20/O21)^$B$9 -> 0.72340176 | S21: =IF(N21<=$B$38,IF(N21>$B$37,1-EXP(-$B$16*((N21-$B$37)/$B$35)^($B$17+1)),0),$B$22+(1-$B$22)*(1-EXP(-(N21-$B$38)/$B$23))) -> 0 | T21: =T20*(O20/O21)^$B$9+10*($B$9-1)*$B$33*(S21-S20)/((O20+O21)/2) -> 0.72340176 | U21: =T21+IF(N21>$B$38,$B$24*EXP(-(N21-$B$38)/$B$26)*SIN(2*PI()*(N21-$B$38)/$B$39),0) -> 0.72340176 | V21: =V20+(Q20+Q21)/2*(O21-O20)/10 -> -0.10295486 | W21: =W20+(T20+T21)/2*(O21-O20)/10 -> -0.10295486
A22: Fracción quemada al iniciar la detonación | B22: 0.6 | C22: — | N22: -171 | O22: =$B$30+PI()/4*($B$5/10)^2*($B$31+$B$7/10-$B$31*COS(RADIANS(N22))-SQRT(($B$7/10)^2-($B$31*SIN(RADIANS(N22)))^2)) -> 401.64151 | P22: =IF(N22>$B$36,1-EXP(-$B$16*((N22-$B$36)/$B$35)^($B$17+1)),0) -> 0 | Q22: =Q21*(O21/O22)^$B$9+10*($B$9-1)*$B$33*(P22-P21)/((O21+O22)/2) -> 0.72381573 | R22: =R21*(O21/O22)^$B$9 -> 0.72381573 | S22: =IF(N22<=$B$38,IF(N22>$B$37,1-EXP(-$B$16*((N22-$B$37)/$B$35)^($B$17+1)),0),$B$22+(1-$B$22)*(1-EXP(-(N22-$B$38)/$B$23))) -> 0 | T22: =T21*(O21/O22)^$B$9+10*($B$9-1)*$B$33*(S22-S21)/((O21+O22)/2) -> 0.72381573 | U22: =T22+IF(N22>$B$38,$B$24*EXP(-(N22-$B$38)/$B$26)*SIN(2*PI()*(N22-$B$38)/$B$39),0) -> 0.72381573 | V22: =V21+(Q21+Q22)/2*(O22-O21)/10 -> -0.11545894 | W22: =W21+(T21+T22)/2*(O22-O21)/10 -> -0.11545894
A23: Rapidez de la combustión detonante τ | B23: 1.5 | C23: ° | N23: -170.5 | O23: =$B$30+PI()/4*($B$5/10)^2*($B$31+$B$7/10-$B$31*COS(RADIANS(N23))-SQRT(($B$7/10)^2-($B$31*SIN(RADIANS(N23)))^2)) -> 401.45882 | P23: =IF(N23>$B$36,1-EXP(-$B$16*((N23-$B$36)/$B$35)^($B$17+1)),0) -> 0 | Q23: =Q22*(O22/O23)^$B$9+10*($B$9-1)*$B$33*(P23-P22)/((O22+O23)/2) -> 0.72425383 | R23: =R22*(O22/O23)^$B$9 -> 0.72425383 | S23: =IF(N23<=$B$38,IF(N23>$B$37,1-EXP(-$B$16*((N23-$B$37)/$B$35)^($B$17+1)),0),$B$22+(1-$B$22)*(1-EXP(-(N23-$B$38)/$B$23))) -> 0 | T23: =T22*(O22/O23)^$B$9+10*($B$9-1)*$B$33*(S23-S22)/((O22+O23)/2) -> 0.72425383 | U23: =T23+IF(N23>$B$38,$B$24*EXP(-(N23-$B$38)/$B$26)*SIN(2*PI()*(N23-$B$38)/$B$39),0) -> 0.72425383 | V23: =V22+(Q22+Q23)/2*(O23-O22)/10 -> -0.1286859 | W23: =W22+(T22+T23)/2*(O23-O22)/10 -> -0.1286859
A24: Amplitud de las oscilaciones | B24: 3 | C24: bar | N24: -170 | O24: =$B$30+PI()/4*($B$5/10)^2*($B$31+$B$7/10-$B$31*COS(RADIANS(N24))-SQRT(($B$7/10)^2-($B$31*SIN(RADIANS(N24)))^2)) -> 401.26625 | P24: =IF(N24>$B$36,1-EXP(-$B$16*((N24-$B$36)/$B$35)^($B$17+1)),0) -> 0 | Q24: =Q23*(O23/O24)^$B$9+10*($B$9-1)*$B$33*(P24-P23)/((O23+O24)/2) -> 0.72471614 | R24: =R23*(O23/O24)^$B$9 -> 0.72471614 | S24: =IF(N24<=$B$38,IF(N24>$B$37,1-EXP(-$B$16*((N24-$B$37)/$B$35)^($B$17+1)),0),$B$22+(1-$B$22)*(1-EXP(-(N24-$B$38)/$B$23))) -> 0 | T24: =T23*(O23/O24)^$B$9+10*($B$9-1)*$B$33*(S24-S23)/((O23+O24)/2) -> 0.72471614 | U24: =T24+IF(N24>$B$38,$B$24*EXP(-(N24-$B$38)/$B$26)*SIN(2*PI()*(N24-$B$38)/$B$39),0) -> 0.72471614 | V24: =V23+(Q23+Q24)/2*(O24-O23)/10 -> -0.14263711 | W24: =W23+(T23+T24)/2*(O24-O23)/10 -> -0.14263711
A25: Frecuencia de las oscilaciones | B25: 6 | C25: kHz | N25: -169.5 | O25: =$B$30+PI()/4*($B$5/10)^2*($B$31+$B$7/10-$B$31*COS(RADIANS(N25))-SQRT(($B$7/10)^2-($B$31*SIN(RADIANS(N25)))^2)) -> 401.0638 | P25: =IF(N25>$B$36,1-EXP(-$B$16*((N25-$B$36)/$B$35)^($B$17+1)),0) -> 0 | Q25: =Q24*(O24/O25)^$B$9+10*($B$9-1)*$B$33*(P25-P24)/((O24+O25)/2) -> 0.72520273 | R25: =R24*(O24/O25)^$B$9 -> 0.72520273 | S25: =IF(N25<=$B$38,IF(N25>$B$37,1-EXP(-$B$16*((N25-$B$37)/$B$35)^($B$17+1)),0),$B$22+(1-$B$22)*(1-EXP(-(N25-$B$38)/$B$23))) -> 0 | T25: =T24*(O24/O25)^$B$9+10*($B$9-1)*$B$33*(S25-S24)/((O24+O25)/2) -> 0.72520273 | U25: =T25+IF(N25>$B$38,$B$24*EXP(-(N25-$B$38)/$B$26)*SIN(2*PI()*(N25-$B$38)/$B$39),0) -> 0.72520273 | V25: =V24+(Q24+Q25)/2*(O25-O24)/10 -> -0.15731407 | W25: =W24+(T24+T25)/2*(O25-O24)/10 -> -0.15731407
A26: Amortiguación de las oscilaciones | B26: 10 | C26: ° | N26: -169 | O26: =$B$30+PI()/4*($B$5/10)^2*($B$31+$B$7/10-$B$31*COS(RADIANS(N26))-SQRT(($B$7/10)^2-($B$31*SIN(RADIANS(N26)))^2)) -> 400.85146 | P26: =IF(N26>$B$36,1-EXP(-$B$16*((N26-$B$36)/$B$35)^($B$17+1)),0) -> 0 | Q26: =Q25*(O25/O26)^$B$9+10*($B$9-1)*$B$33*(P26-P25)/((O25+O26)/2) -> 0.7257137 | R26: =R25*(O25/O26)^$B$9 -> 0.7257137 | S26: =IF(N26<=$B$38,IF(N26>$B$37,1-EXP(-$B$16*((N26-$B$37)/$B$35)^($B$17+1)),0),$B$22+(1-$B$22)*(1-EXP(-(N26-$B$38)/$B$23))) -> 0 | T26: =T25*(O25/O26)^$B$9+10*($B$9-1)*$B$33*(S26-S25)/((O25+O26)/2) -> 0.7257137 | U26: =T26+IF(N26>$B$38,$B$24*EXP(-(N26-$B$38)/$B$26)*SIN(2*PI()*(N26-$B$38)/$B$39),0) -> 0.7257137 | V26: =V25+(Q25+Q26)/2*(O26-O25)/10 -> -0.17271832 | W26: =W25+(T25+T26)/2*(O26-O25)/10 -> -0.17271832
N27: -168.5 | O27: =$B$30+PI()/4*($B$5/10)^2*($B$31+$B$7/10-$B$31*COS(RADIANS(N27))-SQRT(($B$7/10)^2-($B$31*SIN(RADIANS(N27)))^2)) -> 400.62924 | P27: =IF(N27>$B$36,1-EXP(-$B$16*((N27-$B$36)/$B$35)^($B$17+1)),0) -> 0 | Q27: =Q26*(O26/O27)^$B$9+10*($B$9-1)*$B$33*(P27-P26)/((O26+O27)/2) -> 0.72624913 | R27: =R26*(O26/O27)^$B$9 -> 0.72624913 | S27: =IF(N27<=$B$38,IF(N27>$B$37,1-EXP(-$B$16*((N27-$B$37)/$B$35)^($B$17+1)),0),$B$22+(1-$B$22)*(1-EXP(-(N27-$B$38)/$B$23))) -> 0 | T27: =T26*(O26/O27)^$B$9+10*($B$9-1)*$B$33*(S27-S26)/((O26+O27)/2) -> 0.72624913 | U27: =T27+IF(N27>$B$38,$B$24*EXP(-(N27-$B$38)/$B$26)*SIN(2*PI()*(N27-$B$38)/$B$39),0) -> 0.72624913 | V27: =V26+(Q26+Q27)/2*(O27-O26)/10 -> -0.18885148 | W27: =W26+(T26+T27)/2*(O27-O26)/10 -> -0.18885148
A28: Valores calculados | N28: -168 | O28: =$B$30+PI()/4*($B$5/10)^2*($B$31+$B$7/10-$B$31*COS(RADIANS(N28))-SQRT(($B$7/10)^2-($B$31*SIN(RADIANS(N28)))^2)) -> 400.39712 | P28: =IF(N28>$B$36,1-EXP(-$B$16*((N28-$B$36)/$B$35)^($B$17+1)),0) -> 0 | Q28: =Q27*(O27/O28)^$B$9+10*($B$9-1)*$B$33*(P28-P27)/((O27+O28)/2) -> 0.72680913 | R28: =R27*(O27/O28)^$B$9 -> 0.72680913 | S28: =IF(N28<=$B$38,IF(N28>$B$37,1-EXP(-$B$16*((N28-$B$37)/$B$35)^($B$17+1)),0),$B$22+(1-$B$22)*(1-EXP(-(N28-$B$38)/$B$23))) -> 0 | T28: =T27*(O27/O28)^$B$9+10*($B$9-1)*$B$33*(S28-S27)/((O27+O28)/2) -> 0.72680913 | U28: =T28+IF(N28>$B$38,$B$24*EXP(-(N28-$B$38)/$B$26)*SIN(2*PI()*(N28-$B$38)/$B$39),0) -> 0.72680913 | V28: =V27+(Q27+Q28)/2*(O28-O27)/10 -> -0.20571527 | W28: =W27+(T27+T28)/2*(O28-O27)/10 -> -0.20571527
A29: Cilindrada unitaria Vd | B29: =PI()/4*($B$5/10)^2*($B$6/10) -> 362.91678 | C29: cm³ | N29: -167.5 | O29: =$B$30+PI()/4*($B$5/10)^2*($B$31+$B$7/10-$B$31*COS(RADIANS(N29))-SQRT(($B$7/10)^2-($B$31*SIN(RADIANS(N29)))^2)) -> 400.15512 | P29: =IF(N29>$B$36,1-EXP(-$B$16*((N29-$B$36)/$B$35)^($B$17+1)),0) -> 0 | Q29: =Q28*(O28/O29)^$B$9+10*($B$9-1)*$B$33*(P29-P28)/((O28+O29)/2) -> 0.7273938 | R29: =R28*(O28/O29)^$B$9 -> 0.7273938 | S29: =IF(N29<=$B$38,IF(N29>$B$37,1-EXP(-$B$16*((N29-$B$37)/$B$35)^($B$17+1)),0),$B$22+(1-$B$22)*(1-EXP(-(N29-$B$38)/$B$23))) -> 0 | T29: =T28*(O28/O29)^$B$9+10*($B$9-1)*$B$33*(S29-S28)/((O28+O29)/2) -> 0.7273938 | U29: =T29+IF(N29>$B$38,$B$24*EXP(-(N29-$B$38)/$B$26)*SIN(2*PI()*(N29-$B$38)/$B$39),0) -> 0.7273938 | V29: =V28+(Q28+Q29)/2*(O29-O28)/10 -> -0.22331145 | W29: =W28+(T28+T29)/2*(O29-O28)/10 -> -0.22331145
A30: Volumen de la cámara Vc | B30: =$B$29/($B$8-1) -> 40.324087 | C30: cm³ | N30: -167 | O30: =$B$30+PI()/4*($B$5/10)^2*($B$31+$B$7/10-$B$31*COS(RADIANS(N30))-SQRT(($B$7/10)^2-($B$31*SIN(RADIANS(N30)))^2)) -> 399.90322 | P30: =IF(N30>$B$36,1-EXP(-$B$16*((N30-$B$36)/$B$35)^($B$17+1)),0) -> 0 | Q30: =Q29*(O29/O30)^$B$9+10*($B$9-1)*$B$33*(P30-P29)/((O29+O30)/2) -> 0.72800325 | R30: =R29*(O29/O30)^$B$9 -> 0.72800325 | S30: =IF(N30<=$B$38,IF(N30>$B$37,1-EXP(-$B$16*((N30-$B$37)/$B$35)^($B$17+1)),0),$B$22+(1-$B$22)*(1-EXP(-(N30-$B$38)/$B$23))) -> 0 | T30: =T29*(O29/O30)^$B$9+10*($B$9-1)*$B$33*(S30-S29)/((O29+O30)/2) -> 0.72800325 | U30: =T30+IF(N30>$B$38,$B$24*EXP(-(N30-$B$38)/$B$26)*SIN(2*PI()*(N30-$B$38)/$B$39),0) -> 0.72800325 | V30: =V29+(Q29+Q30)/2*(O30-O29)/10 -> -0.2416419 | W30: =W29+(T29+T30)/2*(O30-O29)/10 -> -0.2416419
A31: Radio de la manivela r | B31: =$B$6/20 -> 4 | C31: cm | N31: -166.5 | O31: =$B$30+PI()/4*($B$5/10)^2*($B$31+$B$7/10-$B$31*COS(RADIANS(N31))-SQRT(($B$7/10)^2-($B$31*SIN(RADIANS(N31)))^2)) -> 399.64143 | P31: =IF(N31>$B$36,1-EXP(-$B$16*((N31-$B$36)/$B$35)^($B$17+1)),0) -> 0 | Q31: =Q30*(O30/O31)^$B$9+10*($B$9-1)*$B$33*(P31-P30)/((O30+O31)/2) -> 0.72863757 | R31: =R30*(O30/O31)^$B$9 -> 0.72863757 | S31: =IF(N31<=$B$38,IF(N31>$B$37,1-EXP(-$B$16*((N31-$B$37)/$B$35)^($B$17+1)),0),$B$22+(1-$B$22)*(1-EXP(-(N31-$B$38)/$B$23))) -> 0 | T31: =T30*(O30/O31)^$B$9+10*($B$9-1)*$B$33*(S31-S30)/((O30+O31)/2) -> 0.72863757 | U31: =T31+IF(N31>$B$38,$B$24*EXP(-(N31-$B$38)/$B$26)*SIN(2*PI()*(N31-$B$38)/$B$39),0) -> 0.72863757 | V31: =V30+(Q30+Q31)/2*(O31-O30)/10 -> -0.26070855 | W31: =W30+(T30+T31)/2*(O31-O30)/10 -> -0.26070855
A32: Presión al cerrar la admisión p₀ | B32: =0.3+0.7*$B$12 -> 0.72 | C32: bar | N32: -166 | O32: =$B$30+PI()/4*($B$5/10)^2*($B$31+$B$7/10-$B$31*COS(RADIANS(N32))-SQRT(($B$7/10)^2-($B$31*SIN(RADIANS(N32)))^2)) -> 399.36975 | P32: =IF(N32>$B$36,1-EXP(-$B$16*((N32-$B$36)/$B$35)^($B$17+1)),0) -> 0 | Q32: =Q31*(O31/O32)^$B$9+10*($B$9-1)*$B$33*(P32-P31)/((O31+O32)/2) -> 0.7292969 | R32: =R31*(O31/O32)^$B$9 -> 0.7292969 | S32: =IF(N32<=$B$38,IF(N32>$B$37,1-EXP(-$B$16*((N32-$B$37)/$B$35)^($B$17+1)),0),$B$22+(1-$B$22)*(1-EXP(-(N32-$B$38)/$B$23))) -> 0 | T32: =T31*(O31/O32)^$B$9+10*($B$9-1)*$B$33*(S32-S31)/((O31+O32)/2) -> 0.7292969 | U32: =T32+IF(N32>$B$38,$B$24*EXP(-(N32-$B$38)/$B$26)*SIN(2*PI()*(N32-$B$38)/$B$39),0) -> 0.7292969 | V32: =V31+(Q31+Q32)/2*(O32-O31)/10 -> -0.28051341 | W32: =W31+(T31+T32)/2*(O32-O31)/10 -> -0.28051341
A33: Calor aportado Q | B33: =$B$13*$B$12 -> 390 | C33: J | N33: -165.5 | O33: =$B$30+PI()/4*($B$5/10)^2*($B$31+$B$7/10-$B$31*COS(RADIANS(N33))-SQRT(($B$7/10)^2-($B$31*SIN(RADIANS(N33)))^2)) -> 399.08817 | P33: =IF(N33>$B$36,1-EXP(-$B$16*((N33-$B$36)/$B$35)^($B$17+1)),0) -> 0 | Q33: =Q32*(O32/O33)^$B$9+10*($B$9-1)*$B$33*(P33-P32)/((O32+O33)/2) -> 0.72998135 | R33: =R32*(O32/O33)^$B$9 -> 0.72998135 | S33: =IF(N33<=$B$38,IF(N33>$B$37,1-EXP(-$B$16*((N33-$B$37)/$B$35)^($B$17+1)),0),$B$22+(1-$B$22)*(1-EXP(-(N33-$B$38)/$B$23))) -> 0 | T33: =T32*(O32/O33)^$B$9+10*($B$9-1)*$B$33*(S33-S32)/((O32+O33)/2) -> 0.72998135 | U33: =T33+IF(N33>$B$38,$B$24*EXP(-(N33-$B$38)/$B$26)*SIN(2*PI()*(N33-$B$38)/$B$39),0) -> 0.72998135 | V33: =V32+(Q32+Q33)/2*(O33-O32)/10 -> -0.30105858 | W33: =W32+(T32+T33)/2*(O33-O32)/10 -> -0.30105858
A34: Retardo de inflamación en grados | B34: =6*$B$11*$B$14/1000 -> 7.2 | C34: ° | N34: -165 | O34: =$B$30+PI()/4*($B$5/10)^2*($B$31+$B$7/10-$B$31*COS(RADIANS(N34))-SQRT(($B$7/10)^2-($B$31*SIN(RADIANS(N34)))^2)) -> 398.79669 | P34: =IF(N34>$B$36,1-EXP(-$B$16*((N34-$B$36)/$B$35)^($B$17+1)),0) -> 0 | Q34: =Q33*(O33/O34)^$B$9+10*($B$9-1)*$B$33*(P34-P33)/((O33+O34)/2) -> 0.73069104 | R34: =R33*(O33/O34)^$B$9 -> 0.73069104 | S34: =IF(N34<=$B$38,IF(N34>$B$37,1-EXP(-$B$16*((N34-$B$37)/$B$35)^($B$17+1)),0),$B$22+(1-$B$22)*(1-EXP(-(N34-$B$38)/$B$23))) -> 0 | T34: =T33*(O33/O34)^$B$9+10*($B$9-1)*$B$33*(S34-S33)/((O33+O34)/2) -> 0.73069104 | U34: =T34+IF(N34>$B$38,$B$24*EXP(-(N34-$B$38)/$B$26)*SIN(2*PI()*(N34-$B$38)/$B$39),0) -> 0.73069104 | V34: =V33+(Q33+Q34)/2*(O34-O33)/10 -> -0.32234623 | W34: =W33+(T33+T34)/2*(O34-O33)/10 -> -0.32234623
A35: Duración de la combustión | B35: =$B$15*(1+0.6*(1-$B$12)) -> 49.6 | C35: ° | N35: -164.5 | O35: =$B$30+PI()/4*($B$5/10)^2*($B$31+$B$7/10-$B$31*COS(RADIANS(N35))-SQRT(($B$7/10)^2-($B$31*SIN(RADIANS(N35)))^2)) -> 398.49532 | P35: =IF(N35>$B$36,1-EXP(-$B$16*((N35-$B$36)/$B$35)^($B$17+1)),0) -> 0 | Q35: =Q34*(O34/O35)^$B$9+10*($B$9-1)*$B$33*(P35-P34)/((O34+O35)/2) -> 0.7314261 | R35: =R34*(O34/O35)^$B$9 -> 0.7314261 | S35: =IF(N35<=$B$38,IF(N35>$B$37,1-EXP(-$B$16*((N35-$B$37)/$B$35)^($B$17+1)),0),$B$22+(1-$B$22)*(1-EXP(-(N35-$B$38)/$B$23))) -> 0 | T35: =T34*(O34/O35)^$B$9+10*($B$9-1)*$B$33*(S35-S34)/((O34+O35)/2) -> 0.7314261 | U35: =T35+IF(N35>$B$38,$B$24*EXP(-(N35-$B$38)/$B$26)*SIN(2*PI()*(N35-$B$38)/$B$39),0) -> 0.7314261 | V35: =V34+(Q34+Q35)/2*(O35-O34)/10 -> -0.3443786 | W35: =W34+(T34+T35)/2*(O35-O34)/10 -> -0.3443786
A36: Inicio de la combustión (curva 1) | B36: =-$B$19+$B$34 -> -22.8 | C36: ° | N36: -164 | O36: =$B$30+PI()/4*($B$5/10)^2*($B$31+$B$7/10-$B$31*COS(RADIANS(N36))-SQRT(($B$7/10)^2-($B$31*SIN(RADIANS(N36)))^2)) -> 398.18404 | P36: =IF(N36>$B$36,1-EXP(-$B$16*((N36-$B$36)/$B$35)^($B$17+1)),0) -> 0 | Q36: =Q35*(O35/O36)^$B$9+10*($B$9-1)*$B$33*(P36-P35)/((O35+O36)/2) -> 0.73218668 | R36: =R35*(O35/O36)^$B$9 -> 0.73218668 | S36: =IF(N36<=$B$38,IF(N36>$B$37,1-EXP(-$B$16*((N36-$B$37)/$B$35)^($B$17+1)),0),$B$22+(1-$B$22)*(1-EXP(-(N36-$B$38)/$B$23))) -> 0 | T36: =T35*(O35/O36)^$B$9+10*($B$9-1)*$B$33*(S36-S35)/((O35+O36)/2) -> 0.73218668 | U36: =T36+IF(N36>$B$38,$B$24*EXP(-(N36-$B$38)/$B$26)*SIN(2*PI()*(N36-$B$38)/$B$39),0) -> 0.73218668 | V36: =V35+(Q35+Q36)/2*(O36-O35)/10 -> -0.36715804 | W36: =W35+(T35+T36)/2*(O36-O35)/10 -> -0.36715804
A37: Inicio de la combustión (curva 2) | B37: =-$B$21+$B$34 -> -26.8 | C37: ° | N37: -163.5 | O37: =$B$30+PI()/4*($B$5/10)^2*($B$31+$B$7/10-$B$31*COS(RADIANS(N37))-SQRT(($B$7/10)^2-($B$31*SIN(RADIANS(N37)))^2)) -> 397.86286 | P37: =IF(N37>$B$36,1-EXP(-$B$16*((N37-$B$36)/$B$35)^($B$17+1)),0) -> 0 | Q37: =Q36*(O36/O37)^$B$9+10*($B$9-1)*$B$33*(P37-P36)/((O36+O37)/2) -> 0.7329729 | R37: =R36*(O36/O37)^$B$9 -> 0.7329729 | S37: =IF(N37<=$B$38,IF(N37>$B$37,1-EXP(-$B$16*((N37-$B$37)/$B$35)^($B$17+1)),0),$B$22+(1-$B$22)*(1-EXP(-(N37-$B$38)/$B$23))) -> 0 | T37: =T36*(O36/O37)^$B$9+10*($B$9-1)*$B$33*(S37-S36)/((O36+O37)/2) -> 0.7329729 | U37: =T37+IF(N37>$B$38,$B$24*EXP(-(N37-$B$38)/$B$26)*SIN(2*PI()*(N37-$B$38)/$B$39),0) -> 0.7329729 | V37: =V36+(Q36+Q37)/2*(O37-O36)/10 -> -0.39068696 | W37: =W36+(T36+T37)/2*(O37-O36)/10 -> -0.39068696
A38: Ángulo de inicio de la detonación | B38: =$B$37+$B$35*(-LN(1-$B$22)/$B$16)^(1/($B$17+1)) -> 1.3731953 | C38: ° | N38: -163 | O38: =$B$30+PI()/4*($B$5/10)^2*($B$31+$B$7/10-$B$31*COS(RADIANS(N38))-SQRT(($B$7/10)^2-($B$31*SIN(RADIANS(N38)))^2)) -> 397.53178 | P38: =IF(N38>$B$36,1-EXP(-$B$16*((N38-$B$36)/$B$35)^($B$17+1)),0) -> 0 | Q38: =Q37*(O37/O38)^$B$9+10*($B$9-1)*$B$33*(P38-P37)/((O37+O38)/2) -> 0.73378491 | R38: =R37*(O37/O38)^$B$9 -> 0.73378491 | S38: =IF(N38<=$B$38,IF(N38>$B$37,1-EXP(-$B$16*((N38-$B$37)/$B$35)^($B$17+1)),0),$B$22+(1-$B$22)*(1-EXP(-(N38-$B$38)/$B$23))) -> 0 | T38: =T37*(O37/O38)^$B$9+10*($B$9-1)*$B$33*(S38-S37)/((O37+O38)/2) -> 0.73378491 | U38: =T38+IF(N38>$B$38,$B$24*EXP(-(N38-$B$38)/$B$26)*SIN(2*PI()*(N38-$B$38)/$B$39),0) -> 0.73378491 | V38: =V37+(Q37+Q38)/2*(O38-O37)/10 -> -0.41496783 | W38: =W37+(T37+T38)/2*(O38-O37)/10 -> -0.41496783
A39: Periodo de las oscilaciones | B39: =6*$B$11/($B$25*1000) -> 2 | C39: ° | N39: -162.5 | O39: =$B$30+PI()/4*($B$5/10)^2*($B$31+$B$7/10-$B$31*COS(RADIANS(N39))-SQRT(($B$7/10)^2-($B$31*SIN(RADIANS(N39)))^2)) -> 397.19079 | P39: =IF(N39>$B$36,1-EXP(-$B$16*((N39-$B$36)/$B$35)^($B$17+1)),0) -> 0 | Q39: =Q38*(O38/O39)^$B$9+10*($B$9-1)*$B$33*(P39-P38)/((O38+O39)/2) -> 0.73462287 | R39: =R38*(O38/O39)^$B$9 -> 0.73462287 | S39: =IF(N39<=$B$38,IF(N39>$B$37,1-EXP(-$B$16*((N39-$B$37)/$B$35)^($B$17+1)),0),$B$22+(1-$B$22)*(1-EXP(-(N39-$B$38)/$B$23))) -> 0 | T39: =T38*(O38/O39)^$B$9+10*($B$9-1)*$B$33*(S39-S38)/((O38+O39)/2) -> 0.73462287 | U39: =T39+IF(N39>$B$38,$B$24*EXP(-(N39-$B$38)/$B$26)*SIN(2*PI()*(N39-$B$38)/$B$39),0) -> 0.73462287 | V39: =V38+(Q38+Q39)/2*(O39-O38)/10 -> -0.44000323 | W39: =W38+(T38+T39)/2*(O39-O38)/10 -> -0.44000323
N40: -162 | O40: =$B$30+PI()/4*($B$5/10)^2*($B$31+$B$7/10-$B$31*COS(RADIANS(N40))-SQRT(($B$7/10)^2-($B$31*SIN(RADIANS(N40)))^2)) -> 396.8399 | P40: =IF(N40>$B$36,1-EXP(-$B$16*((N40-$B$36)/$B$35)^($B$17+1)),0) -> 0 | Q40: =Q39*(O39/O40)^$B$9+10*($B$9-1)*$B$33*(P40-P39)/((O39+O40)/2) -> 0.73548692 | R40: =R39*(O39/O40)^$B$9 -> 0.73548692 | S40: =IF(N40<=$B$38,IF(N40>$B$37,1-EXP(-$B$16*((N40-$B$37)/$B$35)^($B$17+1)),0),$B$22+(1-$B$22)*(1-EXP(-(N40-$B$38)/$B$23))) -> 0 | T40: =T39*(O39/O40)^$B$9+10*($B$9-1)*$B$33*(S40-S39)/((O39+O40)/2) -> 0.73548692 | U40: =T40+IF(N40>$B$38,$B$24*EXP(-(N40-$B$38)/$B$26)*SIN(2*PI()*(N40-$B$38)/$B$39),0) -> 0.73548692 | V40: =V39+(Q39+Q40)/2*(O40-O39)/10 -> -0.46579582 | W40: =W39+(T39+T40)/2*(O40-O39)/10 -> -0.46579582
A41: Resultados | N41: -161.5 | O41: =$B$30+PI()/4*($B$5/10)^2*($B$31+$B$7/10-$B$31*COS(RADIANS(N41))-SQRT(($B$7/10)^2-($B$31*SIN(RADIANS(N41)))^2)) -> 396.4791 | P41: =IF(N41>$B$36,1-EXP(-$B$16*((N41-$B$36)/$B$35)^($B$17+1)),0) -> 0 | Q41: =Q40*(O40/O41)^$B$9+10*($B$9-1)*$B$33*(P41-P40)/((O40+O41)/2) -> 0.73637722 | R41: =R40*(O40/O41)^$B$9 -> 0.73637722 | S41: =IF(N41<=$B$38,IF(N41>$B$37,1-EXP(-$B$16*((N41-$B$37)/$B$35)^($B$17+1)),0),$B$22+(1-$B$22)*(1-EXP(-(N41-$B$38)/$B$23))) -> 0 | T41: =T40*(O40/O41)^$B$9+10*($B$9-1)*$B$33*(S41-S40)/((O40+O41)/2) -> 0.73637722 | U41: =T41+IF(N41>$B$38,$B$24*EXP(-(N41-$B$38)/$B$26)*SIN(2*PI()*(N41-$B$38)/$B$39),0) -> 0.73637722 | V41: =V40+(Q40+Q41)/2*(O41-O40)/10 -> -0.49234831 | W41: =W40+(T40+T41)/2*(O41-O40)/10 -> -0.49234831
A42: Presión máxima, curva 1 | B42: =MAX(Q4:Q724) -> 35.93293 | C42: bar | N42: -161 | O42: =$B$30+PI()/4*($B$5/10)^2*($B$31+$B$7/10-$B$31*COS(RADIANS(N42))-SQRT(($B$7/10)^2-($B$31*SIN(RADIANS(N42)))^2)) -> 396.10839 | P42: =IF(N42>$B$36,1-EXP(-$B$16*((N42-$B$36)/$B$35)^($B$17+1)),0) -> 0 | Q42: =Q41*(O41/O42)^$B$9+10*($B$9-1)*$B$33*(P42-P41)/((O41+O42)/2) -> 0.73729395 | R42: =R41*(O41/O42)^$B$9 -> 0.73729395 | S42: =IF(N42<=$B$38,IF(N42>$B$37,1-EXP(-$B$16*((N42-$B$37)/$B$35)^($B$17+1)),0),$B$22+(1-$B$22)*(1-EXP(-(N42-$B$38)/$B$23))) -> 0 | T42: =T41*(O41/O42)^$B$9+10*($B$9-1)*$B$33*(S42-S41)/((O41+O42)/2) -> 0.73729395 | U42: =T42+IF(N42>$B$38,$B$24*EXP(-(N42-$B$38)/$B$26)*SIN(2*PI()*(N42-$B$38)/$B$39),0) -> 0.73729395 | V42: =V41+(Q41+Q42)/2*(O42-O41)/10 -> -0.51966354 | W42: =W41+(T41+T42)/2*(O42-O41)/10 -> -0.51966354
A43: Ángulo de la presión máxima, curva 1 | B43: =INDEX(N4:N724,MATCH(MAX(Q4:Q724),Q4:Q724,0)) -> 11 | C43: ° DPMS | N43: -160.5 | O43: =$B$30+PI()/4*($B$5/10)^2*($B$31+$B$7/10-$B$31*COS(RADIANS(N43))-SQRT(($B$7/10)^2-($B$31*SIN(RADIANS(N43)))^2)) -> 395.72777 | P43: =IF(N43>$B$36,1-EXP(-$B$16*((N43-$B$36)/$B$35)^($B$17+1)),0) -> 0 | Q43: =Q42*(O42/O43)^$B$9+10*($B$9-1)*$B$33*(P43-P42)/((O42+O43)/2) -> 0.73823726 | R43: =R42*(O42/O43)^$B$9 -> 0.73823726 | S43: =IF(N43<=$B$38,IF(N43>$B$37,1-EXP(-$B$16*((N43-$B$37)/$B$35)^($B$17+1)),0),$B$22+(1-$B$22)*(1-EXP(-(N43-$B$38)/$B$23))) -> 0 | T43: =T42*(O42/O43)^$B$9+10*($B$9-1)*$B$33*(S43-S42)/((O42+O43)/2) -> 0.73823726 | U43: =T43+IF(N43>$B$38,$B$24*EXP(-(N43-$B$38)/$B$26)*SIN(2*PI()*(N43-$B$38)/$B$39),0) -> 0.73823726 | V43: =V42+(Q42+Q43)/2*(O43-O42)/10 -> -0.54774438 | W43: =W42+(T42+T43)/2*(O43-O42)/10 -> -0.54774438
A44: Trabajo indicado por ciclo, curva 1 | B44: =V724 -> 203.06529 | C44: J | N44: -160 | O44: =$B$30+PI()/4*($B$5/10)^2*($B$31+$B$7/10-$B$31*COS(RADIANS(N44))-SQRT(($B$7/10)^2-($B$31*SIN(RADIANS(N44)))^2)) -> 395.33724 | P44: =IF(N44>$B$36,1-EXP(-$B$16*((N44-$B$36)/$B$35)^($B$17+1)),0) -> 0 | Q44: =Q43*(O43/O44)^$B$9+10*($B$9-1)*$B$33*(P44-P43)/((O43+O44)/2) -> 0.73920734 | R44: =R43*(O43/O44)^$B$9 -> 0.73920734 | S44: =IF(N44<=$B$38,IF(N44>$B$37,1-EXP(-$B$16*((N44-$B$37)/$B$35)^($B$17+1)),0),$B$22+(1-$B$22)*(1-EXP(-(N44-$B$38)/$B$23))) -> 0 | T44: =T43*(O43/O44)^$B$9+10*($B$9-1)*$B$33*(S44-S43)/((O43+O44)/2) -> 0.73920734 | U44: =T44+IF(N44>$B$38,$B$24*EXP(-(N44-$B$38)/$B$26)*SIN(2*PI()*(N44-$B$38)/$B$39),0) -> 0.73920734 | V44: =V43+(Q43+Q44)/2*(O44-O43)/10 -> -0.57659382 | W44: =W43+(T43+T44)/2*(O44-O43)/10 -> -0.57659382
A45: Presión media indicada, curva 1 | B45: =V724/$B$29*10 -> 5.5953679 | C45: bar | N45: -159.5 | O45: =$B$30+PI()/4*($B$5/10)^2*($B$31+$B$7/10-$B$31*COS(RADIANS(N45))-SQRT(($B$7/10)^2-($B$31*SIN(RADIANS(N45)))^2)) -> 394.93679 | P45: =IF(N45>$B$36,1-EXP(-$B$16*((N45-$B$36)/$B$35)^($B$17+1)),0) -> 0 | Q45: =Q44*(O44/O45)^$B$9+10*($B$9-1)*$B$33*(P45-P44)/((O44+O45)/2) -> 0.74020436 | R45: =R44*(O44/O45)^$B$9 -> 0.74020436 | S45: =IF(N45<=$B$38,IF(N45>$B$37,1-EXP(-$B$16*((N45-$B$37)/$B$35)^($B$17+1)),0),$B$22+(1-$B$22)*(1-EXP(-(N45-$B$38)/$B$23))) -> 0 | T45: =T44*(O44/O45)^$B$9+10*($B$9-1)*$B$33*(S45-S44)/((O44+O45)/2) -> 0.74020436 | U45: =T45+IF(N45>$B$38,$B$24*EXP(-(N45-$B$38)/$B$26)*SIN(2*PI()*(N45-$B$38)/$B$39),0) -> 0.74020436 | V45: =V44+(Q44+Q45)/2*(O45-O44)/10 -> -0.60621491 | W45: =W44+(T44+T45)/2*(O45-O44)/10 -> -0.60621491
A46: Presión máxima, curva 2 (con ondas) | B46: =MAX(U4:U724) -> 46.959113 | C46: bar | N46: -159 | O46: =$B$30+PI()/4*($B$5/10)^2*($B$31+$B$7/10-$B$31*COS(RADIANS(N46))-SQRT(($B$7/10)^2-($B$31*SIN(RADIANS(N46)))^2)) -> 394.52643 | P46: =IF(N46>$B$36,1-EXP(-$B$16*((N46-$B$36)/$B$35)^($B$17+1)),0) -> 0 | Q46: =Q45*(O45/O46)^$B$9+10*($B$9-1)*$B$33*(P46-P45)/((O45+O46)/2) -> 0.74122851 | R46: =R45*(O45/O46)^$B$9 -> 0.74122851 | S46: =IF(N46<=$B$38,IF(N46>$B$37,1-EXP(-$B$16*((N46-$B$37)/$B$35)^($B$17+1)),0),$B$22+(1-$B$22)*(1-EXP(-(N46-$B$38)/$B$23))) -> 0 | T46: =T45*(O45/O46)^$B$9+10*($B$9-1)*$B$33*(S46-S45)/((O45+O46)/2) -> 0.74122851 | U46: =T46+IF(N46>$B$38,$B$24*EXP(-(N46-$B$38)/$B$26)*SIN(2*PI()*(N46-$B$38)/$B$39),0) -> 0.74122851 | V46: =V45+(Q45+Q46)/2*(O46-O45)/10 -> -0.63661079 | W46: =W45+(T45+T46)/2*(O46-O45)/10 -> -0.63661079
A47: Ángulo de la presión máxima, curva 2 | B47: =INDEX(N4:N724,MATCH(MAX(U4:U724),U4:U724,0)) -> 6 | C47: ° DPMS | N47: -158.5 | O47: =$B$30+PI()/4*($B$5/10)^2*($B$31+$B$7/10-$B$31*COS(RADIANS(N47))-SQRT(($B$7/10)^2-($B$31*SIN(RADIANS(N47)))^2)) -> 394.10616 | P47: =IF(N47>$B$36,1-EXP(-$B$16*((N47-$B$36)/$B$35)^($B$17+1)),0) -> 0 | Q47: =Q46*(O46/O47)^$B$9+10*($B$9-1)*$B$33*(P47-P46)/((O46+O47)/2) -> 0.74227999 | R47: =R46*(O46/O47)^$B$9 -> 0.74227999 | S47: =IF(N47<=$B$38,IF(N47>$B$37,1-EXP(-$B$16*((N47-$B$37)/$B$35)^($B$17+1)),0),$B$22+(1-$B$22)*(1-EXP(-(N47-$B$38)/$B$23))) -> 0 | T47: =T46*(O46/O47)^$B$9+10*($B$9-1)*$B$33*(S47-S46)/((O46+O47)/2) -> 0.74227999 | U47: =T47+IF(N47>$B$38,$B$24*EXP(-(N47-$B$38)/$B$26)*SIN(2*PI()*(N47-$B$38)/$B$39),0) -> 0.74227999 | V47: =V46+(Q46+Q47)/2*(O47-O46)/10 -> -0.66778469 | W47: =W46+(T46+T47)/2*(O47-O46)/10 -> -0.66778469
A48: Trabajo indicado por ciclo, curva 2 | B48: =W724 -> 204.60213 | C48: J | N48: -158 | O48: =$B$30+PI()/4*($B$5/10)^2*($B$31+$B$7/10-$B$31*COS(RADIANS(N48))-SQRT(($B$7/10)^2-($B$31*SIN(RADIANS(N48)))^2)) -> 393.67597 | P48: =IF(N48>$B$36,1-EXP(-$B$16*((N48-$B$36)/$B$35)^($B$17+1)),0) -> 0 | Q48: =Q47*(O47/O48)^$B$9+10*($B$9-1)*$B$33*(P48-P47)/((O47+O48)/2) -> 0.74335898 | R48: =R47*(O47/O48)^$B$9 -> 0.74335898 | S48: =IF(N48<=$B$38,IF(N48>$B$37,1-EXP(-$B$16*((N48-$B$37)/$B$35)^($B$17+1)),0),$B$22+(1-$B$22)*(1-EXP(-(N48-$B$38)/$B$23))) -> 0 | T48: =T47*(O47/O48)^$B$9+10*($B$9-1)*$B$33*(S48-S47)/((O47+O48)/2) -> 0.74335898 | U48: =T48+IF(N48>$B$38,$B$24*EXP(-(N48-$B$38)/$B$26)*SIN(2*PI()*(N48-$B$38)/$B$39),0) -> 0.74335898 | V48: =V47+(Q47+Q48)/2*(O48-O47)/10 -> -0.69973991 | W48: =W47+(T47+T48)/2*(O48-O47)/10 -> -0.69973991
A49: Presión máxima sin combustión (arrastre) | B49: =MAX(R4:R724) -> 15.393327 | C49: bar | N49: -157.5 | O49: =$B$30+PI()/4*($B$5/10)^2*($B$31+$B$7/10-$B$31*COS(RADIANS(N49))-SQRT(($B$7/10)^2-($B$31*SIN(RADIANS(N49)))^2)) -> 393.23587 | P49: =IF(N49>$B$36,1-EXP(-$B$16*((N49-$B$36)/$B$35)^($B$17+1)),0) -> 0 | Q49: =Q48*(O48/O49)^$B$9+10*($B$9-1)*$B$33*(P49-P48)/((O48+O49)/2) -> 0.74446568 | R49: =R48*(O48/O49)^$B$9 -> 0.74446568 | S49: =IF(N49<=$B$38,IF(N49>$B$37,1-EXP(-$B$16*((N49-$B$37)/$B$35)^($B$17+1)),0),$B$22+(1-$B$22)*(1-EXP(-(N49-$B$38)/$B$23))) -> 0 | T49: =T48*(O48/O49)^$B$9+10*($B$9-1)*$B$33*(S49-S48)/((O48+O49)/2) -> 0.74446568 | U49: =T49+IF(N49>$B$38,$B$24*EXP(-(N49-$B$38)/$B$26)*SIN(2*PI()*(N49-$B$38)/$B$39),0) -> 0.74446568 | V49: =V48+(Q48+Q49)/2*(O49-O48)/10 -> -0.73247985 | W49: =W48+(T48+T49)/2*(O49-O48)/10 -> -0.73247985
A50: Diagnóstico de la curva 1 | B50: =IF(B43<5,"Presión máxima demasiado pronto: avance excesivo (riesgo de detonación)",IF(B43>20,"Presión máxima demasiado tarde: falta avance (pierde potencia, escape caliente)","Correcto: presión máxima entre 5° y 20° después del PMS")) -> Correcto: presión máxima entre 5° y 20° después del PMS | N50: -157 | O50: =$B$30+PI()/4*($B$5/10)^2*($B$31+$B$7/10-$B$31*COS(RADIANS(N50))-SQRT(($B$7/10)^2-($B$31*SIN(RADIANS(N50)))^2)) -> 392.78585 | P50: =IF(N50>$B$36,1-EXP(-$B$16*((N50-$B$36)/$B$35)^($B$17+1)),0) -> 0 | Q50: =Q49*(O49/O50)^$B$9+10*($B$9-1)*$B$33*(P50-P49)/((O49+O50)/2) -> 0.74560032 | R50: =R49*(O49/O50)^$B$9 -> 0.74560032 | S50: =IF(N50<=$B$38,IF(N50>$B$37,1-EXP(-$B$16*((N50-$B$37)/$B$35)^($B$17+1)),0),$B$22+(1-$B$22)*(1-EXP(-(N50-$B$38)/$B$23))) -> 0 | T50: =T49*(O49/O50)^$B$9+10*($B$9-1)*$B$33*(S50-S49)/((O49+O50)/2) -> 0.74560032 | U50: =T50+IF(N50>$B$38,$B$24*EXP(-(N50-$B$38)/$B$26)*SIN(2*PI()*(N50-$B$38)/$B$39),0) -> 0.74560032 | V50: =V49+(Q49+Q50)/2*(O50-O49)/10 -> -0.76600797 | W50: =W49+(T49+T50)/2*(O50-O49)/10 -> -0.76600797
A51: Pruebe: AE = 5° (poco avance), 30° (correcto) y 50° (excesivo). Suba n a 5000 rpm o baje la carga al 30 % y vea cómo cambia el avance óptimo en la hoja Barrido_AE. | N51: -156.5 | O51: =$B$30+PI()/4*($B$5/10)^2*($B$31+$B$7/10-$B$31*COS(RADIANS(N51))-SQRT(($B$7/10)^2-($B$31*SIN(RADIANS(N51)))^2)) -> 392.32591 | P51: =IF(N51>$B$36,1-EXP(-$B$16*((N51-$B$36)/$B$35)^($B$17+1)),0) -> 0 | Q51: =Q50*(O50/O51)^$B$9+10*($B$9-1)*$B$33*(P51-P50)/((O50+O51)/2) -> 0.7467631 | R51: =R50*(O50/O51)^$B$9 -> 0.7467631 | S51: =IF(N51<=$B$38,IF(N51>$B$37,1-EXP(-$B$16*((N51-$B$37)/$B$35)^($B$17+1)),0),$B$22+(1-$B$22)*(1-EXP(-(N51-$B$38)/$B$23))) -> 0 | T51: =T50*(O50/O51)^$B$9+10*($B$9-1)*$B$33*(S51-S50)/((O50+O51)/2) -> 0.7467631 | U51: =T51+IF(N51>$B$38,$B$24*EXP(-(N51-$B$38)/$B$26)*SIN(2*PI()*(N51-$B$38)/$B$39),0) -> 0.7467631 | V51: =V50+(Q50+Q51)/2*(O51-O50)/10 -> -0.80032785 | W51: =W50+(T50+T51)/2*(O51-O50)/10 -> -0.80032785
N52: -156 | O52: =$B$30+PI()/4*($B$5/10)^2*($B$31+$B$7/10-$B$31*COS(RADIANS(N52))-SQRT(($B$7/10)^2-($B$31*SIN(RADIANS(N52)))^2)) -> 391.85605 | P52: =IF(N52>$B$36,1-EXP(-$B$16*((N52-$B$36)/$B$35)^($B$17+1)),0) -> 0 | Q52: =Q51*(O51/O52)^$B$9+10*($B$9-1)*$B$33*(P52-P51)/((O51+O52)/2) -> 0.74795423 | R52: =R51*(O51/O52)^$B$9 -> 0.74795423 | S52: =IF(N52<=$B$38,IF(N52>$B$37,1-EXP(-$B$16*((N52-$B$37)/$B$35)^($B$17+1)),0),$B$22+(1-$B$22)*(1-EXP(-(N52-$B$38)/$B$23))) -> 0 | T52: =T51*(O51/O52)^$B$9+10*($B$9-1)*$B$33*(S52-S51)/((O51+O52)/2) -> 0.74795423 | U52: =T52+IF(N52>$B$38,$B$24*EXP(-(N52-$B$38)/$B$26)*SIN(2*PI()*(N52-$B$38)/$B$39),0) -> 0.74795423 | V52: =V51+(Q51+Q52)/2*(O52-O51)/10 -> -0.83544312 | W52: =W51+(T51+T52)/2*(O52-O51)/10 -> -0.83544312
E53: Marcas de la figura | N53: -155.5 | O53: =$B$30+PI()/4*($B$5/10)^2*($B$31+$B$7/10-$B$31*COS(RADIANS(N53))-SQRT(($B$7/10)^2-($B$31*SIN(RADIANS(N53)))^2)) -> 391.37627 | P53: =IF(N53>$B$36,1-EXP(-$B$16*((N53-$B$36)/$B$35)^($B$17+1)),0) -> 0 | Q53: =Q52*(O52/O53)^$B$9+10*($B$9-1)*$B$33*(P53-P52)/((O52+O53)/2) -> 0.74917395 | R53: =R52*(O52/O53)^$B$9 -> 0.74917395 | S53: =IF(N53<=$B$38,IF(N53>$B$37,1-EXP(-$B$16*((N53-$B$37)/$B$35)^($B$17+1)),0),$B$22+(1-$B$22)*(1-EXP(-(N53-$B$38)/$B$23))) -> 0 | T53: =T52*(O52/O53)^$B$9+10*($B$9-1)*$B$33*(S53-S52)/((O52+O53)/2) -> 0.74917395 | U53: =T53+IF(N53>$B$38,$B$24*EXP(-(N53-$B$38)/$B$26)*SIN(2*PI()*(N53-$B$38)/$B$39),0) -> 0.74917395 | V53: =V52+(Q52+Q53)/2*(O53-O52)/10 -> -0.87135751 | W53: =W52+(T52+T53)/2*(O53-O52)/10 -> -0.87135751
E54: α (°) | F54: p (bar) | N54: -155 | O54: =$B$30+PI()/4*($B$5/10)^2*($B$31+$B$7/10-$B$31*COS(RADIANS(N54))-SQRT(($B$7/10)^2-($B$31*SIN(RADIANS(N54)))^2)) -> 390.88657 | P54: =IF(N54>$B$36,1-EXP(-$B$16*((N54-$B$36)/$B$35)^($B$17+1)),0) -> 0 | Q54: =Q53*(O53/O54)^$B$9+10*($B$9-1)*$B$33*(P54-P53)/((O53+O54)/2) -> 0.75042248 | R54: =R53*(O53/O54)^$B$9 -> 0.75042248 | S54: =IF(N54<=$B$38,IF(N54>$B$37,1-EXP(-$B$16*((N54-$B$37)/$B$35)^($B$17+1)),0),$B$22+(1-$B$22)*(1-EXP(-(N54-$B$38)/$B$23))) -> 0 | T54: =T53*(O53/O54)^$B$9+10*($B$9-1)*$B$33*(S54-S53)/((O53+O54)/2) -> 0.75042248 | U54: =T54+IF(N54>$B$38,$B$24*EXP(-(N54-$B$38)/$B$26)*SIN(2*PI()*(N54-$B$38)/$B$39),0) -> 0.75042248 | V54: =V53+(Q53+Q54)/2*(O54-O53)/10 -> -0.90807484 | W54: =W53+(T53+T54)/2*(O54-O53)/10 -> -0.90807484
E55: =-$B$19 -> -30 | F55: 0 | N55: -154.5 | O55: =$B$30+PI()/4*($B$5/10)^2*($B$31+$B$7/10-$B$31*COS(RADIANS(N55))-SQRT(($B$7/10)^2-($B$31*SIN(RADIANS(N55)))^2)) -> 390.38696 | P55: =IF(N55>$B$36,1-EXP(-$B$16*((N55-$B$36)/$B$35)^($B$17+1)),0) -> 0 | Q55: =Q54*(O54/O55)^$B$9+10*($B$9-1)*$B$33*(P55-P54)/((O54+O55)/2) -> 0.75170007 | R55: =R54*(O54/O55)^$B$9 -> 0.75170007 | S55: =IF(N55<=$B$38,IF(N55>$B$37,1-EXP(-$B$16*((N55-$B$37)/$B$35)^($B$17+1)),0),$B$22+(1-$B$22)*(1-EXP(-(N55-$B$38)/$B$23))) -> 0 | T55: =T54*(O54/O55)^$B$9+10*($B$9-1)*$B$33*(S55-S54)/((O54+O55)/2) -> 0.75170007 | U55: =T55+IF(N55>$B$38,$B$24*EXP(-(N55-$B$38)/$B$26)*SIN(2*PI()*(N55-$B$38)/$B$39),0) -> 0.75170007 | V55: =V54+(Q54+Q55)/2*(O55-O54)/10 -> -0.94559902 | W55: =W54+(T54+T55)/2*(O55-O54)/10 -> -0.94559902
E56: =-$B$19 -> -30 | F56: =INDEX(Q4:Q724,MATCH(-$B$19,N4:N724,1))+8 -> 15.233511 | N56: -154 | O56: =$B$30+PI()/4*($B$5/10)^2*($B$31+$B$7/10-$B$31*COS(RADIANS(N56))-SQRT(($B$7/10)^2-($B$31*SIN(RADIANS(N56)))^2)) -> 389.87742 | P56: =IF(N56>$B$36,1-EXP(-$B$16*((N56-$B$36)/$B$35)^($B$17+1)),0) -> 0 | Q56: =Q55*(O55/O56)^$B$9+10*($B$9-1)*$B$33*(P56-P55)/((O55+O56)/2) -> 0.75300694 | R56: =R55*(O55/O56)^$B$9 -> 0.75300694 | S56: =IF(N56<=$B$38,IF(N56>$B$37,1-EXP(-$B$16*((N56-$B$37)/$B$35)^($B$17+1)),0),$B$22+(1-$B$22)*(1-EXP(-(N56-$B$38)/$B$23))) -> 0 | T56: =T55*(O55/O56)^$B$9+10*($B$9-1)*$B$33*(S56-S55)/((O55+O56)/2) -> 0.75300694 | U56: =T56+IF(N56>$B$38,$B$24*EXP(-(N56-$B$38)/$B$26)*SIN(2*PI()*(N56-$B$38)/$B$39),0) -> 0.75300694 | V56: =V55+(Q55+Q56)/2*(O56-O55)/10 -> -0.98393403 | W56: =W55+(T55+T56)/2*(O56-O55)/10 -> -0.98393403
E57: 0 | F57: 0 | N57: -153.5 | O57: =$B$30+PI()/4*($B$5/10)^2*($B$31+$B$7/10-$B$31*COS(RADIANS(N57))-SQRT(($B$7/10)^2-($B$31*SIN(RADIANS(N57)))^2)) -> 389.35797 | P57: =IF(N57>$B$36,1-EXP(-$B$16*((N57-$B$36)/$B$35)^($B$17+1)),0) -> 0 | Q57: =Q56*(O56/O57)^$B$9+10*($B$9-1)*$B$33*(P57-P56)/((O56+O57)/2) -> 0.75434337 | R57: =R56*(O56/O57)^$B$9 -> 0.75434337 | S57: =IF(N57<=$B$38,IF(N57>$B$37,1-EXP(-$B$16*((N57-$B$37)/$B$35)^($B$17+1)),0),$B$22+(1-$B$22)*(1-EXP(-(N57-$B$38)/$B$23))) -> 0 | T57: =T56*(O56/O57)^$B$9+10*($B$9-1)*$B$33*(S57-S56)/((O56+O57)/2) -> 0.75434337 | U57: =T57+IF(N57>$B$38,$B$24*EXP(-(N57-$B$38)/$B$26)*SIN(2*PI()*(N57-$B$38)/$B$39),0) -> 0.75434337 | V57: =V56+(Q56+Q57)/2*(O57-O56)/10 -> -1.023084 | W57: =W56+(T56+T57)/2*(O57-O56)/10 -> -1.023084
E58: 0 | F58: =MAX(U4:U724)+3 -> 49.959113 | N58: -153 | O58: =$B$30+PI()/4*($B$5/10)^2*($B$31+$B$7/10-$B$31*COS(RADIANS(N58))-SQRT(($B$7/10)^2-($B$31*SIN(RADIANS(N58)))^2)) -> 388.8286 | P58: =IF(N58>$B$36,1-EXP(-$B$16*((N58-$B$36)/$B$35)^($B$17+1)),0) -> 0 | Q58: =Q57*(O57/O58)^$B$9+10*($B$9-1)*$B$33*(P58-P57)/((O57+O58)/2) -> 0.75570959 | R58: =R57*(O57/O58)^$B$9 -> 0.75570959 | S58: =IF(N58<=$B$38,IF(N58>$B$37,1-EXP(-$B$16*((N58-$B$37)/$B$35)^($B$17+1)),0),$B$22+(1-$B$22)*(1-EXP(-(N58-$B$38)/$B$23))) -> 0 | T58: =T57*(O57/O58)^$B$9+10*($B$9-1)*$B$33*(S58-S57)/((O57+O58)/2) -> 0.75570959 | U58: =T58+IF(N58>$B$38,$B$24*EXP(-(N58-$B$38)/$B$26)*SIN(2*PI()*(N58-$B$38)/$B$39),0) -> 0.75570959 | V58: =V57+(Q57+Q58)/2*(O58-O57)/10 -> -1.063053 | W58: =W57+(T57+T58)/2*(O58-O57)/10 -> -1.063053
N59: -152.5 | O59: =$B$30+PI()/4*($B$5/10)^2*($B$31+$B$7/10-$B$31*COS(RADIANS(N59))-SQRT(($B$7/10)^2-($B$31*SIN(RADIANS(N59)))^2)) -> 388.28931 | P59: =IF(N59>$B$36,1-EXP(-$B$16*((N59-$B$36)/$B$35)^($B$17+1)),0) -> 0 | Q59: =Q58*(O58/O59)^$B$9+10*($B$9-1)*$B$33*(P59-P58)/((O58+O59)/2) -> 0.75710587 | R59: =R58*(O58/O59)^$B$9 -> 0.75710587 | S59: =IF(N59<=$B$38,IF(N59>$B$37,1-EXP(-$B$16*((N59-$B$37)/$B$35)^($B$17+1)),0),$B$22+(1-$B$22)*(1-EXP(-(N59-$B$38)/$B$23))) -> 0 | T59: =T58*(O58/O59)^$B$9+10*($B$9-1)*$B$33*(S59-S58)/((O58+O59)/2) -> 0.75710587 | U59: =T59+IF(N59>$B$38,$B$24*EXP(-(N59-$B$38)/$B$26)*SIN(2*PI()*(N59-$B$38)/$B$39),0) -> 0.75710587 | V59: =V58+(Q58+Q59)/2*(O59-O58)/10 -> -1.1038453 | W59: =W58+(T58+T59)/2*(O59-O58)/10 -> -1.1038453
N60: -152 | O60: =$B$30+PI()/4*($B$5/10)^2*($B$31+$B$7/10-$B$31*COS(RADIANS(N60))-SQRT(($B$7/10)^2-($B$31*SIN(RADIANS(N60)))^2)) -> 387.7401 | P60: =IF(N60>$B$36,1-EXP(-$B$16*((N60-$B$36)/$B$35)^($B$17+1)),0) -> 0 | Q60: =Q59*(O59/O60)^$B$9+10*($B$9-1)*$B$33*(P60-P59)/((O59+O60)/2) -> 0.75853248 | R60: =R59*(O59/O60)^$B$9 -> 0.75853248 | S60: =IF(N60<=$B$38,IF(N60>$B$37,1-EXP(-$B$16*((N60-$B$37)/$B$35)^($B$17+1)),0),$B$22+(1-$B$22)*(1-EXP(-(N60-$B$38)/$B$23))) -> 0 | T60: =T59*(O59/O60)^$B$9+10*($B$9-1)*$B$33*(S60-S59)/((O59+O60)/2) -> 0.75853248 | U60: =T60+IF(N60>$B$38,$B$24*EXP(-(N60-$B$38)/$B$26)*SIN(2*PI()*(N60-$B$38)/$B$39),0) -> 0.75853248 | V60: =V59+(Q59+Q60)/2*(O60-O59)/10 -> -1.1454653 | W60: =W59+(T59+T60)/2*(O60-O59)/10 -> -1.1454653
N61: -151.5 | O61: =$B$30+PI()/4*($B$5/10)^2*($B$31+$B$7/10-$B$31*COS(RADIANS(N61))-SQRT(($B$7/10)^2-($B$31*SIN(RADIANS(N61)))^2)) -> 387.18098 | P61: =IF(N61>$B$36,1-EXP(-$B$16*((N61-$B$36)/$B$35)^($B$17+1)),0) -> 0 | Q61: =Q60*(O60/O61)^$B$9+10*($B$9-1)*$B$33*(P61-P60)/((O60+O61)/2) -> 0.7599897 | R61: =R60*(O60/O61)^$B$9 -> 0.7599897 | S61: =IF(N61<=$B$38,IF(N61>$B$37,1-EXP(-$B$16*((N61-$B$37)/$B$35)^($B$17+1)),0),$B$22+(1-$B$22)*(1-EXP(-(N61-$B$38)/$B$23))) -> 0 | T61: =T60*(O60/O61)^$B$9+10*($B$9-1)*$B$33*(S61-S60)/((O60+O61)/2) -> 0.7599897 | U61: =T61+IF(N61>$B$38,$B$24*EXP(-(N61-$B$38)/$B$26)*SIN(2*PI()*(N61-$B$38)/$B$39),0) -> 0.7599897 | V61: =V60+(Q60+Q61)/2*(O61-O60)/10 -> -1.1879174 | W61: =W60+(T60+T61)/2*(O61-O60)/10 -> -1.1879174
N62: -151 | O62: =$B$30+PI()/4*($B$5/10)^2*($B$31+$B$7/10-$B$31*COS(RADIANS(N62))-SQRT(($B$7/10)^2-($B$31*SIN(RADIANS(N62)))^2)) -> 386.61194 | P62: =IF(N62>$B$36,1-EXP(-$B$16*((N62-$B$36)/$B$35)^($B$17+1)),0) -> 0 | Q62: =Q61*(O61/O62)^$B$9+10*($B$9-1)*$B$33*(P62-P61)/((O61+O62)/2) -> 0.76147779 | R62: =R61*(O61/O62)^$B$9 -> 0.76147779 | S62: =IF(N62<=$B$38,IF(N62>$B$37,1-EXP(-$B$16*((N62-$B$37)/$B$35)^($B$17+1)),0),$B$22+(1-$B$22)*(1-EXP(-(N62-$B$38)/$B$23))) -> 0 | T62: =T61*(O61/O62)^$B$9+10*($B$9-1)*$B$33*(S62-S61)/((O61+O62)/2) -> 0.76147779 | U62: =T62+IF(N62>$B$38,$B$24*EXP(-(N62-$B$38)/$B$26)*SIN(2*PI()*(N62-$B$38)/$B$39),0) -> 0.76147779 | V62: =V61+(Q61+Q62)/2*(O62-O61)/10 -> -1.2312061 | W62: =W61+(T61+T62)/2*(O62-O61)/10 -> -1.2312061
N63: -150.5 | O63: =$B$30+PI()/4*($B$5/10)^2*($B$31+$B$7/10-$B$31*COS(RADIANS(N63))-SQRT(($B$7/10)^2-($B$31*SIN(RADIANS(N63)))^2)) -> 386.03298 | P63: =IF(N63>$B$36,1-EXP(-$B$16*((N63-$B$36)/$B$35)^($B$17+1)),0) -> 0 | Q63: =Q62*(O62/O63)^$B$9+10*($B$9-1)*$B$33*(P63-P62)/((O62+O63)/2) -> 0.76299707 | R63: =R62*(O62/O63)^$B$9 -> 0.76299707 | S63: =IF(N63<=$B$38,IF(N63>$B$37,1-EXP(-$B$16*((N63-$B$37)/$B$35)^($B$17+1)),0),$B$22+(1-$B$22)*(1-EXP(-(N63-$B$38)/$B$23))) -> 0 | T63: =T62*(O62/O63)^$B$9+10*($B$9-1)*$B$33*(S63-S62)/((O62+O63)/2) -> 0.76299707 | U63: =T63+IF(N63>$B$38,$B$24*EXP(-(N63-$B$38)/$B$26)*SIN(2*PI()*(N63-$B$38)/$B$39),0) -> 0.76299707 | V63: =V62+(Q62+Q63)/2*(O63-O62)/10 -> -1.2753361 | W63: =W62+(T62+T63)/2*(O63-O62)/10 -> -1.2753361
N64: -150 | O64: =$B$30+PI()/4*($B$5/10)^2*($B$31+$B$7/10-$B$31*COS(RADIANS(N64))-SQRT(($B$7/10)^2-($B$31*SIN(RADIANS(N64)))^2)) -> 385.44412 | P64: =IF(N64>$B$36,1-EXP(-$B$16*((N64-$B$36)/$B$35)^($B$17+1)),0) -> 0 | Q64: =Q63*(O63/O64)^$B$9+10*($B$9-1)*$B$33*(P64-P63)/((O63+O64)/2) -> 0.76454781 | R64: =R63*(O63/O64)^$B$9 -> 0.76454781 | S64: =IF(N64<=$B$38,IF(N64>$B$37,1-EXP(-$B$16*((N64-$B$37)/$B$35)^($B$17+1)),0),$B$22+(1-$B$22)*(1-EXP(-(N64-$B$38)/$B$23))) -> 0 | T64: =T63*(O63/O64)^$B$9+10*($B$9-1)*$B$33*(S64-S63)/((O63+O64)/2) -> 0.76454781 | U64: =T64+IF(N64>$B$38,$B$24*EXP(-(N64-$B$38)/$B$26)*SIN(2*PI()*(N64-$B$38)/$B$39),0) -> 0.76454781 | V64: =V63+(Q63+Q64)/2*(O64-O63)/10 -> -1.320312 | W64: =W63+(T63+T64)/2*(O64-O63)/10 -> -1.320312
N65: -149.5 | O65: =$B$30+PI()/4*($B$5/10)^2*($B$31+$B$7/10-$B$31*COS(RADIANS(N65))-SQRT(($B$7/10)^2-($B$31*SIN(RADIANS(N65)))^2)) -> 384.84534 | P65: =IF(N65>$B$36,1-EXP(-$B$16*((N65-$B$36)/$B$35)^($B$17+1)),0) -> 0 | Q65: =Q64*(O64/O65)^$B$9+10*($B$9-1)*$B$33*(P65-P64)/((O64+O65)/2) -> 0.76613031 | R65: =R64*(O64/O65)^$B$9 -> 0.76613031 | S65: =IF(N65<=$B$38,IF(N65>$B$37,1-EXP(-$B$16*((N65-$B$37)/$B$35)^($B$17+1)),0),$B$22+(1-$B$22)*(1-EXP(-(N65-$B$38)/$B$23))) -> 0 | T65: =T64*(O64/O65)^$B$9+10*($B$9-1)*$B$33*(S65-S64)/((O64+O65)/2) -> 0.76613031 | U65: =T65+IF(N65>$B$38,$B$24*EXP(-(N65-$B$38)/$B$26)*SIN(2*PI()*(N65-$B$38)/$B$39),0) -> 0.76613031 | V65: =V64+(Q64+Q65)/2*(O65-O64)/10 -> -1.3661387 | W65: =W64+(T64+T65)/2*(O65-O64)/10 -> -1.3661387
N66: -149 | O66: =$B$30+PI()/4*($B$5/10)^2*($B$31+$B$7/10-$B$31*COS(RADIANS(N66))-SQRT(($B$7/10)^2-($B$31*SIN(RADIANS(N66)))^2)) -> 384.23666 | P66: =IF(N66>$B$36,1-EXP(-$B$16*((N66-$B$36)/$B$35)^($B$17+1)),0) -> 0 | Q66: =Q65*(O65/O66)^$B$9+10*($B$9-1)*$B$33*(P66-P65)/((O65+O66)/2) -> 0.7677449 | R66: =R65*(O65/O66)^$B$9 -> 0.7677449 | S66: =IF(N66<=$B$38,IF(N66>$B$37,1-EXP(-$B$16*((N66-$B$37)/$B$35)^($B$17+1)),0),$B$22+(1-$B$22)*(1-EXP(-(N66-$B$38)/$B$23))) -> 0 | T66: =T65*(O65/O66)^$B$9+10*($B$9-1)*$B$33*(S66-S65)/((O65+O66)/2) -> 0.7677449 | U66: =T66+IF(N66>$B$38,$B$24*EXP(-(N66-$B$38)/$B$26)*SIN(2*PI()*(N66-$B$38)/$B$39),0) -> 0.7677449 | V66: =V65+(Q65+Q66)/2*(O66-O65)/10 -> -1.412821 | W66: =W65+(T65+T66)/2*(O66-O65)/10 -> -1.412821
N67: -148.5 | O67: =$B$30+PI()/4*($B$5/10)^2*($B$31+$B$7/10-$B$31*COS(RADIANS(N67))-SQRT(($B$7/10)^2-($B$31*SIN(RADIANS(N67)))^2)) -> 383.61807 | P67: =IF(N67>$B$36,1-EXP(-$B$16*((N67-$B$36)/$B$35)^($B$17+1)),0) -> 0 | Q67: =Q66*(O66/O67)^$B$9+10*($B$9-1)*$B$33*(P67-P66)/((O66+O67)/2) -> 0.76939188 | R67: =R66*(O66/O67)^$B$9 -> 0.76939188 | S67: =IF(N67<=$B$38,IF(N67>$B$37,1-EXP(-$B$16*((N67-$B$37)/$B$35)^($B$17+1)),0),$B$22+(1-$B$22)*(1-EXP(-(N67-$B$38)/$B$23))) -> 0 | T67: =T66*(O66/O67)^$B$9+10*($B$9-1)*$B$33*(S67-S66)/((O66+O67)/2) -> 0.76939188 | U67: =T67+IF(N67>$B$38,$B$24*EXP(-(N67-$B$38)/$B$26)*SIN(2*PI()*(N67-$B$38)/$B$39),0) -> 0.76939188 | V67: =V66+(Q66+Q67)/2*(O67-O66)/10 -> -1.460364 | W67: =W66+(T66+T67)/2*(O67-O66)/10 -> -1.460364
N68: -148 | O68: =$B$30+PI()/4*($B$5/10)^2*($B$31+$B$7/10-$B$31*COS(RADIANS(N68))-SQRT(($B$7/10)^2-($B$31*SIN(RADIANS(N68)))^2)) -> 382.98957 | P68: =IF(N68>$B$36,1-EXP(-$B$16*((N68-$B$36)/$B$35)^($B$17+1)),0) -> 0 | Q68: =Q67*(O67/O68)^$B$9+10*($B$9-1)*$B$33*(P68-P67)/((O67+O68)/2) -> 0.77107158 | R68: =R67*(O67/O68)^$B$9 -> 0.77107158 | S68: =IF(N68<=$B$38,IF(N68>$B$37,1-EXP(-$B$16*((N68-$B$37)/$B$35)^($B$17+1)),0),$B$22+(1-$B$22)*(1-EXP(-(N68-$B$38)/$B$23))) -> 0 | T68: =T67*(O67/O68)^$B$9+10*($B$9-1)*$B$33*(S68-S67)/((O67+O68)/2) -> 0.77107158 | U68: =T68+IF(N68>$B$38,$B$24*EXP(-(N68-$B$38)/$B$26)*SIN(2*PI()*(N68-$B$38)/$B$39),0) -> 0.77107158 | V68: =V67+(Q67+Q68)/2*(O68-O67)/10 -> -1.5087726 | W68: =W67+(T67+T68)/2*(O68-O67)/10 -> -1.5087726
N69: -147.5 | O69: =$B$30+PI()/4*($B$5/10)^2*($B$31+$B$7/10-$B$31*COS(RADIANS(N69))-SQRT(($B$7/10)^2-($B$31*SIN(RADIANS(N69)))^2)) -> 382.35118 | P69: =IF(N69>$B$36,1-EXP(-$B$16*((N69-$B$36)/$B$35)^($B$17+1)),0) -> 0 | Q69: =Q68*(O68/O69)^$B$9+10*($B$9-1)*$B$33*(P69-P68)/((O68+O69)/2) -> 0.77278432 | R69: =R68*(O68/O69)^$B$9 -> 0.77278432 | S69: =IF(N69<=$B$38,IF(N69>$B$37,1-EXP(-$B$16*((N69-$B$37)/$B$35)^($B$17+1)),0),$B$22+(1-$B$22)*(1-EXP(-(N69-$B$38)/$B$23))) -> 0 | T69: =T68*(O68/O69)^$B$9+10*($B$9-1)*$B$33*(S69-S68)/((O68+O69)/2) -> 0.77278432 | U69: =T69+IF(N69>$B$38,$B$24*EXP(-(N69-$B$38)/$B$26)*SIN(2*PI()*(N69-$B$38)/$B$39),0) -> 0.77278432 | V69: =V68+(Q68+Q69)/2*(O69-O68)/10 -> -1.5580521 | W69: =W68+(T68+T69)/2*(O69-O68)/10 -> -1.5580521
N70: -147 | O70: =$B$30+PI()/4*($B$5/10)^2*($B$31+$B$7/10-$B$31*COS(RADIANS(N70))-SQRT(($B$7/10)^2-($B$31*SIN(RADIANS(N70)))^2)) -> 381.70289 | P70: =IF(N70>$B$36,1-EXP(-$B$16*((N70-$B$36)/$B$35)^($B$17+1)),0) -> 0 | Q70: =Q69*(O69/O70)^$B$9+10*($B$9-1)*$B$33*(P70-P69)/((O69+O70)/2) -> 0.77453046 | R70: =R69*(O69/O70)^$B$9 -> 0.77453046 | S70: =IF(N70<=$B$38,IF(N70>$B$37,1-EXP(-$B$16*((N70-$B$37)/$B$35)^($B$17+1)),0),$B$22+(1-$B$22)*(1-EXP(-(N70-$B$38)/$B$23))) -> 0 | T70: =T69*(O69/O70)^$B$9+10*($B$9-1)*$B$33*(S70-S69)/((O69+O70)/2) -> 0.77453046 | U70: =T70+IF(N70>$B$38,$B$24*EXP(-(N70-$B$38)/$B$26)*SIN(2*PI()*(N70-$B$38)/$B$39),0) -> 0.77453046 | V70: =V69+(Q69+Q70)/2*(O70-O69)/10 -> -1.6082077 | W70: =W69+(T69+T70)/2*(O70-O69)/10 -> -1.6082077
... N724: 180 | O724: =$B$30+PI()/4*($B$5/10)^2*($B$31+$B$7/10-$B$31*COS(RADIANS(N724))-SQRT(($B$7/10)^2-($B$31*SIN(RADIANS(N724)))^2)) -> 403.24087 | P724: =IF(N724>$B$36,1-EXP(-$B$16*((N724-$B$36)/$B$35)^($B$17+1)),0) -> 1 | Q724: =Q723*(O723/O724)^$B$9+10*($B$9-1)*$B$33*(P724-P723)/((O723+O724)/2) -> 2.2543999 | R724: =R723*(O723/O724)^$B$9 -> 0.72 | S724: =IF(N724<=$B$38,IF(N724>$B$37,1-EXP(-$B$16*((N724-$B$37)/$B$35)^($B$17+1)),0),$B$22+(1-$B$22)*(1-EXP(-(N724-$B$38)/$B$23))) -> 1 | T724: =T723*(O723/O724)^$B$9+10*($B$9-1)*$B$33*(S724-S723)/((O723+O724)/2) -> 2.2324759 | U724: =T724+IF(N724>$B$38,$B$24*EXP(-(N724-$B$38)/$B$26)*SIN(2*PI()*(N724-$B$38)/$B$39),0) -> 2.232476 | V724: =V723+(Q723+Q724)/2*(O724-O723)/10 -> 203.06529 | W724: =W723+(T723+T724)/2*(O724-O723)/10 -> 204.60213

Sheet Tres_avances
A1: Presión en la cámara con avance correcto, demasiado avanzado y demasiado retardado
A2: Reproduce la figura «Desarrollo de la presión en la cámara de combustión a diferente avance de encendido»: Za correcto (azul), Zb demasiado avanzado con detonación (verde) y Zc demasiado retardado (rojo). El eje horizontal es el ángulo del cigüeñal respecto del PMS: positivo = antes del PMS, negativo = después (como en la figura, de 75° a −75°). Usa la geometría, rpm y carga de la hoja Presion_cilindro.
A4: Datos | N4: α_z (° APMS) | O4: x_b Za | P4: p Za (bar) | Q4: x_b Zb | R4: p Zb base (bar) | S4: p Zb (bar) | T4: x_b Zc | U4: p Zc (bar)
A5: Za · encendido correcto | B5: 30 | C5: ° APMS | N5: =-Presion_cilindro!N4 -> 180 | O5: =IF(Presion_cilindro!N4>$B$12,1-EXP(-Presion_cilindro!$B$16*((Presion_cilindro!N4-$B$12)/Presion_cilindro!$B$35)^(Presion_cilindro!$B$17+1)),0) -> 0 | P5: =Presion_cilindro!$B$32 -> 0.72 | Q5: =IF(OR($B$9=0,Presion_cilindro!N4<=$B$15),IF(Presion_cilindro!N4>$B$13,1-EXP(-Presion_cilindro!$B$16*((Presion_cilindro!N4-$B$13)/Presion_cilindro!$B$35)^(Presion_cilindro!$B$17+1)),0),$B$8+(1-$B$8)*(1-EXP(-(Presion_cilindro!N4-$B$15)/Presion_cilindro!$B$23))) -> 0 | R5: =Presion_cilindro!$B$32 -> 0.72 | S5: =R5+IF(AND($B$9=1,Presion_cilindro!N4>$B$15),Presion_cilindro!$B$24*2.5*EXP(-(Presion_cilindro!N4-$B$15)/Presion_cilindro!$B$26)*SIN(2*PI()*(Presion_cilindro!N4-$B$15)/Presion_cilindro!$B$39),0) -> 0.72 | T5: =IF(Presion_cilindro!N4>$B$14,1-EXP(-Presion_cilindro!$B$16*((Presion_cilindro!N4-$B$14)/Presion_cilindro!$B$35)^(Presion_cilindro!$B$17+1)),0) -> 0 | U5: =Presion_cilindro!$B$32 -> 0.72
A6: Zb · encendido demasiado avanzado | B6: 50 | C6: ° APMS | N6: =-Presion_cilindro!N5 -> 179.5 | O6: =IF(Presion_cilindro!N5>$B$12,1-EXP(-Presion_cilindro!$B$16*((Presion_cilindro!N5-$B$12)/Presion_cilindro!$B$35)^(Presion_cilindro!$B$17+1)),0) -> 0 | P6: =P5*(Presion_cilindro!O4/Presion_cilindro!O5)^Presion_cilindro!$B$9+10*(Presion_cilindro!$B$9-1)*Presion_cilindro!$B$33*(O6-O5)/((Presion_cilindro!O4+Presion_cilindro!O5)/2) -> 0.72001172 | Q6: =IF(OR($B$9=0,Presion_cilindro!N5<=$B$15),IF(Presion_cilindro!N5>$B$13,1-EXP(-Presion_cilindro!$B$16*((Presion_cilindro!N5-$B$13)/Presion_cilindro!$B$35)^(Presion_cilindro!$B$17+1)),0),$B$8+(1-$B$8)*(1-EXP(-(Presion_cilindro!N5-$B$15)/Presion_cilindro!$B$23))) -> 0 | R6: =R5*(Presion_cilindro!O4/Presion_cilindro!O5)^Presion_cilindro!$B$9+10*(Presion_cilindro!$B$9-1)*Presion_cilindro!$B$33*(Q6-Q5)/((Presion_cilindro!O4+Presion_cilindro!O5)/2) -> 0.72001172 | S6: =R6+IF(AND($B$9=1,Presion_cilindro!N5>$B$15),Presion_cilindro!$B$24*2.5*EXP(-(Presion_cilindro!N5-$B$15)/Presion_cilindro!$B$26)*SIN(2*PI()*(Presion_cilindro!N5-$B$15)/Presion_cilindro!$B$39),0) -> 0.72001172 | T6: =IF(Presion_cilindro!N5>$B$14,1-EXP(-Presion_cilindro!$B$16*((Presion_cilindro!N5-$B$14)/Presion_cilindro!$B$35)^(Presion_cilindro!$B$17+1)),0) -> 0 | U6: =U5*(Presion_cilindro!O4/Presion_cilindro!O5)^Presion_cilindro!$B$9+10*(Presion_cilindro!$B$9-1)*Presion_cilindro!$B$33*(T6-T5)/((Presion_cilindro!O4+Presion_cilindro!O5)/2) -> 0.72001172
A7: Zc · encendido demasiado retardado | B7: -10 | C7: ° APMS | N7: =-Presion_cilindro!N6 -> 179 | O7: =IF(Presion_cilindro!N6>$B$12,1-EXP(-Presion_cilindro!$B$16*((Presion_cilindro!N6-$B$12)/Presion_cilindro!$B$35)^(Presion_cilindro!$B$17+1)),0) -> 0 | P7: =P6*(Presion_cilindro!O5/Presion_cilindro!O6)^Presion_cilindro!$B$9+10*(Presion_cilindro!$B$9-1)*Presion_cilindro!$B$33*(O7-O6)/((Presion_cilindro!O5+Presion_cilindro!O6)/2) -> 0.72004688 | Q7: =IF(OR($B$9=0,Presion_cilindro!N6<=$B$15),IF(Presion_cilindro!N6>$B$13,1-EXP(-Presion_cilindro!$B$16*((Presion_cilindro!N6-$B$13)/Presion_cilindro!$B$35)^(Presion_cilindro!$B$17+1)),0),$B$8+(1-$B$8)*(1-EXP(-(Presion_cilindro!N6-$B$15)/Presion_cilindro!$B$23))) -> 0 | R7: =R6*(Presion_cilindro!O5/Presion_cilindro!O6)^Presion_cilindro!$B$9+10*(Presion_cilindro!$B$9-1)*Presion_cilindro!$B$33*(Q7-Q6)/((Presion_cilindro!O5+Presion_cilindro!O6)/2) -> 0.72004688 | S7: =R7+IF(AND($B$9=1,Presion_cilindro!N6>$B$15),Presion_cilindro!$B$24*2.5*EXP(-(Presion_cilindro!N6-$B$15)/Presion_cilindro!$B$26)*SIN(2*PI()*(Presion_cilindro!N6-$B$15)/Presion_cilindro!$B$39),0) -> 0.72004688 | T7: =IF(Presion_cilindro!N6>$B$14,1-EXP(-Presion_cilindro!$B$16*((Presion_cilindro!N6-$B$14)/Presion_cilindro!$B$35)^(Presion_cilindro!$B$17+1)),0) -> 0 | U7: =U6*(Presion_cilindro!O5/Presion_cilindro!O6)^Presion_cilindro!$B$9+10*(Presion_cilindro!$B$9-1)*Presion_cilindro!$B$33*(T7-T6)/((Presion_cilindro!O5+Presion_cilindro!O6)/2) -> 0.72004688
A8: Fracción quemada al iniciar la detonación (Zb) | B8: 0.85 | C8: — | N8: =-Presion_cilindro!N7 -> 178.5 | O8: =IF(Presion_cilindro!N7>$B$12,1-EXP(-Presion_cilindro!$B$16*((Presion_cilindro!N7-$B$12)/Presion_cilindro!$B$35)^(Presion_cilindro!$B$17+1)),0) -> 0 | P8: =P7*(Presion_cilindro!O6/Presion_cilindro!O7)^Presion_cilindro!$B$9+10*(Presion_cilindro!$B$9-1)*Presion_cilindro!$B$33*(O8-O7)/((Presion_cilindro!O6+Presion_cilindro!O7)/2) -> 0.7201055 | Q8: =IF(OR($B$9=0,Presion_cilindro!N7<=$B$15),IF(Presion_cilindro!N7>$B$13,1-EXP(-Presion_cilindro!$B$16*((Presion_cilindro!N7-$B$13)/Presion_cilindro!$B$35)^(Presion_cilindro!$B$17+1)),0),$B$8+(1-$B$8)*(1-EXP(-(Presion_cilindro!N7-$B$15)/Presion_cilindro!$B$23))) -> 0 | R8: =R7*(Presion_cilindro!O6/Presion_cilindro!O7)^Presion_cilindro!$B$9+10*(Presion_cilindro!$B$9-1)*Presion_cilindro!$B$33*(Q8-Q7)/((Presion_cilindro!O6+Presion_cilindro!O7)/2) -> 0.7201055 | S8: =R8+IF(AND($B$9=1,Presion_cilindro!N7>$B$15),Presion_cilindro!$B$24*2.5*EXP(-(Presion_cilindro!N7-$B$15)/Presion_cilindro!$B$26)*SIN(2*PI()*(Presion_cilindro!N7-$B$15)/Presion_cilindro!$B$39),0) -> 0.7201055 | T8: =IF(Presion_cilindro!N7>$B$14,1-EXP(-Presion_cilindro!$B$16*((Presion_cilindro!N7-$B$14)/Presion_cilindro!$B$35)^(Presion_cilindro!$B$17+1)),0) -> 0 | U8: =U7*(Presion_cilindro!O6/Presion_cilindro!O7)^Presion_cilindro!$B$9+10*(Presion_cilindro!$B$9-1)*Presion_cilindro!$B$33*(T8-T7)/((Presion_cilindro!O6+Presion_cilindro!O7)/2) -> 0.7201055
A9: ¿Hay detonación con Zb? (1 = sí, 0 = no) | B9: 1 | C9: — | N9: =-Presion_cilindro!N8 -> 178 | O9: =IF(Presion_cilindro!N8>$B$12,1-EXP(-Presion_cilindro!$B$16*((Presion_cilindro!N8-$B$12)/Presion_cilindro!$B$35)^(Presion_cilindro!$B$17+1)),0) -> 0 | P9: =P8*(Presion_cilindro!O7/Presion_cilindro!O8)^Presion_cilindro!$B$9+10*(Presion_cilindro!$B$9-1)*Presion_cilindro!$B$33*(O9-O8)/((Presion_cilindro!O7+Presion_cilindro!O8)/2) -> 0.72018757 | Q9: =IF(OR($B$9=0,Presion_cilindro!N8<=$B$15),IF(Presion_cilindro!N8>$B$13,1-EXP(-Presion_cilindro!$B$16*((Presion_cilindro!N8-$B$13)/Presion_cilindro!$B$35)^(Presion_cilindro!$B$17+1)),0),$B$8+(1-$B$8)*(1-EXP(-(Presion_cilindro!N8-$B$15)/Presion_cilindro!$B$23))) -> 0 | R9: =R8*(Presion_cilindro!O7/Presion_cilindro!O8)^Presion_cilindro!$B$9+10*(Presion_cilindro!$B$9-1)*Presion_cilindro!$B$33*(Q9-Q8)/((Presion_cilindro!O7+Presion_cilindro!O8)/2) -> 0.72018757 | S9: =R9+IF(AND($B$9=1,Presion_cilindro!N8>$B$15),Presion_cilindro!$B$24*2.5*EXP(-(Presion_cilindro!N8-$B$15)/Presion_cilindro!$B$26)*SIN(2*PI()*(Presion_cilindro!N8-$B$15)/Presion_cilindro!$B$39),0) -> 0.72018757 | T9: =IF(Presion_cilindro!N8>$B$14,1-EXP(-Presion_cilindro!$B$16*((Presion_cilindro!N8-$B$14)/Presion_cilindro!$B$35)^(Presion_cilindro!$B$17+1)),0) -> 0 | U9: =U8*(Presion_cilindro!O7/Presion_cilindro!O8)^Presion_cilindro!$B$9+10*(Presion_cilindro!$B$9-1)*Presion_cilindro!$B$33*(T9-T8)/((Presion_cilindro!O7+Presion_cilindro!O8)/2) -> 0.72018757
N10: =-Presion_cilindro!N9 -> 177.5 | O10: =IF(Presion_cilindro!N9>$B$12,1-EXP(-Presion_cilindro!$B$16*((Presion_cilindro!N9-$B$12)/Presion_cilindro!$B$35)^(Presion_cilindro!$B$17+1)),0) -> 0 | P10: =P9*(Presion_cilindro!O8/Presion_cilindro!O9)^Presion_cilindro!$B$9+10*(Presion_cilindro!$B$9-1)*Presion_cilindro!$B$33*(O10-O9)/((Presion_cilindro!O8+Presion_cilindro!O9)/2) -> 0.72029311 | Q10: =IF(OR($B$9=0,Presion_cilindro!N9<=$B$15),IF(Presion_cilindro!N9>$B$13,1-EXP(-Presion_cilindro!$B$16*((Presion_cilindro!N9-$B$13)/Presion_cilindro!$B$35)^(Presion_cilindro!$B$17+1)),0),$B$8+(1-$B$8)*(1-EXP(-(Presion_cilindro!N9-$B$15)/Presion_cilindro!$B$23))) -> 0 | R10: =R9*(Presion_cilindro!O8/Presion_cilindro!O9)^Presion_cilindro!$B$9+10*(Presion_cilindro!$B$9-1)*Presion_cilindro!$B$33*(Q10-Q9)/((Presion_cilindro!O8+Presion_cilindro!O9)/2) -> 0.72029311 | S10: =R10+IF(AND($B$9=1,Presion_cilindro!N9>$B$15),Presion_cilindro!$B$24*2.5*EXP(-(Presion_cilindro!N9-$B$15)/Presion_cilindro!$B$26)*SIN(2*PI()*(Presion_cilindro!N9-$B$15)/Presion_cilindro!$B$39),0) -> 0.72029311 | T10: =IF(Presion_cilindro!N9>$B$14,1-EXP(-Presion_cilindro!$B$16*((Presion_cilindro!N9-$B$14)/Presion_cilindro!$B$35)^(Presion_cilindro!$B$17+1)),0) -> 0 | U10: =U9*(Presion_cilindro!O8/Presion_cilindro!O9)^Presion_cilindro!$B$9+10*(Presion_cilindro!$B$9-1)*Presion_cilindro!$B$33*(T10-T9)/((Presion_cilindro!O8+Presion_cilindro!O9)/2) -> 0.72029311
A11: Valores calculados | N11: =-Presion_cilindro!N10 -> 177 | O11: =IF(Presion_cilindro!N10>$B$12,1-EXP(-Presion_cilindro!$B$16*((Presion_cilindro!N10-$B$12)/Presion_cilindro!$B$35)^(Presion_cilindro!$B$17+1)),0) -> 0 | P11: =P10*(Presion_cilindro!O9/Presion_cilindro!O10)^Presion_cilindro!$B$9+10*(Presion_cilindro!$B$9-1)*Presion_cilindro!$B$33*(O11-O10)/((Presion_cilindro!O9+Presion_cilindro!O10)/2) -> 0.72042215 | Q11: =IF(OR($B$9=0,Presion_cilindro!N10<=$B$15),IF(Presion_cilindro!N10>$B$13,1-EXP(-Presion_cilindro!$B$16*((Presion_cilindro!N10-$B$13)/Presion_cilindro!$B$35)^(Presion_cilindro!$B$17+1)),0),$B$8+(1-$B$8)*(1-EXP(-(Presion_cilindro!N10-$B$15)/Presion_cilindro!$B$23))) -> 0 | R11: =R10*(Presion_cilindro!O9/Presion_cilindro!O10)^Presion_cilindro!$B$9+10*(Presion_cilindro!$B$9-1)*Presion_cilindro!$B$33*(Q11-Q10)/((Presion_cilindro!O9+Presion_cilindro!O10)/2) -> 0.72042215 | S11: =R11+IF(AND($B$9=1,Presion_cilindro!N10>$B$15),Presion_cilindro!$B$24*2.5*EXP(-(Presion_cilindro!N10-$B$15)/Presion_cilindro!$B$26)*SIN(2*PI()*(Presion_cilindro!N10-$B$15)/Presion_cilindro!$B$39),0) -> 0.72042215 | T11: =IF(Presion_cilindro!N10>$B$14,1-EXP(-Presion_cilindro!$B$16*((Presion_cilindro!N10-$B$14)/Presion_cilindro!$B$35)^(Presion_cilindro!$B$17+1)),0) -> 0 | U11: =U10*(Presion_cilindro!O9/Presion_cilindro!O10)^Presion_cilindro!$B$9+10*(Presion_cilindro!$B$9-1)*Presion_cilindro!$B$33*(T11-T10)/((Presion_cilindro!O9+Presion_cilindro!O10)/2) -> 0.72042215
A12: Inicio de la combustión Za | B12: =-$B$5+Presion_cilindro!$B$34 -> -22.8 | C12: ° | N12: =-Presion_cilindro!N11 -> 176.5 | O12: =IF(Presion_cilindro!N11>$B$12,1-EXP(-Presion_cilindro!$B$16*((Presion_cilindro!N11-$B$12)/Presion_cilindro!$B$35)^(Presion_cilindro!$B$17+1)),0) -> 0 | P12: =P11*(Presion_cilindro!O10/Presion_cilindro!O11)^Presion_cilindro!$B$9+10*(Presion_cilindro!$B$9-1)*Presion_cilindro!$B$33*(O12-O11)/((Presion_cilindro!O10+Presion_cilindro!O11)/2) -> 0.72057471 | Q12: =IF(OR($B$9=0,Presion_cilindro!N11<=$B$15),IF(Presion_cilindro!N11>$B$13,1-EXP(-Presion_cilindro!$B$16*((Presion_cilindro!N11-$B$13)/Presion_cilindro!$B$35)^(Presion_cilindro!$B$17+1)),0),$B$8+(1-$B$8)*(1-EXP(-(Presion_cilindro!N11-$B$15)/Presion_cilindro!$B$23))) -> 0 | R12: =R11*(Presion_cilindro!O10/Presion_cilindro!O11)^Presion_cilindro!$B$9+10*(Presion_cilindro!$B$9-1)*Presion_cilindro!$B$33*(Q12-Q11)/((Presion_cilindro!O10+Presion_cilindro!O11)/2) -> 0.72057471 | S12: =R12+IF(AND($B$9=1,Presion_cilindro!N11>$B$15),Presion_cilindro!$B$24*2.5*EXP(-(Presion_cilindro!N11-$B$15)/Presion_cilindro!$B$26)*SIN(2*PI()*(Presion_cilindro!N11-$B$15)/Presion_cilindro!$B$39),0) -> 0.72057471 | T12: =IF(Presion_cilindro!N11>$B$14,1-EXP(-Presion_cilindro!$B$16*((Presion_cilindro!N11-$B$14)/Presion_cilindro!$B$35)^(Presion_cilindro!$B$17+1)),0) -> 0 | U12: =U11*(Presion_cilindro!O10/Presion_cilindro!O11)^Presion_cilindro!$B$9+10*(Presion_cilindro!$B$9-1)*Presion_cilindro!$B$33*(T12-T11)/((Presion_cilindro!O10+Presion_cilindro!O11)/2) -> 0.72057471
A13: Inicio de la combustión Zb | B13: =-$B$6+Presion_cilindro!$B$34 -> -42.8 | C13: ° | N13: =-Presion_cilindro!N12 -> 176 | O13: =IF(Presion_cilindro!N12>$B$12,1-EXP(-Presion_cilindro!$B$16*((Presion_cilindro!N12-$B$12)/Presion_cilindro!$B$35)^(Presion_cilindro!$B$17+1)),0) -> 0 | P13: =P12*(Presion_cilindro!O11/Presion_cilindro!O12)^Presion_cilindro!$B$9+10*(Presion_cilindro!$B$9-1)*Presion_cilindro!$B$33*(O13-O12)/((Presion_cilindro!O11+Presion_cilindro!O12)/2) -> 0.72075081 | Q13: =IF(OR($B$9=0,Presion_cilindro!N12<=$B$15),IF(Presion_cilindro!N12>$B$13,1-EXP(-Presion_cilindro!$B$16*((Presion_cilindro!N12-$B$13)/Presion_cilindro!$B$35)^(Presion_cilindro!$B$17+1)),0),$B$8+(1-$B$8)*(1-EXP(-(Presion_cilindro!N12-$B$15)/Presion_cilindro!$B$23))) -> 0 | R13: =R12*(Presion_cilindro!O11/Presion_cilindro!O12)^Presion_cilindro!$B$9+10*(Presion_cilindro!$B$9-1)*Presion_cilindro!$B$33*(Q13-Q12)/((Presion_cilindro!O11+Presion_cilindro!O12)/2) -> 0.72075081 | S13: =R13+IF(AND($B$9=1,Presion_cilindro!N12>$B$15),Presion_cilindro!$B$24*2.5*EXP(-(Presion_cilindro!N12-$B$15)/Presion_cilindro!$B$26)*SIN(2*PI()*(Presion_cilindro!N12-$B$15)/Presion_cilindro!$B$39),0) -> 0.72075081 | T13: =IF(Presion_cilindro!N12>$B$14,1-EXP(-Presion_cilindro!$B$16*((Presion_cilindro!N12-$B$14)/Presion_cilindro!$B$35)^(Presion_cilindro!$B$17+1)),0) -> 0 | U13: =U12*(Presion_cilindro!O11/Presion_cilindro!O12)^Presion_cilindro!$B$9+10*(Presion_cilindro!$B$9-1)*Presion_cilindro!$B$33*(T13-T12)/((Presion_cilindro!O11+Presion_cilindro!O12)/2) -> 0.72075081
A14: Inicio de la combustión Zc | B14: =-$B$7+Presion_cilindro!$B$34 -> 17.2 | C14: ° | N14: =-Presion_cilindro!N13 -> 175.5 | O14: =IF(Presion_cilindro!N13>$B$12,1-EXP(-Presion_cilindro!$B$16*((Presion_cilindro!N13-$B$12)/Presion_cilindro!$B$35)^(Presion_cilindro!$B$17+1)),0) -> 0 | P14: =P13*(Presion_cilindro!O12/Presion_cilindro!O13)^Presion_cilindro!$B$9+10*(Presion_cilindro!$B$9-1)*Presion_cilindro!$B$33*(O14-O13)/((Presion_cilindro!O12+Presion_cilindro!O13)/2) -> 0.72095048 | Q14: =IF(OR($B$9=0,Presion_cilindro!N13<=$B$15),IF(Presion_cilindro!N13>$B$13,1-EXP(-Presion_cilindro!$B$16*((Presion_cilindro!N13-$B$13)/Presion_cilindro!$B$35)^(Presion_cilindro!$B$17+1)),0),$B$8+(1-$B$8)*(1-EXP(-(Presion_cilindro!N13-$B$15)/Presion_cilindro!$B$23))) -> 0 | R14: =R13*(Presion_cilindro!O12/Presion_cilindro!O13)^Presion_cilindro!$B$9+10*(Presion_cilindro!$B$9-1)*Presion_cilindro!$B$33*(Q14-Q13)/((Presion_cilindro!O12+Presion_cilindro!O13)/2) -> 0.72095048 | S14: =R14+IF(AND($B$9=1,Presion_cilindro!N13>$B$15),Presion_cilindro!$B$24*2.5*EXP(-(Presion_cilindro!N13-$B$15)/Presion_cilindro!$B$26)*SIN(2*PI()*(Presion_cilindro!N13-$B$15)/Presion_cilindro!$B$39),0) -> 0.72095048 | T14: =IF(Presion_cilindro!N13>$B$14,1-EXP(-Presion_cilindro!$B$16*((Presion_cilindro!N13-$B$14)/Presion_cilindro!$B$35)^(Presion_cilindro!$B$17+1)),0) -> 0 | U14: =U13*(Presion_cilindro!O12/Presion_cilindro!O13)^Presion_cilindro!$B$9+10*(Presion_cilindro!$B$9-1)*Presion_cilindro!$B$33*(T14-T13)/((Presion_cilindro!O12+Presion_cilindro!O13)/2) -> 0.72095048
A15: Ángulo de inicio de la detonación (Zb) | B15: =$B$13+Presion_cilindro!$B$35*(-LN(1-$B$8)/Presion_cilindro!$B$16)^(1/(Presion_cilindro!$B$17+1)) -> -6.8921054 | C15: ° | N15: =-Presion_cilindro!N14 -> 175 | O15: =IF(Presion_cilindro!N14>$B$12,1-EXP(-Presion_cilindro!$B$16*((Presion_cilindro!N14-$B$12)/Presion_cilindro!$B$35)^(Presion_cilindro!$B$17+1)),0) -> 0 | P15: =P14*(Presion_cilindro!O13/Presion_cilindro!O14)^Presion_cilindro!$B$9+10*(Presion_cilindro!$B$9-1)*Presion_cilindro!$B$33*(O15-O14)/((Presion_cilindro!O13+Presion_cilindro!O14)/2) -> 0.72117376 | Q15: =IF(OR($B$9=0,Presion_cilindro!N14<=$B$15),IF(Presion_cilindro!N14>$B$13,1-EXP(-Presion_cilindro!$B$16*((Presion_cilindro!N14-$B$13)/Presion_cilindro!$B$35)^(Presion_cilindro!$B$17+1)),0),$B$8+(1-$B$8)*(1-EXP(-(Presion_cilindro!N14-$B$15)/Presion_cilindro!$B$23))) -> 0 | R15: =R14*(Presion_cilindro!O13/Presion_cilindro!O14)^Presion_cilindro!$B$9+10*(Presion_cilindro!$B$9-1)*Presion_cilindro!$B$33*(Q15-Q14)/((Presion_cilindro!O13+Presion_cilindro!O14)/2) -> 0.72117376 | S15: =R15+IF(AND($B$9=1,Presion_cilindro!N14>$B$15),Presion_cilindro!$B$24*2.5*EXP(-(Presion_cilindro!N14-$B$15)/Presion_cilindro!$B$26)*SIN(2*PI()*(Presion_cilindro!N14-$B$15)/Presion_cilindro!$B$39),0) -> 0.72117376 | T15: =IF(Presion_cilindro!N14>$B$14,1-EXP(-Presion_cilindro!$B$16*((Presion_cilindro!N14-$B$14)/Presion_cilindro!$B$35)^(Presion_cilindro!$B$17+1)),0) -> 0 | U15: =U14*(Presion_cilindro!O13/Presion_cilindro!O14)^Presion_cilindro!$B$9+10*(Presion_cilindro!$B$9-1)*Presion_cilindro!$B$33*(T15-T14)/((Presion_cilindro!O13+Presion_cilindro!O14)/2) -> 0.72117376
N16: =-Presion_cilindro!N15 -> 174.5 | O16: =IF(Presion_cilindro!N15>$B$12,1-EXP(-Presion_cilindro!$B$16*((Presion_cilindro!N15-$B$12)/Presion_cilindro!$B$35)^(Presion_cilindro!$B$17+1)),0) -> 0 | P16: =P15*(Presion_cilindro!O14/Presion_cilindro!O15)^Presion_cilindro!$B$9+10*(Presion_cilindro!$B$9-1)*Presion_cilindro!$B$33*(O16-O15)/((Presion_cilindro!O14+Presion_cilindro!O15)/2) -> 0.7214207 | Q16: =IF(OR($B$9=0,Presion_cilindro!N15<=$B$15),IF(Presion_cilindro!N15>$B$13,1-EXP(-Presion_cilindro!$B$16*((Presion_cilindro!N15-$B$13)/Presion_cilindro!$B$35)^(Presion_cilindro!$B$17+1)),0),$B$8+(1-$B$8)*(1-EXP(-(Presion_cilindro!N15-$B$15)/Presion_cilindro!$B$23))) -> 0 | R16: =R15*(Presion_cilindro!O14/Presion_cilindro!O15)^Presion_cilindro!$B$9+10*(Presion_cilindro!$B$9-1)*Presion_cilindro!$B$33*(Q16-Q15)/((Presion_cilindro!O14+Presion_cilindro!O15)/2) -> 0.7214207 | S16: =R16+IF(AND($B$9=1,Presion_cilindro!N15>$B$15),Presion_cilindro!$B$24*2.5*EXP(-(Presion_cilindro!N15-$B$15)/Presion_cilindro!$B$26)*SIN(2*PI()*(Presion_cilindro!N15-$B$15)/Presion_cilindro!$B$39),0) -> 0.7214207 | T16: =IF(Presion_cilindro!N15>$B$14,1-EXP(-Presion_cilindro!$B$16*((Presion_cilindro!N15-$B$14)/Presion_cilindro!$B$35)^(Presion_cilindro!$B$17+1)),0) -> 0 | U16: =U15*(Presion_cilindro!O14/Presion_cilindro!O15)^Presion_cilindro!$B$9+10*(Presion_cilindro!$B$9-1)*Presion_cilindro!$B$33*(T16-T15)/((Presion_cilindro!O14+Presion_cilindro!O15)/2) -> 0.7214207
A17: Resultados | N17: =-Presion_cilindro!N16 -> 174 | O17: =IF(Presion_cilindro!N16>$B$12,1-EXP(-Presion_cilindro!$B$16*((Presion_cilindro!N16-$B$12)/Presion_cilindro!$B$35)^(Presion_cilindro!$B$17+1)),0) -> 0 | P17: =P16*(Presion_cilindro!O15/Presion_cilindro!O16)^Presion_cilindro!$B$9+10*(Presion_cilindro!$B$9-1)*Presion_cilindro!$B$33*(O17-O16)/((Presion_cilindro!O15+Presion_cilindro!O16)/2) -> 0.72169133 | Q17: =IF(OR($B$9=0,Presion_cilindro!N16<=$B$15),IF(Presion_cilindro!N16>$B$13,1-EXP(-Presion_cilindro!$B$16*((Presion_cilindro!N16-$B$13)/Presion_cilindro!$B$35)^(Presion_cilindro!$B$17+1)),0),$B$8+(1-$B$8)*(1-EXP(-(Presion_cilindro!N16-$B$15)/Presion_cilindro!$B$23))) -> 0 | R17: =R16*(Presion_cilindro!O15/Presion_cilindro!O16)^Presion_cilindro!$B$9+10*(Presion_cilindro!$B$9-1)*Presion_cilindro!$B$33*(Q17-Q16)/((Presion_cilindro!O15+Presion_cilindro!O16)/2) -> 0.72169133 | S17: =R17+IF(AND($B$9=1,Presion_cilindro!N16>$B$15),Presion_cilindro!$B$24*2.5*EXP(-(Presion_cilindro!N16-$B$15)/Presion_cilindro!$B$26)*SIN(2*PI()*(Presion_cilindro!N16-$B$15)/Presion_cilindro!$B$39),0) -> 0.72169133 | T17: =IF(Presion_cilindro!N16>$B$14,1-EXP(-Presion_cilindro!$B$16*((Presion_cilindro!N16-$B$14)/Presion_cilindro!$B$35)^(Presion_cilindro!$B$17+1)),0) -> 0 | U17: =U16*(Presion_cilindro!O15/Presion_cilindro!O16)^Presion_cilindro!$B$9+10*(Presion_cilindro!$B$9-1)*Presion_cilindro!$B$33*(T17-T16)/((Presion_cilindro!O15+Presion_cilindro!O16)/2) -> 0.72169133
A18: Presión máxima Za | B18: =MAX(P5:P725) -> 35.93293 | C18: bar | N18: =-Presion_cilindro!N17 -> 173.5 | O18: =IF(Presion_cilindro!N17>$B$12,1-EXP(-Presion_cilindro!$B$16*((Presion_cilindro!N17-$B$12)/Presion_cilindro!$B$35)^(Presion_cilindro!$B$17+1)),0) -> 0 | P18: =P17*(Presion_cilindro!O16/Presion_cilindro!O17)^Presion_cilindro!$B$9+10*(Presion_cilindro!$B$9-1)*Presion_cilindro!$B$33*(O18-O17)/((Presion_cilindro!O16+Presion_cilindro!O17)/2) -> 0.72198571 | Q18: =IF(OR($B$9=0,Presion_cilindro!N17<=$B$15),IF(Presion_cilindro!N17>$B$13,1-EXP(-Presion_cilindro!$B$16*((Presion_cilindro!N17-$B$13)/Presion_cilindro!$B$35)^(Presion_cilindro!$B$17+1)),0),$B$8+(1-$B$8)*(1-EXP(-(Presion_cilindro!N17-$B$15)/Presion_cilindro!$B$23))) -> 0 | R18: =R17*(Presion_cilindro!O16/Presion_cilindro!O17)^Presion_cilindro!$B$9+10*(Presion_cilindro!$B$9-1)*Presion_cilindro!$B$33*(Q18-Q17)/((Presion_cilindro!O16+Presion_cilindro!O17)/2) -> 0.72198571 | S18: =R18+IF(AND($B$9=1,Presion_cilindro!N17>$B$15),Presion_cilindro!$B$24*2.5*EXP(-(Presion_cilindro!N17-$B$15)/Presion_cilindro!$B$26)*SIN(2*PI()*(Presion_cilindro!N17-$B$15)/Presion_cilindro!$B$39),0) -> 0.72198571 | T18: =IF(Presion_cilindro!N17>$B$14,1-EXP(-Presion_cilindro!$B$16*((Presion_cilindro!N17-$B$14)/Presion_cilindro!$B$35)^(Presion_cilindro!$B$17+1)),0) -> 0 | U18: =U17*(Presion_cilindro!O16/Presion_cilindro!O17)^Presion_cilindro!$B$9+10*(Presion_cilindro!$B$9-1)*Presion_cilindro!$B$33*(T18-T17)/((Presion_cilindro!O16+Presion_cilindro!O17)/2) -> 0.72198571
A19: Ángulo de la presión máxima Za | B19: =INDEX(N5:N725,MATCH(MAX(P5:P725),P5:P725,0)) -> -11 | C19: ° (− = DPMS) | N19: =-Presion_cilindro!N18 -> 173 | O19: =IF(Presion_cilindro!N18>$B$12,1-EXP(-Presion_cilindro!$B$16*((Presion_cilindro!N18-$B$12)/Presion_cilindro!$B$35)^(Presion_cilindro!$B$17+1)),0) -> 0 | P19: =P18*(Presion_cilindro!O17/Presion_cilindro!O18)^Presion_cilindro!$B$9+10*(Presion_cilindro!$B$9-1)*Presion_cilindro!$B$33*(O19-O18)/((Presion_cilindro!O17+Presion_cilindro!O18)/2) -> 0.72230388 | Q19: =IF(OR($B$9=0,Presion_cilindro!N18<=$B$15),IF(Presion_cilindro!N18>$B$13,1-EXP(-Presion_cilindro!$B$16*((Presion_cilindro!N18-$B$13)/Presion_cilindro!$B$35)^(Presion_cilindro!$B$17+1)),0),$B$8+(1-$B$8)*(1-EXP(-(Presion_cilindro!N18-$B$15)/Presion_cilindro!$B$23))) -> 0 | R19: =R18*(Presion_cilindro!O17/Presion_cilindro!O18)^Presion_cilindro!$B$9+10*(Presion_cilindro!$B$9-1)*Presion_cilindro!$B$33*(Q19-Q18)/((Presion_cilindro!O17+Presion_cilindro!O18)/2) -> 0.72230388 | S19: =R19+IF(AND($B$9=1,Presion_cilindro!N18>$B$15),Presion_cilindro!$B$24*2.5*EXP(-(Presion_cilindro!N18-$B$15)/Presion_cilindro!$B$26)*SIN(2*PI()*(Presion_cilindro!N18-$B$15)/Presion_cilindro!$B$39),0) -> 0.72230388 | T19: =IF(Presion_cilindro!N18>$B$14,1-EXP(-Presion_cilindro!$B$16*((Presion_cilindro!N18-$B$14)/Presion_cilindro!$B$35)^(Presion_cilindro!$B$17+1)),0) -> 0 | U19: =U18*(Presion_cilindro!O17/Presion_cilindro!O18)^Presion_cilindro!$B$9+10*(Presion_cilindro!$B$9-1)*Presion_cilindro!$B$33*(T19-T18)/((Presion_cilindro!O17+Presion_cilindro!O18)/2) -> 0.72230388
A20: Presión máxima Zb | B20: =MAX(S5:S725) -> 53.933372 | C20: bar | N20: =-Presion_cilindro!N19 -> 172.5 | O20: =IF(Presion_cilindro!N19>$B$12,1-EXP(-Presion_cilindro!$B$16*((Presion_cilindro!N19-$B$12)/Presion_cilindro!$B$35)^(Presion_cilindro!$B$17+1)),0) -> 0 | P20: =P19*(Presion_cilindro!O18/Presion_cilindro!O19)^Presion_cilindro!$B$9+10*(Presion_cilindro!$B$9-1)*Presion_cilindro!$B$33*(O20-O19)/((Presion_cilindro!O18+Presion_cilindro!O19)/2) -> 0.7226459 | Q20: =IF(OR($B$9=0,Presion_cilindro!N19<=$B$15),IF(Presion_cilindro!N19>$B$13,1-EXP(-Presion_cilindro!$B$16*((Presion_cilindro!N19-$B$13)/Presion_cilindro!$B$35)^(Presion_cilindro!$B$17+1)),0),$B$8+(1-$B$8)*(1-EXP(-(Presion_cilindro!N19-$B$15)/Presion_cilindro!$B$23))) -> 0 | R20: =R19*(Presion_cilindro!O18/Presion_cilindro!O19)^Presion_cilindro!$B$9+10*(Presion_cilindro!$B$9-1)*Presion_cilindro!$B$33*(Q20-Q19)/((Presion_cilindro!O18+Presion_cilindro!O19)/2) -> 0.7226459 | S20: =R20+IF(AND($B$9=1,Presion_cilindro!N19>$B$15),Presion_cilindro!$B$24*2.5*EXP(-(Presion_cilindro!N19-$B$15)/Presion_cilindro!$B$26)*SIN(2*PI()*(Presion_cilindro!N19-$B$15)/Presion_cilindro!$B$39),0) -> 0.7226459 | T20: =IF(Presion_cilindro!N19>$B$14,1-EXP(-Presion_cilindro!$B$16*((Presion_cilindro!N19-$B$14)/Presion_cilindro!$B$35)^(Presion_cilindro!$B$17+1)),0) -> 0 | U20: =U19*(Presion_cilindro!O18/Presion_cilindro!O19)^Presion_cilindro!$B$9+10*(Presion_cilindro!$B$9-1)*Presion_cilindro!$B$33*(T20-T19)/((Presion_cilindro!O18+Presion_cilindro!O19)/2) -> 0.7226459
A21: Ángulo de la presión máxima Zb | B21: =INDEX(N5:N725,MATCH(MAX(S5:S725),S5:S725,0)) -> 2.5 | C21: ° (− = DPMS) | N21: =-Presion_cilindro!N20 -> 172 | O21: =IF(Presion_cilindro!N20>$B$12,1-EXP(-Presion_cilindro!$B$16*((Presion_cilindro!N20-$B$12)/Presion_cilindro!$B$35)^(Presion_cilindro!$B$17+1)),0) -> 0 | P21: =P20*(Presion_cilindro!O19/Presion_cilindro!O20)^Presion_cilindro!$B$9+10*(Presion_cilindro!$B$9-1)*Presion_cilindro!$B$33*(O21-O20)/((Presion_cilindro!O19+Presion_cilindro!O20)/2) -> 0.72301184 | Q21: =IF(OR($B$9=0,Presion_cilindro!N20<=$B$15),IF(Presion_cilindro!N20>$B$13,1-EXP(-Presion_cilindro!$B$16*((Presion_cilindro!N20-$B$13)/Presion_cilindro!$B$35)^(Presion_cilindro!$B$17+1)),0),$B$8+(1-$B$8)*(1-EXP(-(Presion_cilindro!N20-$B$15)/Presion_cilindro!$B$23))) -> 0 | R21: =R20*(Presion_cilindro!O19/Presion_cilindro!O20)^Presion_cilindro!$B$9+10*(Presion_cilindro!$B$9-1)*Presion_cilindro!$B$33*(Q21-Q20)/((Presion_cilindro!O19+Presion_cilindro!O20)/2) -> 0.72301184 | S21: =R21+IF(AND($B$9=1,Presion_cilindro!N20>$B$15),Presion_cilindro!$B$24*2.5*EXP(-(Presion_cilindro!N20-$B$15)/Presion_cilindro!$B$26)*SIN(2*PI()*(Presion_cilindro!N20-$B$15)/Presion_cilindro!$B$39),0) -> 0.72301184 | T21: =IF(Presion_cilindro!N20>$B$14,1-EXP(-Presion_cilindro!$B$16*((Presion_cilindro!N20-$B$14)/Presion_cilindro!$B$35)^(Presion_cilindro!$B$17+1)),0) -> 0 | U21: =U20*(Presion_cilindro!O19/Presion_cilindro!O20)^Presion_cilindro!$B$9+10*(Presion_cilindro!$B$9-1)*Presion_cilindro!$B$33*(T21-T20)/((Presion_cilindro!O19+Presion_cilindro!O20)/2) -> 0.72301184
A22: Presión máxima Zc | B22: =MAX(U5:U725) -> 15.393327 | C22: bar | N22: =-Presion_cilindro!N21 -> 171.5 | O22: =IF(Presion_cilindro!N21>$B$12,1-EXP(-Presion_cilindro!$B$16*((Presion_cilindro!N21-$B$12)/Presion_cilindro!$B$35)^(Presion_cilindro!$B$17+1)),0) -> 0 | P22: =P21*(Presion_cilindro!O20/Presion_cilindro!O21)^Presion_cilindro!$B$9+10*(Presion_cilindro!$B$9-1)*Presion_cilindro!$B$33*(O22-O21)/((Presion_cilindro!O20+Presion_cilindro!O21)/2) -> 0.72340176 | Q22: =IF(OR($B$9=0,Presion_cilindro!N21<=$B$15),IF(Presion_cilindro!N21>$B$13,1-EXP(-Presion_cilindro!$B$16*((Presion_cilindro!N21-$B$13)/Presion_cilindro!$B$35)^(Presion_cilindro!$B$17+1)),0),$B$8+(1-$B$8)*(1-EXP(-(Presion_cilindro!N21-$B$15)/Presion_cilindro!$B$23))) -> 0 | R22: =R21*(Presion_cilindro!O20/Presion_cilindro!O21)^Presion_cilindro!$B$9+10*(Presion_cilindro!$B$9-1)*Presion_cilindro!$B$33*(Q22-Q21)/((Presion_cilindro!O20+Presion_cilindro!O21)/2) -> 0.72340176 | S22: =R22+IF(AND($B$9=1,Presion_cilindro!N21>$B$15),Presion_cilindro!$B$24*2.5*EXP(-(Presion_cilindro!N21-$B$15)/Presion_cilindro!$B$26)*SIN(2*PI()*(Presion_cilindro!N21-$B$15)/Presion_cilindro!$B$39),0) -> 0.72340176 | T22: =IF(Presion_cilindro!N21>$B$14,1-EXP(-Presion_cilindro!$B$16*((Presion_cilindro!N21-$B$14)/Presion_cilindro!$B$35)^(Presion_cilindro!$B$17+1)),0) -> 0 | U22: =U21*(Presion_cilindro!O20/Presion_cilindro!O21)^Presion_cilindro!$B$9+10*(Presion_cilindro!$B$9-1)*Presion_cilindro!$B$33*(T22-T21)/((Presion_cilindro!O20+Presion_cilindro!O21)/2) -> 0.72340176
A23: Ángulo de la presión máxima Zc | B23: =INDEX(N5:N725,MATCH(MAX(U5:U725),U5:U725,0)) -> 0 | C23: ° (− = DPMS) | N23: =-Presion_cilindro!N22 -> 171 | O23: =IF(Presion_cilindro!N22>$B$12,1-EXP(-Presion_cilindro!$B$16*((Presion_cilindro!N22-$B$12)/Presion_cilindro!$B$35)^(Presion_cilindro!$B$17+1)),0) -> 0 | P23: =P22*(Presion_cilindro!O21/Presion_cilindro!O22)^Presion_cilindro!$B$9+10*(Presion_cilindro!$B$9-1)*Presion_cilindro!$B$33*(O23-O22)/((Presion_cilindro!O21+Presion_cilindro!O22)/2) -> 0.72381573 | Q23: =IF(OR($B$9=0,Presion_cilindro!N22<=$B$15),IF(Presion_cilindro!N22>$B$13,1-EXP(-Presion_cilindro!$B$16*((Presion_cilindro!N22-$B$13)/Presion_cilindro!$B$35)^(Presion_cilindro!$B$17+1)),0),$B$8+(1-$B$8)*(1-EXP(-(Presion_cilindro!N22-$B$15)/Presion_cilindro!$B$23))) -> 0 | R23: =R22*(Presion_cilindro!O21/Presion_cilindro!O22)^Presion_cilindro!$B$9+10*(Presion_cilindro!$B$9-1)*Presion_cilindro!$B$33*(Q23-Q22)/((Presion_cilindro!O21+Presion_cilindro!O22)/2) -> 0.72381573 | S23: =R23+IF(AND($B$9=1,Presion_cilindro!N22>$B$15),Presion_cilindro!$B$24*2.5*EXP(-(Presion_cilindro!N22-$B$15)/Presion_cilindro!$B$26)*SIN(2*PI()*(Presion_cilindro!N22-$B$15)/Presion_cilindro!$B$39),0) -> 0.72381573 | T23: =IF(Presion_cilindro!N22>$B$14,1-EXP(-Presion_cilindro!$B$16*((Presion_cilindro!N22-$B$14)/Presion_cilindro!$B$35)^(Presion_cilindro!$B$17+1)),0) -> 0 | U23: =U22*(Presion_cilindro!O21/Presion_cilindro!O22)^Presion_cilindro!$B$9+10*(Presion_cilindro!$B$9-1)*Presion_cilindro!$B$33*(T23-T22)/((Presion_cilindro!O21+Presion_cilindro!O22)/2) -> 0.72381573
N24: =-Presion_cilindro!N23 -> 170.5 | O24: =IF(Presion_cilindro!N23>$B$12,1-EXP(-Presion_cilindro!$B$16*((Presion_cilindro!N23-$B$12)/Presion_cilindro!$B$35)^(Presion_cilindro!$B$17+1)),0) -> 0 | P24: =P23*(Presion_cilindro!O22/Presion_cilindro!O23)^Presion_cilindro!$B$9+10*(Presion_cilindro!$B$9-1)*Presion_cilindro!$B$33*(O24-O23)/((Presion_cilindro!O22+Presion_cilindro!O23)/2) -> 0.72425383 | Q24: =IF(OR($B$9=0,Presion_cilindro!N23<=$B$15),IF(Presion_cilindro!N23>$B$13,1-EXP(-Presion_cilindro!$B$16*((Presion_cilindro!N23-$B$13)/Presion_cilindro!$B$35)^(Presion_cilindro!$B$17+1)),0),$B$8+(1-$B$8)*(1-EXP(-(Presion_cilindro!N23-$B$15)/Presion_cilindro!$B$23))) -> 0 | R24: =R23*(Presion_cilindro!O22/Presion_cilindro!O23)^Presion_cilindro!$B$9+10*(Presion_cilindro!$B$9-1)*Presion_cilindro!$B$33*(Q24-Q23)/((Presion_cilindro!O22+Presion_cilindro!O23)/2) -> 0.72425383 | S24: =R24+IF(AND($B$9=1,Presion_cilindro!N23>$B$15),Presion_cilindro!$B$24*2.5*EXP(-(Presion_cilindro!N23-$B$15)/Presion_cilindro!$B$26)*SIN(2*PI()*(Presion_cilindro!N23-$B$15)/Presion_cilindro!$B$39),0) -> 0.72425383 | T24: =IF(Presion_cilindro!N23>$B$14,1-EXP(-Presion_cilindro!$B$16*((Presion_cilindro!N23-$B$14)/Presion_cilindro!$B$35)^(Presion_cilindro!$B$17+1)),0) -> 0 | U24: =U23*(Presion_cilindro!O22/Presion_cilindro!O23)^Presion_cilindro!$B$9+10*(Presion_cilindro!$B$9-1)*Presion_cilindro!$B$33*(T24-T23)/((Presion_cilindro!O22+Presion_cilindro!O23)/2) -> 0.72425383
A25: Lectura: con Zc la combustión ocurre con el pistón ya bajando: poca presión y poco trabajo (el motor se calienta y pierde potencia). Con Zb la presión sube mientras el pistón aún sube: golpeteo y riesgo de dañar pistón y juntas. | N25: =-Presion_cilindro!N24 -> 170 | O25: =IF(Presion_cilindro!N24>$B$12,1-EXP(-Presion_cilindro!$B$16*((Presion_cilindro!N24-$B$12)/Presion_cilindro!$B$35)^(Presion_cilindro!$B$17+1)),0) -> 0 | P25: =P24*(Presion_cilindro!O23/Presion_cilindro!O24)^Presion_cilindro!$B$9+10*(Presion_cilindro!$B$9-1)*Presion_cilindro!$B$33*(O25-O24)/((Presion_cilindro!O23+Presion_cilindro!O24)/2) -> 0.72471614 | Q25: =IF(OR($B$9=0,Presion_cilindro!N24<=$B$15),IF(Presion_cilindro!N24>$B$13,1-EXP(-Presion_cilindro!$B$16*((Presion_cilindro!N24-$B$13)/Presion_cilindro!$B$35)^(Presion_cilindro!$B$17+1)),0),$B$8+(1-$B$8)*(1-EXP(-(Presion_cilindro!N24-$B$15)/Presion_cilindro!$B$23))) -> 0 | R25: =R24*(Presion_cilindro!O23/Presion_cilindro!O24)^Presion_cilindro!$B$9+10*(Presion_cilindro!$B$9-1)*Presion_cilindro!$B$33*(Q25-Q24)/((Presion_cilindro!O23+Presion_cilindro!O24)/2) -> 0.72471614 | S25: =R25+IF(AND($B$9=1,Presion_cilindro!N24>$B$15),Presion_cilindro!$B$24*2.5*EXP(-(Presion_cilindro!N24-$B$15)/Presion_cilindro!$B$26)*SIN(2*PI()*(Presion_cilindro!N24-$B$15)/Presion_cilindro!$B$39),0) -> 0.72471614 | T25: =IF(Presion_cilindro!N24>$B$14,1-EXP(-Presion_cilindro!$B$16*((Presion_cilindro!N24-$B$14)/Presion_cilindro!$B$35)^(Presion_cilindro!$B$17+1)),0) -> 0 | U25: =U24*(Presion_cilindro!O23/Presion_cilindro!O24)^Presion_cilindro!$B$9+10*(Presion_cilindro!$B$9-1)*Presion_cilindro!$B$33*(T25-T24)/((Presion_cilindro!O23+Presion_cilindro!O24)/2) -> 0.72471614
N26: =-Presion_cilindro!N25 -> 169.5 | O26: =IF(Presion_cilindro!N25>$B$12,1-EXP(-Presion_cilindro!$B$16*((Presion_cilindro!N25-$B$12)/Presion_cilindro!$B$35)^(Presion_cilindro!$B$17+1)),0) -> 0 | P26: =P25*(Presion_cilindro!O24/Presion_cilindro!O25)^Presion_cilindro!$B$9+10*(Presion_cilindro!$B$9-1)*Presion_cilindro!$B$33*(O26-O25)/((Presion_cilindro!O24+Presion_cilindro!O25)/2) -> 0.72520273 | Q26: =IF(OR($B$9=0,Presion_cilindro!N25<=$B$15),IF(Presion_cilindro!N25>$B$13,1-EXP(-Presion_cilindro!$B$16*((Presion_cilindro!N25-$B$13)/Presion_cilindro!$B$35)^(Presion_cilindro!$B$17+1)),0),$B$8+(1-$B$8)*(1-EXP(-(Presion_cilindro!N25-$B$15)/Presion_cilindro!$B$23))) -> 0 | R26: =R25*(Presion_cilindro!O24/Presion_cilindro!O25)^Presion_cilindro!$B$9+10*(Presion_cilindro!$B$9-1)*Presion_cilindro!$B$33*(Q26-Q25)/((Presion_cilindro!O24+Presion_cilindro!O25)/2) -> 0.72520273 | S26: =R26+IF(AND($B$9=1,Presion_cilindro!N25>$B$15),Presion_cilindro!$B$24*2.5*EXP(-(Presion_cilindro!N25-$B$15)/Presion_cilindro!$B$26)*SIN(2*PI()*(Presion_cilindro!N25-$B$15)/Presion_cilindro!$B$39),0) -> 0.72520273 | T26: =IF(Presion_cilindro!N25>$B$14,1-EXP(-Presion_cilindro!$B$16*((Presion_cilindro!N25-$B$14)/Presion_cilindro!$B$35)^(Presion_cilindro!$B$17+1)),0) -> 0 | U26: =U25*(Presion_cilindro!O24/Presion_cilindro!O25)^Presion_cilindro!$B$9+10*(Presion_cilindro!$B$9-1)*Presion_cilindro!$B$33*(T26-T25)/((Presion_cilindro!O24+Presion_cilindro!O25)/2) -> 0.72520273
A27: Puntos de encendido (para el gráfico) | N27: =-Presion_cilindro!N26 -> 169 | O27: =IF(Presion_cilindro!N26>$B$12,1-EXP(-Presion_cilindro!$B$16*((Presion_cilindro!N26-$B$12)/Presion_cilindro!$B$35)^(Presion_cilindro!$B$17+1)),0) -> 0 | P27: =P26*(Presion_cilindro!O25/Presion_cilindro!O26)^Presion_cilindro!$B$9+10*(Presion_cilindro!$B$9-1)*Presion_cilindro!$B$33*(O27-O26)/((Presion_cilindro!O25+Presion_cilindro!O26)/2) -> 0.7257137 | Q27: =IF(OR($B$9=0,Presion_cilindro!N26<=$B$15),IF(Presion_cilindro!N26>$B$13,1-EXP(-Presion_cilindro!$B$16*((Presion_cilindro!N26-$B$13)/Presion_cilindro!$B$35)^(Presion_cilindro!$B$17+1)),0),$B$8+(1-$B$8)*(1-EXP(-(Presion_cilindro!N26-$B$15)/Presion_cilindro!$B$23))) -> 0 | R27: =R26*(Presion_cilindro!O25/Presion_cilindro!O26)^Presion_cilindro!$B$9+10*(Presion_cilindro!$B$9-1)*Presion_cilindro!$B$33*(Q27-Q26)/((Presion_cilindro!O25+Presion_cilindro!O26)/2) -> 0.7257137 | S27: =R27+IF(AND($B$9=1,Presion_cilindro!N26>$B$15),Presion_cilindro!$B$24*2.5*EXP(-(Presion_cilindro!N26-$B$15)/Presion_cilindro!$B$26)*SIN(2*PI()*(Presion_cilindro!N26-$B$15)/Presion_cilindro!$B$39),0) -> 0.7257137 | T27: =IF(Presion_cilindro!N26>$B$14,1-EXP(-Presion_cilindro!$B$16*((Presion_cilindro!N26-$B$14)/Presion_cilindro!$B$35)^(Presion_cilindro!$B$17+1)),0) -> 0 | U27: =U26*(Presion_cilindro!O25/Presion_cilindro!O26)^Presion_cilindro!$B$9+10*(Presion_cilindro!$B$9-1)*Presion_cilindro!$B$33*(T27-T26)/((Presion_cilindro!O25+Presion_cilindro!O26)/2) -> 0.7257137
A28: Punto | B28: α_z (°) | C28: p (bar) | N28: =-Presion_cilindro!N27 -> 168.5 | O28: =IF(Presion_cilindro!N27>$B$12,1-EXP(-Presion_cilindro!$B$16*((Presion_cilindro!N27-$B$12)/Presion_cilindro!$B$35)^(Presion_cilindro!$B$17+1)),0) -> 0 | P28: =P27*(Presion_cilindro!O26/Presion_cilindro!O27)^Presion_cilindro!$B$9+10*(Presion_cilindro!$B$9-1)*Presion_cilindro!$B$33*(O28-O27)/((Presion_cilindro!O26+Presion_cilindro!O27)/2) -> 0.72624913 | Q28: =IF(OR($B$9=0,Presion_cilindro!N27<=$B$15),IF(Presion_cilindro!N27>$B$13,1-EXP(-Presion_cilindro!$B$16*((Presion_cilindro!N27-$B$13)/Presion_cilindro!$B$35)^(Presion_cilindro!$B$17+1)),0),$B$8+(1-$B$8)*(1-EXP(-(Presion_cilindro!N27-$B$15)/Presion_cilindro!$B$23))) -> 0 | R28: =R27*(Presion_cilindro!O26/Presion_cilindro!O27)^Presion_cilindro!$B$9+10*(Presion_cilindro!$B$9-1)*Presion_cilindro!$B$33*(Q28-Q27)/((Presion_cilindro!O26+Presion_cilindro!O27)/2) -> 0.72624913 | S28: =R28+IF(AND($B$9=1,Presion_cilindro!N27>$B$15),Presion_cilindro!$B$24*2.5*EXP(-(Presion_cilindro!N27-$B$15)/Presion_cilindro!$B$26)*SIN(2*PI()*(Presion_cilindro!N27-$B$15)/Presion_cilindro!$B$39),0) -> 0.72624913 | T28: =IF(Presion_cilindro!N27>$B$14,1-EXP(-Presion_cilindro!$B$16*((Presion_cilindro!N27-$B$14)/Presion_cilindro!$B$35)^(Presion_cilindro!$B$17+1)),0) -> 0 | U28: =U27*(Presion_cilindro!O26/Presion_cilindro!O27)^Presion_cilindro!$B$9+10*(Presion_cilindro!$B$9-1)*Presion_cilindro!$B$33*(T28-T27)/((Presion_cilindro!O26+Presion_cilindro!O27)/2) -> 0.72624913
A29: Za | B29: =$B$5 -> 30 | C29: =INDEX(P5:P725,MATCH($B$5,N5:N725,0)) -> 7.2335105 | N29: =-Presion_cilindro!N28 -> 168 | O29: =IF(Presion_cilindro!N28>$B$12,1-EXP(-Presion_cilindro!$B$16*((Presion_cilindro!N28-$B$12)/Presion_cilindro!$B$35)^(Presion_cilindro!$B$17+1)),0) -> 0 | P29: =P28*(Presion_cilindro!O27/Presion_cilindro!O28)^Presion_cilindro!$B$9+10*(Presion_cilindro!$B$9-1)*Presion_cilindro!$B$33*(O29-O28)/((Presion_cilindro!O27+Presion_cilindro!O28)/2) -> 0.72680913 | Q29: =IF(OR($B$9=0,Presion_cilindro!N28<=$B$15),IF(Presion_cilindro!N28>$B$13,1-EXP(-Presion_cilindro!$B$16*((Presion_cilindro!N28-$B$13)/Presion_cilindro!$B$35)^(Presion_cilindro!$B$17+1)),0),$B$8+(1-$B$8)*(1-EXP(-(Presion_cilindro!N28-$B$15)/Presion_cilindro!$B$23))) -> 0 | R29: =R28*(Presion_cilindro!O27/Presion_cilindro!O28)^Presion_cilindro!$B$9+10*(Presion_cilindro!$B$9-1)*Presion_cilindro!$B$33*(Q29-Q28)/((Presion_cilindro!O27+Presion_cilindro!O28)/2) -> 0.72680913 | S29: =R29+IF(AND($B$9=1,Presion_cilindro!N28>$B$15),Presion_cilindro!$B$24*2.5*EXP(-(Presion_cilindro!N28-$B$15)/Presion_cilindro!$B$26)*SIN(2*PI()*(Presion_cilindro!N28-$B$15)/Presion_cilindro!$B$39),0) -> 0.72680913 | T29: =IF(Presion_cilindro!N28>$B$14,1-EXP(-Presion_cilindro!$B$16*((Presion_cilindro!N28-$B$14)/Presion_cilindro!$B$35)^(Presion_cilindro!$B$17+1)),0) -> 0 | U29: =U28*(Presion_cilindro!O27/Presion_cilindro!O28)^Presion_cilindro!$B$9+10*(Presion_cilindro!$B$9-1)*Presion_cilindro!$B$33*(T29-T28)/((Presion_cilindro!O27+Presion_cilindro!O28)/2) -> 0.72680913
A30: Zb | B30: =$B$6 -> 50 | C30: =INDEX(S5:S725,MATCH($B$6,N5:N725,0)) -> 3.5877271 | N30: =-Presion_cilindro!N29 -> 167.5 | O30: =IF(Presion_cilindro!N29>$B$12,1-EXP(-Presion_cilindro!$B$16*((Presion_cilindro!N29-$B$12)/Presion_cilindro!$B$35)^(Presion_cilindro!$B$17+1)),0) -> 0 | P30: =P29*(Presion_cilindro!O28/Presion_cilindro!O29)^Presion_cilindro!$B$9+10*(Presion_cilindro!$B$9-1)*Presion_cilindro!$B$33*(O30-O29)/((Presion_cilindro!O28+Presion_cilindro!O29)/2) -> 0.7273938 | Q30: =IF(OR($B$9=0,Presion_cilindro!N29<=$B$15),IF(Presion_cilindro!N29>$B$13,1-EXP(-Presion_cilindro!$B$16*((Presion_cilindro!N29-$B$13)/Presion_cilindro!$B$35)^(Presion_cilindro!$B$17+1)),0),$B$8+(1-$B$8)*(1-EXP(-(Presion_cilindro!N29-$B$15)/Presion_cilindro!$B$23))) -> 0 | R30: =R29*(Presion_cilindro!O28/Presion_cilindro!O29)^Presion_cilindro!$B$9+10*(Presion_cilindro!$B$9-1)*Presion_cilindro!$B$33*(Q30-Q29)/((Presion_cilindro!O28+Presion_cilindro!O29)/2) -> 0.7273938 | S30: =R30+IF(AND($B$9=1,Presion_cilindro!N29>$B$15),Presion_cilindro!$B$24*2.5*EXP(-(Presion_cilindro!N29-$B$15)/Presion_cilindro!$B$26)*SIN(2*PI()*(Presion_cilindro!N29-$B$15)/Presion_cilindro!$B$39),0) -> 0.7273938 | T30: =IF(Presion_cilindro!N29>$B$14,1-EXP(-Presion_cilindro!$B$16*((Presion_cilindro!N29-$B$14)/Presion_cilindro!$B$35)^(Presion_cilindro!$B$17+1)),0) -> 0 | U30: =U29*(Presion_cilindro!O28/Presion_cilindro!O29)^Presion_cilindro!$B$9+10*(Presion_cilindro!$B$9-1)*Presion_cilindro!$B$33*(T30-T29)/((Presion_cilindro!O28+Presion_cilindro!O29)/2) -> 0.7273938
A31: Zc | B31: =$B$7 -> -10 | C31: =INDEX(U5:U725,MATCH($B$7,N5:N725,0)) -> 13.763937 | N31: =-Presion_cilindro!N30 -> 167 | O31: =IF(Presion_cilindro!N30>$B$12,1-EXP(-Presion_cilindro!$B$16*((Presion_cilindro!N30-$B$12)/Presion_cilindro!$B$35)^(Presion_cilindro!$B$17+1)),0) -> 0 | P31: =P30*(Presion_cilindro!O29/Presion_cilindro!O30)^Presion_cilindro!$B$9+10*(Presion_cilindro!$B$9-1)*Presion_cilindro!$B$33*(O31-O30)/((Presion_cilindro!O29+Presion_cilindro!O30)/2) -> 0.72800325 | Q31: =IF(OR($B$9=0,Presion_cilindro!N30<=$B$15),IF(Presion_cilindro!N30>$B$13,1-EXP(-Presion_cilindro!$B$16*((Presion_cilindro!N30-$B$13)/Presion_cilindro!$B$35)^(Presion_cilindro!$B$17+1)),0),$B$8+(1-$B$8)*(1-EXP(-(Presion_cilindro!N30-$B$15)/Presion_cilindro!$B$23))) -> 0 | R31: =R30*(Presion_cilindro!O29/Presion_cilindro!O30)^Presion_cilindro!$B$9+10*(Presion_cilindro!$B$9-1)*Presion_cilindro!$B$33*(Q31-Q30)/((Presion_cilindro!O29+Presion_cilindro!O30)/2) -> 0.72800325 | S31: =R31+IF(AND($B$9=1,Presion_cilindro!N30>$B$15),Presion_cilindro!$B$24*2.5*EXP(-(Presion_cilindro!N30-$B$15)/Presion_cilindro!$B$26)*SIN(2*PI()*(Presion_cilindro!N30-$B$15)/Presion_cilindro!$B$39),0) -> 0.72800325 | T31: =IF(Presion_cilindro!N30>$B$14,1-EXP(-Presion_cilindro!$B$16*((Presion_cilindro!N30-$B$14)/Presion_cilindro!$B$35)^(Presion_cilindro!$B$17+1)),0) -> 0 | U31: =U30*(Presion_cilindro!O29/Presion_cilindro!O30)^Presion_cilindro!$B$9+10*(Presion_cilindro!$B$9-1)*Presion_cilindro!$B$33*(T31-T30)/((Presion_cilindro!O29+Presion_cilindro!O30)/2) -> 0.72800325
N32: =-Presion_cilindro!N31 -> 166.5 | O32: =IF(Presion_cilindro!N31>$B$12,1-EXP(-Presion_cilindro!$B$16*((Presion_cilindro!N31-$B$12)/Presion_cilindro!$B$35)^(Presion_cilindro!$B$17+1)),0) -> 0 | P32: =P31*(Presion_cilindro!O30/Presion_cilindro!O31)^Presion_cilindro!$B$9+10*(Presion_cilindro!$B$9-1)*Presion_cilindro!$B$33*(O32-O31)/((Presion_cilindro!O30+Presion_cilindro!O31)/2) -> 0.72863757 | Q32: =IF(OR($B$9=0,Presion_cilindro!N31<=$B$15),IF(Presion_cilindro!N31>$B$13,1-EXP(-Presion_cilindro!$B$16*((Presion_cilindro!N31-$B$13)/Presion_cilindro!$B$35)^(Presion_cilindro!$B$17+1)),0),$B$8+(1-$B$8)*(1-EXP(-(Presion_cilindro!N31-$B$15)/Presion_cilindro!$B$23))) -> 0 | R32: =R31*(Presion_cilindro!O30/Presion_cilindro!O31)^Presion_cilindro!$B$9+10*(Presion_cilindro!$B$9-1)*Presion_cilindro!$B$33*(Q32-Q31)/((Presion_cilindro!O30+Presion_cilindro!O31)/2) -> 0.72863757 | S32: =R32+IF(AND($B$9=1,Presion_cilindro!N31>$B$15),Presion_cilindro!$B$24*2.5*EXP(-(Presion_cilindro!N31-$B$15)/Presion_cilindro!$B$26)*SIN(2*PI()*(Presion_cilindro!N31-$B$15)/Presion_cilindro!$B$39),0) -> 0.72863757 | T32: =IF(Presion_cilindro!N31>$B$14,1-EXP(-Presion_cilindro!$B$16*((Presion_cilindro!N31-$B$14)/Presion_cilindro!$B$35)^(Presion_cilindro!$B$17+1)),0) -> 0 | U32: =U31*(Presion_cilindro!O30/Presion_cilindro!O31)^Presion_cilindro!$B$9+10*(Presion_cilindro!$B$9-1)*Presion_cilindro!$B$33*(T32-T31)/((Presion_cilindro!O30+Presion_cilindro!O31)/2) -> 0.72863757
N33: =-Presion_cilindro!N32 -> 166 | O33: =IF(Presion_cilindro!N32>$B$12,1-EXP(-Presion_cilindro!$B$16*((Presion_cilindro!N32-$B$12)/Presion_cilindro!$B$35)^(Presion_cilindro!$B$17+1)),0) -> 0 | P33: =P32*(Presion_cilindro!O31/Presion_cilindro!O32)^Presion_cilindro!$B$9+10*(Presion_cilindro!$B$9-1)*Presion_cilindro!$B$33*(O33-O32)/((Presion_cilindro!O31+Presion_cilindro!O32)/2) -> 0.7292969 | Q33: =IF(OR($B$9=0,Presion_cilindro!N32<=$B$15),IF(Presion_cilindro!N32>$B$13,1-EXP(-Presion_cilindro!$B$16*((Presion_cilindro!N32-$B$13)/Presion_cilindro!$B$35)^(Presion_cilindro!$B$17+1)),0),$B$8+(1-$B$8)*(1-EXP(-(Presion_cilindro!N32-$B$15)/Presion_cilindro!$B$23))) -> 0 | R33: =R32*(Presion_cilindro!O31/Presion_cilindro!O32)^Presion_cilindro!$B$9+10*(Presion_cilindro!$B$9-1)*Presion_cilindro!$B$33*(Q33-Q32)/((Presion_cilindro!O31+Presion_cilindro!O32)/2) -> 0.7292969 | S33: =R33+IF(AND($B$9=1,Presion_cilindro!N32>$B$15),Presion_cilindro!$B$24*2.5*EXP(-(Presion_cilindro!N32-$B$15)/Presion_cilindro!$B$26)*SIN(2*PI()*(Presion_cilindro!N32-$B$15)/Presion_cilindro!$B$39),0) -> 0.7292969 | T33: =IF(Presion_cilindro!N32>$B$14,1-EXP(-Presion_cilindro!$B$16*((Presion_cilindro!N32-$B$14)/Presion_cilindro!$B$35)^(Presion_cilindro!$B$17+1)),0) -> 0 | U33: =U32*(Presion_cilindro!O31/Presion_cilindro!O32)^Presion_cilindro!$B$9+10*(Presion_cilindro!$B$9-1)*Presion_cilindro!$B$33*(T33-T32)/((Presion_cilindro!O31+Presion_cilindro!O32)/2) -> 0.7292969
N34: =-Presion_cilindro!N33 -> 165.5 | O34: =IF(Presion_cilindro!N33>$B$12,1-EXP(-Presion_cilindro!$B$16*((Presion_cilindro!N33-$B$12)/Presion_cilindro!$B$35)^(Presion_cilindro!$B$17+1)),0) -> 0 | P34: =P33*(Presion_cilindro!O32/Presion_cilindro!O33)^Presion_cilindro!$B$9+10*(Presion_cilindro!$B$9-1)*Presion_cilindro!$B$33*(O34-O33)/((Presion_cilindro!O32+Presion_cilindro!O33)/2) -> 0.72998135 | Q34: =IF(OR($B$9=0,Presion_cilindro!N33<=$B$15),IF(Presion_cilindro!N33>$B$13,1-EXP(-Presion_cilindro!$B$16*((Presion_cilindro!N33-$B$13)/Presion_cilindro!$B$35)^(Presion_cilindro!$B$17+1)),0),$B$8+(1-$B$8)*(1-EXP(-(Presion_cilindro!N33-$B$15)/Presion_cilindro!$B$23))) -> 0 | R34: =R33*(Presion_cilindro!O32/Presion_cilindro!O33)^Presion_cilindro!$B$9+10*(Presion_cilindro!$B$9-1)*Presion_cilindro!$B$33*(Q34-Q33)/((Presion_cilindro!O32+Presion_cilindro!O33)/2) -> 0.72998135 | S34: =R34+IF(AND($B$9=1,Presion_cilindro!N33>$B$15),Presion_cilindro!$B$24*2.5*EXP(-(Presion_cilindro!N33-$B$15)/Presion_cilindro!$B$26)*SIN(2*PI()*(Presion_cilindro!N33-$B$15)/Presion_cilindro!$B$39),0) -> 0.72998135 | T34: =IF(Presion_cilindro!N33>$B$14,1-EXP(-Presion_cilindro!$B$16*((Presion_cilindro!N33-$B$14)/Presion_cilindro!$B$35)^(Presion_cilindro!$B$17+1)),0) -> 0 | U34: =U33*(Presion_cilindro!O32/Presion_cilindro!O33)^Presion_cilindro!$B$9+10*(Presion_cilindro!$B$9-1)*Presion_cilindro!$B$33*(T34-T33)/((Presion_cilindro!O32+Presion_cilindro!O33)/2) -> 0.72998135
N35: =-Presion_cilindro!N34 -> 165 | O35: =IF(Presion_cilindro!N34>$B$12,1-EXP(-Presion_cilindro!$B$16*((Presion_cilindro!N34-$B$12)/Presion_cilindro!$B$35)^(Presion_cilindro!$B$17+1)),0) -> 0 | P35: =P34*(Presion_cilindro!O33/Presion_cilindro!O34)^Presion_cilindro!$B$9+10*(Presion_cilindro!$B$9-1)*Presion_cilindro!$B$33*(O35-O34)/((Presion_cilindro!O33+Presion_cilindro!O34)/2) -> 0.73069104 | Q35: =IF(OR($B$9=0,Presion_cilindro!N34<=$B$15),IF(Presion_cilindro!N34>$B$13,1-EXP(-Presion_cilindro!$B$16*((Presion_cilindro!N34-$B$13)/Presion_cilindro!$B$35)^(Presion_cilindro!$B$17+1)),0),$B$8+(1-$B$8)*(1-EXP(-(Presion_cilindro!N34-$B$15)/Presion_cilindro!$B$23))) -> 0 | R35: =R34*(Presion_cilindro!O33/Presion_cilindro!O34)^Presion_cilindro!$B$9+10*(Presion_cilindro!$B$9-1)*Presion_cilindro!$B$33*(Q35-Q34)/((Presion_cilindro!O33+Presion_cilindro!O34)/2) -> 0.73069104 | S35: =R35+IF(AND($B$9=1,Presion_cilindro!N34>$B$15),Presion_cilindro!$B$24*2.5*EXP(-(Presion_cilindro!N34-$B$15)/Presion_cilindro!$B$26)*SIN(2*PI()*(Presion_cilindro!N34-$B$15)/Presion_cilindro!$B$39),0) -> 0.73069104 | T35: =IF(Presion_cilindro!N34>$B$14,1-EXP(-Presion_cilindro!$B$16*((Presion_cilindro!N34-$B$14)/Presion_cilindro!$B$35)^(Presion_cilindro!$B$17+1)),0) -> 0 | U35: =U34*(Presion_cilindro!O33/Presion_cilindro!O34)^Presion_cilindro!$B$9+10*(Presion_cilindro!$B$9-1)*Presion_cilindro!$B$33*(T35-T34)/((Presion_cilindro!O33+Presion_cilindro!O34)/2) -> 0.73069104
N36: =-Presion_cilindro!N35 -> 164.5 | O36: =IF(Presion_cilindro!N35>$B$12,1-EXP(-Presion_cilindro!$B$16*((Presion_cilindro!N35-$B$12)/Presion_cilindro!$B$35)^(Presion_cilindro!$B$17+1)),0) -> 0 | P36: =P35*(Presion_cilindro!O34/Presion_cilindro!O35)^Presion_cilindro!$B$9+10*(Presion_cilindro!$B$9-1)*Presion_cilindro!$B$33*(O36-O35)/((Presion_cilindro!O34+Presion_cilindro!O35)/2) -> 0.7314261 | Q36: =IF(OR($B$9=0,Presion_cilindro!N35<=$B$15),IF(Presion_cilindro!N35>$B$13,1-EXP(-Presion_cilindro!$B$16*((Presion_cilindro!N35-$B$13)/Presion_cilindro!$B$35)^(Presion_cilindro!$B$17+1)),0),$B$8+(1-$B$8)*(1-EXP(-(Presion_cilindro!N35-$B$15)/Presion_cilindro!$B$23))) -> 0 | R36: =R35*(Presion_cilindro!O34/Presion_cilindro!O35)^Presion_cilindro!$B$9+10*(Presion_cilindro!$B$9-1)*Presion_cilindro!$B$33*(Q36-Q35)/((Presion_cilindro!O34+Presion_cilindro!O35)/2) -> 0.7314261 | S36: =R36+IF(AND($B$9=1,Presion_cilindro!N35>$B$15),Presion_cilindro!$B$24*2.5*EXP(-(Presion_cilindro!N35-$B$15)/Presion_cilindro!$B$26)*SIN(2*PI()*(Presion_cilindro!N35-$B$15)/Presion_cilindro!$B$39),0) -> 0.7314261 | T36: =IF(Presion_cilindro!N35>$B$14,1-EXP(-Presion_cilindro!$B$16*((Presion_cilindro!N35-$B$14)/Presion_cilindro!$B$35)^(Presion_cilindro!$B$17+1)),0) -> 0 | U36: =U35*(Presion_cilindro!O34/Presion_cilindro!O35)^Presion_cilindro!$B$9+10*(Presion_cilindro!$B$9-1)*Presion_cilindro!$B$33*(T36-T35)/((Presion_cilindro!O34+Presion_cilindro!O35)/2) -> 0.7314261
N37: =-Presion_cilindro!N36 -> 164 | O37: =IF(Presion_cilindro!N36>$B$12,1-EXP(-Presion_cilindro!$B$16*((Presion_cilindro!N36-$B$12)/Presion_cilindro!$B$35)^(Presion_cilindro!$B$17+1)),0) -> 0 | P37: =P36*(Presion_cilindro!O35/Presion_cilindro!O36)^Presion_cilindro!$B$9+10*(Presion_cilindro!$B$9-1)*Presion_cilindro!$B$33*(O37-O36)/((Presion_cilindro!O35+Presion_cilindro!O36)/2) -> 0.73218668 | Q37: =IF(OR($B$9=0,Presion_cilindro!N36<=$B$15),IF(Presion_cilindro!N36>$B$13,1-EXP(-Presion_cilindro!$B$16*((Presion_cilindro!N36-$B$13)/Presion_cilindro!$B$35)^(Presion_cilindro!$B$17+1)),0),$B$8+(1-$B$8)*(1-EXP(-(Presion_cilindro!N36-$B$15)/Presion_cilindro!$B$23))) -> 0 | R37: =R36*(Presion_cilindro!O35/Presion_cilindro!O36)^Presion_cilindro!$B$9+10*(Presion_cilindro!$B$9-1)*Presion_cilindro!$B$33*(Q37-Q36)/((Presion_cilindro!O35+Presion_cilindro!O36)/2) -> 0.73218668 | S37: =R37+IF(AND($B$9=1,Presion_cilindro!N36>$B$15),Presion_cilindro!$B$24*2.5*EXP(-(Presion_cilindro!N36-$B$15)/Presion_cilindro!$B$26)*SIN(2*PI()*(Presion_cilindro!N36-$B$15)/Presion_cilindro!$B$39),0) -> 0.73218668 | T37: =IF(Presion_cilindro!N36>$B$14,1-EXP(-Presion_cilindro!$B$16*((Presion_cilindro!N36-$B$14)/Presion_cilindro!$B$35)^(Presion_cilindro!$B$17+1)),0) -> 0 | U37: =U36*(Presion_cilindro!O35/Presion_cilindro!O36)^Presion_cilindro!$B$9+10*(Presion_cilindro!$B$9-1)*Presion_cilindro!$B$33*(T37-T36)/((Presion_cilindro!O35+Presion_cilindro!O36)/2) -> 0.73218668
N38: =-Presion_cilindro!N37 -> 163.5 | O38: =IF(Presion_cilindro!N37>$B$12,1-EXP(-Presion_cilindro!$B$16*((Presion_cilindro!N37-$B$12)/Presion_cilindro!$B$35)^(Presion_cilindro!$B$17+1)),0) -> 0 | P38: =P37*(Presion_cilindro!O36/Presion_cilindro!O37)^Presion_cilindro!$B$9+10*(Presion_cilindro!$B$9-1)*Presion_cilindro!$B$33*(O38-O37)/((Presion_cilindro!O36+Presion_cilindro!O37)/2) -> 0.7329729 | Q38: =IF(OR($B$9=0,Presion_cilindro!N37<=$B$15),IF(Presion_cilindro!N37>$B$13,1-EXP(-Presion_cilindro!$B$16*((Presion_cilindro!N37-$B$13)/Presion_cilindro!$B$35)^(Presion_cilindro!$B$17+1)),0),$B$8+(1-$B$8)*(1-EXP(-(Presion_cilindro!N37-$B$15)/Presion_cilindro!$B$23))) -> 0 | R38: =R37*(Presion_cilindro!O36/Presion_cilindro!O37)^Presion_cilindro!$B$9+10*(Presion_cilindro!$B$9-1)*Presion_cilindro!$B$33*(Q38-Q37)/((Presion_cilindro!O36+Presion_cilindro!O37)/2) -> 0.7329729 | S38: =R38+IF(AND($B$9=1,Presion_cilindro!N37>$B$15),Presion_cilindro!$B$24*2.5*EXP(-(Presion_cilindro!N37-$B$15)/Presion_cilindro!$B$26)*SIN(2*PI()*(Presion_cilindro!N37-$B$15)/Presion_cilindro!$B$39),0) -> 0.7329729 | T38: =IF(Presion_cilindro!N37>$B$14,1-EXP(-Presion_cilindro!$B$16*((Presion_cilindro!N37-$B$14)/Presion_cilindro!$B$35)^(Presion_cilindro!$B$17+1)),0) -> 0 | U38: =U37*(Presion_cilindro!O36/Presion_cilindro!O37)^Presion_cilindro!$B$9+10*(Presion_cilindro!$B$9-1)*Presion_cilindro!$B$33*(T38-T37)/((Presion_cilindro!O36+Presion_cilindro!O37)/2) -> 0.7329729
N39: =-Presion_cilindro!N38 -> 163 | O39: =IF(Presion_cilindro!N38>$B$12,1-EXP(-Presion_cilindro!$B$16*((Presion_cilindro!N38-$B$12)/Presion_cilindro!$B$35)^(Presion_cilindro!$B$17+1)),0) -> 0 | P39: =P38*(Presion_cilindro!O37/Presion_cilindro!O38)^Presion_cilindro!$B$9+10*(Presion_cilindro!$B$9-1)*Presion_cilindro!$B$33*(O39-O38)/((Presion_cilindro!O37+Presion_cilindro!O38)/2) -> 0.73378491 | Q39: =IF(OR($B$9=0,Presion_cilindro!N38<=$B$15),IF(Presion_cilindro!N38>$B$13,1-EXP(-Presion_cilindro!$B$16*((Presion_cilindro!N38-$B$13)/Presion_cilindro!$B$35)^(Presion_cilindro!$B$17+1)),0),$B$8+(1-$B$8)*(1-EXP(-(Presion_cilindro!N38-$B$15)/Presion_cilindro!$B$23))) -> 0 | R39: =R38*(Presion_cilindro!O37/Presion_cilindro!O38)^Presion_cilindro!$B$9+10*(Presion_cilindro!$B$9-1)*Presion_cilindro!$B$33*(Q39-Q38)/((Presion_cilindro!O37+Presion_cilindro!O38)/2) -> 0.73378491 | S39: =R39+IF(AND($B$9=1,Presion_cilindro!N38>$B$15),Presion_cilindro!$B$24*2.5*EXP(-(Presion_cilindro!N38-$B$15)/Presion_cilindro!$B$26)*SIN(2*PI()*(Presion_cilindro!N38-$B$15)/Presion_cilindro!$B$39),0) -> 0.73378491 | T39: =IF(Presion_cilindro!N38>$B$14,1-EXP(-Presion_cilindro!$B$16*((Presion_cilindro!N38-$B$14)/Presion_cilindro!$B$35)^(Presion_cilindro!$B$17+1)),0) -> 0 | U39: =U38*(Presion_cilindro!O37/Presion_cilindro!O38)^Presion_cilindro!$B$9+10*(Presion_cilindro!$B$9-1)*Presion_cilindro!$B$33*(T39-T38)/((Presion_cilindro!O37+Presion_cilindro!O38)/2) -> 0.73378491
N40: =-Presion_cilindro!N39 -> 162.5 | O40: =IF(Presion_cilindro!N39>$B$12,1-EXP(-Presion_cilindro!$B$16*((Presion_cilindro!N39-$B$12)/Presion_cilindro!$B$35)^(Presion_cilindro!$B$17+1)),0) -> 0 | P40: =P39*(Presion_cilindro!O38/Presion_cilindro!O39)^Presion_cilindro!$B$9+10*(Presion_cilindro!$B$9-1)*Presion_cilindro!$B$33*(O40-O39)/((Presion_cilindro!O38+Presion_cilindro!O39)/2) -> 0.73462287 | Q40: =IF(OR($B$9=0,Presion_cilindro!N39<=$B$15),IF(Presion_cilindro!N39>$B$13,1-EXP(-Presion_cilindro!$B$16*((Presion_cilindro!N39-$B$13)/Presion_cilindro!$B$35)^(Presion_cilindro!$B$17+1)),0),$B$8+(1-$B$8)*(1-EXP(-(Presion_cilindro!N39-$B$15)/Presion_cilindro!$B$23))) -> 0 | R40: =R39*(Presion_cilindro!O38/Presion_cilindro!O39)^Presion_cilindro!$B$9+10*(Presion_cilindro!$B$9-1)*Presion_cilindro!$B$33*(Q40-Q39)/((Presion_cilindro!O38+Presion_cilindro!O39)/2) -> 0.73462287 | S40: =R40+IF(AND($B$9=1,Presion_cilindro!N39>$B$15),Presion_cilindro!$B$24*2.5*EXP(-(Presion_cilindro!N39-$B$15)/Presion_cilindro!$B$26)*SIN(2*PI()*(Presion_cilindro!N39-$B$15)/Presion_cilindro!$B$39),0) -> 0.73462287 | T40: =IF(Presion_cilindro!N39>$B$14,1-EXP(-Presion_cilindro!$B$16*((Presion_cilindro!N39-$B$14)/Presion_cilindro!$B$35)^(Presion_cilindro!$B$17+1)),0) -> 0 | U40: =U39*(Presion_cilindro!O38/Presion_cilindro!O39)^Presion_cilindro!$B$9+10*(Presion_cilindro!$B$9-1)*Presion_cilindro!$B$33*(T40-T39)/((Presion_cilindro!O38+Presion_cilindro!O39)/2) -> 0.73462287
N41: =-Presion_cilindro!N40 -> 162 | O41: =IF(Presion_cilindro!N40>$B$12,1-EXP(-Presion_cilindro!$B$16*((Presion_cilindro!N40-$B$12)/Presion_cilindro!$B$35)^(Presion_cilindro!$B$17+1)),0) -> 0 | P41: =P40*(Presion_cilindro!O39/Presion_cilindro!O40)^Presion_cilindro!$B$9+10*(Presion_cilindro!$B$9-1)*Presion_cilindro!$B$33*(O41-O40)/((Presion_cilindro!O39+Presion_cilindro!O40)/2) -> 0.73548692 | Q41: =IF(OR($B$9=0,Presion_cilindro!N40<=$B$15),IF(Presion_cilindro!N40>$B$13,1-EXP(-Presion_cilindro!$B$16*((Presion_cilindro!N40-$B$13)/Presion_cilindro!$B$35)^(Presion_cilindro!$B$17+1)),0),$B$8+(1-$B$8)*(1-EXP(-(Presion_cilindro!N40-$B$15)/Presion_cilindro!$B$23))) -> 0 | R41: =R40*(Presion_cilindro!O39/Presion_cilindro!O40)^Presion_cilindro!$B$9+10*(Presion_cilindro!$B$9-1)*Presion_cilindro!$B$33*(Q41-Q40)/((Presion_cilindro!O39+Presion_cilindro!O40)/2) -> 0.73548692 | S41: =R41+IF(AND($B$9=1,Presion_cilindro!N40>$B$15),Presion_cilindro!$B$24*2.5*EXP(-(Presion_cilindro!N40-$B$15)/Presion_cilindro!$B$26)*SIN(2*PI()*(Presion_cilindro!N40-$B$15)/Presion_cilindro!$B$39),0) -> 0.73548692 | T41: =IF(Presion_cilindro!N40>$B$14,1-EXP(-Presion_cilindro!$B$16*((Presion_cilindro!N40-$B$14)/Presion_cilindro!$B$35)^(Presion_cilindro!$B$17+1)),0) -> 0 | U41: =U40*(Presion_cilindro!O39/Presion_cilindro!O40)^Presion_cilindro!$B$9+10*(Presion_cilindro!$B$9-1)*Presion_cilindro!$B$33*(T41-T40)/((Presion_cilindro!O39+Presion_cilindro!O40)/2) -> 0.73548692
N42: =-Presion_cilindro!N41 -> 161.5 | O42: =IF(Presion_cilindro!N41>$B$12,1-EXP(-Presion_cilindro!$B$16*((Presion_cilindro!N41-$B$12)/Presion_cilindro!$B$35)^(Presion_cilindro!$B$17+1)),0) -> 0 | P42: =P41*(Presion_cilindro!O40/Presion_cilindro!O41)^Presion_cilindro!$B$9+10*(Presion_cilindro!$B$9-1)*Presion_cilindro!$B$33*(O42-O41)/((Presion_cilindro!O40+Presion_cilindro!O41)/2) -> 0.73637722 | Q42: =IF(OR($B$9=0,Presion_cilindro!N41<=$B$15),IF(Presion_cilindro!N41>$B$13,1-EXP(-Presion_cilindro!$B$16*((Presion_cilindro!N41-$B$13)/Presion_cilindro!$B$35)^(Presion_cilindro!$B$17+1)),0),$B$8+(1-$B$8)*(1-EXP(-(Presion_cilindro!N41-$B$15)/Presion_cilindro!$B$23))) -> 0 | R42: =R41*(Presion_cilindro!O40/Presion_cilindro!O41)^Presion_cilindro!$B$9+10*(Presion_cilindro!$B$9-1)*Presion_cilindro!$B$33*(Q42-Q41)/((Presion_cilindro!O40+Presion_cilindro!O41)/2) -> 0.73637722 | S42: =R42+IF(AND($B$9=1,Presion_cilindro!N41>$B$15),Presion_cilindro!$B$24*2.5*EXP(-(Presion_cilindro!N41-$B$15)/Presion_cilindro!$B$26)*SIN(2*PI()*(Presion_cilindro!N41-$B$15)/Presion_cilindro!$B$39),0) -> 0.73637722 | T42: =IF(Presion_cilindro!N41>$B$14,1-EXP(-Presion_cilindro!$B$16*((Presion_cilindro!N41-$B$14)/Presion_cilindro!$B$35)^(Presion_cilindro!$B$17+1)),0) -> 0 | U42: =U41*(Presion_cilindro!O40/Presion_cilindro!O41)^Presion_cilindro!$B$9+10*(Presion_cilindro!$B$9-1)*Presion_cilindro!$B$33*(T42-T41)/((Presion_cilindro!O40+Presion_cilindro!O41)/2) -> 0.73637722
N43: =-Presion_cilindro!N42 -> 161 | O43: =IF(Presion_cilindro!N42>$B$12,1-EXP(-Presion_cilindro!$B$16*((Presion_cilindro!N42-$B$12)/Presion_cilindro!$B$35)^(Presion_cilindro!$B$17+1)),0) -> 0 | P43: =P42*(Presion_cilindro!O41/Presion_cilindro!O42)^Presion_cilindro!$B$9+10*(Presion_cilindro!$B$9-1)*Presion_cilindro!$B$33*(O43-O42)/((Presion_cilindro!O41+Presion_cilindro!O42)/2) -> 0.73729395 | Q43: =IF(OR($B$9=0,Presion_cilindro!N42<=$B$15),IF(Presion_cilindro!N42>$B$13,1-EXP(-Presion_cilindro!$B$16*((Presion_cilindro!N42-$B$13)/Presion_cilindro!$B$35)^(Presion_cilindro!$B$17+1)),0),$B$8+(1-$B$8)*(1-EXP(-(Presion_cilindro!N42-$B$15)/Presion_cilindro!$B$23))) -> 0 | R43: =R42*(Presion_cilindro!O41/Presion_cilindro!O42)^Presion_cilindro!$B$9+10*(Presion_cilindro!$B$9-1)*Presion_cilindro!$B$33*(Q43-Q42)/((Presion_cilindro!O41+Presion_cilindro!O42)/2) -> 0.73729395 | S43: =R43+IF(AND($B$9=1,Presion_cilindro!N42>$B$15),Presion_cilindro!$B$24*2.5*EXP(-(Presion_cilindro!N42-$B$15)/Presion_cilindro!$B$26)*SIN(2*PI()*(Presion_cilindro!N42-$B$15)/Presion_cilindro!$B$39),0) -> 0.73729395 | T43: =IF(Presion_cilindro!N42>$B$14,1-EXP(-Presion_cilindro!$B$16*((Presion_cilindro!N42-$B$14)/Presion_cilindro!$B$35)^(Presion_cilindro!$B$17+1)),0) -> 0 | U43: =U42*(Presion_cilindro!O41/Presion_cilindro!O42)^Presion_cilindro!$B$9+10*(Presion_cilindro!$B$9-1)*Presion_cilindro!$B$33*(T43-T42)/((Presion_cilindro!O41+Presion_cilindro!O42)/2) -> 0.73729395
... N725: =-Presion_cilindro!N724 -> -180 | O725: =IF(Presion_cilindro!N724>$B$12,1-EXP(-Presion_cilindro!$B$16*((Presion_cilindro!N724-$B$12)/Presion_cilindro!$B$35)^(Presion_cilindro!$B$17+1)),0) -> 1 | P725: =P724*(Presion_cilindro!O723/Presion_cilindro!O724)^Presion_cilindro!$B$9+10*(Presion_cilindro!$B$9-1)*Presion_cilindro!$B$33*(O725-O724)/((Presion_cilindro!O723+Presion_cilindro!O724)/2) -> 2.2543999 | Q725: =IF(OR($B$9=0,Presion_cilindro!N724<=$B$15),IF(Presion_cilindro!N724>$B$13,1-EXP(-Presion_cilindro!$B$16*((Presion_cilindro!N724-$B$13)/Presion_cilindro!$B$35)^(Presion_cilindro!$B$17+1)),0),$B$8+(1-$B$8)*(1-EXP(-(Presion_cilindro!N724-$B$15)/Presion_cilindro!$B$23))) -> 1 | R725: =R724*(Presion_cilindro!O723/Presion_cilindro!O724)^Presion_cilindro!$B$9+10*(Presion_cilindro!$B$9-1)*Presion_cilindro!$B$33*(Q725-Q724)/((Presion_cilindro!O723+Presion_cilindro!O724)/2) -> 2.3383236 | S725: =R725+IF(AND($B$9=1,Presion_cilindro!N724>$B$15),Presion_cilindro!$B$24*2.5*EXP(-(Presion_cilindro!N724-$B$15)/Presion_cilindro!$B$26)*SIN(2*PI()*(Presion_cilindro!N724-$B$15)/Presion_cilindro!$B$39),0) -> 2.3383236 | T725: =IF(Presion_cilindro!N724>$B$14,1-EXP(-Presion_cilindro!$B$16*((Presion_cilindro!N724-$B$14)/Presion_cilindro!$B$35)^(Presion_cilindro!$B$17+1)),0) -> 1 | U725: =U724*(Presion_cilindro!O723/Presion_cilindro!O724)^Presion_cilindro!$B$9+10*(Presion_cilindro!$B$9-1)*Presion_cilindro!$B$33*(T725-T724)/((Presion_cilindro!O723+Presion_cilindro!O724)/2) -> 2.7607525

Sheet Barrido_AE
A1: Barrido del avance: ¿qué avance da más trabajo?
A2: Con los mismos datos de la hoja Presion_cilindro se calcula la curva 1 para avances de 0° a 60°. El avance que da el máximo trabajo indicado se llama avance de máximo par (MBT). Pasado ese valor, el trabajo baja y la presión máxima sigue subiendo: aparece la detonación.
A4: Avance AE (° APMS) | B4: 0 | C4: 5 | D4: 10 | E4: 15 | F4: 20 | G4: 25 | H4: 30 | I4: 35 | J4: 40 | K4: 45 | L4: 50 | M4: 55 | N4: 60
A5: Trabajo indicado W (J) | B5: =SUMPRODUCT((B12:B731+B13:B732)/2,Presion_cilindro!O5:O724-Presion_cilindro!O4:O723)/10 -> 164.46776 | C5: =SUMPRODUCT((C12:C731+C13:C732)/2,Presion_cilindro!O5:O724-Presion_cilindro!O4:O723)/10 -> 174.1388 | D5: =SUMPRODUCT((D12:D731+D13:D732)/2,Presion_cilindro!O5:O724-Presion_cilindro!O4:O723)/10 -> 182.99881 | E5: =SUMPRODUCT((E12:E731+E13:E732)/2,Presion_cilindro!O5:O724-Presion_cilindro!O4:O723)/10 -> 190.67908 | F5: =SUMPRODUCT((F12:F731+F13:F732)/2,Presion_cilindro!O5:O724-Presion_cilindro!O4:O723)/10 -> 196.79807 | G5: =SUMPRODUCT((G12:G731+G13:G732)/2,Presion_cilindro!O5:O724-Presion_cilindro!O4:O723)/10 -> 201.01095 | H5: =SUMPRODUCT((H12:H731+H13:H732)/2,Presion_cilindro!O5:O724-Presion_cilindro!O4:O723)/10 -> 203.06529 | I5: =SUMPRODUCT((I12:I731+I13:I732)/2,Presion_cilindro!O5:O724-Presion_cilindro!O4:O723)/10 -> 202.8463 | J5: =SUMPRODUCT((J12:J731+J13:J732)/2,Presion_cilindro!O5:O724-Presion_cilindro!O4:O723)/10 -> 200.39613 | K5: =SUMPRODUCT((K12:K731+K13:K732)/2,Presion_cilindro!O5:O724-Presion_cilindro!O4:O723)/10 -> 195.90122 | L5: =SUMPRODUCT((L12:L731+L13:L732)/2,Presion_cilindro!O5:O724-Presion_cilindro!O4:O723)/10 -> 189.65341 | M5: =SUMPRODUCT((M12:M731+M13:M732)/2,Presion_cilindro!O5:O724-Presion_cilindro!O4:O723)/10 -> 181.99905 | N5: =SUMPRODUCT((N12:N731+N13:N732)/2,Presion_cilindro!O5:O724-Presion_cilindro!O4:O723)/10 -> 173.29156
A6: Presión media indicada (bar) | B6: =B5/Presion_cilindro!$B$29*10 -> 4.5318312 | C6: =C5/Presion_cilindro!$B$29*10 -> 4.7983121 | D6: =D5/Presion_cilindro!$B$29*10 -> 5.0424454 | E6: =E5/Presion_cilindro!$B$29*10 -> 5.2540716 | F6: =F5/Presion_cilindro!$B$29*10 -> 5.4226776 | G6: =G5/Presion_cilindro!$B$29*10 -> 5.5387614 | H6: =H5/Presion_cilindro!$B$29*10 -> 5.5953679 | I6: =I5/Presion_cilindro!$B$29*10 -> 5.5893337 | ... N6: =N5/Presion_cilindro!$B$29*10 -> 4.7749667
A7: Presión máxima (bar) | B7: =MAX(B12:B732) -> 15.393327 | C7: =MAX(C12:C732) -> 17.265192 | D7: =MAX(D12:D732) -> 20.256947 | E7: =MAX(E12:E732) -> 23.738908 | F7: =MAX(F12:F732) -> 27.623485 | G7: =MAX(G12:G732) -> 31.755334 | H7: =MAX(H12:H732) -> 35.93293 | I7: =MAX(I12:I732) -> 39.91538 | ... N7: =MAX(N12:N732) -> 52.655516
A8: Ángulo de p máx (° DPMS) | B8: =INDEX($A$12:$A$732,MATCH(B7,B12:B732,0)) -> 0 | C8: =INDEX($A$12:$A$732,MATCH(C7,C12:C732,0)) -> 32 | D8: =INDEX($A$12:$A$732,MATCH(D7,D12:D732,0)) -> 27 | E8: =INDEX($A$12:$A$732,MATCH(E7,E12:E732,0)) -> 22 | F8: =INDEX($A$12:$A$732,MATCH(F7,F12:F732,0)) -> 18 | G8: =INDEX($A$12:$A$732,MATCH(G7,G12:G732,0)) -> 14.5 | H8: =INDEX($A$12:$A$732,MATCH(H7,H12:H732,0)) -> 11 | I8: =INDEX($A$12:$A$732,MATCH(I7,I12:I732,0)) -> 8 | ... N8: =INDEX($A$12:$A$732,MATCH(N7,N12:N732,0)) -> 0
A9: Avance de máximo trabajo (MBT) | B9: =INDEX(B4:N4,MATCH(MAX(B5:N5),B5:N5,0)) -> 30 | C9: ° APMS
A11: α (°) | B11: p con AE=0° | C11: p con AE=5° | D11: p con AE=10° | E11: p con AE=15° | F11: p con AE=20° | G11: p con AE=25° | H11: p con AE=30° | I11: p con AE=35° | J11: p con AE=40° | K11: p con AE=45° | L11: p con AE=50° | M11: p con AE=55° | N11: p con AE=60°
A12: =Presion_cilindro!N4 -> -180 | B12: =Presion_cilindro!$B$32 -> 0.72 | C12: =Presion_cilindro!$B$32 -> 0.72 | D12: =Presion_cilindro!$B$32 -> 0.72 | E12: =Presion_cilindro!$B$32 -> 0.72 | F12: =Presion_cilindro!$B$32 -> 0.72 | G12: =Presion_cilindro!$B$32 -> 0.72 | H12: =Presion_cilindro!$B$32 -> 0.72 | I12: =Presion_cilindro!$B$32 -> 0.72 | ... N12: =Presion_cilindro!$B$32 -> 0.72
A13: =Presion_cilindro!N5 -> -179.5 | B13: =B12*(Presion_cilindro!O4/Presion_cilindro!O5)^Presion_cilindro!$B$9+10*(Presion_cilindro!$B$9-1)*Presion_cilindro!$B$33*(IF(Presion_cilindro!N5>(-B$4+Presion_cilindro!$B$34),1-EXP(-Presion_cilindro!$B$16*((Presion_cilindro!N5-(-B$4+Presion_cilindro!$B$34))/Presion_cilindro!$B$35)^(Presion_cilindro!$B$17+1)),0)-IF(Presion_cilindro!N4>(-B$4+Presion_cilindro!$B$34),1-EXP(-Presion_cilindro!$B$16*((Presion_cilindro!N4-(-B$4+Presion_cilindro!$B$34))/Presion_cilindro!$B$35)^(Presion_cilindro!$B$17+1)),0))/((Presion_cilindro!O4+Presion_cilindro!O5)/2) -> 0.72001172 | C13: =C12*(Presion_cilindro!O4/Presion_cilindro!O5)^Presion_cilindro!$B$9+10*(Presion_cilindro!$B$9-1)*Presion_cilindro!$B$33*(IF(Presion_cilindro!N5>(-C$4+Presion_cilindro!$B$34),1-EXP(-Presion_cilindro!$B$16*((Presion_cilindro!N5-(-C$4+Presion_cilindro!$B$34))/Presion_cilindro!$B$35)^(Presion_cilindro!$B$17+1)),0)-IF(Presion_cilindro!N4>(-C$4+Presion_cilindro!$B$34),1-EXP(-Presion_cilindro!$B$16*((Presion_cilindro!N4-(-C$4+Presion_cilindro!$B$34))/Presion_cilindro!$B$35)^(Presion_cilindro!$B$17+1)),0))/((Presion_cilindro!O4+Presion_cilindro!O5)/2) -> 0.72001172 | D13: =D12*(Presion_cilindro!O4/Presion_cilindro!O5)^Presion_cilindro!$B$9+10*(Presion_cilindro!$B$9-1)*Presion_cilindro!$B$33*(IF(Presion_cilindro!N5>(-D$4+Presion_cilindro!$B$34),1-EXP(-Presion_cilindro!$B$16*((Presion_cilindro!N5-(-D$4+Presion_cilindro!$B$34))/Presion_cilindro!$B$35)^(Presion_cilindro!$B$17+1)),0)-IF(Presion_cilindro!N4>(-D$4+Presion_cilindro!$B$34),1-EXP(-Presion_cilindro!$B$16*((Presion_cilindro!N4-(-D$4+Presion_cilindro!$B$34))/Presion_cilindro!$B$35)^(Presion_cilindro!$B$17+1)),0))/((Presion_cilindro!O4+Presion_cilindro!O5)/2) -> 0.72001172 | E13: =E12*(Presion_cilindro!O4/Presion_cilindro!O5)^Presion_cilindro!$B$9+10*(Presion_cilindro!$B$9-1)*Presion_cilindro!$B$33*(IF(Presion_cilindro!N5>(-E$4+Presion_cilindro!$B$34),1-EXP(-Presion_cilindro!$B$16*((Presion_cilindro!N5-(-E$4+Presion_cilindro!$B$34))/Presion_cilindro!$B$35)^(Presion_cilindro!$B$17+1)),0)-IF(Presion_cilindro!N4>(-E$4+Presion_cilindro!$B$34),1-EXP(-Presion_cilindro!$B$16*((Presion_cilindro!N4-(-E$4+Presion_cilindro!$B$34))/Presion_cilindro!$B$35)^(Presion_cilindro!$B$17+1)),0))/((Presion_cilindro!O4+Presion_cilindro!O5)/2) -> 0.72001172 | F13: =F12*(Presion_cilindro!O4/Presion_cilindro!O5)^Presion_cilindro!$B$9+10*(Presion_cilindro!$B$9-1)*Presion_cilindro!$B$33*(IF(Presion_cilindro!N5>(-F$4+Presion_cilindro!$B$34),1-EXP(-Presion_cilindro!$B$16*((Presion_cilindro!N5-(-F$4+Presion_cilindro!$B$34))/Presion_cilindro!$B$35)^(Presion_cilindro!$B$17+1)),0)-IF(Presion_cilindro!N4>(-F$4+Presion_cilindro!$B$34),1-EXP(-Presion_cilindro!$B$16*((Presion_cilindro!N4-(-F$4+Presion_cilindro!$B$34))/Presion_cilindro!$B$35)^(Presion_cilindro!$B$17+1)),0))/((Presion_cilindro!O4+Presion_cilindro!O5)/2) -> 0.72001172 | G13: =G12*(Presion_cilindro!O4/Presion_cilindro!O5)^Presion_cilindro!$B$9+10*(Presion_cilindro!$B$9-1)*Presion_cilindro!$B$33*(IF(Presion_cilindro!N5>(-G$4+Presion_cilindro!$B$34),1-EXP(-Presion_cilindro!$B$16*((Presion_cilindro!N5-(-G$4+Presion_cilindro!$B$34))/Presion_cilindro!$B$35)^(Presion_cilindro!$B$17+1)),0)-IF(Presion_cilindro!N4>(-G$4+Presion_cilindro!$B$34),1-EXP(-Presion_cilindro!$B$16*((Presion_cilindro!N4-(-G$4+Presion_cilindro!$B$34))/Presion_cilindro!$B$35)^(Presion_cilindro!$B$17+1)),0))/((Presion_cilindro!O4+Presion_cilindro!O5)/2) -> 0.72001172 | H13: =H12*(Presion_cilindro!O4/Presion_cilindro!O5)^Presion_cilindro!$B$9+10*(Presion_cilindro!$B$9-1)*Presion_cilindro!$B$33*(IF(Presion_cilindro!N5>(-H$4+Presion_cilindro!$B$34),1-EXP(-Presion_cilindro!$B$16*((Presion_cilindro!N5-(-H$4+Presion_cilindro!$B$34))/Presion_cilindro!$B$35)^(Presion_cilindro!$B$17+1)),0)-IF(Presion_cilindro!N4>(-H$4+Presion_cilindro!$B$34),1-EXP(-Presion_cilindro!$B$16*((Presion_cilindro!N4-(-H$4+Presion_cilindro!$B$34))/Presion_cilindro!$B$35)^(Presion_cilindro!$B$17+1)),0))/((Presion_cilindro!O4+Presion_cilindro!O5)/2) -> 0.72001172 | I13: =I12*(Presion_cilindro!O4/Presion_cilindro!O5)^Presion_cilindro!$B$9+10*(Presion_cilindro!$B$9-1)*Presion_cilindro!$B$33*(IF(Presion_cilindro!N5>(-I$4+Presion_cilindro!$B$34),1-EXP(-Presion_cilindro!$B$16*((Presion_cilindro!N5-(-I$4+Presion_cilindro!$B$34))/Presion_cilindro!$B$35)^(Presion_cilindro!$B$17+1)),0)-IF(Presion_cilindro!N4>(-I$4+Presion_cilindro!$B$34),1-EXP(-Presion_cilindro!$B$16*((Presion_cilindro!N4-(-I$4+Presion_cilindro!$B$34))/Presion_cilindro!$B$35)^(Presion_cilindro!$B$17+1)),0))/((Presion_cilindro!O4+Presion_cilindro!O5)/2) -> 0.72001172 | J13: =J12*(Presion_cilindro!O4/Presion_cilindro!O5)^Presion_cilindro!$B$9+10*(Presion_cilindro!$B$9-1)*Presion_cilindro!$B$33*(IF(Presion_cilindro!N5>(-J$4+Presion_cilindro!$B$34),1-EXP(-Presion_cilindro!$B$16*((Presion_cilindro!N5-(-J$4+Presion_cilindro!$B$34))/Presion_cilindro!$B$35)^(Presion_cilindro!$B$17+1)),0)-IF(Presion_cilindro!N4>(-J$4+Presion_cilindro!$B$34),1-EXP(-Presion_cilindro!$B$16*((Presion_cilindro!N4-(-J$4+Presion_cilindro!$B$34))/Presion_cilindro!$B$35)^(Presion_cilindro!$B$17+1)),0))/((Presion_cilindro!O4+Presion_cilindro!O5)/2) -> 0.72001172 | K13: =K12*(Presion_cilindro!O4/Presion_cilindro!O5)^Presion_cilindro!$B$9+10*(Presion_cilindro!$B$9-1)*Presion_cilindro!$B$33*(IF(Presion_cilindro!N5>(-K$4+Presion_cilindro!$B$34),1-EXP(-Presion_cilindro!$B$16*((Presion_cilindro!N5-(-K$4+Presion_cilindro!$B$34))/Presion_cilindro!$B$35)^(Presion_cilindro!$B$17+1)),0)-IF(Presion_cilindro!N4>(-K$4+Presion_cilindro!$B$34),1-EXP(-Presion_cilindro!$B$16*((Presion_cilindro!N4-(-K$4+Presion_cilindro!$B$34))/Presion_cilindro!$B$35)^(Presion_cilindro!$B$17+1)),0))/((Presion_cilindro!O4+Presion_cilindro!O5)/2) -> 0.72001172 | L13: =L12*(Presion_cilindro!O4/Presion_cilindro!O5)^Presion_cilindro!$B$9+10*(Presion_cilindro!$B$9-1)*Presion_cilindro!$B$33*(IF(Presion_cilindro!N5>(-L$4+Presion_cilindro!$B$34),1-EXP(-Presion_cilindro!$B$16*((Presion_cilindro!N5-(-L$4+Presion_cilindro!$B$34))/Presion_cilindro!$B$35)^(Presion_cilindro!$B$17+1)),0)-IF(Presion_cilindro!N4>(-L$4+Presion_cilindro!$B$34),1-EXP(-Presion_cilindro!$B$16*((Presion_cilindro!N4-(-L$4+Presion_cilindro!$B$34))/Presion_cilindro!$B$35)^(Presion_cilindro!$B$17+1)),0))/((Presion_cilindro!O4+Presion_cilindro!O5)/2) -> 0.72001172 | M13: =M12*(Presion_cilindro!O4/Presion_cilindro!O5)^Presion_cilindro!$B$9+10*(Presion_cilindro!$B$9-1)*Presion_cilindro!$B$33*(IF(Presion_cilindro!N5>(-M$4+Presion_cilindro!$B$34),1-EXP(-Presion_cilindro!$B$16*((Presion_cilindro!N5-(-M$4+Presion_cilindro!$B$34))/Presion_cilindro!$B$35)^(Presion_cilindro!$B$17+1)),0)-IF(Presion_cilindro!N4>(-M$4+Presion_cilindro!$B$34),1-EXP(-Presion_cilindro!$B$16*((Presion_cilindro!N4-(-M$4+Presion_cilindro!$B$34))/Presion_cilindro!$B$35)^(Presion_cilindro!$B$17+1)),0))/((Presion_cilindro!O4+Presion_cilindro!O5)/2) -> 0.72001172 | N13: =N12*(Presion_cilindro!O4/Presion_cilindro!O5)^Presion_cilindro!$B$9+10*(Presion_cilindro!$B$9-1)*Presion_cilindro!$B$33*(IF(Presion_cilindro!N5>(-N$4+Presion_cilindro!$B$34),1-EXP(-Presion_cilindro!$B$16*((Presion_cilindro!N5-(-N$4+Presion_cilindro!$B$34))/Presion_cilindro!$B$35)^(Presion_cilindro!$B$17+1)),0)-IF(Presion_cilindro!N4>(-N$4+Presion_cilindro!$B$34),1-EXP(-Presion_cilindro!$B$16*((Presion_cilindro!N4-(-N$4+Presion_cilindro!$B$34))/Presion_cilindro!$B$35)^(Presion_cilindro!$B$17+1)),0))/((Presion_cilindro!O4+Presion_cilindro!O5)/2) -> 0.72001172
A14: =Presion_cilindro!N6 -> -179 | B14: =B13*(Presion_cilindro!O5/Presion_cilindro!O6)^Presion_cilindro!$B$9+10*(Presion_cilindro!$B$9-1)*Presion_cilindro!$B$33*(IF(Presion_cilindro!N6>(-B$4+Presion_cilindro!$B$34),1-EXP(-Presion_cilindro!$B$16*((Presion_cilindro!N6-(-B$4+Presion_cilindro!$B$34))/Presion_cilindro!$B$35)^(Presion_cilindro!$B$17+1)),0)-IF(Presion_cilindro!N5>(-B$4+Presion_cilindro!$B$34),1-EXP(-Presion_cilindro!$B$16*((Presion_cilindro!N5-(-B$4+Presion_cilindro!$B$34))/Presion_cilindro!$B$35)^(Presion_cilindro!$B$17+1)),0))/((Presion_cilindro!O5+Presion_cilindro!O6)/2) -> 0.72004688 | C14: =C13*(Presion_cilindro!O5/Presion_cilindro!O6)^Presion_cilindro!$B$9+10*(Presion_cilindro!$B$9-1)*Presion_cilindro!$B$33*(IF(Presion_cilindro!N6>(-C$4+Presion_cilindro!$B$34),1-EXP(-Presion_cilindro!$B$16*((Presion_cilindro!N6-(-C$4+Presion_cilindro!$B$34))/Presion_cilindro!$B$35)^(Presion_cilindro!$B$17+1)),0)-IF(Presion_cilindro!N5>(-C$4+Presion_cilindro!$B$34),1-EXP(-Presion_cilindro!$B$16*((Presion_cilindro!N5-(-C$4+Presion_cilindro!$B$34))/Presion_cilindro!$B$35)^(Presion_cilindro!$B$17+1)),0))/((Presion_cilindro!O5+Presion_cilindro!O6)/2) -> 0.72004688 | D14: =D13*(Presion_cilindro!O5/Presion_cilindro!O6)^Presion_cilindro!$B$9+10*(Presion_cilindro!$B$9-1)*Presion_cilindro!$B$33*(IF(Presion_cilindro!N6>(-D$4+Presion_cilindro!$B$34),1-EXP(-Presion_cilindro!$B$16*((Presion_cilindro!N6-(-D$4+Presion_cilindro!$B$34))/Presion_cilindro!$B$35)^(Presion_cilindro!$B$17+1)),0)-IF(Presion_cilindro!N5>(-D$4+Presion_cilindro!$B$34),1-EXP(-Presion_cilindro!$B$16*((Presion_cilindro!N5-(-D$4+Presion_cilindro!$B$34))/Presion_cilindro!$B$35)^(Presion_cilindro!$B$17+1)),0))/((Presion_cilindro!O5+Presion_cilindro!O6)/2) -> 0.72004688 | E14: =E13*(Presion_cilindro!O5/Presion_cilindro!O6)^Presion_cilindro!$B$9+10*(Presion_cilindro!$B$9-1)*Presion_cilindro!$B$33*(IF(Presion_cilindro!N6>(-E$4+Presion_cilindro!$B$34),1-EXP(-Presion_cilindro!$B$16*((Presion_cilindro!N6-(-E$4+Presion_cilindro!$B$34))/Presion_cilindro!$B$35)^(Presion_cilindro!$B$17+1)),0)-IF(Presion_cilindro!N5>(-E$4+Presion_cilindro!$B$34),1-EXP(-Presion_cilindro!$B$16*((Presion_cilindro!N5-(-E$4+Presion_cilindro!$B$34))/Presion_cilindro!$B$35)^(Presion_cilindro!$B$17+1)),0))/((Presion_cilindro!O5+Presion_cilindro!O6)/2) -> 0.72004688 | F14: =F13*(Presion_cilindro!O5/Presion_cilindro!O6)^Presion_cilindro!$B$9+10*(Presion_cilindro!$B$9-1)*Presion_cilindro!$B$33*(IF(Presion_cilindro!N6>(-F$4+Presion_cilindro!$B$34),1-EXP(-Presion_cilindro!$B$16*((Presion_cilindro!N6-(-F$4+Presion_cilindro!$B$34))/Presion_cilindro!$B$35)^(Presion_cilindro!$B$17+1)),0)-IF(Presion_cilindro!N5>(-F$4+Presion_cilindro!$B$34),1-EXP(-Presion_cilindro!$B$16*((Presion_cilindro!N5-(-F$4+Presion_cilindro!$B$34))/Presion_cilindro!$B$35)^(Presion_cilindro!$B$17+1)),0))/((Presion_cilindro!O5+Presion_cilindro!O6)/2) -> 0.72004688 | G14: =G13*(Presion_cilindro!O5/Presion_cilindro!O6)^Presion_cilindro!$B$9+10*(Presion_cilindro!$B$9-1)*Presion_cilindro!$B$33*(IF(Presion_cilindro!N6>(-G$4+Presion_cilindro!$B$34),1-EXP(-Presion_cilindro!$B$16*((Presion_cilindro!N6-(-G$4+Presion_cilindro!$B$34))/Presion_cilindro!$B$35)^(Presion_cilindro!$B$17+1)),0)-IF(Presion_cilindro!N5>(-G$4+Presion_cilindro!$B$34),1-EXP(-Presion_cilindro!$B$16*((Presion_cilindro!N5-(-G$4+Presion_cilindro!$B$34))/Presion_cilindro!$B$35)^(Presion_cilindro!$B$17+1)),0))/((Presion_cilindro!O5+Presion_cilindro!O6)/2) -> 0.72004688 | H14: =H13*(Presion_cilindro!O5/Presion_cilindro!O6)^Presion_cilindro!$B$9+10*(Presion_cilindro!$B$9-1)*Presion_cilindro!$B$33*(IF(Presion_cilindro!N6>(-H$4+Presion_cilindro!$B$34),1-EXP(-Presion_cilindro!$B$16*((Presion_cilindro!N6-(-H$4+Presion_cilindro!$B$34))/Presion_cilindro!$B$35)^(Presion_cilindro!$B$17+1)),0)-IF(Presion_cilindro!N5>(-H$4+Presion_cilindro!$B$34),1-EXP(-Presion_cilindro!$B$16*((Presion_cilindro!N5-(-H$4+Presion_cilindro!$B$34))/Presion_cilindro!$B$35)^(Presion_cilindro!$B$17+1)),0))/((Presion_cilindro!O5+Presion_cilindro!O6)/2) -> 0.72004688 | I14: =I13*(Presion_cilindro!O5/Presion_cilindro!O6)^Presion_cilindro!$B$9+10*(Presion_cilindro!$B$9-1)*Presion_cilindro!$B$33*(IF(Presion_cilindro!N6>(-I$4+Presion_cilindro!$B$34),1-EXP(-Presion_cilindro!$B$16*((Presion_cilindro!N6-(-I$4+Presion_cilindro!$B$34))/Presion_cilindro!$B$35)^(Presion_cilindro!$B$17+1)),0)-IF(Presion_cilindro!N5>(-I$4+Presion_cilindro!$B$34),1-EXP(-Presion_cilindro!$B$16*((Presion_cilindro!N5-(-I$4+Presion_cilindro!$B$34))/Presion_cilindro!$B$35)^(Presion_cilindro!$B$17+1)),0))/((Presion_cilindro!O5+Presion_cilindro!O6)/2) -> 0.72004688 | J14: =J13*(Presion_cilindro!O5/Presion_cilindro!O6)^Presion_cilindro!$B$9+10*(Presion_cilindro!$B$9-1)*Presion_cilindro!$B$33*(IF(Presion_cilindro!N6>(-J$4+Presion_cilindro!$B$34),1-EXP(-Presion_cilindro!$B$16*((Presion_cilindro!N6-(-J$4+Presion_cilindro!$B$34))/Presion_cilindro!$B$35)^(Presion_cilindro!$B$17+1)),0)-IF(Presion_cilindro!N5>(-J$4+Presion_cilindro!$B$34),1-EXP(-Presion_cilindro!$B$16*((Presion_cilindro!N5-(-J$4+Presion_cilindro!$B$34))/Presion_cilindro!$B$35)^(Presion_cilindro!$B$17+1)),0))/((Presion_cilindro!O5+Presion_cilindro!O6)/2) -> 0.72004688 | K14: =K13*(Presion_cilindro!O5/Presion_cilindro!O6)^Presion_cilindro!$B$9+10*(Presion_cilindro!$B$9-1)*Presion_cilindro!$B$33*(IF(Presion_cilindro!N6>(-K$4+Presion_cilindro!$B$34),1-EXP(-Presion_cilindro!$B$16*((Presion_cilindro!N6-(-K$4+Presion_cilindro!$B$34))/Presion_cilindro!$B$35)^(Presion_cilindro!$B$17+1)),0)-IF(Presion_cilindro!N5>(-K$4+Presion_cilindro!$B$34),1-EXP(-Presion_cilindro!$B$16*((Presion_cilindro!N5-(-K$4+Presion_cilindro!$B$34))/Presion_cilindro!$B$35)^(Presion_cilindro!$B$17+1)),0))/((Presion_cilindro!O5+Presion_cilindro!O6)/2) -> 0.72004688 | L14: =L13*(Presion_cilindro!O5/Presion_cilindro!O6)^Presion_cilindro!$B$9+10*(Presion_cilindro!$B$9-1)*Presion_cilindro!$B$33*(IF(Presion_cilindro!N6>(-L$4+Presion_cilindro!$B$34),1-EXP(-Presion_cilindro!$B$16*((Presion_cilindro!N6-(-L$4+Presion_cilindro!$B$34))/Presion_cilindro!$B$35)^(Presion_cilindro!$B$17+1)),0)-IF(Presion_cilindro!N5>(-L$4+Presion_cilindro!$B$34),1-EXP(-Presion_cilindro!$B$16*((Presion_cilindro!N5-(-L$4+Presion_cilindro!$B$34))/Presion_cilindro!$B$35)^(Presion_cilindro!$B$17+1)),0))/((Presion_cilindro!O5+Presion_cilindro!O6)/2) -> 0.72004688 | M14: =M13*(Presion_cilindro!O5/Presion_cilindro!O6)^Presion_cilindro!$B$9+10*(Presion_cilindro!$B$9-1)*Presion_cilindro!$B$33*(IF(Presion_cilindro!N6>(-M$4+Presion_cilindro!$B$34),1-EXP(-Presion_cilindro!$B$16*((Presion_cilindro!N6-(-M$4+Presion_cilindro!$B$34))/Presion_cilindro!$B$35)^(Presion_cilindro!$B$17+1)),0)-IF(Presion_cilindro!N5>(-M$4+Presion_cilindro!$B$34),1-EXP(-Presion_cilindro!$B$16*((Presion_cilindro!N5-(-M$4+Presion_cilindro!$B$34))/Presion_cilindro!$B$35)^(Presion_cilindro!$B$17+1)),0))/((Presion_cilindro!O5+Presion_cilindro!O6)/2) -> 0.72004688 | N14: =N13*(Presion_cilindro!O5/Presion_cilindro!O6)^Presion_cilindro!$B$9+10*(Presion_cilindro!$B$9-1)*Presion_cilindro!$B$33*(IF(Presion_cilindro!N6>(-N$4+Presion_cilindro!$B$34),1-EXP(-Presion_cilindro!$B$16*((Presion_cilindro!N6-(-N$4+Presion_cilindro!$B$34))/Presion_cilindro!$B$35)^(Presion_cilindro!$B$17+1)),0)-IF(Presion_cilindro!N5>(-N$4+Presion_cilindro!$B$34),1-EXP(-Presion_cilindro!$B$16*((Presion_cilindro!N5-(-N$4+Presion_cilindro!$B$34))/Presion_cilindro!$B$35)^(Presion_cilindro!$B$17+1)),0))/((Presion_cilindro!O5+Presion_cilindro!O6)/2) -> 0.72004688
A15: =Presion_cilindro!N7 -> -178.5 | B15: =B14*(Presion_cilindro!O6/Presion_cilindro!O7)^Presion_cilindro!$B$9+10*(Presion_cilindro!$B$9-1)*Presion_cilindro!$B$33*(IF(Presion_cilindro!N7>(-B$4+Presion_cilindro!$B$34),1-EXP(-Presion_cilindro!$B$16*((Presion_cilindro!N7-(-B$4+Presion_cilindro!$B$34))/Presion_cilindro!$B$35)^(Presion_cilindro!$B$17+1)),0)-IF(Presion_cilindro!N6>(-B$4+Presion_cilindro!$B$34),1-EXP(-Presion_cilindro!$B$16*((Presion_cilindro!N6-(-B$4+Presion_cilindro!$B$34))/Presion_cilindro!$B$35)^(Presion_cilindro!$B$17+1)),0))/((Presion_cilindro!O6+Presion_cilindro!O7)/2) -> 0.7201055 | C15: =C14*(Presion_cilindro!O6/Presion_cilindro!O7)^Presion_cilindro!$B$9+10*(Presion_cilindro!$B$9-1)*Presion_cilindro!$B$33*(IF(Presion_cilindro!N7>(-C$4+Presion_cilindro!$B$34),1-EXP(-Presion_cilindro!$B$16*((Presion_cilindro!N7-(-C$4+Presion_cilindro!$B$34))/Presion_cilindro!$B$35)^(Presion_cilindro!$B$17+1)),0)-IF(Presion_cilindro!N6>(-C$4+Presion_cilindro!$B$34),1-EXP(-Presion_cilindro!$B$16*((Presion_cilindro!N6-(-C$4+Presion_cilindro!$B$34))/Presion_cilindro!$B$35)^(Presion_cilindro!$B$17+1)),0))/((Presion_cilindro!O6+Presion_cilindro!O7)/2) -> 0.7201055 | D15: =D14*(Presion_cilindro!O6/Presion_cilindro!O7)^Presion_cilindro!$B$9+10*(Presion_cilindro!$B$9-1)*Presion_cilindro!$B$33*(IF(Presion_cilindro!N7>(-D$4+Presion_cilindro!$B$34),1-EXP(-Presion_cilindro!$B$16*((Presion_cilindro!N7-(-D$4+Presion_cilindro!$B$34))/Presion_cilindro!$B$35)^(Presion_cilindro!$B$17+1)),0)-IF(Presion_cilindro!N6>(-D$4+Presion_cilindro!$B$34),1-EXP(-Presion_cilindro!$B$16*((Presion_cilindro!N6-(-D$4+Presion_cilindro!$B$34))/Presion_cilindro!$B$35)^(Presion_cilindro!$B$17+1)),0))/((Presion_cilindro!O6+Presion_cilindro!O7)/2) -> 0.7201055 | E15: =E14*(Presion_cilindro!O6/Presion_cilindro!O7)^Presion_cilindro!$B$9+10*(Presion_cilindro!$B$9-1)*Presion_cilindro!$B$33*(IF(Presion_cilindro!N7>(-E$4+Presion_cilindro!$B$34),1-EXP(-Presion_cilindro!$B$16*((Presion_cilindro!N7-(-E$4+Presion_cilindro!$B$34))/Presion_cilindro!$B$35)^(Presion_cilindro!$B$17+1)),0)-IF(Presion_cilindro!N6>(-E$4+Presion_cilindro!$B$34),1-EXP(-Presion_cilindro!$B$16*((Presion_cilindro!N6-(-E$4+Presion_cilindro!$B$34))/Presion_cilindro!$B$35)^(Presion_cilindro!$B$17+1)),0))/((Presion_cilindro!O6+Presion_cilindro!O7)/2) -> 0.7201055 | F15: =F14*(Presion_cilindro!O6/Presion_cilindro!O7)^Presion_cilindro!$B$9+10*(Presion_cilindro!$B$9-1)*Presion_cilindro!$B$33*(IF(Presion_cilindro!N7>(-F$4+Presion_cilindro!$B$34),1-EXP(-Presion_cilindro!$B$16*((Presion_cilindro!N7-(-F$4+Presion_cilindro!$B$34))/Presion_cilindro!$B$35)^(Presion_cilindro!$B$17+1)),0)-IF(Presion_cilindro!N6>(-F$4+Presion_cilindro!$B$34),1-EXP(-Presion_cilindro!$B$16*((Presion_cilindro!N6-(-F$4+Presion_cilindro!$B$34))/Presion_cilindro!$B$35)^(Presion_cilindro!$B$17+1)),0))/((Presion_cilindro!O6+Presion_cilindro!O7)/2) -> 0.7201055 | G15: =G14*(Presion_cilindro!O6/Presion_cilindro!O7)^Presion_cilindro!$B$9+10*(Presion_cilindro!$B$9-1)*Presion_cilindro!$B$33*(IF(Presion_cilindro!N7>(-G$4+Presion_cilindro!$B$34),1-EXP(-Presion_cilindro!$B$16*((Presion_cilindro!N7-(-G$4+Presion_cilindro!$B$34))/Presion_cilindro!$B$35)^(Presion_cilindro!$B$17+1)),0)-IF(Presion_cilindro!N6>(-G$4+Presion_cilindro!$B$34),1-EXP(-Presion_cilindro!$B$16*((Presion_cilindro!N6-(-G$4+Presion_cilindro!$B$34))/Presion_cilindro!$B$35)^(Presion_cilindro!$B$17+1)),0))/((Presion_cilindro!O6+Presion_cilindro!O7)/2) -> 0.7201055 | H15: =H14*(Presion_cilindro!O6/Presion_cilindro!O7)^Presion_cilindro!$B$9+10*(Presion_cilindro!$B$9-1)*Presion_cilindro!$B$33*(IF(Presion_cilindro!N7>(-H$4+Presion_cilindro!$B$34),1-EXP(-Presion_cilindro!$B$16*((Presion_cilindro!N7-(-H$4+Presion_cilindro!$B$34))/Presion_cilindro!$B$35)^(Presion_cilindro!$B$17+1)),0)-IF(Presion_cilindro!N6>(-H$4+Presion_cilindro!$B$34),1-EXP(-Presion_cilindro!$B$16*((Presion_cilindro!N6-(-H$4+Presion_cilindro!$B$34))/Presion_cilindro!$B$35)^(Presion_cilindro!$B$17+1)),0))/((Presion_cilindro!O6+Presion_cilindro!O7)/2) -> 0.7201055 | I15: =I14*(Presion_cilindro!O6/Presion_cilindro!O7)^Presion_cilindro!$B$9+10*(Presion_cilindro!$B$9-1)*Presion_cilindro!$B$33*(IF(Presion_cilindro!N7>(-I$4+Presion_cilindro!$B$34),1-EXP(-Presion_cilindro!$B$16*((Presion_cilindro!N7-(-I$4+Presion_cilindro!$B$34))/Presion_cilindro!$B$35)^(Presion_cilindro!$B$17+1)),0)-IF(Presion_cilindro!N6>(-I$4+Presion_cilindro!$B$34),1-EXP(-Presion_cilindro!$B$16*((Presion_cilindro!N6-(-I$4+Presion_cilindro!$B$34))/Presion_cilindro!$B$35)^(Presion_cilindro!$B$17+1)),0))/((Presion_cilindro!O6+Presion_cilindro!O7)/2) -> 0.7201055 | J15: =J14*(Presion_cilindro!O6/Presion_cilindro!O7)^Presion_cilindro!$B$9+10*(Presion_cilindro!$B$9-1)*Presion_cilindro!$B$33*(IF(Presion_cilindro!N7>(-J$4+Presion_cilindro!$B$34),1-EXP(-Presion_cilindro!$B$16*((Presion_cilindro!N7-(-J$4+Presion_cilindro!$B$34))/Presion_cilindro!$B$35)^(Presion_cilindro!$B$17+1)),0)-IF(Presion_cilindro!N6>(-J$4+Presion_cilindro!$B$34),1-EXP(-Presion_cilindro!$B$16*((Presion_cilindro!N6-(-J$4+Presion_cilindro!$B$34))/Presion_cilindro!$B$35)^(Presion_cilindro!$B$17+1)),0))/((Presion_cilindro!O6+Presion_cilindro!O7)/2) -> 0.7201055 | K15: =K14*(Presion_cilindro!O6/Presion_cilindro!O7)^Presion_cilindro!$B$9+10*(Presion_cilindro!$B$9-1)*Presion_cilindro!$B$33*(IF(Presion_cilindro!N7>(-K$4+Presion_cilindro!$B$34),1-EXP(-Presion_cilindro!$B$16*((Presion_cilindro!N7-(-K$4+Presion_cilindro!$B$34))/Presion_cilindro!$B$35)^(Presion_cilindro!$B$17+1)),0)-IF(Presion_cilindro!N6>(-K$4+Presion_cilindro!$B$34),1-EXP(-Presion_cilindro!$B$16*((Presion_cilindro!N6-(-K$4+Presion_cilindro!$B$34))/Presion_cilindro!$B$35)^(Presion_cilindro!$B$17+1)),0))/((Presion_cilindro!O6+Presion_cilindro!O7)/2) -> 0.7201055 | L15: =L14*(Presion_cilindro!O6/Presion_cilindro!O7)^Presion_cilindro!$B$9+10*(Presion_cilindro!$B$9-1)*Presion_cilindro!$B$33*(IF(Presion_cilindro!N7>(-L$4+Presion_cilindro!$B$34),1-EXP(-Presion_cilindro!$B$16*((Presion_cilindro!N7-(-L$4+Presion_cilindro!$B$34))/Presion_cilindro!$B$35)^(Presion_cilindro!$B$17+1)),0)-IF(Presion_cilindro!N6>(-L$4+Presion_cilindro!$B$34),1-EXP(-Presion_cilindro!$B$16*((Presion_cilindro!N6-(-L$4+Presion_cilindro!$B$34))/Presion_cilindro!$B$35)^(Presion_cilindro!$B$17+1)),0))/((Presion_cilindro!O6+Presion_cilindro!O7)/2) -> 0.7201055 | M15: =M14*(Presion_cilindro!O6/Presion_cilindro!O7)^Presion_cilindro!$B$9+10*(Presion_cilindro!$B$9-1)*Presion_cilindro!$B$33*(IF(Presion_cilindro!N7>(-M$4+Presion_cilindro!$B$34),1-EXP(-Presion_cilindro!$B$16*((Presion_cilindro!N7-(-M$4+Presion_cilindro!$B$34))/Presion_cilindro!$B$35)^(Presion_cilindro!$B$17+1)),0)-IF(Presion_cilindro!N6>(-M$4+Presion_cilindro!$B$34),1-EXP(-Presion_cilindro!$B$16*((Presion_cilindro!N6-(-M$4+Presion_cilindro!$B$34))/Presion_cilindro!$B$35)^(Presion_cilindro!$B$17+1)),0))/((Presion_cilindro!O6+Presion_cilindro!O7)/2) -> 0.7201055 | N15: =N14*(Presion_cilindro!O6/Presion_cilindro!O7)^Presion_cilindro!$B$9+10*(Presion_cilindro!$B$9-1)*Presion_cilindro!$B$33*(IF(Presion_cilindro!N7>(-N$4+Presion_cilindro!$B$34),1-EXP(-Presion_cilindro!$B$16*((Presion_cilindro!N7-(-N$4+Presion_cilindro!$B$34))/Presion_cilindro!$B$35)^(Presion_cilindro!$B$17+1)),0)-IF(Presion_cilindro!N6>(-N$4+Presion_cilindro!$B$34),1-EXP(-Presion_cilindro!$B$16*((Presion_cilindro!N6-(-N$4+Presion_cilindro!$B$34))/Presion_cilindro!$B$35)^(Presion_cilindro!$B$17+1)),0))/((Presion_cilindro!O6+Presion_cilindro!O7)/2) -> 0.7201055
A16: =Presion_cilindro!N8 -> -178 | B16: =B15*(Presion_cilindro!O7/Presion_cilindro!O8)^Presion_cilindro!$B$9+10*(Presion_cilindro!$B$9-1)*Presion_cilindro!$B$33*(IF(Presion_cilindro!N8>(-B$4+Presion_cilindro!$B$34),1-EXP(-Presion_cilindro!$B$16*((Presion_cilindro!N8-(-B$4+Presion_cilindro!$B$34))/Presion_cilindro!$B$35)^(Presion_cilindro!$B$17+1)),0)-IF(Presion_cilindro!N7>(-B$4+Presion_cilindro!$B$34),1-EXP(-Presion_cilindro!$B$16*((Presion_cilindro!N7-(-B$4+Presion_cilindro!$B$34))/Presion_cilindro!$B$35)^(Presion_cilindro!$B$17+1)),0))/((Presion_cilindro!O7+Presion_cilindro!O8)/2) -> 0.72018757 | C16: =C15*(Presion_cilindro!O7/Presion_cilindro!O8)^Presion_cilindro!$B$9+10*(Presion_cilindro!$B$9-1)*Presion_cilindro!$B$33*(IF(Presion_cilindro!N8>(-C$4+Presion_cilindro!$B$34),1-EXP(-Presion_cilindro!$B$16*((Presion_cilindro!N8-(-C$4+Presion_cilindro!$B$34))/Presion_cilindro!$B$35)^(Presion_cilindro!$B$17+1)),0)-IF(Presion_cilindro!N7>(-C$4+Presion_cilindro!$B$34),1-EXP(-Presion_cilindro!$B$16*((Presion_cilindro!N7-(-C$4+Presion_cilindro!$B$34))/Presion_cilindro!$B$35)^(Presion_cilindro!$B$17+1)),0))/((Presion_cilindro!O7+Presion_cilindro!O8)/2) -> 0.72018757 | D16: =D15*(Presion_cilindro!O7/Presion_cilindro!O8)^Presion_cilindro!$B$9+10*(Presion_cilindro!$B$9-1)*Presion_cilindro!$B$33*(IF(Presion_cilindro!N8>(-D$4+Presion_cilindro!$B$34),1-EXP(-Presion_cilindro!$B$16*((Presion_cilindro!N8-(-D$4+Presion_cilindro!$B$34))/Presion_cilindro!$B$35)^(Presion_cilindro!$B$17+1)),0)-IF(Presion_cilindro!N7>(-D$4+Presion_cilindro!$B$34),1-EXP(-Presion_cilindro!$B$16*((Presion_cilindro!N7-(-D$4+Presion_cilindro!$B$34))/Presion_cilindro!$B$35)^(Presion_cilindro!$B$17+1)),0))/((Presion_cilindro!O7+Presion_cilindro!O8)/2) -> 0.72018757 | E16: =E15*(Presion_cilindro!O7/Presion_cilindro!O8)^Presion_cilindro!$B$9+10*(Presion_cilindro!$B$9-1)*Presion_cilindro!$B$33*(IF(Presion_cilindro!N8>(-E$4+Presion_cilindro!$B$34),1-EXP(-Presion_cilindro!$B$16*((Presion_cilindro!N8-(-E$4+Presion_cilindro!$B$34))/Presion_cilindro!$B$35)^(Presion_cilindro!$B$17+1)),0)-IF(Presion_cilindro!N7>(-E$4+Presion_cilindro!$B$34),1-EXP(-Presion_cilindro!$B$16*((Presion_cilindro!N7-(-E$4+Presion_cilindro!$B$34))/Presion_cilindro!$B$35)^(Presion_cilindro!$B$17+1)),0))/((Presion_cilindro!O7+Presion_cilindro!O8)/2) -> 0.72018757 | F16: =F15*(Presion_cilindro!O7/Presion_cilindro!O8)^Presion_cilindro!$B$9+10*(Presion_cilindro!$B$9-1)*Presion_cilindro!$B$33*(IF(Presion_cilindro!N8>(-F$4+Presion_cilindro!$B$34),1-EXP(-Presion_cilindro!$B$16*((Presion_cilindro!N8-(-F$4+Presion_cilindro!$B$34))/Presion_cilindro!$B$35)^(Presion_cilindro!$B$17+1)),0)-IF(Presion_cilindro!N7>(-F$4+Presion_cilindro!$B$34),1-EXP(-Presion_cilindro!$B$16*((Presion_cilindro!N7-(-F$4+Presion_cilindro!$B$34))/Presion_cilindro!$B$35)^(Presion_cilindro!$B$17+1)),0))/((Presion_cilindro!O7+Presion_cilindro!O8)/2) -> 0.72018757 | G16: =G15*(Presion_cilindro!O7/Presion_cilindro!O8)^Presion_cilindro!$B$9+10*(Presion_cilindro!$B$9-1)*Presion_cilindro!$B$33*(IF(Presion_cilindro!N8>(-G$4+Presion_cilindro!$B$34),1-EXP(-Presion_cilindro!$B$16*((Presion_cilindro!N8-(-G$4+Presion_cilindro!$B$34))/Presion_cilindro!$B$35)^(Presion_cilindro!$B$17+1)),0)-IF(Presion_cilindro!N7>(-G$4+Presion_cilindro!$B$34),1-EXP(-Presion_cilindro!$B$16*((Presion_cilindro!N7-(-G$4+Presion_cilindro!$B$34))/Presion_cilindro!$B$35)^(Presion_cilindro!$B$17+1)),0))/((Presion_cilindro!O7+Presion_cilindro!O8)/2) -> 0.72018757 | H16: =H15*(Presion_cilindro!O7/Presion_cilindro!O8)^Presion_cilindro!$B$9+10*(Presion_cilindro!$B$9-1)*Presion_cilindro!$B$33*(IF(Presion_cilindro!N8>(-H$4+Presion_cilindro!$B$34),1-EXP(-Presion_cilindro!$B$16*((Presion_cilindro!N8-(-H$4+Presion_cilindro!$B$34))/Presion_cilindro!$B$35)^(Presion_cilindro!$B$17+1)),0)-IF(Presion_cilindro!N7>(-H$4+Presion_cilindro!$B$34),1-EXP(-Presion_cilindro!$B$16*((Presion_cilindro!N7-(-H$4+Presion_cilindro!$B$34))/Presion_cilindro!$B$35)^(Presion_cilindro!$B$17+1)),0))/((Presion_cilindro!O7+Presion_cilindro!O8)/2) -> 0.72018757 | I16: =I15*(Presion_cilindro!O7/Presion_cilindro!O8)^Presion_cilindro!$B$9+10*(Presion_cilindro!$B$9-1)*Presion_cilindro!$B$33*(IF(Presion_cilindro!N8>(-I$4+Presion_cilindro!$B$34),1-EXP(-Presion_cilindro!$B$16*((Presion_cilindro!N8-(-I$4+Presion_cilindro!$B$34))/Presion_cilindro!$B$35)^(Presion_cilindro!$B$17+1)),0)-IF(Presion_cilindro!N7>(-I$4+Presion_cilindro!$B$34),1-EXP(-Presion_cilindro!$B$16*((Presion_cilindro!N7-(-I$4+Presion_cilindro!$B$34))/Presion_cilindro!$B$35)^(Presion_cilindro!$B$17+1)),0))/((Presion_cilindro!O7+Presion_cilindro!O8)/2) -> 0.72018757 | J16: =J15*(Presion_cilindro!O7/Presion_cilindro!O8)^Presion_cilindro!$B$9+10*(Presion_cilindro!$B$9-1)*Presion_cilindro!$B$33*(IF(Presion_cilindro!N8>(-J$4+Presion_cilindro!$B$34),1-EXP(-Presion_cilindro!$B$16*((Presion_cilindro!N8-(-J$4+Presion_cilindro!$B$34))/Presion_cilindro!$B$35)^(Presion_cilindro!$B$17+1)),0)-IF(Presion_cilindro!N7>(-J$4+Presion_cilindro!$B$34),1-EXP(-Presion_cilindro!$B$16*((Presion_cilindro!N7-(-J$4+Presion_cilindro!$B$34))/Presion_cilindro!$B$35)^(Presion_cilindro!$B$17+1)),0))/((Presion_cilindro!O7+Presion_cilindro!O8)/2) -> 0.72018757 | K16: =K15*(Presion_cilindro!O7/Presion_cilindro!O8)^Presion_cilindro!$B$9+10*(Presion_cilindro!$B$9-1)*Presion_cilindro!$B$33*(IF(Presion_cilindro!N8>(-K$4+Presion_cilindro!$B$34),1-EXP(-Presion_cilindro!$B$16*((Presion_cilindro!N8-(-K$4+Presion_cilindro!$B$34))/Presion_cilindro!$B$35)^(Presion_cilindro!$B$17+1)),0)-IF(Presion_cilindro!N7>(-K$4+Presion_cilindro!$B$34),1-EXP(-Presion_cilindro!$B$16*((Presion_cilindro!N7-(-K$4+Presion_cilindro!$B$34))/Presion_cilindro!$B$35)^(Presion_cilindro!$B$17+1)),0))/((Presion_cilindro!O7+Presion_cilindro!O8)/2) -> 0.72018757 | L16: =L15*(Presion_cilindro!O7/Presion_cilindro!O8)^Presion_cilindro!$B$9+10*(Presion_cilindro!$B$9-1)*Presion_cilindro!$B$33*(IF(Presion_cilindro!N8>(-L$4+Presion_cilindro!$B$34),1-EXP(-Presion_cilindro!$B$16*((Presion_cilindro!N8-(-L$4+Presion_cilindro!$B$34))/Presion_cilindro!$B$35)^(Presion_cilindro!$B$17+1)),0)-IF(Presion_cilindro!N7>(-L$4+Presion_cilindro!$B$34),1-EXP(-Presion_cilindro!$B$16*((Presion_cilindro!N7-(-L$4+Presion_cilindro!$B$34))/Presion_cilindro!$B$35)^(Presion_cilindro!$B$17+1)),0))/((Presion_cilindro!O7+Presion_cilindro!O8)/2) -> 0.72018757 | M16: =M15*(Presion_cilindro!O7/Presion_cilindro!O8)^Presion_cilindro!$B$9+10*(Presion_cilindro!$B$9-1)*Presion_cilindro!$B$33*(IF(Presion_cilindro!N8>(-M$4+Presion_cilindro!$B$34),1-EXP(-Presion_cilindro!$B$16*((Presion_cilindro!N8-(-M$4+Presion_cilindro!$B$34))/Presion_cilindro!$B$35)^(Presion_cilindro!$B$17+1)),0)-IF(Presion_cilindro!N7>(-M$4+Presion_cilindro!$B$34),1-EXP(-Presion_cilindro!$B$16*((Presion_cilindro!N7-(-M$4+Presion_cilindro!$B$34))/Presion_cilindro!$B$35)^(Presion_cilindro!$B$17+1)),0))/((Presion_cilindro!O7+Presion_cilindro!O8)/2) -> 0.72018757 | N16: =N15*(Presion_cilindro!O7/Presion_cilindro!O8)^Presion_cilindro!$B$9+10*(Presion_cilindro!$B$9-1)*Presion_cilindro!$B$33*(IF(Presion_cilindro!N8>(-N$4+Presion_cilindro!$B$34),1-EXP(-Presion_cilindro!$B$16*((Presion_cilindro!N8-(-N$4+Presion_cilindro!$B$34))/Presion_cilindro!$B$35)^(Presion_cilindro!$B$17+1)),0)-IF(Presion_cilindro!N7>(-N$4+Presion_cilindro!$B$34),1-EXP(-Presion_cilindro!$B$16*((Presion_cilindro!N7-(-N$4+Presion_cilindro!$B$34))/Presion_cilindro!$B$35)^(Presion_cilindro!$B$17+1)),0))/((Presion_cilindro!O7+Presion_cilindro!O8)/2) -> 0.72018757
A17: =Presion_cilindro!N9 -> -177.5 | B17: =B16*(Presion_cilindro!O8/Presion_cilindro!O9)^Presion_cilindro!$B$9+10*(Presion_cilindro!$B$9-1)*Presion_cilindro!$B$33*(IF(Presion_cilindro!N9>(-B$4+Presion_cilindro!$B$34),1-EXP(-Presion_cilindro!$B$16*((Presion_cilindro!N9-(-B$4+Presion_cilindro!$B$34))/Presion_cilindro!$B$35)^(Presion_cilindro!$B$17+1)),0)-IF(Presion_cilindro!N8>(-B$4+Presion_cilindro!$B$34),1-EXP(-Presion_cilindro!$B$16*((Presion_cilindro!N8-(-B$4+Presion_cilindro!$B$34))/Presion_cilindro!$B$35)^(Presion_cilindro!$B$17+1)),0))/((Presion_cilindro!O8+Presion_cilindro!O9)/2) -> 0.72029311 | C17: =C16*(Presion_cilindro!O8/Presion_cilindro!O9)^Presion_cilindro!$B$9+10*(Presion_cilindro!$B$9-1)*Presion_cilindro!$B$33*(IF(Presion_cilindro!N9>(-C$4+Presion_cilindro!$B$34),1-EXP(-Presion_cilindro!$B$16*((Presion_cilindro!N9-(-C$4+Presion_cilindro!$B$34))/Presion_cilindro!$B$35)^(Presion_cilindro!$B$17+1)),0)-IF(Presion_cilindro!N8>(-C$4+Presion_cilindro!$B$34),1-EXP(-Presion_cilindro!$B$16*((Presion_cilindro!N8-(-C$4+Presion_cilindro!$B$34))/Presion_cilindro!$B$35)^(Presion_cilindro!$B$17+1)),0))/((Presion_cilindro!O8+Presion_cilindro!O9)/2) -> 0.72029311 | D17: =D16*(Presion_cilindro!O8/Presion_cilindro!O9)^Presion_cilindro!$B$9+10*(Presion_cilindro!$B$9-1)*Presion_cilindro!$B$33*(IF(Presion_cilindro!N9>(-D$4+Presion_cilindro!$B$34),1-EXP(-Presion_cilindro!$B$16*((Presion_cilindro!N9-(-D$4+Presion_cilindro!$B$34))/Presion_cilindro!$B$35)^(Presion_cilindro!$B$17+1)),0)-IF(Presion_cilindro!N8>(-D$4+Presion_cilindro!$B$34),1-EXP(-Presion_cilindro!$B$16*((Presion_cilindro!N8-(-D$4+Presion_cilindro!$B$34))/Presion_cilindro!$B$35)^(Presion_cilindro!$B$17+1)),0))/((Presion_cilindro!O8+Presion_cilindro!O9)/2) -> 0.72029311 | E17: =E16*(Presion_cilindro!O8/Presion_cilindro!O9)^Presion_cilindro!$B$9+10*(Presion_cilindro!$B$9-1)*Presion_cilindro!$B$33*(IF(Presion_cilindro!N9>(-E$4+Presion_cilindro!$B$34),1-EXP(-Presion_cilindro!$B$16*((Presion_cilindro!N9-(-E$4+Presion_cilindro!$B$34))/Presion_cilindro!$B$35)^(Presion_cilindro!$B$17+1)),0)-IF(Presion_cilindro!N8>(-E$4+Presion_cilindro!$B$34),1-EXP(-Presion_cilindro!$B$16*((Presion_cilindro!N8-(-E$4+Presion_cilindro!$B$34))/Presion_cilindro!$B$35)^(Presion_cilindro!$B$17+1)),0))/((Presion_cilindro!O8+Presion_cilindro!O9)/2) -> 0.72029311 | F17: =F16*(Presion_cilindro!O8/Presion_cilindro!O9)^Presion_cilindro!$B$9+10*(Presion_cilindro!$B$9-1)*Presion_cilindro!$B$33*(IF(Presion_cilindro!N9>(-F$4+Presion_cilindro!$B$34),1-EXP(-Presion_cilindro!$B$16*((Presion_cilindro!N9-(-F$4+Presion_cilindro!$B$34))/Presion_cilindro!$B$35)^(Presion_cilindro!$B$17+1)),0)-IF(Presion_cilindro!N8>(-F$4+Presion_cilindro!$B$34),1-EXP(-Presion_cilindro!$B$16*((Presion_cilindro!N8-(-F$4+Presion_cilindro!$B$34))/Presion_cilindro!$B$35)^(Presion_cilindro!$B$17+1)),0))/((Presion_cilindro!O8+Presion_cilindro!O9)/2) -> 0.72029311 | G17: =G16*(Presion_cilindro!O8/Presion_cilindro!O9)^Presion_cilindro!$B$9+10*(Presion_cilindro!$B$9-1)*Presion_cilindro!$B$33*(IF(Presion_cilindro!N9>(-G$4+Presion_cilindro!$B$34),1-EXP(-Presion_cilindro!$B$16*((Presion_cilindro!N9-(-G$4+Presion_cilindro!$B$34))/Presion_cilindro!$B$35)^(Presion_cilindro!$B$17+1)),0)-IF(Presion_cilindro!N8>(-G$4+Presion_cilindro!$B$34),1-EXP(-Presion_cilindro!$B$16*((Presion_cilindro!N8-(-G$4+Presion_cilindro!$B$34))/Presion_cilindro!$B$35)^(Presion_cilindro!$B$17+1)),0))/((Presion_cilindro!O8+Presion_cilindro!O9)/2) -> 0.72029311 | H17: =H16*(Presion_cilindro!O8/Presion_cilindro!O9)^Presion_cilindro!$B$9+10*(Presion_cilindro!$B$9-1)*Presion_cilindro!$B$33*(IF(Presion_cilindro!N9>(-H$4+Presion_cilindro!$B$34),1-EXP(-Presion_cilindro!$B$16*((Presion_cilindro!N9-(-H$4+Presion_cilindro!$B$34))/Presion_cilindro!$B$35)^(Presion_cilindro!$B$17+1)),0)-IF(Presion_cilindro!N8>(-H$4+Presion_cilindro!$B$34),1-EXP(-Presion_cilindro!$B$16*((Presion_cilindro!N8-(-H$4+Presion_cilindro!$B$34))/Presion_cilindro!$B$35)^(Presion_cilindro!$B$17+1)),0))/((Presion_cilindro!O8+Presion_cilindro!O9)/2) -> 0.72029311 | I17: =I16*(Presion_cilindro!O8/Presion_cilindro!O9)^Presion_cilindro!$B$9+10*(Presion_cilindro!$B$9-1)*Presion_cilindro!$B$33*(IF(Presion_cilindro!N9>(-I$4+Presion_cilindro!$B$34),1-EXP(-Presion_cilindro!$B$16*((Presion_cilindro!N9-(-I$4+Presion_cilindro!$B$34))/Presion_cilindro!$B$35)^(Presion_cilindro!$B$17+1)),0)-IF(Presion_cilindro!N8>(-I$4+Presion_cilindro!$B$34),1-EXP(-Presion_cilindro!$B$16*((Presion_cilindro!N8-(-I$4+Presion_cilindro!$B$34))/Presion_cilindro!$B$35)^(Presion_cilindro!$B$17+1)),0))/((Presion_cilindro!O8+Presion_cilindro!O9)/2) -> 0.72029311 | J17: =J16*(Presion_cilindro!O8/Presion_cilindro!O9)^Presion_cilindro!$B$9+10*(Presion_cilindro!$B$9-1)*Presion_cilindro!$B$33*(IF(Presion_cilindro!N9>(-J$4+Presion_cilindro!$B$34),1-EXP(-Presion_cilindro!$B$16*((Presion_cilindro!N9-(-J$4+Presion_cilindro!$B$34))/Presion_cilindro!$B$35)^(Presion_cilindro!$B$17+1)),0)-IF(Presion_cilindro!N8>(-J$4+Presion_cilindro!$B$34),1-EXP(-Presion_cilindro!$B$16*((Presion_cilindro!N8-(-J$4+Presion_cilindro!$B$34))/Presion_cilindro!$B$35)^(Presion_cilindro!$B$17+1)),0))/((Presion_cilindro!O8+Presion_cilindro!O9)/2) -> 0.72029311 | K17: =K16*(Presion_cilindro!O8/Presion_cilindro!O9)^Presion_cilindro!$B$9+10*(Presion_cilindro!$B$9-1)*Presion_cilindro!$B$33*(IF(Presion_cilindro!N9>(-K$4+Presion_cilindro!$B$34),1-EXP(-Presion_cilindro!$B$16*((Presion_cilindro!N9-(-K$4+Presion_cilindro!$B$34))/Presion_cilindro!$B$35)^(Presion_cilindro!$B$17+1)),0)-IF(Presion_cilindro!N8>(-K$4+Presion_cilindro!$B$34),1-EXP(-Presion_cilindro!$B$16*((Presion_cilindro!N8-(-K$4+Presion_cilindro!$B$34))/Presion_cilindro!$B$35)^(Presion_cilindro!$B$17+1)),0))/((Presion_cilindro!O8+Presion_cilindro!O9)/2) -> 0.72029311 | L17: =L16*(Presion_cilindro!O8/Presion_cilindro!O9)^Presion_cilindro!$B$9+10*(Presion_cilindro!$B$9-1)*Presion_cilindro!$B$33*(IF(Presion_cilindro!N9>(-L$4+Presion_cilindro!$B$34),1-EXP(-Presion_cilindro!$B$16*((Presion_cilindro!N9-(-L$4+Presion_cilindro!$B$34))/Presion_cilindro!$B$35)^(Presion_cilindro!$B$17+1)),0)-IF(Presion_cilindro!N8>(-L$4+Presion_cilindro!$B$34),1-EXP(-Presion_cilindro!$B$16*((Presion_cilindro!N8-(-L$4+Presion_cilindro!$B$34))/Presion_cilindro!$B$35)^(Presion_cilindro!$B$17+1)),0))/((Presion_cilindro!O8+Presion_cilindro!O9)/2) -> 0.72029311 | M17: =M16*(Presion_cilindro!O8/Presion_cilindro!O9)^Presion_cilindro!$B$9+10*(Presion_cilindro!$B$9-1)*Presion_cilindro!$B$33*(IF(Presion_cilindro!N9>(-M$4+Presion_cilindro!$B$34),1-EXP(-Presion_cilindro!$B$16*((Presion_cilindro!N9-(-M$4+Presion_cilindro!$B$34))/Presion_cilindro!$B$35)^(Presion_cilindro!$B$17+1)),0)-IF(Presion_cilindro!N8>(-M$4+Presion_cilindro!$B$34),1-EXP(-Presion_cilindro!$B$16*((Presion_cilindro!N8-(-M$4+Presion_cilindro!$B$34))/Presion_cilindro!$B$35)^(Presion_cilindro!$B$17+1)),0))/((Presion_cilindro!O8+Presion_cilindro!O9)/2) -> 0.72029311 | N17: =N16*(Presion_cilindro!O8/Presion_cilindro!O9)^Presion_cilindro!$B$9+10*(Presion_cilindro!$B$9-1)*Presion_cilindro!$B$33*(IF(Presion_cilindro!N9>(-N$4+Presion_cilindro!$B$34),1-EXP(-Presion_cilindro!$B$16*((Presion_cilindro!N9-(-N$4+Presion_cilindro!$B$34))/Presion_cilindro!$B$35)^(Presion_cilindro!$B$17+1)),0)-IF(Presion_cilindro!N8>(-N$4+Presion_cilindro!$B$34),1-EXP(-Presion_cilindro!$B$16*((Presion_cilindro!N8-(-N$4+Presion_cilindro!$B$34))/Presion_cilindro!$B$35)^(Presion_cilindro!$B$17+1)),0))/((Presion_cilindro!O8+Presion_cilindro!O9)/2) -> 0.72029311
A18: =Presion_cilindro!N10 -> -177 | B18: =B17*(Presion_cilindro!O9/Presion_cilindro!O10)^Presion_cilindro!$B$9+10*(Presion_cilindro!$B$9-1)*Presion_cilindro!$B$33*(IF(Presion_cilindro!N10>(-B$4+Presion_cilindro!$B$34),1-EXP(-Presion_cilindro!$B$16*((Presion_cilindro!N10-(-B$4+Presion_cilindro!$B$34))/Presion_cilindro!$B$35)^(Presion_cilindro!$B$17+1)),0)-IF(Presion_cilindro!N9>(-B$4+Presion_cilindro!$B$34),1-EXP(-Presion_cilindro!$B$16*((Presion_cilindro!N9-(-B$4+Presion_cilindro!$B$34))/Presion_cilindro!$B$35)^(Presion_cilindro!$B$17+1)),0))/((Presion_cilindro!O9+Presion_cilindro!O10)/2) -> 0.72042215 | C18: =C17*(Presion_cilindro!O9/Presion_cilindro!O10)^Presion_cilindro!$B$9+10*(Presion_cilindro!$B$9-1)*Presion_cilindro!$B$33*(IF(Presion_cilindro!N10>(-C$4+Presion_cilindro!$B$34),1-EXP(-Presion_cilindro!$B$16*((Presion_cilindro!N10-(-C$4+Presion_cilindro!$B$34))/Presion_cilindro!$B$35)^(Presion_cilindro!$B$17+1)),0)-IF(Presion_cilindro!N9>(-C$4+Presion_cilindro!$B$34),1-EXP(-Presion_cilindro!$B$16*((Presion_cilindro!N9-(-C$4+Presion_cilindro!$B$34))/Presion_cilindro!$B$35)^(Presion_cilindro!$B$17+1)),0))/((Presion_cilindro!O9+Presion_cilindro!O10)/2) -> 0.72042215 | D18: =D17*(Presion_cilindro!O9/Presion_cilindro!O10)^Presion_cilindro!$B$9+10*(Presion_cilindro!$B$9-1)*Presion_cilindro!$B$33*(IF(Presion_cilindro!N10>(-D$4+Presion_cilindro!$B$34),1-EXP(-Presion_cilindro!$B$16*((Presion_cilindro!N10-(-D$4+Presion_cilindro!$B$34))/Presion_cilindro!$B$35)^(Presion_cilindro!$B$17+1)),0)-IF(Presion_cilindro!N9>(-D$4+Presion_cilindro!$B$34),1-EXP(-Presion_cilindro!$B$16*((Presion_cilindro!N9-(-D$4+Presion_cilindro!$B$34))/Presion_cilindro!$B$35)^(Presion_cilindro!$B$17+1)),0))/((Presion_cilindro!O9+Presion_cilindro!O10)/2) -> 0.72042215 | E18: =E17*(Presion_cilindro!O9/Presion_cilindro!O10)^Presion_cilindro!$B$9+10*(Presion_cilindro!$B$9-1)*Presion_cilindro!$B$33*(IF(Presion_cilindro!N10>(-E$4+Presion_cilindro!$B$34),1-EXP(-Presion_cilindro!$B$16*((Presion_cilindro!N10-(-E$4+Presion_cilindro!$B$34))/Presion_cilindro!$B$35)^(Presion_cilindro!$B$17+1)),0)-IF(Presion_cilindro!N9>(-E$4+Presion_cilindro!$B$34),1-EXP(-Presion_cilindro!$B$16*((Presion_cilindro!N9-(-E$4+Presion_cilindro!$B$34))/Presion_cilindro!$B$35)^(Presion_cilindro!$B$17+1)),0))/((Presion_cilindro!O9+Presion_cilindro!O10)/2) -> 0.72042215 | F18: =F17*(Presion_cilindro!O9/Presion_cilindro!O10)^Presion_cilindro!$B$9+10*(Presion_cilindro!$B$9-1)*Presion_cilindro!$B$33*(IF(Presion_cilindro!N10>(-F$4+Presion_cilindro!$B$34),1-EXP(-Presion_cilindro!$B$16*((Presion_cilindro!N10-(-F$4+Presion_cilindro!$B$34))/Presion_cilindro!$B$35)^(Presion_cilindro!$B$17+1)),0)-IF(Presion_cilindro!N9>(-F$4+Presion_cilindro!$B$34),1-EXP(-Presion_cilindro!$B$16*((Presion_cilindro!N9-(-F$4+Presion_cilindro!$B$34))/Presion_cilindro!$B$35)^(Presion_cilindro!$B$17+1)),0))/((Presion_cilindro!O9+Presion_cilindro!O10)/2) -> 0.72042215 | G18: =G17*(Presion_cilindro!O9/Presion_cilindro!O10)^Presion_cilindro!$B$9+10*(Presion_cilindro!$B$9-1)*Presion_cilindro!$B$33*(IF(Presion_cilindro!N10>(-G$4+Presion_cilindro!$B$34),1-EXP(-Presion_cilindro!$B$16*((Presion_cilindro!N10-(-G$4+Presion_cilindro!$B$34))/Presion_cilindro!$B$35)^(Presion_cilindro!$B$17+1)),0)-IF(Presion_cilindro!N9>(-G$4+Presion_cilindro!$B$34),1-EXP(-Presion_cilindro!$B$16*((Presion_cilindro!N9-(-G$4+Presion_cilindro!$B$34))/Presion_cilindro!$B$35)^(Presion_cilindro!$B$17+1)),0))/((Presion_cilindro!O9+Presion_cilindro!O10)/2) -> 0.72042215 | H18: =H17*(Presion_cilindro!O9/Presion_cilindro!O10)^Presion_cilindro!$B$9+10*(Presion_cilindro!$B$9-1)*Presion_cilindro!$B$33*(IF(Presion_cilindro!N10>(-H$4+Presion_cilindro!$B$34),1-EXP(-Presion_cilindro!$B$16*((Presion_cilindro!N10-(-H$4+Presion_cilindro!$B$34))/Presion_cilindro!$B$35)^(Presion_cilindro!$B$17+1)),0)-IF(Presion_cilindro!N9>(-H$4+Presion_cilindro!$B$34),1-EXP(-Presion_cilindro!$B$16*((Presion_cilindro!N9-(-H$4+Presion_cilindro!$B$34))/Presion_cilindro!$B$35)^(Presion_cilindro!$B$17+1)),0))/((Presion_cilindro!O9+Presion_cilindro!O10)/2) -> 0.72042215 | I18: =I17*(Presion_cilindro!O9/Presion_cilindro!O10)^Presion_cilindro!$B$9+10*(Presion_cilindro!$B$9-1)*Presion_cilindro!$B$33*(IF(Presion_cilindro!N10>(-I$4+Presion_cilindro!$B$34),1-EXP(-Presion_cilindro!$B$16*((Presion_cilindro!N10-(-I$4+Presion_cilindro!$B$34))/Presion_cilindro!$B$35)^(Presion_cilindro!$B$17+1)),0)-IF(Presion_cilindro!N9>(-I$4+Presion_cilindro!$B$34),1-EXP(-Presion_cilindro!$B$16*((Presion_cilindro!N9-(-I$4+Presion_cilindro!$B$34))/Presion_cilindro!$B$35)^(Presion_cilindro!$B$17+1)),0))/((Presion_cilindro!O9+Presion_cilindro!O10)/2) -> 0.72042215 | J18: =J17*(Presion_cilindro!O9/Presion_cilindro!O10)^Presion_cilindro!$B$9+10*(Presion_cilindro!$B$9-1)*Presion_cilindro!$B$33*(IF(Presion_cilindro!N10>(-J$4+Presion_cilindro!$B$34),1-EXP(-Presion_cilindro!$B$16*((Presion_cilindro!N10-(-J$4+Presion_cilindro!$B$34))/Presion_cilindro!$B$35)^(Presion_cilindro!$B$17+1)),0)-IF(Presion_cilindro!N9>(-J$4+Presion_cilindro!$B$34),1-EXP(-Presion_cilindro!$B$16*((Presion_cilindro!N9-(-J$4+Presion_cilindro!$B$34))/Presion_cilindro!$B$35)^(Presion_cilindro!$B$17+1)),0))/((Presion_cilindro!O9+Presion_cilindro!O10)/2) -> 0.72042215 | K18: =K17*(Presion_cilindro!O9/Presion_cilindro!O10)^Presion_cilindro!$B$9+10*(Presion_cilindro!$B$9-1)*Presion_cilindro!$B$33*(IF(Presion_cilindro!N10>(-K$4+Presion_cilindro!$B$34),1-EXP(-Presion_cilindro!$B$16*((Presion_cilindro!N10-(-K$4+Presion_cilindro!$B$34))/Presion_cilindro!$B$35)^(Presion_cilindro!$B$17+1)),0)-IF(Presion_cilindro!N9>(-K$4+Presion_cilindro!$B$34),1-EXP(-Presion_cilindro!$B$16*((Presion_cilindro!N9-(-K$4+Presion_cilindro!$B$34))/Presion_cilindro!$B$35)^(Presion_cilindro!$B$17+1)),0))/((Presion_cilindro!O9+Presion_cilindro!O10)/2) -> 0.72042215 | L18: =L17*(Presion_cilindro!O9/Presion_cilindro!O10)^Presion_cilindro!$B$9+10*(Presion_cilindro!$B$9-1)*Presion_cilindro!$B$33*(IF(Presion_cilindro!N10>(-L$4+Presion_cilindro!$B$34),1-EXP(-Presion_cilindro!$B$16*((Presion_cilindro!N10-(-L$4+Presion_cilindro!$B$34))/Presion_cilindro!$B$35)^(Presion_cilindro!$B$17+1)),0)-IF(Presion_cilindro!N9>(-L$4+Presion_cilindro!$B$34),1-EXP(-Presion_cilindro!$B$16*((Presion_cilindro!N9-(-L$4+Presion_cilindro!$B$34))/Presion_cilindro!$B$35)^(Presion_cilindro!$B$17+1)),0))/((Presion_cilindro!O9+Presion_cilindro!O10)/2) -> 0.72042215 | M18: =M17*(Presion_cilindro!O9/Presion_cilindro!O10)^Presion_cilindro!$B$9+10*(Presion_cilindro!$B$9-1)*Presion_cilindro!$B$33*(IF(Presion_cilindro!N10>(-M$4+Presion_cilindro!$B$34),1-EXP(-Presion_cilindro!$B$16*((Presion_cilindro!N10-(-M$4+Presion_cilindro!$B$34))/Presion_cilindro!$B$35)^(Presion_cilindro!$B$17+1)),0)-IF(Presion_cilindro!N9>(-M$4+Presion_cilindro!$B$34),1-EXP(-Presion_cilindro!$B$16*((Presion_cilindro!N9-(-M$4+Presion_cilindro!$B$34))/Presion_cilindro!$B$35)^(Presion_cilindro!$B$17+1)),0))/((Presion_cilindro!O9+Presion_cilindro!O10)/2) -> 0.72042215 | N18: =N17*(Presion_cilindro!O9/Presion_cilindro!O10)^Presion_cilindro!$B$9+10*(Presion_cilindro!$B$9-1)*Presion_cilindro!$B$33*(IF(Presion_cilindro!N10>(-N$4+Presion_cilindro!$B$34),1-EXP(-Presion_cilindro!$B$16*((Presion_cilindro!N10-(-N$4+Presion_cilindro!$B$34))/Presion_cilindro!$B$35)^(Presion_cilindro!$B$17+1)),0)-IF(Presion_cilindro!N9>(-N$4+Presion_cilindro!$B$34),1-EXP(-Presion_cilindro!$B$16*((Presion_cilindro!N9-(-N$4+Presion_cilindro!$B$34))/Presion_cilindro!$B$35)^(Presion_cilindro!$B$17+1)),0))/((Presion_cilindro!O9+Presion_cilindro!O10)/2) -> 0.72042215
A19: =Presion_cilindro!N11 -> -176.5 | B19: =B18*(Presion_cilindro!O10/Presion_cilindro!O11)^Presion_cilindro!$B$9+10*(Presion_cilindro!$B$9-1)*Presion_cilindro!$B$33*(IF(Presion_cilindro!N11>(-B$4+Presion_cilindro!$B$34),1-EXP(-Presion_cilindro!$B$16*((Presion_cilindro!N11-(-B$4+Presion_cilindro!$B$34))/Presion_cilindro!$B$35)^(Presion_cilindro!$B$17+1)),0)-IF(Presion_cilindro!N10>(-B$4+Presion_cilindro!$B$34),1-EXP(-Presion_cilindro!$B$16*((Presion_cilindro!N10-(-B$4+Presion_cilindro!$B$34))/Presion_cilindro!$B$35)^(Presion_cilindro!$B$17+1)),0))/((Presion_cilindro!O10+Presion_cilindro!O11)/2) -> 0.72057471 | C19: =C18*(Presion_cilindro!O10/Presion_cilindro!O11)^Presion_cilindro!$B$9+10*(Presion_cilindro!$B$9-1)*Presion_cilindro!$B$33*(IF(Presion_cilindro!N11>(-C$4+Presion_cilindro!$B$34),1-EXP(-Presion_cilindro!$B$16*((Presion_cilindro!N11-(-C$4+Presion_cilindro!$B$34))/Presion_cilindro!$B$35)^(Presion_cilindro!$B$17+1)),0)-IF(Presion_cilindro!N10>(-C$4+Presion_cilindro!$B$34),1-EXP(-Presion_cilindro!$B$16*((Presion_cilindro!N10-(-C$4+Presion_cilindro!$B$34))/Presion_cilindro!$B$35)^(Presion_cilindro!$B$17+1)),0))/((Presion_cilindro!O10+Presion_cilindro!O11)/2) -> 0.72057471 | D19: =D18*(Presion_cilindro!O10/Presion_cilindro!O11)^Presion_cilindro!$B$9+10*(Presion_cilindro!$B$9-1)*Presion_cilindro!$B$33*(IF(Presion_cilindro!N11>(-D$4+Presion_cilindro!$B$34),1-EXP(-Presion_cilindro!$B$16*((Presion_cilindro!N11-(-D$4+Presion_cilindro!$B$34))/Presion_cilindro!$B$35)^(Presion_cilindro!$B$17+1)),0)-IF(Presion_cilindro!N10>(-D$4+Presion_cilindro!$B$34),1-EXP(-Presion_cilindro!$B$16*((Presion_cilindro!N10-(-D$4+Presion_cilindro!$B$34))/Presion_cilindro!$B$35)^(Presion_cilindro!$B$17+1)),0))/((Presion_cilindro!O10+Presion_cilindro!O11)/2) -> 0.72057471 | E19: =E18*(Presion_cilindro!O10/Presion_cilindro!O11)^Presion_cilindro!$B$9+10*(Presion_cilindro!$B$9-1)*Presion_cilindro!$B$33*(IF(Presion_cilindro!N11>(-E$4+Presion_cilindro!$B$34),1-EXP(-Presion_cilindro!$B$16*((Presion_cilindro!N11-(-E$4+Presion_cilindro!$B$34))/Presion_cilindro!$B$35)^(Presion_cilindro!$B$17+1)),0)-IF(Presion_cilindro!N10>(-E$4+Presion_cilindro!$B$34),1-EXP(-Presion_cilindro!$B$16*((Presion_cilindro!N10-(-E$4+Presion_cilindro!$B$34))/Presion_cilindro!$B$35)^(Presion_cilindro!$B$17+1)),0))/((Presion_cilindro!O10+Presion_cilindro!O11)/2) -> 0.72057471 | F19: =F18*(Presion_cilindro!O10/Presion_cilindro!O11)^Presion_cilindro!$B$9+10*(Presion_cilindro!$B$9-1)*Presion_cilindro!$B$33*(IF(Presion_cilindro!N11>(-F$4+Presion_cilindro!$B$34),1-EXP(-Presion_cilindro!$B$16*((Presion_cilindro!N11-(-F$4+Presion_cilindro!$B$34))/Presion_cilindro!$B$35)^(Presion_cilindro!$B$17+1)),0)-IF(Presion_cilindro!N10>(-F$4+Presion_cilindro!$B$34),1-EXP(-Presion_cilindro!$B$16*((Presion_cilindro!N10-(-F$4+Presion_cilindro!$B$34))/Presion_cilindro!$B$35)^(Presion_cilindro!$B$17+1)),0))/((Presion_cilindro!O10+Presion_cilindro!O11)/2) -> 0.72057471 | G19: =G18*(Presion_cilindro!O10/Presion_cilindro!O11)^Presion_cilindro!$B$9+10*(Presion_cilindro!$B$9-1)*Presion_cilindro!$B$33*(IF(Presion_cilindro!N11>(-G$4+Presion_cilindro!$B$34),1-EXP(-Presion_cilindro!$B$16*((Presion_cilindro!N11-(-G$4+Presion_cilindro!$B$34))/Presion_cilindro!$B$35)^(Presion_cilindro!$B$17+1)),0)-IF(Presion_cilindro!N10>(-G$4+Presion_cilindro!$B$34),1-EXP(-Presion_cilindro!$B$16*((Presion_cilindro!N10-(-G$4+Presion_cilindro!$B$34))/Presion_cilindro!$B$35)^(Presion_cilindro!$B$17+1)),0))/((Presion_cilindro!O10+Presion_cilindro!O11)/2) -> 0.72057471 | H19: =H18*(Presion_cilindro!O10/Presion_cilindro!O11)^Presion_cilindro!$B$9+10*(Presion_cilindro!$B$9-1)*Presion_cilindro!$B$33*(IF(Presion_cilindro!N11>(-H$4+Presion_cilindro!$B$34),1-EXP(-Presion_cilindro!$B$16*((Presion_cilindro!N11-(-H$4+Presion_cilindro!$B$34))/Presion_cilindro!$B$35)^(Presion_cilindro!$B$17+1)),0)-IF(Presion_cilindro!N10>(-H$4+Presion_cilindro!$B$34),1-EXP(-Presion_cilindro!$B$16*((Presion_cilindro!N10-(-H$4+Presion_cilindro!$B$34))/Presion_cilindro!$B$35)^(Presion_cilindro!$B$17+1)),0))/((Presion_cilindro!O10+Presion_cilindro!O11)/2) -> 0.72057471 | I19: =I18*(Presion_cilindro!O10/Presion_cilindro!O11)^Presion_cilindro!$B$9+10*(Presion_cilindro!$B$9-1)*Presion_cilindro!$B$33*(IF(Presion_cilindro!N11>(-I$4+Presion_cilindro!$B$34),1-EXP(-Presion_cilindro!$B$16*((Presion_cilindro!N11-(-I$4+Presion_cilindro!$B$34))/Presion_cilindro!$B$35)^(Presion_cilindro!$B$17+1)),0)-IF(Presion_cilindro!N10>(-I$4+Presion_cilindro!$B$34),1-EXP(-Presion_cilindro!$B$16*((Presion_cilindro!N10-(-I$4+Presion_cilindro!$B$34))/Presion_cilindro!$B$35)^(Presion_cilindro!$B$17+1)),0))/((Presion_cilindro!O10+Presion_cilindro!O11)/2) -> 0.72057471 | J19: =J18*(Presion_cilindro!O10/Presion_cilindro!O11)^Presion_cilindro!$B$9+10*(Presion_cilindro!$B$9-1)*Presion_cilindro!$B$33*(IF(Presion_cilindro!N11>(-J$4+Presion_cilindro!$B$34),1-EXP(-Presion_cilindro!$B$16*((Presion_cilindro!N11-(-J$4+Presion_cilindro!$B$34))/Presion_cilindro!$B$35)^(Presion_cilindro!$B$17+1)),0)-IF(Presion_cilindro!N10>(-J$4+Presion_cilindro!$B$34),1-EXP(-Presion_cilindro!$B$16*((Presion_cilindro!N10-(-J$4+Presion_cilindro!$B$34))/Presion_cilindro!$B$35)^(Presion_cilindro!$B$17+1)),0))/((Presion_cilindro!O10+Presion_cilindro!O11)/2) -> 0.72057471 | K19: =K18*(Presion_cilindro!O10/Presion_cilindro!O11)^Presion_cilindro!$B$9+10*(Presion_cilindro!$B$9-1)*Presion_cilindro!$B$33*(IF(Presion_cilindro!N11>(-K$4+Presion_cilindro!$B$34),1-EXP(-Presion_cilindro!$B$16*((Presion_cilindro!N11-(-K$4+Presion_cilindro!$B$34))/Presion_cilindro!$B$35)^(Presion_cilindro!$B$17+1)),0)-IF(Presion_cilindro!N10>(-K$4+Presion_cilindro!$B$34),1-EXP(-Presion_cilindro!$B$16*((Presion_cilindro!N10-(-K$4+Presion_cilindro!$B$34))/Presion_cilindro!$B$35)^(Presion_cilindro!$B$17+1)),0))/((Presion_cilindro!O10+Presion_cilindro!O11)/2) -> 0.72057471 | L19: =L18*(Presion_cilindro!O10/Presion_cilindro!O11)^Presion_cilindro!$B$9+10*(Presion_cilindro!$B$9-1)*Presion_cilindro!$B$33*(IF(Presion_cilindro!N11>(-L$4+Presion_cilindro!$B$34),1-EXP(-Presion_cilindro!$B$16*((Presion_cilindro!N11-(-L$4+Presion_cilindro!$B$34))/Presion_cilindro!$B$35)^(Presion_cilindro!$B$17+1)),0)-IF(Presion_cilindro!N10>(-L$4+Presion_cilindro!$B$34),1-EXP(-Presion_cilindro!$B$16*((Presion_cilindro!N10-(-L$4+Presion_cilindro!$B$34))/Presion_cilindro!$B$35)^(Presion_cilindro!$B$17+1)),0))/((Presion_cilindro!O10+Presion_cilindro!O11)/2) -> 0.72057471 | M19: =M18*(Presion_cilindro!O10/Presion_cilindro!O11)^Presion_cilindro!$B$9+10*(Presion_cilindro!$B$9-1)*Presion_cilindro!$B$33*(IF(Presion_cilindro!N11>(-M$4+Presion_cilindro!$B$34),1-EXP(-Presion_cilindro!$B$16*((Presion_cilindro!N11-(-M$4+Presion_cilindro!$B$34))/Presion_cilindro!$B$35)^(Presion_cilindro!$B$17+1)),0)-IF(Presion_cilindro!N10>(-M$4+Presion_cilindro!$B$34),1-EXP(-Presion_cilindro!$B$16*((Presion_cilindro!N10-(-M$4+Presion_cilindro!$B$34))/Presion_cilindro!$B$35)^(Presion_cilindro!$B$17+1)),0))/((Presion_cilindro!O10+Presion_cilindro!O11)/2) -> 0.72057471 | N19: =N18*(Presion_cilindro!O10/Presion_cilindro!O11)^Presion_cilindro!$B$9+10*(Presion_cilindro!$B$9-1)*Presion_cilindro!$B$33*(IF(Presion_cilindro!N11>(-N$4+Presion_cilindro!$B$34),1-EXP(-Presion_cilindro!$B$16*((Presion_cilindro!N11-(-N$4+Presion_cilindro!$B$34))/Presion_cilindro!$B$35)^(Presion_cilindro!$B$17+1)),0)-IF(Presion_cilindro!N10>(-N$4+Presion_cilindro!$B$34),1-EXP(-Presion_cilindro!$B$16*((Presion_cilindro!N10-(-N$4+Presion_cilindro!$B$34))/Presion_cilindro!$B$35)^(Presion_cilindro!$B$17+1)),0))/((Presion_cilindro!O10+Presion_cilindro!O11)/2) -> 0.72057471
A20: =Presion_cilindro!N12 -> -176 | B20: =B19*(Presion_cilindro!O11/Presion_cilindro!O12)^Presion_cilindro!$B$9+10*(Presion_cilindro!$B$9-1)*Presion_cilindro!$B$33*(IF(Presion_cilindro!N12>(-B$4+Presion_cilindro!$B$34),1-EXP(-Presion_cilindro!$B$16*((Presion_cilindro!N12-(-B$4+Presion_cilindro!$B$34))/Presion_cilindro!$B$35)^(Presion_cilindro!$B$17+1)),0)-IF(Presion_cilindro!N11>(-B$4+Presion_cilindro!$B$34),1-EXP(-Presion_cilindro!$B$16*((Presion_cilindro!N11-(-B$4+Presion_cilindro!$B$34))/Presion_cilindro!$B$35)^(Presion_cilindro!$B$17+1)),0))/((Presion_cilindro!O11+Presion_cilindro!O12)/2) -> 0.72075081 | C20: =C19*(Presion_cilindro!O11/Presion_cilindro!O12)^Presion_cilindro!$B$9+10*(Presion_cilindro!$B$9-1)*Presion_cilindro!$B$33*(IF(Presion_cilindro!N12>(-C$4+Presion_cilindro!$B$34),1-EXP(-Presion_cilindro!$B$16*((Presion_cilindro!N12-(-C$4+Presion_cilindro!$B$34))/Presion_cilindro!$B$35)^(Presion_cilindro!$B$17+1)),0)-IF(Presion_cilindro!N11>(-C$4+Presion_cilindro!$B$34),1-EXP(-Presion_cilindro!$B$16*((Presion_cilindro!N11-(-C$4+Presion_cilindro!$B$34))/Presion_cilindro!$B$35)^(Presion_cilindro!$B$17+1)),0))/((Presion_cilindro!O11+Presion_cilindro!O12)/2) -> 0.72075081 | D20: =D19*(Presion_cilindro!O11/Presion_cilindro!O12)^Presion_cilindro!$B$9+10*(Presion_cilindro!$B$9-1)*Presion_cilindro!$B$33*(IF(Presion_cilindro!N12>(-D$4+Presion_cilindro!$B$34),1-EXP(-Presion_cilindro!$B$16*((Presion_cilindro!N12-(-D$4+Presion_cilindro!$B$34))/Presion_cilindro!$B$35)^(Presion_cilindro!$B$17+1)),0)-IF(Presion_cilindro!N11>(-D$4+Presion_cilindro!$B$34),1-EXP(-Presion_cilindro!$B$16*((Presion_cilindro!N11-(-D$4+Presion_cilindro!$B$34))/Presion_cilindro!$B$35)^(Presion_cilindro!$B$17+1)),0))/((Presion_cilindro!O11+Presion_cilindro!O12)/2) -> 0.72075081 | E20: =E19*(Presion_cilindro!O11/Presion_cilindro!O12)^Presion_cilindro!$B$9+10*(Presion_cilindro!$B$9-1)*Presion_cilindro!$B$33*(IF(Presion_cilindro!N12>(-E$4+Presion_cilindro!$B$34),1-EXP(-Presion_cilindro!$B$16*((Presion_cilindro!N12-(-E$4+Presion_cilindro!$B$34))/Presion_cilindro!$B$35)^(Presion_cilindro!$B$17+1)),0)-IF(Presion_cilindro!N11>(-E$4+Presion_cilindro!$B$34),1-EXP(-Presion_cilindro!$B$16*((Presion_cilindro!N11-(-E$4+Presion_cilindro!$B$34))/Presion_cilindro!$B$35)^(Presion_cilindro!$B$17+1)),0))/((Presion_cilindro!O11+Presion_cilindro!O12)/2) -> 0.72075081 | F20: =F19*(Presion_cilindro!O11/Presion_cilindro!O12)^Presion_cilindro!$B$9+10*(Presion_cilindro!$B$9-1)*Presion_cilindro!$B$33*(IF(Presion_cilindro!N12>(-F$4+Presion_cilindro!$B$34),1-EXP(-Presion_cilindro!$B$16*((Presion_cilindro!N12-(-F$4+Presion_cilindro!$B$34))/Presion_cilindro!$B$35)^(Presion_cilindro!$B$17+1)),0)-IF(Presion_cilindro!N11>(-F$4+Presion_cilindro!$B$34),1-EXP(-Presion_cilindro!$B$16*((Presion_cilindro!N11-(-F$4+Presion_cilindro!$B$34))/Presion_cilindro!$B$35)^(Presion_cilindro!$B$17+1)),0))/((Presion_cilindro!O11+Presion_cilindro!O12)/2) -> 0.72075081 | G20: =G19*(Presion_cilindro!O11/Presion_cilindro!O12)^Presion_cilindro!$B$9+10*(Presion_cilindro!$B$9-1)*Presion_cilindro!$B$33*(IF(Presion_cilindro!N12>(-G$4+Presion_cilindro!$B$34),1-EXP(-Presion_cilindro!$B$16*((Presion_cilindro!N12-(-G$4+Presion_cilindro!$B$34))/Presion_cilindro!$B$35)^(Presion_cilindro!$B$17+1)),0)-IF(Presion_cilindro!N11>(-G$4+Presion_cilindro!$B$34),1-EXP(-Presion_cilindro!$B$16*((Presion_cilindro!N11-(-G$4+Presion_cilindro!$B$34))/Presion_cilindro!$B$35)^(Presion_cilindro!$B$17+1)),0))/((Presion_cilindro!O11+Presion_cilindro!O12)/2) -> 0.72075081 | H20: =H19*(Presion_cilindro!O11/Presion_cilindro!O12)^Presion_cilindro!$B$9+10*(Presion_cilindro!$B$9-1)*Presion_cilindro!$B$33*(IF(Presion_cilindro!N12>(-H$4+Presion_cilindro!$B$34),1-EXP(-Presion_cilindro!$B$16*((Presion_cilindro!N12-(-H$4+Presion_cilindro!$B$34))/Presion_cilindro!$B$35)^(Presion_cilindro!$B$17+1)),0)-IF(Presion_cilindro!N11>(-H$4+Presion_cilindro!$B$34),1-EXP(-Presion_cilindro!$B$16*((Presion_cilindro!N11-(-H$4+Presion_cilindro!$B$34))/Presion_cilindro!$B$35)^(Presion_cilindro!$B$17+1)),0))/((Presion_cilindro!O11+Presion_cilindro!O12)/2) -> 0.72075081 | I20: =I19*(Presion_cilindro!O11/Presion_cilindro!O12)^Presion_cilindro!$B$9+10*(Presion_cilindro!$B$9-1)*Presion_cilindro!$B$33*(IF(Presion_cilindro!N12>(-I$4+Presion_cilindro!$B$34),1-EXP(-Presion_cilindro!$B$16*((Presion_cilindro!N12-(-I$4+Presion_cilindro!$B$34))/Presion_cilindro!$B$35)^(Presion_cilindro!$B$17+1)),0)-IF(Presion_cilindro!N11>(-I$4+Presion_cilindro!$B$34),1-EXP(-Presion_cilindro!$B$16*((Presion_cilindro!N11-(-I$4+Presion_cilindro!$B$34))/Presion_cilindro!$B$35)^(Presion_cilindro!$B$17+1)),0))/((Presion_cilindro!O11+Presion_cilindro!O12)/2) -> 0.72075081 | J20: =J19*(Presion_cilindro!O11/Presion_cilindro!O12)^Presion_cilindro!$B$9+10*(Presion_cilindro!$B$9-1)*Presion_cilindro!$B$33*(IF(Presion_cilindro!N12>(-J$4+Presion_cilindro!$B$34),1-EXP(-Presion_cilindro!$B$16*((Presion_cilindro!N12-(-J$4+Presion_cilindro!$B$34))/Presion_cilindro!$B$35)^(Presion_cilindro!$B$17+1)),0)-IF(Presion_cilindro!N11>(-J$4+Presion_cilindro!$B$34),1-EXP(-Presion_cilindro!$B$16*((Presion_cilindro!N11-(-J$4+Presion_cilindro!$B$34))/Presion_cilindro!$B$35)^(Presion_cilindro!$B$17+1)),0))/((Presion_cilindro!O11+Presion_cilindro!O12)/2) -> 0.72075081 | K20: =K19*(Presion_cilindro!O11/Presion_cilindro!O12)^Presion_cilindro!$B$9+10*(Presion_cilindro!$B$9-1)*Presion_cilindro!$B$33*(IF(Presion_cilindro!N12>(-K$4+Presion_cilindro!$B$34),1-EXP(-Presion_cilindro!$B$16*((Presion_cilindro!N12-(-K$4+Presion_cilindro!$B$34))/Presion_cilindro!$B$35)^(Presion_cilindro!$B$17+1)),0)-IF(Presion_cilindro!N11>(-K$4+Presion_cilindro!$B$34),1-EXP(-Presion_cilindro!$B$16*((Presion_cilindro!N11-(-K$4+Presion_cilindro!$B$34))/Presion_cilindro!$B$35)^(Presion_cilindro!$B$17+1)),0))/((Presion_cilindro!O11+Presion_cilindro!O12)/2) -> 0.72075081 | L20: =L19*(Presion_cilindro!O11/Presion_cilindro!O12)^Presion_cilindro!$B$9+10*(Presion_cilindro!$B$9-1)*Presion_cilindro!$B$33*(IF(Presion_cilindro!N12>(-L$4+Presion_cilindro!$B$34),1-EXP(-Presion_cilindro!$B$16*((Presion_cilindro!N12-(-L$4+Presion_cilindro!$B$34))/Presion_cilindro!$B$35)^(Presion_cilindro!$B$17+1)),0)-IF(Presion_cilindro!N11>(-L$4+Presion_cilindro!$B$34),1-EXP(-Presion_cilindro!$B$16*((Presion_cilindro!N11-(-L$4+Presion_cilindro!$B$34))/Presion_cilindro!$B$35)^(Presion_cilindro!$B$17+1)),0))/((Presion_cilindro!O11+Presion_cilindro!O12)/2) -> 0.72075081 | M20: =M19*(Presion_cilindro!O11/Presion_cilindro!O12)^Presion_cilindro!$B$9+10*(Presion_cilindro!$B$9-1)*Presion_cilindro!$B$33*(IF(Presion_cilindro!N12>(-M$4+Presion_cilindro!$B$34),1-EXP(-Presion_cilindro!$B$16*((Presion_cilindro!N12-(-M$4+Presion_cilindro!$B$34))/Presion_cilindro!$B$35)^(Presion_cilindro!$B$17+1)),0)-IF(Presion_cilindro!N11>(-M$4+Presion_cilindro!$B$34),1-EXP(-Presion_cilindro!$B$16*((Presion_cilindro!N11-(-M$4+Presion_cilindro!$B$34))/Presion_cilindro!$B$35)^(Presion_cilindro!$B$17+1)),0))/((Presion_cilindro!O11+Presion_cilindro!O12)/2) -> 0.72075081 | N20: =N19*(Presion_cilindro!O11/Presion_cilindro!O12)^Presion_cilindro!$B$9+10*(Presion_cilindro!$B$9-1)*Presion_cilindro!$B$33*(IF(Presion_cilindro!N12>(-N$4+Presion_cilindro!$B$34),1-EXP(-Presion_cilindro!$B$16*((Presion_cilindro!N12-(-N$4+Presion_cilindro!$B$34))/Presion_cilindro!$B$35)^(Presion_cilindro!$B$17+1)),0)-IF(Presion_cilindro!N11>(-N$4+Presion_cilindro!$B$34),1-EXP(-Presion_cilindro!$B$16*((Presion_cilindro!N11-(-N$4+Presion_cilindro!$B$34))/Presion_cilindro!$B$35)^(Presion_cilindro!$B$17+1)),0))/((Presion_cilindro!O11+Presion_cilindro!O12)/2) -> 0.72075081
A21: =Presion_cilindro!N13 -> -175.5 | B21: =B20*(Presion_cilindro!O12/Presion_cilindro!O13)^Presion_cilindro!$B$9+10*(Presion_cilindro!$B$9-1)*Presion_cilindro!$B$33*(IF(Presion_cilindro!N13>(-B$4+Presion_cilindro!$B$34),1-EXP(-Presion_cilindro!$B$16*((Presion_cilindro!N13-(-B$4+Presion_cilindro!$B$34))/Presion_cilindro!$B$35)^(Presion_cilindro!$B$17+1)),0)-IF(Presion_cilindro!N12>(-B$4+Presion_cilindro!$B$34),1-EXP(-Presion_cilindro!$B$16*((Presion_cilindro!N12-(-B$4+Presion_cilindro!$B$34))/Presion_cilindro!$B$35)^(Presion_cilindro!$B$17+1)),0))/((Presion_cilindro!O12+Presion_cilindro!O13)/2) -> 0.72095048 | C21: =C20*(Presion_cilindro!O12/Presion_cilindro!O13)^Presion_cilindro!$B$9+10*(Presion_cilindro!$B$9-1)*Presion_cilindro!$B$33*(IF(Presion_cilindro!N13>(-C$4+Presion_cilindro!$B$34),1-EXP(-Presion_cilindro!$B$16*((Presion_cilindro!N13-(-C$4+Presion_cilindro!$B$34))/Presion_cilindro!$B$35)^(Presion_cilindro!$B$17+1)),0)-IF(Presion_cilindro!N12>(-C$4+Presion_cilindro!$B$34),1-EXP(-Presion_cilindro!$B$16*((Presion_cilindro!N12-(-C$4+Presion_cilindro!$B$34))/Presion_cilindro!$B$35)^(Presion_cilindro!$B$17+1)),0))/((Presion_cilindro!O12+Presion_cilindro!O13)/2) -> 0.72095048 | D21: =D20*(Presion_cilindro!O12/Presion_cilindro!O13)^Presion_cilindro!$B$9+10*(Presion_cilindro!$B$9-1)*Presion_cilindro!$B$33*(IF(Presion_cilindro!N13>(-D$4+Presion_cilindro!$B$34),1-EXP(-Presion_cilindro!$B$16*((Presion_cilindro!N13-(-D$4+Presion_cilindro!$B$34))/Presion_cilindro!$B$35)^(Presion_cilindro!$B$17+1)),0)-IF(Presion_cilindro!N12>(-D$4+Presion_cilindro!$B$34),1-EXP(-Presion_cilindro!$B$16*((Presion_cilindro!N12-(-D$4+Presion_cilindro!$B$34))/Presion_cilindro!$B$35)^(Presion_cilindro!$B$17+1)),0))/((Presion_cilindro!O12+Presion_cilindro!O13)/2) -> 0.72095048 | E21: =E20*(Presion_cilindro!O12/Presion_cilindro!O13)^Presion_cilindro!$B$9+10*(Presion_cilindro!$B$9-1)*Presion_cilindro!$B$33*(IF(Presion_cilindro!N13>(-E$4+Presion_cilindro!$B$34),1-EXP(-Presion_cilindro!$B$16*((Presion_cilindro!N13-(-E$4+Presion_cilindro!$B$34))/Presion_cilindro!$B$35)^(Presion_cilindro!$B$17+1)),0)-IF(Presion_cilindro!N12>(-E$4+Presion_cilindro!$B$34),1-EXP(-Presion_cilindro!$B$16*((Presion_cilindro!N12-(-E$4+Presion_cilindro!$B$34))/Presion_cilindro!$B$35)^(Presion_cilindro!$B$17+1)),0))/((Presion_cilindro!O12+Presion_cilindro!O13)/2) -> 0.72095048 | F21: =F20*(Presion_cilindro!O12/Presion_cilindro!O13)^Presion_cilindro!$B$9+10*(Presion_cilindro!$B$9-1)*Presion_cilindro!$B$33*(IF(Presion_cilindro!N13>(-F$4+Presion_cilindro!$B$34),1-EXP(-Presion_cilindro!$B$16*((Presion_cilindro!N13-(-F$4+Presion_cilindro!$B$34))/Presion_cilindro!$B$35)^(Presion_cilindro!$B$17+1)),0)-IF(Presion_cilindro!N12>(-F$4+Presion_cilindro!$B$34),1-EXP(-Presion_cilindro!$B$16*((Presion_cilindro!N12-(-F$4+Presion_cilindro!$B$34))/Presion_cilindro!$B$35)^(Presion_cilindro!$B$17+1)),0))/((Presion_cilindro!O12+Presion_cilindro!O13)/2) -> 0.72095048 | G21: =G20*(Presion_cilindro!O12/Presion_cilindro!O13)^Presion_cilindro!$B$9+10*(Presion_cilindro!$B$9-1)*Presion_cilindro!$B$33*(IF(Presion_cilindro!N13>(-G$4+Presion_cilindro!$B$34),1-EXP(-Presion_cilindro!$B$16*((Presion_cilindro!N13-(-G$4+Presion_cilindro!$B$34))/Presion_cilindro!$B$35)^(Presion_cilindro!$B$17+1)),0)-IF(Presion_cilindro!N12>(-G$4+Presion_cilindro!$B$34),1-EXP(-Presion_cilindro!$B$16*((Presion_cilindro!N12-(-G$4+Presion_cilindro!$B$34))/Presion_cilindro!$B$35)^(Presion_cilindro!$B$17+1)),0))/((Presion_cilindro!O12+Presion_cilindro!O13)/2) -> 0.72095048 | H21: =H20*(Presion_cilindro!O12/Presion_cilindro!O13)^Presion_cilindro!$B$9+10*(Presion_cilindro!$B$9-1)*Presion_cilindro!$B$33*(IF(Presion_cilindro!N13>(-H$4+Presion_cilindro!$B$34),1-EXP(-Presion_cilindro!$B$16*((Presion_cilindro!N13-(-H$4+Presion_cilindro!$B$34))/Presion_cilindro!$B$35)^(Presion_cilindro!$B$17+1)),0)-IF(Presion_cilindro!N12>(-H$4+Presion_cilindro!$B$34),1-EXP(-Presion_cilindro!$B$16*((Presion_cilindro!N12-(-H$4+Presion_cilindro!$B$34))/Presion_cilindro!$B$35)^(Presion_cilindro!$B$17+1)),0))/((Presion_cilindro!O12+Presion_cilindro!O13)/2) -> 0.72095048 | I21: =I20*(Presion_cilindro!O12/Presion_cilindro!O13)^Presion_cilindro!$B$9+10*(Presion_cilindro!$B$9-1)*Presion_cilindro!$B$33*(IF(Presion_cilindro!N13>(-I$4+Presion_cilindro!$B$34),1-EXP(-Presion_cilindro!$B$16*((Presion_cilindro!N13-(-I$4+Presion_cilindro!$B$34))/Presion_cilindro!$B$35)^(Presion_cilindro!$B$17+1)),0)-IF(Presion_cilindro!N12>(-I$4+Presion_cilindro!$B$34),1-EXP(-Presion_cilindro!$B$16*((Presion_cilindro!N12-(-I$4+Presion_cilindro!$B$34))/Presion_cilindro!$B$35)^(Presion_cilindro!$B$17+1)),0))/((Presion_cilindro!O12+Presion_cilindro!O13)/2) -> 0.72095048 | J21: =J20*(Presion_cilindro!O12/Presion_cilindro!O13)^Presion_cilindro!$B$9+10*(Presion_cilindro!$B$9-1)*Presion_cilindro!$B$33*(IF(Presion_cilindro!N13>(-J$4+Presion_cilindro!$B$34),1-EXP(-Presion_cilindro!$B$16*((Presion_cilindro!N13-(-J$4+Presion_cilindro!$B$34))/Presion_cilindro!$B$35)^(Presion_cilindro!$B$17+1)),0)-IF(Presion_cilindro!N12>(-J$4+Presion_cilindro!$B$34),1-EXP(-Presion_cilindro!$B$16*((Presion_cilindro!N12-(-J$4+Presion_cilindro!$B$34))/Presion_cilindro!$B$35)^(Presion_cilindro!$B$17+1)),0))/((Presion_cilindro!O12+Presion_cilindro!O13)/2) -> 0.72095048 | K21: =K20*(Presion_cilindro!O12/Presion_cilindro!O13)^Presion_cilindro!$B$9+10*(Presion_cilindro!$B$9-1)*Presion_cilindro!$B$33*(IF(Presion_cilindro!N13>(-K$4+Presion_cilindro!$B$34),1-EXP(-Presion_cilindro!$B$16*((Presion_cilindro!N13-(-K$4+Presion_cilindro!$B$34))/Presion_cilindro!$B$35)^(Presion_cilindro!$B$17+1)),0)-IF(Presion_cilindro!N12>(-K$4+Presion_cilindro!$B$34),1-EXP(-Presion_cilindro!$B$16*((Presion_cilindro!N12-(-K$4+Presion_cilindro!$B$34))/Presion_cilindro!$B$35)^(Presion_cilindro!$B$17+1)),0))/((Presion_cilindro!O12+Presion_cilindro!O13)/2) -> 0.72095048 | L21: =L20*(Presion_cilindro!O12/Presion_cilindro!O13)^Presion_cilindro!$B$9+10*(Presion_cilindro!$B$9-1)*Presion_cilindro!$B$33*(IF(Presion_cilindro!N13>(-L$4+Presion_cilindro!$B$34),1-EXP(-Presion_cilindro!$B$16*((Presion_cilindro!N13-(-L$4+Presion_cilindro!$B$34))/Presion_cilindro!$B$35)^(Presion_cilindro!$B$17+1)),0)-IF(Presion_cilindro!N12>(-L$4+Presion_cilindro!$B$34),1-EXP(-Presion_cilindro!$B$16*((Presion_cilindro!N12-(-L$4+Presion_cilindro!$B$34))/Presion_cilindro!$B$35)^(Presion_cilindro!$B$17+1)),0))/((Presion_cilindro!O12+Presion_cilindro!O13)/2) -> 0.72095048 | M21: =M20*(Presion_cilindro!O12/Presion_cilindro!O13)^Presion_cilindro!$B$9+10*(Presion_cilindro!$B$9-1)*Presion_cilindro!$B$33*(IF(Presion_cilindro!N13>(-M$4+Presion_cilindro!$B$34),1-EXP(-Presion_cilindro!$B$16*((Presion_cilindro!N13-(-M$4+Presion_cilindro!$B$34))/Presion_cilindro!$B$35)^(Presion_cilindro!$B$17+1)),0)-IF(Presion_cilindro!N12>(-M$4+Presion_cilindro!$B$34),1-EXP(-Presion_cilindro!$B$16*((Presion_cilindro!N12-(-M$4+Presion_cilindro!$B$34))/Presion_cilindro!$B$35)^(Presion_cilindro!$B$17+1)),0))/((Presion_cilindro!O12+Presion_cilindro!O13)/2) -> 0.72095048 | N21: =N20*(Presion_cilindro!O12/Presion_cilindro!O13)^Presion_cilindro!$B$9+10*(Presion_cilindro!$B$9-1)*Presion_cilindro!$B$33*(IF(Presion_cilindro!N13>(-N$4+Presion_cilindro!$B$34),1-EXP(-Presion_cilindro!$B$16*((Presion_cilindro!N13-(-N$4+Presion_cilindro!$B$34))/Presion_cilindro!$B$35)^(Presion_cilindro!$B$17+1)),0)-IF(Presion_cilindro!N12>(-N$4+Presion_cilindro!$B$34),1-EXP(-Presion_cilindro!$B$16*((Presion_cilindro!N12-(-N$4+Presion_cilindro!$B$34))/Presion_cilindro!$B$35)^(Presion_cilindro!$B$17+1)),0))/((Presion_cilindro!O12+Presion_cilindro!O13)/2) -> 0.72095048
A22: =Presion_cilindro!N14 -> -175 | B22: =B21*(Presion_cilindro!O13/Presion_cilindro!O14)^Presion_cilindro!$B$9+10*(Presion_cilindro!$B$9-1)*Presion_cilindro!$B$33*(IF(Presion_cilindro!N14>(-B$4+Presion_cilindro!$B$34),1-EXP(-Presion_cilindro!$B$16*((Presion_cilindro!N14-(-B$4+Presion_cilindro!$B$34))/Presion_cilindro!$B$35)^(Presion_cilindro!$B$17+1)),0)-IF(Presion_cilindro!N13>(-B$4+Presion_cilindro!$B$34),1-EXP(-Presion_cilindro!$B$16*((Presion_cilindro!N13-(-B$4+Presion_cilindro!$B$34))/Presion_cilindro!$B$35)^(Presion_cilindro!$B$17+1)),0))/((Presion_cilindro!O13+Presion_cilindro!O14)/2) -> 0.72117376 | C22: =C21*(Presion_cilindro!O13/Presion_cilindro!O14)^Presion_cilindro!$B$9+10*(Presion_cilindro!$B$9-1)*Presion_cilindro!$B$33*(IF(Presion_cilindro!N14>(-C$4+Presion_cilindro!$B$34),1-EXP(-Presion_cilindro!$B$16*((Presion_cilindro!N14-(-C$4+Presion_cilindro!$B$34))/Presion_cilindro!$B$35)^(Presion_cilindro!$B$17+1)),0)-IF(Presion_cilindro!N13>(-C$4+Presion_cilindro!$B$34),1-EXP(-Presion_cilindro!$B$16*((Presion_cilindro!N13-(-C$4+Presion_cilindro!$B$34))/Presion_cilindro!$B$35)^(Presion_cilindro!$B$17+1)),0))/((Presion_cilindro!O13+Presion_cilindro!O14)/2) -> 0.72117376 | D22: =D21*(Presion_cilindro!O13/Presion_cilindro!O14)^Presion_cilindro!$B$9+10*(Presion_cilindro!$B$9-1)*Presion_cilindro!$B$33*(IF(Presion_cilindro!N14>(-D$4+Presion_cilindro!$B$34),1-EXP(-Presion_cilindro!$B$16*((Presion_cilindro!N14-(-D$4+Presion_cilindro!$B$34))/Presion_cilindro!$B$35)^(Presion_cilindro!$B$17+1)),0)-IF(Presion_cilindro!N13>(-D$4+Presion_cilindro!$B$34),1-EXP(-Presion_cilindro!$B$16*((Presion_cilindro!N13-(-D$4+Presion_cilindro!$B$34))/Presion_cilindro!$B$35)^(Presion_cilindro!$B$17+1)),0))/((Presion_cilindro!O13+Presion_cilindro!O14)/2) -> 0.72117376 | E22: =E21*(Presion_cilindro!O13/Presion_cilindro!O14)^Presion_cilindro!$B$9+10*(Presion_cilindro!$B$9-1)*Presion_cilindro!$B$33*(IF(Presion_cilindro!N14>(-E$4+Presion_cilindro!$B$34),1-EXP(-Presion_cilindro!$B$16*((Presion_cilindro!N14-(-E$4+Presion_cilindro!$B$34))/Presion_cilindro!$B$35)^(Presion_cilindro!$B$17+1)),0)-IF(Presion_cilindro!N13>(-E$4+Presion_cilindro!$B$34),1-EXP(-Presion_cilindro!$B$16*((Presion_cilindro!N13-(-E$4+Presion_cilindro!$B$34))/Presion_cilindro!$B$35)^(Presion_cilindro!$B$17+1)),0))/((Presion_cilindro!O13+Presion_cilindro!O14)/2) -> 0.72117376 | F22: =F21*(Presion_cilindro!O13/Presion_cilindro!O14)^Presion_cilindro!$B$9+10*(Presion_cilindro!$B$9-1)*Presion_cilindro!$B$33*(IF(Presion_cilindro!N14>(-F$4+Presion_cilindro!$B$34),1-EXP(-Presion_cilindro!$B$16*((Presion_cilindro!N14-(-F$4+Presion_cilindro!$B$34))/Presion_cilindro!$B$35)^(Presion_cilindro!$B$17+1)),0)-IF(Presion_cilindro!N13>(-F$4+Presion_cilindro!$B$34),1-EXP(-Presion_cilindro!$B$16*((Presion_cilindro!N13-(-F$4+Presion_cilindro!$B$34))/Presion_cilindro!$B$35)^(Presion_cilindro!$B$17+1)),0))/((Presion_cilindro!O13+Presion_cilindro!O14)/2) -> 0.72117376 | G22: =G21*(Presion_cilindro!O13/Presion_cilindro!O14)^Presion_cilindro!$B$9+10*(Presion_cilindro!$B$9-1)*Presion_cilindro!$B$33*(IF(Presion_cilindro!N14>(-G$4+Presion_cilindro!$B$34),1-EXP(-Presion_cilindro!$B$16*((Presion_cilindro!N14-(-G$4+Presion_cilindro!$B$34))/Presion_cilindro!$B$35)^(Presion_cilindro!$B$17+1)),0)-IF(Presion_cilindro!N13>(-G$4+Presion_cilindro!$B$34),1-EXP(-Presion_cilindro!$B$16*((Presion_cilindro!N13-(-G$4+Presion_cilindro!$B$34))/Presion_cilindro!$B$35)^(Presion_cilindro!$B$17+1)),0))/((Presion_cilindro!O13+Presion_cilindro!O14)/2) -> 0.72117376 | H22: =H21*(Presion_cilindro!O13/Presion_cilindro!O14)^Presion_cilindro!$B$9+10*(Presion_cilindro!$B$9-1)*Presion_cilindro!$B$33*(IF(Presion_cilindro!N14>(-H$4+Presion_cilindro!$B$34),1-EXP(-Presion_cilindro!$B$16*((Presion_cilindro!N14-(-H$4+Presion_cilindro!$B$34))/Presion_cilindro!$B$35)^(Presion_cilindro!$B$17+1)),0)-IF(Presion_cilindro!N13>(-H$4+Presion_cilindro!$B$34),1-EXP(-Presion_cilindro!$B$16*((Presion_cilindro!N13-(-H$4+Presion_cilindro!$B$34))/Presion_cilindro!$B$35)^(Presion_cilindro!$B$17+1)),0))/((Presion_cilindro!O13+Presion_cilindro!O14)/2) -> 0.72117376 | I22: =I21*(Presion_cilindro!O13/Presion_cilindro!O14)^Presion_cilindro!$B$9+10*(Presion_cilindro!$B$9-1)*Presion_cilindro!$B$33*(IF(Presion_cilindro!N14>(-I$4+Presion_cilindro!$B$34),1-EXP(-Presion_cilindro!$B$16*((Presion_cilindro!N14-(-I$4+Presion_cilindro!$B$34))/Presion_cilindro!$B$35)^(Presion_cilindro!$B$17+1)),0)-IF(Presion_cilindro!N13>(-I$4+Presion_cilindro!$B$34),1-EXP(-Presion_cilindro!$B$16*((Presion_cilindro!N13-(-I$4+Presion_cilindro!$B$34))/Presion_cilindro!$B$35)^(Presion_cilindro!$B$17+1)),0))/((Presion_cilindro!O13+Presion_cilindro!O14)/2) -> 0.72117376 | J22: =J21*(Presion_cilindro!O13/Presion_cilindro!O14)^Presion_cilindro!$B$9+10*(Presion_cilindro!$B$9-1)*Presion_cilindro!$B$33*(IF(Presion_cilindro!N14>(-J$4+Presion_cilindro!$B$34),1-EXP(-Presion_cilindro!$B$16*((Presion_cilindro!N14-(-J$4+Presion_cilindro!$B$34))/Presion_cilindro!$B$35)^(Presion_cilindro!$B$17+1)),0)-IF(Presion_cilindro!N13>(-J$4+Presion_cilindro!$B$34),1-EXP(-Presion_cilindro!$B$16*((Presion_cilindro!N13-(-J$4+Presion_cilindro!$B$34))/Presion_cilindro!$B$35)^(Presion_cilindro!$B$17+1)),0))/((Presion_cilindro!O13+Presion_cilindro!O14)/2) -> 0.72117376 | K22: =K21*(Presion_cilindro!O13/Presion_cilindro!O14)^Presion_cilindro!$B$9+10*(Presion_cilindro!$B$9-1)*Presion_cilindro!$B$33*(IF(Presion_cilindro!N14>(-K$4+Presion_cilindro!$B$34),1-EXP(-Presion_cilindro!$B$16*((Presion_cilindro!N14-(-K$4+Presion_cilindro!$B$34))/Presion_cilindro!$B$35)^(Presion_cilindro!$B$17+1)),0)-IF(Presion_cilindro!N13>(-K$4+Presion_cilindro!$B$34),1-EXP(-Presion_cilindro!$B$16*((Presion_cilindro!N13-(-K$4+Presion_cilindro!$B$34))/Presion_cilindro!$B$35)^(Presion_cilindro!$B$17+1)),0))/((Presion_cilindro!O13+Presion_cilindro!O14)/2) -> 0.72117376 | L22: =L21*(Presion_cilindro!O13/Presion_cilindro!O14)^Presion_cilindro!$B$9+10*(Presion_cilindro!$B$9-1)*Presion_cilindro!$B$33*(IF(Presion_cilindro!N14>(-L$4+Presion_cilindro!$B$34),1-EXP(-Presion_cilindro!$B$16*((Presion_cilindro!N14-(-L$4+Presion_cilindro!$B$34))/Presion_cilindro!$B$35)^(Presion_cilindro!$B$17+1)),0)-IF(Presion_cilindro!N13>(-L$4+Presion_cilindro!$B$34),1-EXP(-Presion_cilindro!$B$16*((Presion_cilindro!N13-(-L$4+Presion_cilindro!$B$34))/Presion_cilindro!$B$35)^(Presion_cilindro!$B$17+1)),0))/((Presion_cilindro!O13+Presion_cilindro!O14)/2) -> 0.72117376 | M22: =M21*(Presion_cilindro!O13/Presion_cilindro!O14)^Presion_cilindro!$B$9+10*(Presion_cilindro!$B$9-1)*Presion_cilindro!$B$33*(IF(Presion_cilindro!N14>(-M$4+Presion_cilindro!$B$34),1-EXP(-Presion_cilindro!$B$16*((Presion_cilindro!N14-(-M$4+Presion_cilindro!$B$34))/Presion_cilindro!$B$35)^(Presion_cilindro!$B$17+1)),0)-IF(Presion_cilindro!N13>(-M$4+Presion_cilindro!$B$34),1-EXP(-Presion_cilindro!$B$16*((Presion_cilindro!N13-(-M$4+Presion_cilindro!$B$34))/Presion_cilindro!$B$35)^(Presion_cilindro!$B$17+1)),0))/((Presion_cilindro!O13+Presion_cilindro!O14)/2) -> 0.72117376 | N22: =N21*(Presion_cilindro!O13/Presion_cilindro!O14)^Presion_cilindro!$B$9+10*(Presion_cilindro!$B$9-1)*Presion_cilindro!$B$33*(IF(Presion_cilindro!N14>(-N$4+Presion_cilindro!$B$34),1-EXP(-Presion_cilindro!$B$16*((Presion_cilindro!N14-(-N$4+Presion_cilindro!$B$34))/Presion_cilindro!$B$35)^(Presion_cilindro!$B$17+1)),0)-IF(Presion_cilindro!N13>(-N$4+Presion_cilindro!$B$34),1-EXP(-Presion_cilindro!$B$16*((Presion_cilindro!N13-(-N$4+Presion_cilindro!$B$34))/Presion_cilindro!$B$35)^(Presion_cilindro!$B$17+1)),0))/((Presion_cilindro!O13+Presion_cilindro!O14)/2) -> 0.72117376
