Workbook

Sheet Simulador
A1: Simulador del alzado de válvulas y del cruce — Sistema de distribución
A2: Sistemas del Funcionamiento del Motor (MA.02.06) · Unidad 3 · Edite solo las celdas amarillas (texto azul); todo lo demás se recalcula.
A4: Datos de entrada | B4: Valor | D4: Perfil | E4: Apertura (°) | F4: Cierre (°) | G4: Duración (°)
A5: Adelanto de apertura de escape AAE (° cigüeñal) | B5: 45 | D5: Escape adelantado | E5: =180-$B$5-$B$12 -> 120 | F5: =360+$B$6-$B$12 -> 365 | G5: =F5-E5 -> 245
A6: Retraso de cierre de escape RCE (°) | B6: 20 | D6: Escape base | E6: =180-$B$5 -> 135 | F6: =360+$B$6 -> 380 | G6: =F6-E6 -> 245
A7: Adelanto de apertura de admisión AAA (°) | B7: 20 | D7: Escape retrasado | E7: =180-$B$5+$B$12 -> 150 | F7: =360+$B$6+$B$12 -> 395 | G7: =F7-E7 -> 245
A8: Retraso de cierre de admisión RCA (°) | B8: 50 | D8: Admisión adelantada | E8: =360-$B$7-$B$13 -> 325 | F8: =540+$B$8-$B$13 -> 575 | G8: =F8-E8 -> 250
A9: Alzada máxima de escape (mm) | B9: 9.5 | D9: Admisión base | E9: =360-$B$7 -> 340 | F9: =540+$B$8 -> 590 | G9: =F9-E9 -> 250
A10: Alzada máxima de admisión (mm) | B10: 8.5 | D10: Admisión retrasada | E10: =360-$B$7+$B$13 -> 355 | F10: =540+$B$8+$B$13 -> 605 | G10: =F10-E10 -> 250
A11: Fracción de rampa del perfil (0,10 – 0,50) | B11: 0.42
A12: Variación de fase del escape (± °) | B12: 15 | D12: Resultado | E12: Grados | F12: Cómo se obtiene
A13: Variación de fase de la admisión (± °) | B13: 15 | D13: Cruce base (°) | E13: =MAX(0,F6-E9) -> 40 | F13: RCE + AAA
A14: Paso de cálculo (°) | B14: 2 | D14: Cruce máximo (°) | E14: =MAX(0,F7-E8) -> 70 | F14: Escape retrasado + admisión adelantada
D15: Cruce mínimo (°) | E15: =MAX(0,F5-E10) -> 10 | F15: Escape adelantado + admisión retrasada
A16: Comprobación | D16: Duración de escape (°) | E16: =G6 -> 245 | F16: AAE + 180 + RCE
A17: =IF(AND($B$11>=0.1,$B$11<=0.5),"Fracción de rampa válida","Revise: la fracción de rampa debe estar entre 0,10 y 0,50") -> Fracción de rampa válida | D17: Duración de admisión (°) | E17: =G9 -> 250 | F17: AAA + 180 + RCA
A18: =IF(E15>0,"Hay cruce en todas las fases","Con la admisión retrasada y el escape adelantado desaparece el cruce") -> Hay cruce en todas las fases | D18: Duración de admisión en el árbol de levas (°) | E18: =G9/2 -> 125 | F18: El árbol gira a la mitad que el cigüeñal
A20: Referencias angulares: PMS de inicio de admisión/cruce = 360°; PMI = 180° y 540°; PMS de combustión = 0° y 720°.
A21: Perfil de alzada: flancos en coseno (subida y bajada suaves) con meseta central, modelo didáctico del perfil real de la leva.

Sheet Diagrama circular
A1: Diagrama circular de la distribución y cruce de válvulas
A2: Usa los ángulos base de la hoja Simulador (sin variador). Edite solo la celda amarilla de esta hoja.
A4: Dato | B4: Valor | D4: Fase del ciclo real | E4: Duración (°) | F4: Desde → hasta
A5: AAE (de la hoja Simulador) | B5: =Simulador!B5 -> 45 | D5: Admisión | E5: =B7+180+B8 -> 250 | F5: ="AAA "&B7&"° antes PMS → RCA "&B8&"° después PMI" -> AAA 20° antes PMS → RCA 50° después PMI
A6: RCE | B6: =Simulador!B6 -> 20 | D6: Compresión | E6: =180-B8-B9 -> 120 | F6: ="RCA → chispa "&B9&"° antes PMS" -> RCA → chispa 10° antes PMS
A7: AAA | B7: =Simulador!B7 -> 20 | D7: Combustión (explosión) | E7: =B9 -> 10 | F7: ="Chispa → PMS" -> Chispa → PMS
A8: RCA | B8: =Simulador!B8 -> 50 | D8: Trabajo útil (expansión) | E8: =180-B5 -> 135 | F8: ="PMS → AAE "&B5&"° antes PMI" -> PMS → AAE 45° antes PMI
A9: Avance de encendido AE (° antes del PMS) | B9: 10 | D9: Escape | E9: =B5+180+B6 -> 245 | F9: ="AAE → RCE "&B6&"° después PMS" -> AAE → RCE 20° después PMS
D10: Cruce de válvulas | E10: =B7+B6 -> 40 | F10: ="AAA + RCE alrededor del PMS" -> AAA + RCE alrededor del PMS
D11: Total del ciclo: suma de fases − cruce (= 720°) | E11: =SUM(E5:E9)-E10 -> 720 | F11: ="El cruce se cuenta en admisión y en escape" -> El cruce se cuenta en admisión y en escape
D13: =IF(E11=720,"El ciclo suma 720°: diagrama coherente","Revise los ángulos: el ciclo no suma 720°") -> El ciclo suma 720°: diagrama coherente
F37: En el ciclo teórico las válvulas abren y cierran justo en PMS y PMI; en el real se adelantan las aperturas y se retrasan los cierres, y aparece el cruce alrededor del PMS.

Sheet Datos
A1: Ángulo cigüeñal (°) | B1: Escape adelantado | C1: Escape base | D1: Escape retrasado | E1: Admisión adelantada | F1: Admisión base | G1: Admisión retrasada | I1: Cruce máximo x | J1: Cruce máximo y | K1: Cruce mínimo x | L1: Cruce mínimo y | M1: PMS x | N1: PMS y
A2: 0 | B2: =IF(OR((($A2-Simulador!$E$5)/Simulador!$G$5)<=0,(($A2-Simulador!$E$5)/Simulador!$G$5)>=1),0,IF((($A2-Simulador!$E$5)/Simulador!$G$5)<Simulador!$B$11,Simulador!$B$9*(1-COS(PI()*(($A2-Simulador!$E$5)/Simulador!$G$5)/Simulador!$B$11))/2,IF((($A2-Simulador!$E$5)/Simulador!$G$5)>1-Simulador!$B$11,Simulador!$B$9*(1-COS(PI()*(1-(($A2-Simulador!$E$5)/Simulador!$G$5))/Simulador!$B$11))/2,Simulador!$B$9))) -> 0 | C2: =IF(OR((($A2-Simulador!$E$6)/Simulador!$G$6)<=0,(($A2-Simulador!$E$6)/Simulador!$G$6)>=1),0,IF((($A2-Simulador!$E$6)/Simulador!$G$6)<Simulador!$B$11,Simulador!$B$9*(1-COS(PI()*(($A2-Simulador!$E$6)/Simulador!$G$6)/Simulador!$B$11))/2,IF((($A2-Simulador!$E$6)/Simulador!$G$6)>1-Simulador!$B$11,Simulador!$B$9*(1-COS(PI()*(1-(($A2-Simulador!$E$6)/Simulador!$G$6))/Simulador!$B$11))/2,Simulador!$B$9))) -> 0 | D2: =IF(OR((($A2-Simulador!$E$7)/Simulador!$G$7)<=0,(($A2-Simulador!$E$7)/Simulador!$G$7)>=1),0,IF((($A2-Simulador!$E$7)/Simulador!$G$7)<Simulador!$B$11,Simulador!$B$9*(1-COS(PI()*(($A2-Simulador!$E$7)/Simulador!$G$7)/Simulador!$B$11))/2,IF((($A2-Simulador!$E$7)/Simulador!$G$7)>1-Simulador!$B$11,Simulador!$B$9*(1-COS(PI()*(1-(($A2-Simulador!$E$7)/Simulador!$G$7))/Simulador!$B$11))/2,Simulador!$B$9))) -> 0 | E2: =IF(OR((($A2-Simulador!$E$8)/Simulador!$G$8)<=0,(($A2-Simulador!$E$8)/Simulador!$G$8)>=1),0,IF((($A2-Simulador!$E$8)/Simulador!$G$8)<Simulador!$B$11,Simulador!$B$10*(1-COS(PI()*(($A2-Simulador!$E$8)/Simulador!$G$8)/Simulador!$B$11))/2,IF((($A2-Simulador!$E$8)/Simulador!$G$8)>1-Simulador!$B$11,Simulador!$B$10*(1-COS(PI()*(1-(($A2-Simulador!$E$8)/Simulador!$G$8))/Simulador!$B$11))/2,Simulador!$B$10))) -> 0 | F2: =IF(OR((($A2-Simulador!$E$9)/Simulador!$G$9)<=0,(($A2-Simulador!$E$9)/Simulador!$G$9)>=1),0,IF((($A2-Simulador!$E$9)/Simulador!$G$9)<Simulador!$B$11,Simulador!$B$10*(1-COS(PI()*(($A2-Simulador!$E$9)/Simulador!$G$9)/Simulador!$B$11))/2,IF((($A2-Simulador!$E$9)/Simulador!$G$9)>1-Simulador!$B$11,Simulador!$B$10*(1-COS(PI()*(1-(($A2-Simulador!$E$9)/Simulador!$G$9))/Simulador!$B$11))/2,Simulador!$B$10))) -> 0 | G2: =IF(OR((($A2-Simulador!$E$10)/Simulador!$G$10)<=0,(($A2-Simulador!$E$10)/Simulador!$G$10)>=1),0,IF((($A2-Simulador!$E$10)/Simulador!$G$10)<Simulador!$B$11,Simulador!$B$10*(1-COS(PI()*(($A2-Simulador!$E$10)/Simulador!$G$10)/Simulador!$B$11))/2,IF((($A2-Simulador!$E$10)/Simulador!$G$10)>1-Simulador!$B$11,Simulador!$B$10*(1-COS(PI()*(1-(($A2-Simulador!$E$10)/Simulador!$G$10))/Simulador!$B$11))/2,Simulador!$B$10))) -> 0 | I2: =Simulador!$E$8 -> 325 | J2: 0 | K2: =Simulador!$E$10 -> 355 | L2: 0 | M2: 360 | N2: 0
A3: =A2+Simulador!$B$14 -> 2 | B3: =IF(OR((($A3-Simulador!$E$5)/Simulador!$G$5)<=0,(($A3-Simulador!$E$5)/Simulador!$G$5)>=1),0,IF((($A3-Simulador!$E$5)/Simulador!$G$5)<Simulador!$B$11,Simulador!$B$9*(1-COS(PI()*(($A3-Simulador!$E$5)/Simulador!$G$5)/Simulador!$B$11))/2,IF((($A3-Simulador!$E$5)/Simulador!$G$5)>1-Simulador!$B$11,Simulador!$B$9*(1-COS(PI()*(1-(($A3-Simulador!$E$5)/Simulador!$G$5))/Simulador!$B$11))/2,Simulador!$B$9))) -> 0 | C3: =IF(OR((($A3-Simulador!$E$6)/Simulador!$G$6)<=0,(($A3-Simulador!$E$6)/Simulador!$G$6)>=1),0,IF((($A3-Simulador!$E$6)/Simulador!$G$6)<Simulador!$B$11,Simulador!$B$9*(1-COS(PI()*(($A3-Simulador!$E$6)/Simulador!$G$6)/Simulador!$B$11))/2,IF((($A3-Simulador!$E$6)/Simulador!$G$6)>1-Simulador!$B$11,Simulador!$B$9*(1-COS(PI()*(1-(($A3-Simulador!$E$6)/Simulador!$G$6))/Simulador!$B$11))/2,Simulador!$B$9))) -> 0 | D3: =IF(OR((($A3-Simulador!$E$7)/Simulador!$G$7)<=0,(($A3-Simulador!$E$7)/Simulador!$G$7)>=1),0,IF((($A3-Simulador!$E$7)/Simulador!$G$7)<Simulador!$B$11,Simulador!$B$9*(1-COS(PI()*(($A3-Simulador!$E$7)/Simulador!$G$7)/Simulador!$B$11))/2,IF((($A3-Simulador!$E$7)/Simulador!$G$7)>1-Simulador!$B$11,Simulador!$B$9*(1-COS(PI()*(1-(($A3-Simulador!$E$7)/Simulador!$G$7))/Simulador!$B$11))/2,Simulador!$B$9))) -> 0 | E3: =IF(OR((($A3-Simulador!$E$8)/Simulador!$G$8)<=0,(($A3-Simulador!$E$8)/Simulador!$G$8)>=1),0,IF((($A3-Simulador!$E$8)/Simulador!$G$8)<Simulador!$B$11,Simulador!$B$10*(1-COS(PI()*(($A3-Simulador!$E$8)/Simulador!$G$8)/Simulador!$B$11))/2,IF((($A3-Simulador!$E$8)/Simulador!$G$8)>1-Simulador!$B$11,Simulador!$B$10*(1-COS(PI()*(1-(($A3-Simulador!$E$8)/Simulador!$G$8))/Simulador!$B$11))/2,Simulador!$B$10))) -> 0 | F3: =IF(OR((($A3-Simulador!$E$9)/Simulador!$G$9)<=0,(($A3-Simulador!$E$9)/Simulador!$G$9)>=1),0,IF((($A3-Simulador!$E$9)/Simulador!$G$9)<Simulador!$B$11,Simulador!$B$10*(1-COS(PI()*(($A3-Simulador!$E$9)/Simulador!$G$9)/Simulador!$B$11))/2,IF((($A3-Simulador!$E$9)/Simulador!$G$9)>1-Simulador!$B$11,Simulador!$B$10*(1-COS(PI()*(1-(($A3-Simulador!$E$9)/Simulador!$G$9))/Simulador!$B$11))/2,Simulador!$B$10))) -> 0 | G3: =IF(OR((($A3-Simulador!$E$10)/Simulador!$G$10)<=0,(($A3-Simulador!$E$10)/Simulador!$G$10)>=1),0,IF((($A3-Simulador!$E$10)/Simulador!$G$10)<Simulador!$B$11,Simulador!$B$10*(1-COS(PI()*(($A3-Simulador!$E$10)/Simulador!$G$10)/Simulador!$B$11))/2,IF((($A3-Simulador!$E$10)/Simulador!$G$10)>1-Simulador!$B$11,Simulador!$B$10*(1-COS(PI()*(1-(($A3-Simulador!$E$10)/Simulador!$G$10))/Simulador!$B$11))/2,Simulador!$B$10))) -> 0 | I3: =Simulador!$E$8 -> 325 | J3: 0.05 | K3: =Simulador!$E$10 -> 355 | L3: 0.05 | M3: 360 | N3: =MAX(Simulador!$B$9,Simulador!$B$10)*1.05 -> 9.975
A4: =A3+Simulador!$B$14 -> 4 | B4: =IF(OR((($A4-Simulador!$E$5)/Simulador!$G$5)<=0,(($A4-Simulador!$E$5)/Simulador!$G$5)>=1),0,IF((($A4-Simulador!$E$5)/Simulador!$G$5)<Simulador!$B$11,Simulador!$B$9*(1-COS(PI()*(($A4-Simulador!$E$5)/Simulador!$G$5)/Simulador!$B$11))/2,IF((($A4-Simulador!$E$5)/Simulador!$G$5)>1-Simulador!$B$11,Simulador!$B$9*(1-COS(PI()*(1-(($A4-Simulador!$E$5)/Simulador!$G$5))/Simulador!$B$11))/2,Simulador!$B$9))) -> 0 | C4: =IF(OR((($A4-Simulador!$E$6)/Simulador!$G$6)<=0,(($A4-Simulador!$E$6)/Simulador!$G$6)>=1),0,IF((($A4-Simulador!$E$6)/Simulador!$G$6)<Simulador!$B$11,Simulador!$B$9*(1-COS(PI()*(($A4-Simulador!$E$6)/Simulador!$G$6)/Simulador!$B$11))/2,IF((($A4-Simulador!$E$6)/Simulador!$G$6)>1-Simulador!$B$11,Simulador!$B$9*(1-COS(PI()*(1-(($A4-Simulador!$E$6)/Simulador!$G$6))/Simulador!$B$11))/2,Simulador!$B$9))) -> 0 | D4: =IF(OR((($A4-Simulador!$E$7)/Simulador!$G$7)<=0,(($A4-Simulador!$E$7)/Simulador!$G$7)>=1),0,IF((($A4-Simulador!$E$7)/Simulador!$G$7)<Simulador!$B$11,Simulador!$B$9*(1-COS(PI()*(($A4-Simulador!$E$7)/Simulador!$G$7)/Simulador!$B$11))/2,IF((($A4-Simulador!$E$7)/Simulador!$G$7)>1-Simulador!$B$11,Simulador!$B$9*(1-COS(PI()*(1-(($A4-Simulador!$E$7)/Simulador!$G$7))/Simulador!$B$11))/2,Simulador!$B$9))) -> 0 | E4: =IF(OR((($A4-Simulador!$E$8)/Simulador!$G$8)<=0,(($A4-Simulador!$E$8)/Simulador!$G$8)>=1),0,IF((($A4-Simulador!$E$8)/Simulador!$G$8)<Simulador!$B$11,Simulador!$B$10*(1-COS(PI()*(($A4-Simulador!$E$8)/Simulador!$G$8)/Simulador!$B$11))/2,IF((($A4-Simulador!$E$8)/Simulador!$G$8)>1-Simulador!$B$11,Simulador!$B$10*(1-COS(PI()*(1-(($A4-Simulador!$E$8)/Simulador!$G$8))/Simulador!$B$11))/2,Simulador!$B$10))) -> 0 | F4: =IF(OR((($A4-Simulador!$E$9)/Simulador!$G$9)<=0,(($A4-Simulador!$E$9)/Simulador!$G$9)>=1),0,IF((($A4-Simulador!$E$9)/Simulador!$G$9)<Simulador!$B$11,Simulador!$B$10*(1-COS(PI()*(($A4-Simulador!$E$9)/Simulador!$G$9)/Simulador!$B$11))/2,IF((($A4-Simulador!$E$9)/Simulador!$G$9)>1-Simulador!$B$11,Simulador!$B$10*(1-COS(PI()*(1-(($A4-Simulador!$E$9)/Simulador!$G$9))/Simulador!$B$11))/2,Simulador!$B$10))) -> 0 | G4: =IF(OR((($A4-Simulador!$E$10)/Simulador!$G$10)<=0,(($A4-Simulador!$E$10)/Simulador!$G$10)>=1),0,IF((($A4-Simulador!$E$10)/Simulador!$G$10)<Simulador!$B$11,Simulador!$B$10*(1-COS(PI()*(($A4-Simulador!$E$10)/Simulador!$G$10)/Simulador!$B$11))/2,IF((($A4-Simulador!$E$10)/Simulador!$G$10)>1-Simulador!$B$11,Simulador!$B$10*(1-COS(PI()*(1-(($A4-Simulador!$E$10)/Simulador!$G$10))/Simulador!$B$11))/2,Simulador!$B$10))) -> 0 | I4: =Simulador!$E$8 -> 325 | J4: =MAX(Simulador!$B$9,Simulador!$B$10)*1.32-0.05 -> 12.49 | K4: =Simulador!$E$10 -> 355 | L4: =MAX(Simulador!$B$9,Simulador!$B$10)*1.16-0.05 -> 10.97
A5: =A4+Simulador!$B$14 -> 6 | B5: =IF(OR((($A5-Simulador!$E$5)/Simulador!$G$5)<=0,(($A5-Simulador!$E$5)/Simulador!$G$5)>=1),0,IF((($A5-Simulador!$E$5)/Simulador!$G$5)<Simulador!$B$11,Simulador!$B$9*(1-COS(PI()*(($A5-Simulador!$E$5)/Simulador!$G$5)/Simulador!$B$11))/2,IF((($A5-Simulador!$E$5)/Simulador!$G$5)>1-Simulador!$B$11,Simulador!$B$9*(1-COS(PI()*(1-(($A5-Simulador!$E$5)/Simulador!$G$5))/Simulador!$B$11))/2,Simulador!$B$9))) -> 0 | C5: =IF(OR((($A5-Simulador!$E$6)/Simulador!$G$6)<=0,(($A5-Simulador!$E$6)/Simulador!$G$6)>=1),0,IF((($A5-Simulador!$E$6)/Simulador!$G$6)<Simulador!$B$11,Simulador!$B$9*(1-COS(PI()*(($A5-Simulador!$E$6)/Simulador!$G$6)/Simulador!$B$11))/2,IF((($A5-Simulador!$E$6)/Simulador!$G$6)>1-Simulador!$B$11,Simulador!$B$9*(1-COS(PI()*(1-(($A5-Simulador!$E$6)/Simulador!$G$6))/Simulador!$B$11))/2,Simulador!$B$9))) -> 0 | D5: =IF(OR((($A5-Simulador!$E$7)/Simulador!$G$7)<=0,(($A5-Simulador!$E$7)/Simulador!$G$7)>=1),0,IF((($A5-Simulador!$E$7)/Simulador!$G$7)<Simulador!$B$11,Simulador!$B$9*(1-COS(PI()*(($A5-Simulador!$E$7)/Simulador!$G$7)/Simulador!$B$11))/2,IF((($A5-Simulador!$E$7)/Simulador!$G$7)>1-Simulador!$B$11,Simulador!$B$9*(1-COS(PI()*(1-(($A5-Simulador!$E$7)/Simulador!$G$7))/Simulador!$B$11))/2,Simulador!$B$9))) -> 0 | E5: =IF(OR((($A5-Simulador!$E$8)/Simulador!$G$8)<=0,(($A5-Simulador!$E$8)/Simulador!$G$8)>=1),0,IF((($A5-Simulador!$E$8)/Simulador!$G$8)<Simulador!$B$11,Simulador!$B$10*(1-COS(PI()*(($A5-Simulador!$E$8)/Simulador!$G$8)/Simulador!$B$11))/2,IF((($A5-Simulador!$E$8)/Simulador!$G$8)>1-Simulador!$B$11,Simulador!$B$10*(1-COS(PI()*(1-(($A5-Simulador!$E$8)/Simulador!$G$8))/Simulador!$B$11))/2,Simulador!$B$10))) -> 0 | F5: =IF(OR((($A5-Simulador!$E$9)/Simulador!$G$9)<=0,(($A5-Simulador!$E$9)/Simulador!$G$9)>=1),0,IF((($A5-Simulador!$E$9)/Simulador!$G$9)<Simulador!$B$11,Simulador!$B$10*(1-COS(PI()*(($A5-Simulador!$E$9)/Simulador!$G$9)/Simulador!$B$11))/2,IF((($A5-Simulador!$E$9)/Simulador!$G$9)>1-Simulador!$B$11,Simulador!$B$10*(1-COS(PI()*(1-(($A5-Simulador!$E$9)/Simulador!$G$9))/Simulador!$B$11))/2,Simulador!$B$10))) -> 0 | G5: =IF(OR((($A5-Simulador!$E$10)/Simulador!$G$10)<=0,(($A5-Simulador!$E$10)/Simulador!$G$10)>=1),0,IF((($A5-Simulador!$E$10)/Simulador!$G$10)<Simulador!$B$11,Simulador!$B$10*(1-COS(PI()*(($A5-Simulador!$E$10)/Simulador!$G$10)/Simulador!$B$11))/2,IF((($A5-Simulador!$E$10)/Simulador!$G$10)>1-Simulador!$B$11,Simulador!$B$10*(1-COS(PI()*(1-(($A5-Simulador!$E$10)/Simulador!$G$10))/Simulador!$B$11))/2,Simulador!$B$10))) -> 0 | I5: =Simulador!$E$8 -> 325 | J5: =MAX(Simulador!$B$9,Simulador!$B$10)*1.32 -> 12.54 | K5: =Simulador!$E$10 -> 355 | L5: =MAX(Simulador!$B$9,Simulador!$B$10)*1.16 -> 11.02
A6: =A5+Simulador!$B$14 -> 8 | B6: =IF(OR((($A6-Simulador!$E$5)/Simulador!$G$5)<=0,(($A6-Simulador!$E$5)/Simulador!$G$5)>=1),0,IF((($A6-Simulador!$E$5)/Simulador!$G$5)<Simulador!$B$11,Simulador!$B$9*(1-COS(PI()*(($A6-Simulador!$E$5)/Simulador!$G$5)/Simulador!$B$11))/2,IF((($A6-Simulador!$E$5)/Simulador!$G$5)>1-Simulador!$B$11,Simulador!$B$9*(1-COS(PI()*(1-(($A6-Simulador!$E$5)/Simulador!$G$5))/Simulador!$B$11))/2,Simulador!$B$9))) -> 0 | C6: =IF(OR((($A6-Simulador!$E$6)/Simulador!$G$6)<=0,(($A6-Simulador!$E$6)/Simulador!$G$6)>=1),0,IF((($A6-Simulador!$E$6)/Simulador!$G$6)<Simulador!$B$11,Simulador!$B$9*(1-COS(PI()*(($A6-Simulador!$E$6)/Simulador!$G$6)/Simulador!$B$11))/2,IF((($A6-Simulador!$E$6)/Simulador!$G$6)>1-Simulador!$B$11,Simulador!$B$9*(1-COS(PI()*(1-(($A6-Simulador!$E$6)/Simulador!$G$6))/Simulador!$B$11))/2,Simulador!$B$9))) -> 0 | D6: =IF(OR((($A6-Simulador!$E$7)/Simulador!$G$7)<=0,(($A6-Simulador!$E$7)/Simulador!$G$7)>=1),0,IF((($A6-Simulador!$E$7)/Simulador!$G$7)<Simulador!$B$11,Simulador!$B$9*(1-COS(PI()*(($A6-Simulador!$E$7)/Simulador!$G$7)/Simulador!$B$11))/2,IF((($A6-Simulador!$E$7)/Simulador!$G$7)>1-Simulador!$B$11,Simulador!$B$9*(1-COS(PI()*(1-(($A6-Simulador!$E$7)/Simulador!$G$7))/Simulador!$B$11))/2,Simulador!$B$9))) -> 0 | E6: =IF(OR((($A6-Simulador!$E$8)/Simulador!$G$8)<=0,(($A6-Simulador!$E$8)/Simulador!$G$8)>=1),0,IF((($A6-Simulador!$E$8)/Simulador!$G$8)<Simulador!$B$11,Simulador!$B$10*(1-COS(PI()*(($A6-Simulador!$E$8)/Simulador!$G$8)/Simulador!$B$11))/2,IF((($A6-Simulador!$E$8)/Simulador!$G$8)>1-Simulador!$B$11,Simulador!$B$10*(1-COS(PI()*(1-(($A6-Simulador!$E$8)/Simulador!$G$8))/Simulador!$B$11))/2,Simulador!$B$10))) -> 0 | F6: =IF(OR((($A6-Simulador!$E$9)/Simulador!$G$9)<=0,(($A6-Simulador!$E$9)/Simulador!$G$9)>=1),0,IF((($A6-Simulador!$E$9)/Simulador!$G$9)<Simulador!$B$11,Simulador!$B$10*(1-COS(PI()*(($A6-Simulador!$E$9)/Simulador!$G$9)/Simulador!$B$11))/2,IF((($A6-Simulador!$E$9)/Simulador!$G$9)>1-Simulador!$B$11,Simulador!$B$10*(1-COS(PI()*(1-(($A6-Simulador!$E$9)/Simulador!$G$9))/Simulador!$B$11))/2,Simulador!$B$10))) -> 0 | G6: =IF(OR((($A6-Simulador!$E$10)/Simulador!$G$10)<=0,(($A6-Simulador!$E$10)/Simulador!$G$10)>=1),0,IF((($A6-Simulador!$E$10)/Simulador!$G$10)<Simulador!$B$11,Simulador!$B$10*(1-COS(PI()*(($A6-Simulador!$E$10)/Simulador!$G$10)/Simulador!$B$11))/2,IF((($A6-Simulador!$E$10)/Simulador!$G$10)>1-Simulador!$B$11,Simulador!$B$10*(1-COS(PI()*(1-(($A6-Simulador!$E$10)/Simulador!$G$10))/Simulador!$B$11))/2,Simulador!$B$10))) -> 0 | I6: =Simulador!$E$8+0.5 -> 325.5 | J6: =MAX(Simulador!$B$9,Simulador!$B$10)*1.32 -> 12.54 | K6: =Simulador!$E$10+0.5 -> 355.5 | L6: =MAX(Simulador!$B$9,Simulador!$B$10)*1.16 -> 11.02
A7: =A6+Simulador!$B$14 -> 10 | B7: =IF(OR((($A7-Simulador!$E$5)/Simulador!$G$5)<=0,(($A7-Simulador!$E$5)/Simulador!$G$5)>=1),0,IF((($A7-Simulador!$E$5)/Simulador!$G$5)<Simulador!$B$11,Simulador!$B$9*(1-COS(PI()*(($A7-Simulador!$E$5)/Simulador!$G$5)/Simulador!$B$11))/2,IF((($A7-Simulador!$E$5)/Simulador!$G$5)>1-Simulador!$B$11,Simulador!$B$9*(1-COS(PI()*(1-(($A7-Simulador!$E$5)/Simulador!$G$5))/Simulador!$B$11))/2,Simulador!$B$9))) -> 0 | C7: =IF(OR((($A7-Simulador!$E$6)/Simulador!$G$6)<=0,(($A7-Simulador!$E$6)/Simulador!$G$6)>=1),0,IF((($A7-Simulador!$E$6)/Simulador!$G$6)<Simulador!$B$11,Simulador!$B$9*(1-COS(PI()*(($A7-Simulador!$E$6)/Simulador!$G$6)/Simulador!$B$11))/2,IF((($A7-Simulador!$E$6)/Simulador!$G$6)>1-Simulador!$B$11,Simulador!$B$9*(1-COS(PI()*(1-(($A7-Simulador!$E$6)/Simulador!$G$6))/Simulador!$B$11))/2,Simulador!$B$9))) -> 0 | D7: =IF(OR((($A7-Simulador!$E$7)/Simulador!$G$7)<=0,(($A7-Simulador!$E$7)/Simulador!$G$7)>=1),0,IF((($A7-Simulador!$E$7)/Simulador!$G$7)<Simulador!$B$11,Simulador!$B$9*(1-COS(PI()*(($A7-Simulador!$E$7)/Simulador!$G$7)/Simulador!$B$11))/2,IF((($A7-Simulador!$E$7)/Simulador!$G$7)>1-Simulador!$B$11,Simulador!$B$9*(1-COS(PI()*(1-(($A7-Simulador!$E$7)/Simulador!$G$7))/Simulador!$B$11))/2,Simulador!$B$9))) -> 0 | E7: =IF(OR((($A7-Simulador!$E$8)/Simulador!$G$8)<=0,(($A7-Simulador!$E$8)/Simulador!$G$8)>=1),0,IF((($A7-Simulador!$E$8)/Simulador!$G$8)<Simulador!$B$11,Simulador!$B$10*(1-COS(PI()*(($A7-Simulador!$E$8)/Simulador!$G$8)/Simulador!$B$11))/2,IF((($A7-Simulador!$E$8)/Simulador!$G$8)>1-Simulador!$B$11,Simulador!$B$10*(1-COS(PI()*(1-(($A7-Simulador!$E$8)/Simulador!$G$8))/Simulador!$B$11))/2,Simulador!$B$10))) -> 0 | F7: =IF(OR((($A7-Simulador!$E$9)/Simulador!$G$9)<=0,(($A7-Simulador!$E$9)/Simulador!$G$9)>=1),0,IF((($A7-Simulador!$E$9)/Simulador!$G$9)<Simulador!$B$11,Simulador!$B$10*(1-COS(PI()*(($A7-Simulador!$E$9)/Simulador!$G$9)/Simulador!$B$11))/2,IF((($A7-Simulador!$E$9)/Simulador!$G$9)>1-Simulador!$B$11,Simulador!$B$10*(1-COS(PI()*(1-(($A7-Simulador!$E$9)/Simulador!$G$9))/Simulador!$B$11))/2,Simulador!$B$10))) -> 0 | G7: =IF(OR((($A7-Simulador!$E$10)/Simulador!$G$10)<=0,(($A7-Simulador!$E$10)/Simulador!$G$10)>=1),0,IF((($A7-Simulador!$E$10)/Simulador!$G$10)<Simulador!$B$11,Simulador!$B$10*(1-COS(PI()*(($A7-Simulador!$E$10)/Simulador!$G$10)/Simulador!$B$11))/2,IF((($A7-Simulador!$E$10)/Simulador!$G$10)>1-Simulador!$B$11,Simulador!$B$10*(1-COS(PI()*(1-(($A7-Simulador!$E$10)/Simulador!$G$10))/Simulador!$B$11))/2,Simulador!$B$10))) -> 0 | I7: =Simulador!$F$7-0.5 -> 394.5 | J7: =MAX(Simulador!$B$9,Simulador!$B$10)*1.32 -> 12.54 | K7: =Simulador!$F$5-0.5 -> 364.5 | L7: =MAX(Simulador!$B$9,Simulador!$B$10)*1.16 -> 11.02
A8: =A7+Simulador!$B$14 -> 12 | B8: =IF(OR((($A8-Simulador!$E$5)/Simulador!$G$5)<=0,(($A8-Simulador!$E$5)/Simulador!$G$5)>=1),0,IF((($A8-Simulador!$E$5)/Simulador!$G$5)<Simulador!$B$11,Simulador!$B$9*(1-COS(PI()*(($A8-Simulador!$E$5)/Simulador!$G$5)/Simulador!$B$11))/2,IF((($A8-Simulador!$E$5)/Simulador!$G$5)>1-Simulador!$B$11,Simulador!$B$9*(1-COS(PI()*(1-(($A8-Simulador!$E$5)/Simulador!$G$5))/Simulador!$B$11))/2,Simulador!$B$9))) -> 0 | C8: =IF(OR((($A8-Simulador!$E$6)/Simulador!$G$6)<=0,(($A8-Simulador!$E$6)/Simulador!$G$6)>=1),0,IF((($A8-Simulador!$E$6)/Simulador!$G$6)<Simulador!$B$11,Simulador!$B$9*(1-COS(PI()*(($A8-Simulador!$E$6)/Simulador!$G$6)/Simulador!$B$11))/2,IF((($A8-Simulador!$E$6)/Simulador!$G$6)>1-Simulador!$B$11,Simulador!$B$9*(1-COS(PI()*(1-(($A8-Simulador!$E$6)/Simulador!$G$6))/Simulador!$B$11))/2,Simulador!$B$9))) -> 0 | D8: =IF(OR((($A8-Simulador!$E$7)/Simulador!$G$7)<=0,(($A8-Simulador!$E$7)/Simulador!$G$7)>=1),0,IF((($A8-Simulador!$E$7)/Simulador!$G$7)<Simulador!$B$11,Simulador!$B$9*(1-COS(PI()*(($A8-Simulador!$E$7)/Simulador!$G$7)/Simulador!$B$11))/2,IF((($A8-Simulador!$E$7)/Simulador!$G$7)>1-Simulador!$B$11,Simulador!$B$9*(1-COS(PI()*(1-(($A8-Simulador!$E$7)/Simulador!$G$7))/Simulador!$B$11))/2,Simulador!$B$9))) -> 0 | E8: =IF(OR((($A8-Simulador!$E$8)/Simulador!$G$8)<=0,(($A8-Simulador!$E$8)/Simulador!$G$8)>=1),0,IF((($A8-Simulador!$E$8)/Simulador!$G$8)<Simulador!$B$11,Simulador!$B$10*(1-COS(PI()*(($A8-Simulador!$E$8)/Simulador!$G$8)/Simulador!$B$11))/2,IF((($A8-Simulador!$E$8)/Simulador!$G$8)>1-Simulador!$B$11,Simulador!$B$10*(1-COS(PI()*(1-(($A8-Simulador!$E$8)/Simulador!$G$8))/Simulador!$B$11))/2,Simulador!$B$10))) -> 0 | F8: =IF(OR((($A8-Simulador!$E$9)/Simulador!$G$9)<=0,(($A8-Simulador!$E$9)/Simulador!$G$9)>=1),0,IF((($A8-Simulador!$E$9)/Simulador!$G$9)<Simulador!$B$11,Simulador!$B$10*(1-COS(PI()*(($A8-Simulador!$E$9)/Simulador!$G$9)/Simulador!$B$11))/2,IF((($A8-Simulador!$E$9)/Simulador!$G$9)>1-Simulador!$B$11,Simulador!$B$10*(1-COS(PI()*(1-(($A8-Simulador!$E$9)/Simulador!$G$9))/Simulador!$B$11))/2,Simulador!$B$10))) -> 0 | G8: =IF(OR((($A8-Simulador!$E$10)/Simulador!$G$10)<=0,(($A8-Simulador!$E$10)/Simulador!$G$10)>=1),0,IF((($A8-Simulador!$E$10)/Simulador!$G$10)<Simulador!$B$11,Simulador!$B$10*(1-COS(PI()*(($A8-Simulador!$E$10)/Simulador!$G$10)/Simulador!$B$11))/2,IF((($A8-Simulador!$E$10)/Simulador!$G$10)>1-Simulador!$B$11,Simulador!$B$10*(1-COS(PI()*(1-(($A8-Simulador!$E$10)/Simulador!$G$10))/Simulador!$B$11))/2,Simulador!$B$10))) -> 0 | I8: =Simulador!$F$7 -> 395 | J8: =MAX(Simulador!$B$9,Simulador!$B$10)*1.32 -> 12.54 | K8: =Simulador!$F$5 -> 365 | L8: =MAX(Simulador!$B$9,Simulador!$B$10)*1.16 -> 11.02
A9: =A8+Simulador!$B$14 -> 14 | B9: =IF(OR((($A9-Simulador!$E$5)/Simulador!$G$5)<=0,(($A9-Simulador!$E$5)/Simulador!$G$5)>=1),0,IF((($A9-Simulador!$E$5)/Simulador!$G$5)<Simulador!$B$11,Simulador!$B$9*(1-COS(PI()*(($A9-Simulador!$E$5)/Simulador!$G$5)/Simulador!$B$11))/2,IF((($A9-Simulador!$E$5)/Simulador!$G$5)>1-Simulador!$B$11,Simulador!$B$9*(1-COS(PI()*(1-(($A9-Simulador!$E$5)/Simulador!$G$5))/Simulador!$B$11))/2,Simulador!$B$9))) -> 0 | C9: =IF(OR((($A9-Simulador!$E$6)/Simulador!$G$6)<=0,(($A9-Simulador!$E$6)/Simulador!$G$6)>=1),0,IF((($A9-Simulador!$E$6)/Simulador!$G$6)<Simulador!$B$11,Simulador!$B$9*(1-COS(PI()*(($A9-Simulador!$E$6)/Simulador!$G$6)/Simulador!$B$11))/2,IF((($A9-Simulador!$E$6)/Simulador!$G$6)>1-Simulador!$B$11,Simulador!$B$9*(1-COS(PI()*(1-(($A9-Simulador!$E$6)/Simulador!$G$6))/Simulador!$B$11))/2,Simulador!$B$9))) -> 0 | D9: =IF(OR((($A9-Simulador!$E$7)/Simulador!$G$7)<=0,(($A9-Simulador!$E$7)/Simulador!$G$7)>=1),0,IF((($A9-Simulador!$E$7)/Simulador!$G$7)<Simulador!$B$11,Simulador!$B$9*(1-COS(PI()*(($A9-Simulador!$E$7)/Simulador!$G$7)/Simulador!$B$11))/2,IF((($A9-Simulador!$E$7)/Simulador!$G$7)>1-Simulador!$B$11,Simulador!$B$9*(1-COS(PI()*(1-(($A9-Simulador!$E$7)/Simulador!$G$7))/Simulador!$B$11))/2,Simulador!$B$9))) -> 0 | E9: =IF(OR((($A9-Simulador!$E$8)/Simulador!$G$8)<=0,(($A9-Simulador!$E$8)/Simulador!$G$8)>=1),0,IF((($A9-Simulador!$E$8)/Simulador!$G$8)<Simulador!$B$11,Simulador!$B$10*(1-COS(PI()*(($A9-Simulador!$E$8)/Simulador!$G$8)/Simulador!$B$11))/2,IF((($A9-Simulador!$E$8)/Simulador!$G$8)>1-Simulador!$B$11,Simulador!$B$10*(1-COS(PI()*(1-(($A9-Simulador!$E$8)/Simulador!$G$8))/Simulador!$B$11))/2,Simulador!$B$10))) -> 0 | F9: =IF(OR((($A9-Simulador!$E$9)/Simulador!$G$9)<=0,(($A9-Simulador!$E$9)/Simulador!$G$9)>=1),0,IF((($A9-Simulador!$E$9)/Simulador!$G$9)<Simulador!$B$11,Simulador!$B$10*(1-COS(PI()*(($A9-Simulador!$E$9)/Simulador!$G$9)/Simulador!$B$11))/2,IF((($A9-Simulador!$E$9)/Simulador!$G$9)>1-Simulador!$B$11,Simulador!$B$10*(1-COS(PI()*(1-(($A9-Simulador!$E$9)/Simulador!$G$9))/Simulador!$B$11))/2,Simulador!$B$10))) -> 0 | G9: =IF(OR((($A9-Simulador!$E$10)/Simulador!$G$10)<=0,(($A9-Simulador!$E$10)/Simulador!$G$10)>=1),0,IF((($A9-Simulador!$E$10)/Simulador!$G$10)<Simulador!$B$11,Simulador!$B$10*(1-COS(PI()*(($A9-Simulador!$E$10)/Simulador!$G$10)/Simulador!$B$11))/2,IF((($A9-Simulador!$E$10)/Simulador!$G$10)>1-Simulador!$B$11,Simulador!$B$10*(1-COS(PI()*(1-(($A9-Simulador!$E$10)/Simulador!$G$10))/Simulador!$B$11))/2,Simulador!$B$10))) -> 0 | I9: =Simulador!$F$7 -> 395 | J9: =MAX(Simulador!$B$9,Simulador!$B$10)*1.32-0.05 -> 12.49 | K9: =Simulador!$F$5 -> 365 | L9: =MAX(Simulador!$B$9,Simulador!$B$10)*1.16-0.05 -> 10.97
A10: =A9+Simulador!$B$14 -> 16 | B10: =IF(OR((($A10-Simulador!$E$5)/Simulador!$G$5)<=0,(($A10-Simulador!$E$5)/Simulador!$G$5)>=1),0,IF((($A10-Simulador!$E$5)/Simulador!$G$5)<Simulador!$B$11,Simulador!$B$9*(1-COS(PI()*(($A10-Simulador!$E$5)/Simulador!$G$5)/Simulador!$B$11))/2,IF((($A10-Simulador!$E$5)/Simulador!$G$5)>1-Simulador!$B$11,Simulador!$B$9*(1-COS(PI()*(1-(($A10-Simulador!$E$5)/Simulador!$G$5))/Simulador!$B$11))/2,Simulador!$B$9))) -> 0 | C10: =IF(OR((($A10-Simulador!$E$6)/Simulador!$G$6)<=0,(($A10-Simulador!$E$6)/Simulador!$G$6)>=1),0,IF((($A10-Simulador!$E$6)/Simulador!$G$6)<Simulador!$B$11,Simulador!$B$9*(1-COS(PI()*(($A10-Simulador!$E$6)/Simulador!$G$6)/Simulador!$B$11))/2,IF((($A10-Simulador!$E$6)/Simulador!$G$6)>1-Simulador!$B$11,Simulador!$B$9*(1-COS(PI()*(1-(($A10-Simulador!$E$6)/Simulador!$G$6))/Simulador!$B$11))/2,Simulador!$B$9))) -> 0 | D10: =IF(OR((($A10-Simulador!$E$7)/Simulador!$G$7)<=0,(($A10-Simulador!$E$7)/Simulador!$G$7)>=1),0,IF((($A10-Simulador!$E$7)/Simulador!$G$7)<Simulador!$B$11,Simulador!$B$9*(1-COS(PI()*(($A10-Simulador!$E$7)/Simulador!$G$7)/Simulador!$B$11))/2,IF((($A10-Simulador!$E$7)/Simulador!$G$7)>1-Simulador!$B$11,Simulador!$B$9*(1-COS(PI()*(1-(($A10-Simulador!$E$7)/Simulador!$G$7))/Simulador!$B$11))/2,Simulador!$B$9))) -> 0 | E10: =IF(OR((($A10-Simulador!$E$8)/Simulador!$G$8)<=0,(($A10-Simulador!$E$8)/Simulador!$G$8)>=1),0,IF((($A10-Simulador!$E$8)/Simulador!$G$8)<Simulador!$B$11,Simulador!$B$10*(1-COS(PI()*(($A10-Simulador!$E$8)/Simulador!$G$8)/Simulador!$B$11))/2,IF((($A10-Simulador!$E$8)/Simulador!$G$8)>1-Simulador!$B$11,Simulador!$B$10*(1-COS(PI()*(1-(($A10-Simulador!$E$8)/Simulador!$G$8))/Simulador!$B$11))/2,Simulador!$B$10))) -> 0 | F10: =IF(OR((($A10-Simulador!$E$9)/Simulador!$G$9)<=0,(($A10-Simulador!$E$9)/Simulador!$G$9)>=1),0,IF((($A10-Simulador!$E$9)/Simulador!$G$9)<Simulador!$B$11,Simulador!$B$10*(1-COS(PI()*(($A10-Simulador!$E$9)/Simulador!$G$9)/Simulador!$B$11))/2,IF((($A10-Simulador!$E$9)/Simulador!$G$9)>1-Simulador!$B$11,Simulador!$B$10*(1-COS(PI()*(1-(($A10-Simulador!$E$9)/Simulador!$G$9))/Simulador!$B$11))/2,Simulador!$B$10))) -> 0 | G10: =IF(OR((($A10-Simulador!$E$10)/Simulador!$G$10)<=0,(($A10-Simulador!$E$10)/Simulador!$G$10)>=1),0,IF((($A10-Simulador!$E$10)/Simulador!$G$10)<Simulador!$B$11,Simulador!$B$10*(1-COS(PI()*(($A10-Simulador!$E$10)/Simulador!$G$10)/Simulador!$B$11))/2,IF((($A10-Simulador!$E$10)/Simulador!$G$10)>1-Simulador!$B$11,Simulador!$B$10*(1-COS(PI()*(1-(($A10-Simulador!$E$10)/Simulador!$G$10))/Simulador!$B$11))/2,Simulador!$B$10))) -> 0 | I10: =Simulador!$F$7 -> 395 | J10: 0.05 | K10: =Simulador!$F$5 -> 365 | L10: 0.05
A11: =A10+Simulador!$B$14 -> 18 | B11: =IF(OR((($A11-Simulador!$E$5)/Simulador!$G$5)<=0,(($A11-Simulador!$E$5)/Simulador!$G$5)>=1),0,IF((($A11-Simulador!$E$5)/Simulador!$G$5)<Simulador!$B$11,Simulador!$B$9*(1-COS(PI()*(($A11-Simulador!$E$5)/Simulador!$G$5)/Simulador!$B$11))/2,IF((($A11-Simulador!$E$5)/Simulador!$G$5)>1-Simulador!$B$11,Simulador!$B$9*(1-COS(PI()*(1-(($A11-Simulador!$E$5)/Simulador!$G$5))/Simulador!$B$11))/2,Simulador!$B$9))) -> 0 | C11: =IF(OR((($A11-Simulador!$E$6)/Simulador!$G$6)<=0,(($A11-Simulador!$E$6)/Simulador!$G$6)>=1),0,IF((($A11-Simulador!$E$6)/Simulador!$G$6)<Simulador!$B$11,Simulador!$B$9*(1-COS(PI()*(($A11-Simulador!$E$6)/Simulador!$G$6)/Simulador!$B$11))/2,IF((($A11-Simulador!$E$6)/Simulador!$G$6)>1-Simulador!$B$11,Simulador!$B$9*(1-COS(PI()*(1-(($A11-Simulador!$E$6)/Simulador!$G$6))/Simulador!$B$11))/2,Simulador!$B$9))) -> 0 | D11: =IF(OR((($A11-Simulador!$E$7)/Simulador!$G$7)<=0,(($A11-Simulador!$E$7)/Simulador!$G$7)>=1),0,IF((($A11-Simulador!$E$7)/Simulador!$G$7)<Simulador!$B$11,Simulador!$B$9*(1-COS(PI()*(($A11-Simulador!$E$7)/Simulador!$G$7)/Simulador!$B$11))/2,IF((($A11-Simulador!$E$7)/Simulador!$G$7)>1-Simulador!$B$11,Simulador!$B$9*(1-COS(PI()*(1-(($A11-Simulador!$E$7)/Simulador!$G$7))/Simulador!$B$11))/2,Simulador!$B$9))) -> 0 | E11: =IF(OR((($A11-Simulador!$E$8)/Simulador!$G$8)<=0,(($A11-Simulador!$E$8)/Simulador!$G$8)>=1),0,IF((($A11-Simulador!$E$8)/Simulador!$G$8)<Simulador!$B$11,Simulador!$B$10*(1-COS(PI()*(($A11-Simulador!$E$8)/Simulador!$G$8)/Simulador!$B$11))/2,IF((($A11-Simulador!$E$8)/Simulador!$G$8)>1-Simulador!$B$11,Simulador!$B$10*(1-COS(PI()*(1-(($A11-Simulador!$E$8)/Simulador!$G$8))/Simulador!$B$11))/2,Simulador!$B$10))) -> 0 | F11: =IF(OR((($A11-Simulador!$E$9)/Simulador!$G$9)<=0,(($A11-Simulador!$E$9)/Simulador!$G$9)>=1),0,IF((($A11-Simulador!$E$9)/Simulador!$G$9)<Simulador!$B$11,Simulador!$B$10*(1-COS(PI()*(($A11-Simulador!$E$9)/Simulador!$G$9)/Simulador!$B$11))/2,IF((($A11-Simulador!$E$9)/Simulador!$G$9)>1-Simulador!$B$11,Simulador!$B$10*(1-COS(PI()*(1-(($A11-Simulador!$E$9)/Simulador!$G$9))/Simulador!$B$11))/2,Simulador!$B$10))) -> 0 | G11: =IF(OR((($A11-Simulador!$E$10)/Simulador!$G$10)<=0,(($A11-Simulador!$E$10)/Simulador!$G$10)>=1),0,IF((($A11-Simulador!$E$10)/Simulador!$G$10)<Simulador!$B$11,Simulador!$B$10*(1-COS(PI()*(($A11-Simulador!$E$10)/Simulador!$G$10)/Simulador!$B$11))/2,IF((($A11-Simulador!$E$10)/Simulador!$G$10)>1-Simulador!$B$11,Simulador!$B$10*(1-COS(PI()*(1-(($A11-Simulador!$E$10)/Simulador!$G$10))/Simulador!$B$11))/2,Simulador!$B$10))) -> 0 | I11: =Simulador!$F$7 -> 395 | J11: 0 | K11: =Simulador!$F$5 -> 365 | L11: 0
A12: =A11+Simulador!$B$14 -> 20 | B12: =IF(OR((($A12-Simulador!$E$5)/Simulador!$G$5)<=0,(($A12-Simulador!$E$5)/Simulador!$G$5)>=1),0,IF((($A12-Simulador!$E$5)/Simulador!$G$5)<Simulador!$B$11,Simulador!$B$9*(1-COS(PI()*(($A12-Simulador!$E$5)/Simulador!$G$5)/Simulador!$B$11))/2,IF((($A12-Simulador!$E$5)/Simulador!$G$5)>1-Simulador!$B$11,Simulador!$B$9*(1-COS(PI()*(1-(($A12-Simulador!$E$5)/Simulador!$G$5))/Simulador!$B$11))/2,Simulador!$B$9))) -> 0 | C12: =IF(OR((($A12-Simulador!$E$6)/Simulador!$G$6)<=0,(($A12-Simulador!$E$6)/Simulador!$G$6)>=1),0,IF((($A12-Simulador!$E$6)/Simulador!$G$6)<Simulador!$B$11,Simulador!$B$9*(1-COS(PI()*(($A12-Simulador!$E$6)/Simulador!$G$6)/Simulador!$B$11))/2,IF((($A12-Simulador!$E$6)/Simulador!$G$6)>1-Simulador!$B$11,Simulador!$B$9*(1-COS(PI()*(1-(($A12-Simulador!$E$6)/Simulador!$G$6))/Simulador!$B$11))/2,Simulador!$B$9))) -> 0 | D12: =IF(OR((($A12-Simulador!$E$7)/Simulador!$G$7)<=0,(($A12-Simulador!$E$7)/Simulador!$G$7)>=1),0,IF((($A12-Simulador!$E$7)/Simulador!$G$7)<Simulador!$B$11,Simulador!$B$9*(1-COS(PI()*(($A12-Simulador!$E$7)/Simulador!$G$7)/Simulador!$B$11))/2,IF((($A12-Simulador!$E$7)/Simulador!$G$7)>1-Simulador!$B$11,Simulador!$B$9*(1-COS(PI()*(1-(($A12-Simulador!$E$7)/Simulador!$G$7))/Simulador!$B$11))/2,Simulador!$B$9))) -> 0 | E12: =IF(OR((($A12-Simulador!$E$8)/Simulador!$G$8)<=0,(($A12-Simulador!$E$8)/Simulador!$G$8)>=1),0,IF((($A12-Simulador!$E$8)/Simulador!$G$8)<Simulador!$B$11,Simulador!$B$10*(1-COS(PI()*(($A12-Simulador!$E$8)/Simulador!$G$8)/Simulador!$B$11))/2,IF((($A12-Simulador!$E$8)/Simulador!$G$8)>1-Simulador!$B$11,Simulador!$B$10*(1-COS(PI()*(1-(($A12-Simulador!$E$8)/Simulador!$G$8))/Simulador!$B$11))/2,Simulador!$B$10))) -> 0 | F12: =IF(OR((($A12-Simulador!$E$9)/Simulador!$G$9)<=0,(($A12-Simulador!$E$9)/Simulador!$G$9)>=1),0,IF((($A12-Simulador!$E$9)/Simulador!$G$9)<Simulador!$B$11,Simulador!$B$10*(1-COS(PI()*(($A12-Simulador!$E$9)/Simulador!$G$9)/Simulador!$B$11))/2,IF((($A12-Simulador!$E$9)/Simulador!$G$9)>1-Simulador!$B$11,Simulador!$B$10*(1-COS(PI()*(1-(($A12-Simulador!$E$9)/Simulador!$G$9))/Simulador!$B$11))/2,Simulador!$B$10))) -> 0 | G12: =IF(OR((($A12-Simulador!$E$10)/Simulador!$G$10)<=0,(($A12-Simulador!$E$10)/Simulador!$G$10)>=1),0,IF((($A12-Simulador!$E$10)/Simulador!$G$10)<Simulador!$B$11,Simulador!$B$10*(1-COS(PI()*(($A12-Simulador!$E$10)/Simulador!$G$10)/Simulador!$B$11))/2,IF((($A12-Simulador!$E$10)/Simulador!$G$10)>1-Simulador!$B$11,Simulador!$B$10*(1-COS(PI()*(1-(($A12-Simulador!$E$10)/Simulador!$G$10))/Simulador!$B$11))/2,Simulador!$B$10))) -> 0
A13: =A12+Simulador!$B$14 -> 22 | B13: =IF(OR((($A13-Simulador!$E$5)/Simulador!$G$5)<=0,(($A13-Simulador!$E$5)/Simulador!$G$5)>=1),0,IF((($A13-Simulador!$E$5)/Simulador!$G$5)<Simulador!$B$11,Simulador!$B$9*(1-COS(PI()*(($A13-Simulador!$E$5)/Simulador!$G$5)/Simulador!$B$11))/2,IF((($A13-Simulador!$E$5)/Simulador!$G$5)>1-Simulador!$B$11,Simulador!$B$9*(1-COS(PI()*(1-(($A13-Simulador!$E$5)/Simulador!$G$5))/Simulador!$B$11))/2,Simulador!$B$9))) -> 0 | C13: =IF(OR((($A13-Simulador!$E$6)/Simulador!$G$6)<=0,(($A13-Simulador!$E$6)/Simulador!$G$6)>=1),0,IF((($A13-Simulador!$E$6)/Simulador!$G$6)<Simulador!$B$11,Simulador!$B$9*(1-COS(PI()*(($A13-Simulador!$E$6)/Simulador!$G$6)/Simulador!$B$11))/2,IF((($A13-Simulador!$E$6)/Simulador!$G$6)>1-Simulador!$B$11,Simulador!$B$9*(1-COS(PI()*(1-(($A13-Simulador!$E$6)/Simulador!$G$6))/Simulador!$B$11))/2,Simulador!$B$9))) -> 0 | D13: =IF(OR((($A13-Simulador!$E$7)/Simulador!$G$7)<=0,(($A13-Simulador!$E$7)/Simulador!$G$7)>=1),0,IF((($A13-Simulador!$E$7)/Simulador!$G$7)<Simulador!$B$11,Simulador!$B$9*(1-COS(PI()*(($A13-Simulador!$E$7)/Simulador!$G$7)/Simulador!$B$11))/2,IF((($A13-Simulador!$E$7)/Simulador!$G$7)>1-Simulador!$B$11,Simulador!$B$9*(1-COS(PI()*(1-(($A13-Simulador!$E$7)/Simulador!$G$7))/Simulador!$B$11))/2,Simulador!$B$9))) -> 0 | E13: =IF(OR((($A13-Simulador!$E$8)/Simulador!$G$8)<=0,(($A13-Simulador!$E$8)/Simulador!$G$8)>=1),0,IF((($A13-Simulador!$E$8)/Simulador!$G$8)<Simulador!$B$11,Simulador!$B$10*(1-COS(PI()*(($A13-Simulador!$E$8)/Simulador!$G$8)/Simulador!$B$11))/2,IF((($A13-Simulador!$E$8)/Simulador!$G$8)>1-Simulador!$B$11,Simulador!$B$10*(1-COS(PI()*(1-(($A13-Simulador!$E$8)/Simulador!$G$8))/Simulador!$B$11))/2,Simulador!$B$10))) -> 0 | F13: =IF(OR((($A13-Simulador!$E$9)/Simulador!$G$9)<=0,(($A13-Simulador!$E$9)/Simulador!$G$9)>=1),0,IF((($A13-Simulador!$E$9)/Simulador!$G$9)<Simulador!$B$11,Simulador!$B$10*(1-COS(PI()*(($A13-Simulador!$E$9)/Simulador!$G$9)/Simulador!$B$11))/2,IF((($A13-Simulador!$E$9)/Simulador!$G$9)>1-Simulador!$B$11,Simulador!$B$10*(1-COS(PI()*(1-(($A13-Simulador!$E$9)/Simulador!$G$9))/Simulador!$B$11))/2,Simulador!$B$10))) -> 0 | G13: =IF(OR((($A13-Simulador!$E$10)/Simulador!$G$10)<=0,(($A13-Simulador!$E$10)/Simulador!$G$10)>=1),0,IF((($A13-Simulador!$E$10)/Simulador!$G$10)<Simulador!$B$11,Simulador!$B$10*(1-COS(PI()*(($A13-Simulador!$E$10)/Simulador!$G$10)/Simulador!$B$11))/2,IF((($A13-Simulador!$E$10)/Simulador!$G$10)>1-Simulador!$B$11,Simulador!$B$10*(1-COS(PI()*(1-(($A13-Simulador!$E$10)/Simulador!$G$10))/Simulador!$B$11))/2,Simulador!$B$10))) -> 0 | I13: Las columnas I–N dibujan los corchetes de cruce y la línea del PMS en el gráfico.
A14: =A13+Simulador!$B$14 -> 24 | B14: =IF(OR((($A14-Simulador!$E$5)/Simulador!$G$5)<=0,(($A14-Simulador!$E$5)/Simulador!$G$5)>=1),0,IF((($A14-Simulador!$E$5)/Simulador!$G$5)<Simulador!$B$11,Simulador!$B$9*(1-COS(PI()*(($A14-Simulador!$E$5)/Simulador!$G$5)/Simulador!$B$11))/2,IF((($A14-Simulador!$E$5)/Simulador!$G$5)>1-Simulador!$B$11,Simulador!$B$9*(1-COS(PI()*(1-(($A14-Simulador!$E$5)/Simulador!$G$5))/Simulador!$B$11))/2,Simulador!$B$9))) -> 0 | C14: =IF(OR((($A14-Simulador!$E$6)/Simulador!$G$6)<=0,(($A14-Simulador!$E$6)/Simulador!$G$6)>=1),0,IF((($A14-Simulador!$E$6)/Simulador!$G$6)<Simulador!$B$11,Simulador!$B$9*(1-COS(PI()*(($A14-Simulador!$E$6)/Simulador!$G$6)/Simulador!$B$11))/2,IF((($A14-Simulador!$E$6)/Simulador!$G$6)>1-Simulador!$B$11,Simulador!$B$9*(1-COS(PI()*(1-(($A14-Simulador!$E$6)/Simulador!$G$6))/Simulador!$B$11))/2,Simulador!$B$9))) -> 0 | D14: =IF(OR((($A14-Simulador!$E$7)/Simulador!$G$7)<=0,(($A14-Simulador!$E$7)/Simulador!$G$7)>=1),0,IF((($A14-Simulador!$E$7)/Simulador!$G$7)<Simulador!$B$11,Simulador!$B$9*(1-COS(PI()*(($A14-Simulador!$E$7)/Simulador!$G$7)/Simulador!$B$11))/2,IF((($A14-Simulador!$E$7)/Simulador!$G$7)>1-Simulador!$B$11,Simulador!$B$9*(1-COS(PI()*(1-(($A14-Simulador!$E$7)/Simulador!$G$7))/Simulador!$B$11))/2,Simulador!$B$9))) -> 0 | E14: =IF(OR((($A14-Simulador!$E$8)/Simulador!$G$8)<=0,(($A14-Simulador!$E$8)/Simulador!$G$8)>=1),0,IF((($A14-Simulador!$E$8)/Simulador!$G$8)<Simulador!$B$11,Simulador!$B$10*(1-COS(PI()*(($A14-Simulador!$E$8)/Simulador!$G$8)/Simulador!$B$11))/2,IF((($A14-Simulador!$E$8)/Simulador!$G$8)>1-Simulador!$B$11,Simulador!$B$10*(1-COS(PI()*(1-(($A14-Simulador!$E$8)/Simulador!$G$8))/Simulador!$B$11))/2,Simulador!$B$10))) -> 0 | F14: =IF(OR((($A14-Simulador!$E$9)/Simulador!$G$9)<=0,(($A14-Simulador!$E$9)/Simulador!$G$9)>=1),0,IF((($A14-Simulador!$E$9)/Simulador!$G$9)<Simulador!$B$11,Simulador!$B$10*(1-COS(PI()*(($A14-Simulador!$E$9)/Simulador!$G$9)/Simulador!$B$11))/2,IF((($A14-Simulador!$E$9)/Simulador!$G$9)>1-Simulador!$B$11,Simulador!$B$10*(1-COS(PI()*(1-(($A14-Simulador!$E$9)/Simulador!$G$9))/Simulador!$B$11))/2,Simulador!$B$10))) -> 0 | G14: =IF(OR((($A14-Simulador!$E$10)/Simulador!$G$10)<=0,(($A14-Simulador!$E$10)/Simulador!$G$10)>=1),0,IF((($A14-Simulador!$E$10)/Simulador!$G$10)<Simulador!$B$11,Simulador!$B$10*(1-COS(PI()*(($A14-Simulador!$E$10)/Simulador!$G$10)/Simulador!$B$11))/2,IF((($A14-Simulador!$E$10)/Simulador!$G$10)>1-Simulador!$B$11,Simulador!$B$10*(1-COS(PI()*(1-(($A14-Simulador!$E$10)/Simulador!$G$10))/Simulador!$B$11))/2,Simulador!$B$10))) -> 0
A15: =A14+Simulador!$B$14 -> 26 | B15: =IF(OR((($A15-Simulador!$E$5)/Simulador!$G$5)<=0,(($A15-Simulador!$E$5)/Simulador!$G$5)>=1),0,IF((($A15-Simulador!$E$5)/Simulador!$G$5)<Simulador!$B$11,Simulador!$B$9*(1-COS(PI()*(($A15-Simulador!$E$5)/Simulador!$G$5)/Simulador!$B$11))/2,IF((($A15-Simulador!$E$5)/Simulador!$G$5)>1-Simulador!$B$11,Simulador!$B$9*(1-COS(PI()*(1-(($A15-Simulador!$E$5)/Simulador!$G$5))/Simulador!$B$11))/2,Simulador!$B$9))) -> 0 | C15: =IF(OR((($A15-Simulador!$E$6)/Simulador!$G$6)<=0,(($A15-Simulador!$E$6)/Simulador!$G$6)>=1),0,IF((($A15-Simulador!$E$6)/Simulador!$G$6)<Simulador!$B$11,Simulador!$B$9*(1-COS(PI()*(($A15-Simulador!$E$6)/Simulador!$G$6)/Simulador!$B$11))/2,IF((($A15-Simulador!$E$6)/Simulador!$G$6)>1-Simulador!$B$11,Simulador!$B$9*(1-COS(PI()*(1-(($A15-Simulador!$E$6)/Simulador!$G$6))/Simulador!$B$11))/2,Simulador!$B$9))) -> 0 | D15: =IF(OR((($A15-Simulador!$E$7)/Simulador!$G$7)<=0,(($A15-Simulador!$E$7)/Simulador!$G$7)>=1),0,IF((($A15-Simulador!$E$7)/Simulador!$G$7)<Simulador!$B$11,Simulador!$B$9*(1-COS(PI()*(($A15-Simulador!$E$7)/Simulador!$G$7)/Simulador!$B$11))/2,IF((($A15-Simulador!$E$7)/Simulador!$G$7)>1-Simulador!$B$11,Simulador!$B$9*(1-COS(PI()*(1-(($A15-Simulador!$E$7)/Simulador!$G$7))/Simulador!$B$11))/2,Simulador!$B$9))) -> 0 | E15: =IF(OR((($A15-Simulador!$E$8)/Simulador!$G$8)<=0,(($A15-Simulador!$E$8)/Simulador!$G$8)>=1),0,IF((($A15-Simulador!$E$8)/Simulador!$G$8)<Simulador!$B$11,Simulador!$B$10*(1-COS(PI()*(($A15-Simulador!$E$8)/Simulador!$G$8)/Simulador!$B$11))/2,IF((($A15-Simulador!$E$8)/Simulador!$G$8)>1-Simulador!$B$11,Simulador!$B$10*(1-COS(PI()*(1-(($A15-Simulador!$E$8)/Simulador!$G$8))/Simulador!$B$11))/2,Simulador!$B$10))) -> 0 | F15: =IF(OR((($A15-Simulador!$E$9)/Simulador!$G$9)<=0,(($A15-Simulador!$E$9)/Simulador!$G$9)>=1),0,IF((($A15-Simulador!$E$9)/Simulador!$G$9)<Simulador!$B$11,Simulador!$B$10*(1-COS(PI()*(($A15-Simulador!$E$9)/Simulador!$G$9)/Simulador!$B$11))/2,IF((($A15-Simulador!$E$9)/Simulador!$G$9)>1-Simulador!$B$11,Simulador!$B$10*(1-COS(PI()*(1-(($A15-Simulador!$E$9)/Simulador!$G$9))/Simulador!$B$11))/2,Simulador!$B$10))) -> 0 | G15: =IF(OR((($A15-Simulador!$E$10)/Simulador!$G$10)<=0,(($A15-Simulador!$E$10)/Simulador!$G$10)>=1),0,IF((($A15-Simulador!$E$10)/Simulador!$G$10)<Simulador!$B$11,Simulador!$B$10*(1-COS(PI()*(($A15-Simulador!$E$10)/Simulador!$G$10)/Simulador!$B$11))/2,IF((($A15-Simulador!$E$10)/Simulador!$G$10)>1-Simulador!$B$11,Simulador!$B$10*(1-COS(PI()*(1-(($A15-Simulador!$E$10)/Simulador!$G$10))/Simulador!$B$11))/2,Simulador!$B$10))) -> 0
A16: =A15+Simulador!$B$14 -> 28 | B16: =IF(OR((($A16-Simulador!$E$5)/Simulador!$G$5)<=0,(($A16-Simulador!$E$5)/Simulador!$G$5)>=1),0,IF((($A16-Simulador!$E$5)/Simulador!$G$5)<Simulador!$B$11,Simulador!$B$9*(1-COS(PI()*(($A16-Simulador!$E$5)/Simulador!$G$5)/Simulador!$B$11))/2,IF((($A16-Simulador!$E$5)/Simulador!$G$5)>1-Simulador!$B$11,Simulador!$B$9*(1-COS(PI()*(1-(($A16-Simulador!$E$5)/Simulador!$G$5))/Simulador!$B$11))/2,Simulador!$B$9))) -> 0 | C16: =IF(OR((($A16-Simulador!$E$6)/Simulador!$G$6)<=0,(($A16-Simulador!$E$6)/Simulador!$G$6)>=1),0,IF((($A16-Simulador!$E$6)/Simulador!$G$6)<Simulador!$B$11,Simulador!$B$9*(1-COS(PI()*(($A16-Simulador!$E$6)/Simulador!$G$6)/Simulador!$B$11))/2,IF((($A16-Simulador!$E$6)/Simulador!$G$6)>1-Simulador!$B$11,Simulador!$B$9*(1-COS(PI()*(1-(($A16-Simulador!$E$6)/Simulador!$G$6))/Simulador!$B$11))/2,Simulador!$B$9))) -> 0 | D16: =IF(OR((($A16-Simulador!$E$7)/Simulador!$G$7)<=0,(($A16-Simulador!$E$7)/Simulador!$G$7)>=1),0,IF((($A16-Simulador!$E$7)/Simulador!$G$7)<Simulador!$B$11,Simulador!$B$9*(1-COS(PI()*(($A16-Simulador!$E$7)/Simulador!$G$7)/Simulador!$B$11))/2,IF((($A16-Simulador!$E$7)/Simulador!$G$7)>1-Simulador!$B$11,Simulador!$B$9*(1-COS(PI()*(1-(($A16-Simulador!$E$7)/Simulador!$G$7))/Simulador!$B$11))/2,Simulador!$B$9))) -> 0 | E16: =IF(OR((($A16-Simulador!$E$8)/Simulador!$G$8)<=0,(($A16-Simulador!$E$8)/Simulador!$G$8)>=1),0,IF((($A16-Simulador!$E$8)/Simulador!$G$8)<Simulador!$B$11,Simulador!$B$10*(1-COS(PI()*(($A16-Simulador!$E$8)/Simulador!$G$8)/Simulador!$B$11))/2,IF((($A16-Simulador!$E$8)/Simulador!$G$8)>1-Simulador!$B$11,Simulador!$B$10*(1-COS(PI()*(1-(($A16-Simulador!$E$8)/Simulador!$G$8))/Simulador!$B$11))/2,Simulador!$B$10))) -> 0 | F16: =IF(OR((($A16-Simulador!$E$9)/Simulador!$G$9)<=0,(($A16-Simulador!$E$9)/Simulador!$G$9)>=1),0,IF((($A16-Simulador!$E$9)/Simulador!$G$9)<Simulador!$B$11,Simulador!$B$10*(1-COS(PI()*(($A16-Simulador!$E$9)/Simulador!$G$9)/Simulador!$B$11))/2,IF((($A16-Simulador!$E$9)/Simulador!$G$9)>1-Simulador!$B$11,Simulador!$B$10*(1-COS(PI()*(1-(($A16-Simulador!$E$9)/Simulador!$G$9))/Simulador!$B$11))/2,Simulador!$B$10))) -> 0 | G16: =IF(OR((($A16-Simulador!$E$10)/Simulador!$G$10)<=0,(($A16-Simulador!$E$10)/Simulador!$G$10)>=1),0,IF((($A16-Simulador!$E$10)/Simulador!$G$10)<Simulador!$B$11,Simulador!$B$10*(1-COS(PI()*(($A16-Simulador!$E$10)/Simulador!$G$10)/Simulador!$B$11))/2,IF((($A16-Simulador!$E$10)/Simulador!$G$10)>1-Simulador!$B$11,Simulador!$B$10*(1-COS(PI()*(1-(($A16-Simulador!$E$10)/Simulador!$G$10))/Simulador!$B$11))/2,Simulador!$B$10))) -> 0
A17: =A16+Simulador!$B$14 -> 30 | B17: =IF(OR((($A17-Simulador!$E$5)/Simulador!$G$5)<=0,(($A17-Simulador!$E$5)/Simulador!$G$5)>=1),0,IF((($A17-Simulador!$E$5)/Simulador!$G$5)<Simulador!$B$11,Simulador!$B$9*(1-COS(PI()*(($A17-Simulador!$E$5)/Simulador!$G$5)/Simulador!$B$11))/2,IF((($A17-Simulador!$E$5)/Simulador!$G$5)>1-Simulador!$B$11,Simulador!$B$9*(1-COS(PI()*(1-(($A17-Simulador!$E$5)/Simulador!$G$5))/Simulador!$B$11))/2,Simulador!$B$9))) -> 0 | C17: =IF(OR((($A17-Simulador!$E$6)/Simulador!$G$6)<=0,(($A17-Simulador!$E$6)/Simulador!$G$6)>=1),0,IF((($A17-Simulador!$E$6)/Simulador!$G$6)<Simulador!$B$11,Simulador!$B$9*(1-COS(PI()*(($A17-Simulador!$E$6)/Simulador!$G$6)/Simulador!$B$11))/2,IF((($A17-Simulador!$E$6)/Simulador!$G$6)>1-Simulador!$B$11,Simulador!$B$9*(1-COS(PI()*(1-(($A17-Simulador!$E$6)/Simulador!$G$6))/Simulador!$B$11))/2,Simulador!$B$9))) -> 0 | D17: =IF(OR((($A17-Simulador!$E$7)/Simulador!$G$7)<=0,(($A17-Simulador!$E$7)/Simulador!$G$7)>=1),0,IF((($A17-Simulador!$E$7)/Simulador!$G$7)<Simulador!$B$11,Simulador!$B$9*(1-COS(PI()*(($A17-Simulador!$E$7)/Simulador!$G$7)/Simulador!$B$11))/2,IF((($A17-Simulador!$E$7)/Simulador!$G$7)>1-Simulador!$B$11,Simulador!$B$9*(1-COS(PI()*(1-(($A17-Simulador!$E$7)/Simulador!$G$7))/Simulador!$B$11))/2,Simulador!$B$9))) -> 0 | E17: =IF(OR((($A17-Simulador!$E$8)/Simulador!$G$8)<=0,(($A17-Simulador!$E$8)/Simulador!$G$8)>=1),0,IF((($A17-Simulador!$E$8)/Simulador!$G$8)<Simulador!$B$11,Simulador!$B$10*(1-COS(PI()*(($A17-Simulador!$E$8)/Simulador!$G$8)/Simulador!$B$11))/2,IF((($A17-Simulador!$E$8)/Simulador!$G$8)>1-Simulador!$B$11,Simulador!$B$10*(1-COS(PI()*(1-(($A17-Simulador!$E$8)/Simulador!$G$8))/Simulador!$B$11))/2,Simulador!$B$10))) -> 0 | F17: =IF(OR((($A17-Simulador!$E$9)/Simulador!$G$9)<=0,(($A17-Simulador!$E$9)/Simulador!$G$9)>=1),0,IF((($A17-Simulador!$E$9)/Simulador!$G$9)<Simulador!$B$11,Simulador!$B$10*(1-COS(PI()*(($A17-Simulador!$E$9)/Simulador!$G$9)/Simulador!$B$11))/2,IF((($A17-Simulador!$E$9)/Simulador!$G$9)>1-Simulador!$B$11,Simulador!$B$10*(1-COS(PI()*(1-(($A17-Simulador!$E$9)/Simulador!$G$9))/Simulador!$B$11))/2,Simulador!$B$10))) -> 0 | G17: =IF(OR((($A17-Simulador!$E$10)/Simulador!$G$10)<=0,(($A17-Simulador!$E$10)/Simulador!$G$10)>=1),0,IF((($A17-Simulador!$E$10)/Simulador!$G$10)<Simulador!$B$11,Simulador!$B$10*(1-COS(PI()*(($A17-Simulador!$E$10)/Simulador!$G$10)/Simulador!$B$11))/2,IF((($A17-Simulador!$E$10)/Simulador!$G$10)>1-Simulador!$B$11,Simulador!$B$10*(1-COS(PI()*(1-(($A17-Simulador!$E$10)/Simulador!$G$10))/Simulador!$B$11))/2,Simulador!$B$10))) -> 0
A18: =A17+Simulador!$B$14 -> 32 | B18: =IF(OR((($A18-Simulador!$E$5)/Simulador!$G$5)<=0,(($A18-Simulador!$E$5)/Simulador!$G$5)>=1),0,IF((($A18-Simulador!$E$5)/Simulador!$G$5)<Simulador!$B$11,Simulador!$B$9*(1-COS(PI()*(($A18-Simulador!$E$5)/Simulador!$G$5)/Simulador!$B$11))/2,IF((($A18-Simulador!$E$5)/Simulador!$G$5)>1-Simulador!$B$11,Simulador!$B$9*(1-COS(PI()*(1-(($A18-Simulador!$E$5)/Simulador!$G$5))/Simulador!$B$11))/2,Simulador!$B$9))) -> 0 | C18: =IF(OR((($A18-Simulador!$E$6)/Simulador!$G$6)<=0,(($A18-Simulador!$E$6)/Simulador!$G$6)>=1),0,IF((($A18-Simulador!$E$6)/Simulador!$G$6)<Simulador!$B$11,Simulador!$B$9*(1-COS(PI()*(($A18-Simulador!$E$6)/Simulador!$G$6)/Simulador!$B$11))/2,IF((($A18-Simulador!$E$6)/Simulador!$G$6)>1-Simulador!$B$11,Simulador!$B$9*(1-COS(PI()*(1-(($A18-Simulador!$E$6)/Simulador!$G$6))/Simulador!$B$11))/2,Simulador!$B$9))) -> 0 | D18: =IF(OR((($A18-Simulador!$E$7)/Simulador!$G$7)<=0,(($A18-Simulador!$E$7)/Simulador!$G$7)>=1),0,IF((($A18-Simulador!$E$7)/Simulador!$G$7)<Simulador!$B$11,Simulador!$B$9*(1-COS(PI()*(($A18-Simulador!$E$7)/Simulador!$G$7)/Simulador!$B$11))/2,IF((($A18-Simulador!$E$7)/Simulador!$G$7)>1-Simulador!$B$11,Simulador!$B$9*(1-COS(PI()*(1-(($A18-Simulador!$E$7)/Simulador!$G$7))/Simulador!$B$11))/2,Simulador!$B$9))) -> 0 | E18: =IF(OR((($A18-Simulador!$E$8)/Simulador!$G$8)<=0,(($A18-Simulador!$E$8)/Simulador!$G$8)>=1),0,IF((($A18-Simulador!$E$8)/Simulador!$G$8)<Simulador!$B$11,Simulador!$B$10*(1-COS(PI()*(($A18-Simulador!$E$8)/Simulador!$G$8)/Simulador!$B$11))/2,IF((($A18-Simulador!$E$8)/Simulador!$G$8)>1-Simulador!$B$11,Simulador!$B$10*(1-COS(PI()*(1-(($A18-Simulador!$E$8)/Simulador!$G$8))/Simulador!$B$11))/2,Simulador!$B$10))) -> 0 | F18: =IF(OR((($A18-Simulador!$E$9)/Simulador!$G$9)<=0,(($A18-Simulador!$E$9)/Simulador!$G$9)>=1),0,IF((($A18-Simulador!$E$9)/Simulador!$G$9)<Simulador!$B$11,Simulador!$B$10*(1-COS(PI()*(($A18-Simulador!$E$9)/Simulador!$G$9)/Simulador!$B$11))/2,IF((($A18-Simulador!$E$9)/Simulador!$G$9)>1-Simulador!$B$11,Simulador!$B$10*(1-COS(PI()*(1-(($A18-Simulador!$E$9)/Simulador!$G$9))/Simulador!$B$11))/2,Simulador!$B$10))) -> 0 | G18: =IF(OR((($A18-Simulador!$E$10)/Simulador!$G$10)<=0,(($A18-Simulador!$E$10)/Simulador!$G$10)>=1),0,IF((($A18-Simulador!$E$10)/Simulador!$G$10)<Simulador!$B$11,Simulador!$B$10*(1-COS(PI()*(($A18-Simulador!$E$10)/Simulador!$G$10)/Simulador!$B$11))/2,IF((($A18-Simulador!$E$10)/Simulador!$G$10)>1-Simulador!$B$11,Simulador!$B$10*(1-COS(PI()*(1-(($A18-Simulador!$E$10)/Simulador!$G$10))/Simulador!$B$11))/2,Simulador!$B$10))) -> 0
A19: =A18+Simulador!$B$14 -> 34 | B19: =IF(OR((($A19-Simulador!$E$5)/Simulador!$G$5)<=0,(($A19-Simulador!$E$5)/Simulador!$G$5)>=1),0,IF((($A19-Simulador!$E$5)/Simulador!$G$5)<Simulador!$B$11,Simulador!$B$9*(1-COS(PI()*(($A19-Simulador!$E$5)/Simulador!$G$5)/Simulador!$B$11))/2,IF((($A19-Simulador!$E$5)/Simulador!$G$5)>1-Simulador!$B$11,Simulador!$B$9*(1-COS(PI()*(1-(($A19-Simulador!$E$5)/Simulador!$G$5))/Simulador!$B$11))/2,Simulador!$B$9))) -> 0 | C19: =IF(OR((($A19-Simulador!$E$6)/Simulador!$G$6)<=0,(($A19-Simulador!$E$6)/Simulador!$G$6)>=1),0,IF((($A19-Simulador!$E$6)/Simulador!$G$6)<Simulador!$B$11,Simulador!$B$9*(1-COS(PI()*(($A19-Simulador!$E$6)/Simulador!$G$6)/Simulador!$B$11))/2,IF((($A19-Simulador!$E$6)/Simulador!$G$6)>1-Simulador!$B$11,Simulador!$B$9*(1-COS(PI()*(1-(($A19-Simulador!$E$6)/Simulador!$G$6))/Simulador!$B$11))/2,Simulador!$B$9))) -> 0 | D19: =IF(OR((($A19-Simulador!$E$7)/Simulador!$G$7)<=0,(($A19-Simulador!$E$7)/Simulador!$G$7)>=1),0,IF((($A19-Simulador!$E$7)/Simulador!$G$7)<Simulador!$B$11,Simulador!$B$9*(1-COS(PI()*(($A19-Simulador!$E$7)/Simulador!$G$7)/Simulador!$B$11))/2,IF((($A19-Simulador!$E$7)/Simulador!$G$7)>1-Simulador!$B$11,Simulador!$B$9*(1-COS(PI()*(1-(($A19-Simulador!$E$7)/Simulador!$G$7))/Simulador!$B$11))/2,Simulador!$B$9))) -> 0 | E19: =IF(OR((($A19-Simulador!$E$8)/Simulador!$G$8)<=0,(($A19-Simulador!$E$8)/Simulador!$G$8)>=1),0,IF((($A19-Simulador!$E$8)/Simulador!$G$8)<Simulador!$B$11,Simulador!$B$10*(1-COS(PI()*(($A19-Simulador!$E$8)/Simulador!$G$8)/Simulador!$B$11))/2,IF((($A19-Simulador!$E$8)/Simulador!$G$8)>1-Simulador!$B$11,Simulador!$B$10*(1-COS(PI()*(1-(($A19-Simulador!$E$8)/Simulador!$G$8))/Simulador!$B$11))/2,Simulador!$B$10))) -> 0 | F19: =IF(OR((($A19-Simulador!$E$9)/Simulador!$G$9)<=0,(($A19-Simulador!$E$9)/Simulador!$G$9)>=1),0,IF((($A19-Simulador!$E$9)/Simulador!$G$9)<Simulador!$B$11,Simulador!$B$10*(1-COS(PI()*(($A19-Simulador!$E$9)/Simulador!$G$9)/Simulador!$B$11))/2,IF((($A19-Simulador!$E$9)/Simulador!$G$9)>1-Simulador!$B$11,Simulador!$B$10*(1-COS(PI()*(1-(($A19-Simulador!$E$9)/Simulador!$G$9))/Simulador!$B$11))/2,Simulador!$B$10))) -> 0 | G19: =IF(OR((($A19-Simulador!$E$10)/Simulador!$G$10)<=0,(($A19-Simulador!$E$10)/Simulador!$G$10)>=1),0,IF((($A19-Simulador!$E$10)/Simulador!$G$10)<Simulador!$B$11,Simulador!$B$10*(1-COS(PI()*(($A19-Simulador!$E$10)/Simulador!$G$10)/Simulador!$B$11))/2,IF((($A19-Simulador!$E$10)/Simulador!$G$10)>1-Simulador!$B$11,Simulador!$B$10*(1-COS(PI()*(1-(($A19-Simulador!$E$10)/Simulador!$G$10))/Simulador!$B$11))/2,Simulador!$B$10))) -> 0
A20: =A19+Simulador!$B$14 -> 36 | B20: =IF(OR((($A20-Simulador!$E$5)/Simulador!$G$5)<=0,(($A20-Simulador!$E$5)/Simulador!$G$5)>=1),0,IF((($A20-Simulador!$E$5)/Simulador!$G$5)<Simulador!$B$11,Simulador!$B$9*(1-COS(PI()*(($A20-Simulador!$E$5)/Simulador!$G$5)/Simulador!$B$11))/2,IF((($A20-Simulador!$E$5)/Simulador!$G$5)>1-Simulador!$B$11,Simulador!$B$9*(1-COS(PI()*(1-(($A20-Simulador!$E$5)/Simulador!$G$5))/Simulador!$B$11))/2,Simulador!$B$9))) -> 0 | C20: =IF(OR((($A20-Simulador!$E$6)/Simulador!$G$6)<=0,(($A20-Simulador!$E$6)/Simulador!$G$6)>=1),0,IF((($A20-Simulador!$E$6)/Simulador!$G$6)<Simulador!$B$11,Simulador!$B$9*(1-COS(PI()*(($A20-Simulador!$E$6)/Simulador!$G$6)/Simulador!$B$11))/2,IF((($A20-Simulador!$E$6)/Simulador!$G$6)>1-Simulador!$B$11,Simulador!$B$9*(1-COS(PI()*(1-(($A20-Simulador!$E$6)/Simulador!$G$6))/Simulador!$B$11))/2,Simulador!$B$9))) -> 0 | D20: =IF(OR((($A20-Simulador!$E$7)/Simulador!$G$7)<=0,(($A20-Simulador!$E$7)/Simulador!$G$7)>=1),0,IF((($A20-Simulador!$E$7)/Simulador!$G$7)<Simulador!$B$11,Simulador!$B$9*(1-COS(PI()*(($A20-Simulador!$E$7)/Simulador!$G$7)/Simulador!$B$11))/2,IF((($A20-Simulador!$E$7)/Simulador!$G$7)>1-Simulador!$B$11,Simulador!$B$9*(1-COS(PI()*(1-(($A20-Simulador!$E$7)/Simulador!$G$7))/Simulador!$B$11))/2,Simulador!$B$9))) -> 0 | E20: =IF(OR((($A20-Simulador!$E$8)/Simulador!$G$8)<=0,(($A20-Simulador!$E$8)/Simulador!$G$8)>=1),0,IF((($A20-Simulador!$E$8)/Simulador!$G$8)<Simulador!$B$11,Simulador!$B$10*(1-COS(PI()*(($A20-Simulador!$E$8)/Simulador!$G$8)/Simulador!$B$11))/2,IF((($A20-Simulador!$E$8)/Simulador!$G$8)>1-Simulador!$B$11,Simulador!$B$10*(1-COS(PI()*(1-(($A20-Simulador!$E$8)/Simulador!$G$8))/Simulador!$B$11))/2,Simulador!$B$10))) -> 0 | F20: =IF(OR((($A20-Simulador!$E$9)/Simulador!$G$9)<=0,(($A20-Simulador!$E$9)/Simulador!$G$9)>=1),0,IF((($A20-Simulador!$E$9)/Simulador!$G$9)<Simulador!$B$11,Simulador!$B$10*(1-COS(PI()*(($A20-Simulador!$E$9)/Simulador!$G$9)/Simulador!$B$11))/2,IF((($A20-Simulador!$E$9)/Simulador!$G$9)>1-Simulador!$B$11,Simulador!$B$10*(1-COS(PI()*(1-(($A20-Simulador!$E$9)/Simulador!$G$9))/Simulador!$B$11))/2,Simulador!$B$10))) -> 0 | G20: =IF(OR((($A20-Simulador!$E$10)/Simulador!$G$10)<=0,(($A20-Simulador!$E$10)/Simulador!$G$10)>=1),0,IF((($A20-Simulador!$E$10)/Simulador!$G$10)<Simulador!$B$11,Simulador!$B$10*(1-COS(PI()*(($A20-Simulador!$E$10)/Simulador!$G$10)/Simulador!$B$11))/2,IF((($A20-Simulador!$E$10)/Simulador!$G$10)>1-Simulador!$B$11,Simulador!$B$10*(1-COS(PI()*(1-(($A20-Simulador!$E$10)/Simulador!$G$10))/Simulador!$B$11))/2,Simulador!$B$10))) -> 0
A21: =A20+Simulador!$B$14 -> 38 | B21: =IF(OR((($A21-Simulador!$E$5)/Simulador!$G$5)<=0,(($A21-Simulador!$E$5)/Simulador!$G$5)>=1),0,IF((($A21-Simulador!$E$5)/Simulador!$G$5)<Simulador!$B$11,Simulador!$B$9*(1-COS(PI()*(($A21-Simulador!$E$5)/Simulador!$G$5)/Simulador!$B$11))/2,IF((($A21-Simulador!$E$5)/Simulador!$G$5)>1-Simulador!$B$11,Simulador!$B$9*(1-COS(PI()*(1-(($A21-Simulador!$E$5)/Simulador!$G$5))/Simulador!$B$11))/2,Simulador!$B$9))) -> 0 | C21: =IF(OR((($A21-Simulador!$E$6)/Simulador!$G$6)<=0,(($A21-Simulador!$E$6)/Simulador!$G$6)>=1),0,IF((($A21-Simulador!$E$6)/Simulador!$G$6)<Simulador!$B$11,Simulador!$B$9*(1-COS(PI()*(($A21-Simulador!$E$6)/Simulador!$G$6)/Simulador!$B$11))/2,IF((($A21-Simulador!$E$6)/Simulador!$G$6)>1-Simulador!$B$11,Simulador!$B$9*(1-COS(PI()*(1-(($A21-Simulador!$E$6)/Simulador!$G$6))/Simulador!$B$11))/2,Simulador!$B$9))) -> 0 | D21: =IF(OR((($A21-Simulador!$E$7)/Simulador!$G$7)<=0,(($A21-Simulador!$E$7)/Simulador!$G$7)>=1),0,IF((($A21-Simulador!$E$7)/Simulador!$G$7)<Simulador!$B$11,Simulador!$B$9*(1-COS(PI()*(($A21-Simulador!$E$7)/Simulador!$G$7)/Simulador!$B$11))/2,IF((($A21-Simulador!$E$7)/Simulador!$G$7)>1-Simulador!$B$11,Simulador!$B$9*(1-COS(PI()*(1-(($A21-Simulador!$E$7)/Simulador!$G$7))/Simulador!$B$11))/2,Simulador!$B$9))) -> 0 | E21: =IF(OR((($A21-Simulador!$E$8)/Simulador!$G$8)<=0,(($A21-Simulador!$E$8)/Simulador!$G$8)>=1),0,IF((($A21-Simulador!$E$8)/Simulador!$G$8)<Simulador!$B$11,Simulador!$B$10*(1-COS(PI()*(($A21-Simulador!$E$8)/Simulador!$G$8)/Simulador!$B$11))/2,IF((($A21-Simulador!$E$8)/Simulador!$G$8)>1-Simulador!$B$11,Simulador!$B$10*(1-COS(PI()*(1-(($A21-Simulador!$E$8)/Simulador!$G$8))/Simulador!$B$11))/2,Simulador!$B$10))) -> 0 | F21: =IF(OR((($A21-Simulador!$E$9)/Simulador!$G$9)<=0,(($A21-Simulador!$E$9)/Simulador!$G$9)>=1),0,IF((($A21-Simulador!$E$9)/Simulador!$G$9)<Simulador!$B$11,Simulador!$B$10*(1-COS(PI()*(($A21-Simulador!$E$9)/Simulador!$G$9)/Simulador!$B$11))/2,IF((($A21-Simulador!$E$9)/Simulador!$G$9)>1-Simulador!$B$11,Simulador!$B$10*(1-COS(PI()*(1-(($A21-Simulador!$E$9)/Simulador!$G$9))/Simulador!$B$11))/2,Simulador!$B$10))) -> 0 | G21: =IF(OR((($A21-Simulador!$E$10)/Simulador!$G$10)<=0,(($A21-Simulador!$E$10)/Simulador!$G$10)>=1),0,IF((($A21-Simulador!$E$10)/Simulador!$G$10)<Simulador!$B$11,Simulador!$B$10*(1-COS(PI()*(($A21-Simulador!$E$10)/Simulador!$G$10)/Simulador!$B$11))/2,IF((($A21-Simulador!$E$10)/Simulador!$G$10)>1-Simulador!$B$11,Simulador!$B$10*(1-COS(PI()*(1-(($A21-Simulador!$E$10)/Simulador!$G$10))/Simulador!$B$11))/2,Simulador!$B$10))) -> 0
A22: =A21+Simulador!$B$14 -> 40 | B22: =IF(OR((($A22-Simulador!$E$5)/Simulador!$G$5)<=0,(($A22-Simulador!$E$5)/Simulador!$G$5)>=1),0,IF((($A22-Simulador!$E$5)/Simulador!$G$5)<Simulador!$B$11,Simulador!$B$9*(1-COS(PI()*(($A22-Simulador!$E$5)/Simulador!$G$5)/Simulador!$B$11))/2,IF((($A22-Simulador!$E$5)/Simulador!$G$5)>1-Simulador!$B$11,Simulador!$B$9*(1-COS(PI()*(1-(($A22-Simulador!$E$5)/Simulador!$G$5))/Simulador!$B$11))/2,Simulador!$B$9))) -> 0 | C22: =IF(OR((($A22-Simulador!$E$6)/Simulador!$G$6)<=0,(($A22-Simulador!$E$6)/Simulador!$G$6)>=1),0,IF((($A22-Simulador!$E$6)/Simulador!$G$6)<Simulador!$B$11,Simulador!$B$9*(1-COS(PI()*(($A22-Simulador!$E$6)/Simulador!$G$6)/Simulador!$B$11))/2,IF((($A22-Simulador!$E$6)/Simulador!$G$6)>1-Simulador!$B$11,Simulador!$B$9*(1-COS(PI()*(1-(($A22-Simulador!$E$6)/Simulador!$G$6))/Simulador!$B$11))/2,Simulador!$B$9))) -> 0 | D22: =IF(OR((($A22-Simulador!$E$7)/Simulador!$G$7)<=0,(($A22-Simulador!$E$7)/Simulador!$G$7)>=1),0,IF((($A22-Simulador!$E$7)/Simulador!$G$7)<Simulador!$B$11,Simulador!$B$9*(1-COS(PI()*(($A22-Simulador!$E$7)/Simulador!$G$7)/Simulador!$B$11))/2,IF((($A22-Simulador!$E$7)/Simulador!$G$7)>1-Simulador!$B$11,Simulador!$B$9*(1-COS(PI()*(1-(($A22-Simulador!$E$7)/Simulador!$G$7))/Simulador!$B$11))/2,Simulador!$B$9))) -> 0 | E22: =IF(OR((($A22-Simulador!$E$8)/Simulador!$G$8)<=0,(($A22-Simulador!$E$8)/Simulador!$G$8)>=1),0,IF((($A22-Simulador!$E$8)/Simulador!$G$8)<Simulador!$B$11,Simulador!$B$10*(1-COS(PI()*(($A22-Simulador!$E$8)/Simulador!$G$8)/Simulador!$B$11))/2,IF((($A22-Simulador!$E$8)/Simulador!$G$8)>1-Simulador!$B$11,Simulador!$B$10*(1-COS(PI()*(1-(($A22-Simulador!$E$8)/Simulador!$G$8))/Simulador!$B$11))/2,Simulador!$B$10))) -> 0 | F22: =IF(OR((($A22-Simulador!$E$9)/Simulador!$G$9)<=0,(($A22-Simulador!$E$9)/Simulador!$G$9)>=1),0,IF((($A22-Simulador!$E$9)/Simulador!$G$9)<Simulador!$B$11,Simulador!$B$10*(1-COS(PI()*(($A22-Simulador!$E$9)/Simulador!$G$9)/Simulador!$B$11))/2,IF((($A22-Simulador!$E$9)/Simulador!$G$9)>1-Simulador!$B$11,Simulador!$B$10*(1-COS(PI()*(1-(($A22-Simulador!$E$9)/Simulador!$G$9))/Simulador!$B$11))/2,Simulador!$B$10))) -> 0 | G22: =IF(OR((($A22-Simulador!$E$10)/Simulador!$G$10)<=0,(($A22-Simulador!$E$10)/Simulador!$G$10)>=1),0,IF((($A22-Simulador!$E$10)/Simulador!$G$10)<Simulador!$B$11,Simulador!$B$10*(1-COS(PI()*(($A22-Simulador!$E$10)/Simulador!$G$10)/Simulador!$B$11))/2,IF((($A22-Simulador!$E$10)/Simulador!$G$10)>1-Simulador!$B$11,Simulador!$B$10*(1-COS(PI()*(1-(($A22-Simulador!$E$10)/Simulador!$G$10))/Simulador!$B$11))/2,Simulador!$B$10))) -> 0
A23: =A22+Simulador!$B$14 -> 42 | B23: =IF(OR((($A23-Simulador!$E$5)/Simulador!$G$5)<=0,(($A23-Simulador!$E$5)/Simulador!$G$5)>=1),0,IF((($A23-Simulador!$E$5)/Simulador!$G$5)<Simulador!$B$11,Simulador!$B$9*(1-COS(PI()*(($A23-Simulador!$E$5)/Simulador!$G$5)/Simulador!$B$11))/2,IF((($A23-Simulador!$E$5)/Simulador!$G$5)>1-Simulador!$B$11,Simulador!$B$9*(1-COS(PI()*(1-(($A23-Simulador!$E$5)/Simulador!$G$5))/Simulador!$B$11))/2,Simulador!$B$9))) -> 0 | C23: =IF(OR((($A23-Simulador!$E$6)/Simulador!$G$6)<=0,(($A23-Simulador!$E$6)/Simulador!$G$6)>=1),0,IF((($A23-Simulador!$E$6)/Simulador!$G$6)<Simulador!$B$11,Simulador!$B$9*(1-COS(PI()*(($A23-Simulador!$E$6)/Simulador!$G$6)/Simulador!$B$11))/2,IF((($A23-Simulador!$E$6)/Simulador!$G$6)>1-Simulador!$B$11,Simulador!$B$9*(1-COS(PI()*(1-(($A23-Simulador!$E$6)/Simulador!$G$6))/Simulador!$B$11))/2,Simulador!$B$9))) -> 0 | D23: =IF(OR((($A23-Simulador!$E$7)/Simulador!$G$7)<=0,(($A23-Simulador!$E$7)/Simulador!$G$7)>=1),0,IF((($A23-Simulador!$E$7)/Simulador!$G$7)<Simulador!$B$11,Simulador!$B$9*(1-COS(PI()*(($A23-Simulador!$E$7)/Simulador!$G$7)/Simulador!$B$11))/2,IF((($A23-Simulador!$E$7)/Simulador!$G$7)>1-Simulador!$B$11,Simulador!$B$9*(1-COS(PI()*(1-(($A23-Simulador!$E$7)/Simulador!$G$7))/Simulador!$B$11))/2,Simulador!$B$9))) -> 0 | E23: =IF(OR((($A23-Simulador!$E$8)/Simulador!$G$8)<=0,(($A23-Simulador!$E$8)/Simulador!$G$8)>=1),0,IF((($A23-Simulador!$E$8)/Simulador!$G$8)<Simulador!$B$11,Simulador!$B$10*(1-COS(PI()*(($A23-Simulador!$E$8)/Simulador!$G$8)/Simulador!$B$11))/2,IF((($A23-Simulador!$E$8)/Simulador!$G$8)>1-Simulador!$B$11,Simulador!$B$10*(1-COS(PI()*(1-(($A23-Simulador!$E$8)/Simulador!$G$8))/Simulador!$B$11))/2,Simulador!$B$10))) -> 0 | F23: =IF(OR((($A23-Simulador!$E$9)/Simulador!$G$9)<=0,(($A23-Simulador!$E$9)/Simulador!$G$9)>=1),0,IF((($A23-Simulador!$E$9)/Simulador!$G$9)<Simulador!$B$11,Simulador!$B$10*(1-COS(PI()*(($A23-Simulador!$E$9)/Simulador!$G$9)/Simulador!$B$11))/2,IF((($A23-Simulador!$E$9)/Simulador!$G$9)>1-Simulador!$B$11,Simulador!$B$10*(1-COS(PI()*(1-(($A23-Simulador!$E$9)/Simulador!$G$9))/Simulador!$B$11))/2,Simulador!$B$10))) -> 0 | G23: =IF(OR((($A23-Simulador!$E$10)/Simulador!$G$10)<=0,(($A23-Simulador!$E$10)/Simulador!$G$10)>=1),0,IF((($A23-Simulador!$E$10)/Simulador!$G$10)<Simulador!$B$11,Simulador!$B$10*(1-COS(PI()*(($A23-Simulador!$E$10)/Simulador!$G$10)/Simulador!$B$11))/2,IF((($A23-Simulador!$E$10)/Simulador!$G$10)>1-Simulador!$B$11,Simulador!$B$10*(1-COS(PI()*(1-(($A23-Simulador!$E$10)/Simulador!$G$10))/Simulador!$B$11))/2,Simulador!$B$10))) -> 0
A24: =A23+Simulador!$B$14 -> 44 | B24: =IF(OR((($A24-Simulador!$E$5)/Simulador!$G$5)<=0,(($A24-Simulador!$E$5)/Simulador!$G$5)>=1),0,IF((($A24-Simulador!$E$5)/Simulador!$G$5)<Simulador!$B$11,Simulador!$B$9*(1-COS(PI()*(($A24-Simulador!$E$5)/Simulador!$G$5)/Simulador!$B$11))/2,IF((($A24-Simulador!$E$5)/Simulador!$G$5)>1-Simulador!$B$11,Simulador!$B$9*(1-COS(PI()*(1-(($A24-Simulador!$E$5)/Simulador!$G$5))/Simulador!$B$11))/2,Simulador!$B$9))) -> 0 | C24: =IF(OR((($A24-Simulador!$E$6)/Simulador!$G$6)<=0,(($A24-Simulador!$E$6)/Simulador!$G$6)>=1),0,IF((($A24-Simulador!$E$6)/Simulador!$G$6)<Simulador!$B$11,Simulador!$B$9*(1-COS(PI()*(($A24-Simulador!$E$6)/Simulador!$G$6)/Simulador!$B$11))/2,IF((($A24-Simulador!$E$6)/Simulador!$G$6)>1-Simulador!$B$11,Simulador!$B$9*(1-COS(PI()*(1-(($A24-Simulador!$E$6)/Simulador!$G$6))/Simulador!$B$11))/2,Simulador!$B$9))) -> 0 | D24: =IF(OR((($A24-Simulador!$E$7)/Simulador!$G$7)<=0,(($A24-Simulador!$E$7)/Simulador!$G$7)>=1),0,IF((($A24-Simulador!$E$7)/Simulador!$G$7)<Simulador!$B$11,Simulador!$B$9*(1-COS(PI()*(($A24-Simulador!$E$7)/Simulador!$G$7)/Simulador!$B$11))/2,IF((($A24-Simulador!$E$7)/Simulador!$G$7)>1-Simulador!$B$11,Simulador!$B$9*(1-COS(PI()*(1-(($A24-Simulador!$E$7)/Simulador!$G$7))/Simulador!$B$11))/2,Simulador!$B$9))) -> 0 | E24: =IF(OR((($A24-Simulador!$E$8)/Simulador!$G$8)<=0,(($A24-Simulador!$E$8)/Simulador!$G$8)>=1),0,IF((($A24-Simulador!$E$8)/Simulador!$G$8)<Simulador!$B$11,Simulador!$B$10*(1-COS(PI()*(($A24-Simulador!$E$8)/Simulador!$G$8)/Simulador!$B$11))/2,IF((($A24-Simulador!$E$8)/Simulador!$G$8)>1-Simulador!$B$11,Simulador!$B$10*(1-COS(PI()*(1-(($A24-Simulador!$E$8)/Simulador!$G$8))/Simulador!$B$11))/2,Simulador!$B$10))) -> 0 | F24: =IF(OR((($A24-Simulador!$E$9)/Simulador!$G$9)<=0,(($A24-Simulador!$E$9)/Simulador!$G$9)>=1),0,IF((($A24-Simulador!$E$9)/Simulador!$G$9)<Simulador!$B$11,Simulador!$B$10*(1-COS(PI()*(($A24-Simulador!$E$9)/Simulador!$G$9)/Simulador!$B$11))/2,IF((($A24-Simulador!$E$9)/Simulador!$G$9)>1-Simulador!$B$11,Simulador!$B$10*(1-COS(PI()*(1-(($A24-Simulador!$E$9)/Simulador!$G$9))/Simulador!$B$11))/2,Simulador!$B$10))) -> 0 | G24: =IF(OR((($A24-Simulador!$E$10)/Simulador!$G$10)<=0,(($A24-Simulador!$E$10)/Simulador!$G$10)>=1),0,IF((($A24-Simulador!$E$10)/Simulador!$G$10)<Simulador!$B$11,Simulador!$B$10*(1-COS(PI()*(($A24-Simulador!$E$10)/Simulador!$G$10)/Simulador!$B$11))/2,IF((($A24-Simulador!$E$10)/Simulador!$G$10)>1-Simulador!$B$11,Simulador!$B$10*(1-COS(PI()*(1-(($A24-Simulador!$E$10)/Simulador!$G$10))/Simulador!$B$11))/2,Simulador!$B$10))) -> 0
A25: =A24+Simulador!$B$14 -> 46 | B25: =IF(OR((($A25-Simulador!$E$5)/Simulador!$G$5)<=0,(($A25-Simulador!$E$5)/Simulador!$G$5)>=1),0,IF((($A25-Simulador!$E$5)/Simulador!$G$5)<Simulador!$B$11,Simulador!$B$9*(1-COS(PI()*(($A25-Simulador!$E$5)/Simulador!$G$5)/Simulador!$B$11))/2,IF((($A25-Simulador!$E$5)/Simulador!$G$5)>1-Simulador!$B$11,Simulador!$B$9*(1-COS(PI()*(1-(($A25-Simulador!$E$5)/Simulador!$G$5))/Simulador!$B$11))/2,Simulador!$B$9))) -> 0 | C25: =IF(OR((($A25-Simulador!$E$6)/Simulador!$G$6)<=0,(($A25-Simulador!$E$6)/Simulador!$G$6)>=1),0,IF((($A25-Simulador!$E$6)/Simulador!$G$6)<Simulador!$B$11,Simulador!$B$9*(1-COS(PI()*(($A25-Simulador!$E$6)/Simulador!$G$6)/Simulador!$B$11))/2,IF((($A25-Simulador!$E$6)/Simulador!$G$6)>1-Simulador!$B$11,Simulador!$B$9*(1-COS(PI()*(1-(($A25-Simulador!$E$6)/Simulador!$G$6))/Simulador!$B$11))/2,Simulador!$B$9))) -> 0 | D25: =IF(OR((($A25-Simulador!$E$7)/Simulador!$G$7)<=0,(($A25-Simulador!$E$7)/Simulador!$G$7)>=1),0,IF((($A25-Simulador!$E$7)/Simulador!$G$7)<Simulador!$B$11,Simulador!$B$9*(1-COS(PI()*(($A25-Simulador!$E$7)/Simulador!$G$7)/Simulador!$B$11))/2,IF((($A25-Simulador!$E$7)/Simulador!$G$7)>1-Simulador!$B$11,Simulador!$B$9*(1-COS(PI()*(1-(($A25-Simulador!$E$7)/Simulador!$G$7))/Simulador!$B$11))/2,Simulador!$B$9))) -> 0 | E25: =IF(OR((($A25-Simulador!$E$8)/Simulador!$G$8)<=0,(($A25-Simulador!$E$8)/Simulador!$G$8)>=1),0,IF((($A25-Simulador!$E$8)/Simulador!$G$8)<Simulador!$B$11,Simulador!$B$10*(1-COS(PI()*(($A25-Simulador!$E$8)/Simulador!$G$8)/Simulador!$B$11))/2,IF((($A25-Simulador!$E$8)/Simulador!$G$8)>1-Simulador!$B$11,Simulador!$B$10*(1-COS(PI()*(1-(($A25-Simulador!$E$8)/Simulador!$G$8))/Simulador!$B$11))/2,Simulador!$B$10))) -> 0 | F25: =IF(OR((($A25-Simulador!$E$9)/Simulador!$G$9)<=0,(($A25-Simulador!$E$9)/Simulador!$G$9)>=1),0,IF((($A25-Simulador!$E$9)/Simulador!$G$9)<Simulador!$B$11,Simulador!$B$10*(1-COS(PI()*(($A25-Simulador!$E$9)/Simulador!$G$9)/Simulador!$B$11))/2,IF((($A25-Simulador!$E$9)/Simulador!$G$9)>1-Simulador!$B$11,Simulador!$B$10*(1-COS(PI()*(1-(($A25-Simulador!$E$9)/Simulador!$G$9))/Simulador!$B$11))/2,Simulador!$B$10))) -> 0 | G25: =IF(OR((($A25-Simulador!$E$10)/Simulador!$G$10)<=0,(($A25-Simulador!$E$10)/Simulador!$G$10)>=1),0,IF((($A25-Simulador!$E$10)/Simulador!$G$10)<Simulador!$B$11,Simulador!$B$10*(1-COS(PI()*(($A25-Simulador!$E$10)/Simulador!$G$10)/Simulador!$B$11))/2,IF((($A25-Simulador!$E$10)/Simulador!$G$10)>1-Simulador!$B$11,Simulador!$B$10*(1-COS(PI()*(1-(($A25-Simulador!$E$10)/Simulador!$G$10))/Simulador!$B$11))/2,Simulador!$B$10))) -> 0
... A362: =A361+Simulador!$B$14 -> 720 | B362: =IF(OR((($A362-Simulador!$E$5)/Simulador!$G$5)<=0,(($A362-Simulador!$E$5)/Simulador!$G$5)>=1),0,IF((($A362-Simulador!$E$5)/Simulador!$G$5)<Simulador!$B$11,Simulador!$B$9*(1-COS(PI()*(($A362-Simulador!$E$5)/Simulador!$G$5)/Simulador!$B$11))/2,IF((($A362-Simulador!$E$5)/Simulador!$G$5)>1-Simulador!$B$11,Simulador!$B$9*(1-COS(PI()*(1-(($A362-Simulador!$E$5)/Simulador!$G$5))/Simulador!$B$11))/2,Simulador!$B$9))) -> 0 | C362: =IF(OR((($A362-Simulador!$E$6)/Simulador!$G$6)<=0,(($A362-Simulador!$E$6)/Simulador!$G$6)>=1),0,IF((($A362-Simulador!$E$6)/Simulador!$G$6)<Simulador!$B$11,Simulador!$B$9*(1-COS(PI()*(($A362-Simulador!$E$6)/Simulador!$G$6)/Simulador!$B$11))/2,IF((($A362-Simulador!$E$6)/Simulador!$G$6)>1-Simulador!$B$11,Simulador!$B$9*(1-COS(PI()*(1-(($A362-Simulador!$E$6)/Simulador!$G$6))/Simulador!$B$11))/2,Simulador!$B$9))) -> 0 | D362: =IF(OR((($A362-Simulador!$E$7)/Simulador!$G$7)<=0,(($A362-Simulador!$E$7)/Simulador!$G$7)>=1),0,IF((($A362-Simulador!$E$7)/Simulador!$G$7)<Simulador!$B$11,Simulador!$B$9*(1-COS(PI()*(($A362-Simulador!$E$7)/Simulador!$G$7)/Simulador!$B$11))/2,IF((($A362-Simulador!$E$7)/Simulador!$G$7)>1-Simulador!$B$11,Simulador!$B$9*(1-COS(PI()*(1-(($A362-Simulador!$E$7)/Simulador!$G$7))/Simulador!$B$11))/2,Simulador!$B$9))) -> 0 | E362: =IF(OR((($A362-Simulador!$E$8)/Simulador!$G$8)<=0,(($A362-Simulador!$E$8)/Simulador!$G$8)>=1),0,IF((($A362-Simulador!$E$8)/Simulador!$G$8)<Simulador!$B$11,Simulador!$B$10*(1-COS(PI()*(($A362-Simulador!$E$8)/Simulador!$G$8)/Simulador!$B$11))/2,IF((($A362-Simulador!$E$8)/Simulador!$G$8)>1-Simulador!$B$11,Simulador!$B$10*(1-COS(PI()*(1-(($A362-Simulador!$E$8)/Simulador!$G$8))/Simulador!$B$11))/2,Simulador!$B$10))) -> 0 | F362: =IF(OR((($A362-Simulador!$E$9)/Simulador!$G$9)<=0,(($A362-Simulador!$E$9)/Simulador!$G$9)>=1),0,IF((($A362-Simulador!$E$9)/Simulador!$G$9)<Simulador!$B$11,Simulador!$B$10*(1-COS(PI()*(($A362-Simulador!$E$9)/Simulador!$G$9)/Simulador!$B$11))/2,IF((($A362-Simulador!$E$9)/Simulador!$G$9)>1-Simulador!$B$11,Simulador!$B$10*(1-COS(PI()*(1-(($A362-Simulador!$E$9)/Simulador!$G$9))/Simulador!$B$11))/2,Simulador!$B$10))) -> 0 | G362: =IF(OR((($A362-Simulador!$E$10)/Simulador!$G$10)<=0,(($A362-Simulador!$E$10)/Simulador!$G$10)>=1),0,IF((($A362-Simulador!$E$10)/Simulador!$G$10)<Simulador!$B$11,Simulador!$B$10*(1-COS(PI()*(($A362-Simulador!$E$10)/Simulador!$G$10)/Simulador!$B$11))/2,IF((($A362-Simulador!$E$10)/Simulador!$G$10)>1-Simulador!$B$11,Simulador!$B$10*(1-COS(PI()*(1-(($A362-Simulador!$E$10)/Simulador!$G$10))/Simulador!$B$11))/2,Simulador!$B$10))) -> 0

Sheet Guía
B2: Guía de uso del simulador
B3: Objetivo: relacionar los ángulos del diagrama de distribución (AAE, RCE, AAA, RCA) con la curva de alzado de las válvulas y observar cómo un variador de fase modifica el cruce.
B4: Cómo usarlo
B5: 1. En la hoja Simulador escriba los ángulos del motor en las celdas amarillas (tómelos del manual o de Autodata).
B6: 2. Ajuste la alzada máxima de cada válvula y la fracción de rampa para que el perfil se parezca al de la leva real.
B7: 3. Indique cuántos grados desplaza el variador cada árbol. Con 0° las tres curvas de cada válvula coinciden.
B8: 4. Lea en la tabla de resultados el cruce base, máximo y mínimo, y compárelo con los corchetes del gráfico.
B9: Actividades propuestas (Unidad 3)
B10: a) Con AAE = 45°, RCE = 20°, AAA = 20° y RCA = 50°, calcule a mano la duración de admisión y de escape y verifíquelas con el simulador.
B11: b) Ponga la variación de fase de la admisión en 0° y aumente la del escape de 5° en 5°. ¿Cómo cambia el cruce máximo?
B12: c) Simule un salto de un diente de la correa (en un piñón de 21 dientes, 360°/21 × 2 ≈ 34° de cigüeñal) desplazando ambas fases. ¿Qué ocurre con el cruce?
B13: d) Explique por qué a bajo régimen conviene el cruce mínimo y a alto régimen el cruce máximo.
... B16: Basado en la figura de perfiles posibles de las válvulas de escape y admisión con cruce máximo y mínimo de González Calleja, D. (2018). Motores (2.ª ed.). Paraninfo.

Sheet Datos circular
A1: t | B1: Admisión θ | C1: Admisión x | D1: Admisión y | E1: Compresión θ | F1: Compresión x | G1: Compresión y | H1: Combustión θ | I1: Combustión x | J1: Combustión y | K1: Trabajo útil θ | L1: Trabajo útil x | M1: Trabajo útil y | N1: Escape θ | O1: Escape x | P1: Escape y | Q1: Cruce θ | R1: Cruce x | S1: Cruce y | V1: Evento | W1: θ | X1: x0 | Y1: y0 | Z1: x1 | AA1: y1 | AB1: xl | AC1: yl | AD1: Etiqueta | AF1: Fase | AG1: x | AH1: y | AN1: Admisión x | AO1: Admisión y | AP1: Compresión x | AQ1: Compresión y | AR1: Expansión x | AS1: Expansión y | AT1: Escape x | AU1: Escape y
A2: =0/60 -> 0 | B2: =(360-Simulador!$B$7)+$A2*((540+Simulador!$B$8)-(360-Simulador!$B$7)) -> 340 | C2: =1*SIN(RADIANS(B2-360)) -> -0.34202014 | D2: =1*COS(RADIANS(B2-360)) -> 0.93969262 | E2: =(540+Simulador!$B$8)+$A2*((720-'Diagrama circular'!$B$9)-(540+Simulador!$B$8)) -> 590 | F2: =0.88*SIN(RADIANS(E2-360)) -> -0.67411911 | G2: =0.88*COS(RADIANS(E2-360)) -> -0.5656531 | H2: =(720-'Diagrama circular'!$B$9)+$A2*((720)-(720-'Diagrama circular'!$B$9)) -> 710 | I2: =0.88*SIN(RADIANS(H2-360)) -> -0.1528104 | J2: =0.88*COS(RADIANS(H2-360)) -> 0.86663082 | K2: =(720)+$A2*((900-Simulador!$B$5)-(720)) -> 720 | L2: =0.76*SIN(RADIANS(K2-360)) -> -1.8622257e-16 | M2: =0.76*COS(RADIANS(K2-360)) -> 0.76 | N2: =(900-Simulador!$B$5)+$A2*((1080+Simulador!$B$6)-(900-Simulador!$B$5)) -> 855 | O2: =0.64*SIN(RADIANS(N2-360)) -> 0.45254834 | P2: =0.64*COS(RADIANS(N2-360)) -> -0.45254834 | Q2: =(360-Simulador!$B$7)+$A2*((360+Simulador!$B$6)-(360-Simulador!$B$7)) -> 340 | R2: =0.42*SIN(RADIANS(Q2-360)) -> -0.14364846 | S2: =0.42*COS(RADIANS(Q2-360)) -> 0.3946709 | V2: AAA | W2: =360-Simulador!$B$7 -> 340 | X2: 0 | Y2: 0 | Z2: =1.12*SIN(RADIANS(W2-360)) -> -0.38306256 | AA2: =1.12*COS(RADIANS(W2-360)) -> 1.0524557 | AB2: =1.24*SIN(RADIANS(W2-360)) -> -0.42410498 | AC2: =1.24*COS(RADIANS(W2-360)) -> 1.1652188 | AD2: ="AAA "&Simulador!$B$7&"°" -> AAA 20° | AF2: Admisión | AG2: =C32*1 -> 0.96592583 | AH2: =D32*1 -> -0.25881905 | AN2: =1*SIN(RADIANS((360+$A2*180)-360)) -> 0 | AO2: =1*COS(RADIANS((360+$A2*180)-360)) -> 1 | AP2: =0.9*SIN(RADIANS((540+$A2*180)-360)) -> 1.1026336e-16 | AQ2: =0.9*COS(RADIANS((540+$A2*180)-360)) -> -0.9 | AR2: =0.8*SIN(RADIANS((720+$A2*180)-360)) -> -1.9602375e-16 | AS2: =0.8*COS(RADIANS((720+$A2*180)-360)) -> 0.8 | AT2: =0.7*SIN(RADIANS((900+$A2*180)-360)) -> 2.5728118e-16 | AU2: =0.7*COS(RADIANS((900+$A2*180)-360)) -> -0.7
A3: =1/60 -> 0.016666667 | B3: =(360-Simulador!$B$7)+$A3*((540+Simulador!$B$8)-(360-Simulador!$B$7)) -> 344.16667 | C3: =1*SIN(RADIANS(B3-360)) -> -0.27284 | D3: =1*COS(RADIANS(B3-360)) -> 0.96205942 | E3: =(540+Simulador!$B$8)+$A3*((720-'Diagrama circular'!$B$9)-(540+Simulador!$B$8)) -> 592 | F3: =0.88*SIN(RADIANS(E3-360)) -> -0.69344946 | G3: =0.88*COS(RADIANS(E3-360)) -> -0.5417821 | H3: =(720-'Diagrama circular'!$B$9)+$A3*((720)-(720-'Diagrama circular'!$B$9)) -> 710.16667 | I3: =0.88*SIN(RADIANS(H3-360)) -> -0.15028883 | J3: =0.88*COS(RADIANS(H3-360)) -> 0.86707166 | K3: =(720)+$A3*((900-Simulador!$B$5)-(720)) -> 722.25 | L3: =0.76*SIN(RADIANS(K3-360)) -> 0.02983746 | M3: =0.76*COS(RADIANS(K3-360)) -> 0.75941407 | N3: =(900-Simulador!$B$5)+$A3*((1080+Simulador!$B$6)-(900-Simulador!$B$5)) -> 859.08333 | O3: =0.64*SIN(RADIANS(N3-360)) -> 0.41917482 | P3: =0.64*COS(RADIANS(N3-360)) -> -0.48362431 | Q3: =(360-Simulador!$B$7)+$A3*((360+Simulador!$B$6)-(360-Simulador!$B$7)) -> 340.66667 | R3: =0.42*SIN(RADIANS(Q3-360)) -> -0.13904664 | S3: =0.42*COS(RADIANS(Q3-360)) -> 0.39631557 | V3: RCA | W3: =540+Simulador!$B$8 -> 590 | X3: 0 | Y3: 0 | Z3: =1.12*SIN(RADIANS(W3-360)) -> -0.85796978 | AA3: =1.12*COS(RADIANS(W3-360)) -> -0.71992212 | AB3: =1.24*SIN(RADIANS(W3-360)) -> -0.94989511 | AC3: =1.24*COS(RADIANS(W3-360)) -> -0.79705664 | AD3: ="RCA "&Simulador!$B$8&"°" -> RCA 50° | AF3: Compresión | AG3: =F32*1 -> -0.82692951 | AH3: =G32*1 -> 0.30097773 | AN3: =1*SIN(RADIANS((360+$A3*180)-360)) -> 0.052335956 | AO3: =1*COS(RADIANS((360+$A3*180)-360)) -> 0.99862953 | AP3: =0.9*SIN(RADIANS((540+$A3*180)-360)) -> -0.047102361 | AQ3: =0.9*COS(RADIANS((540+$A3*180)-360)) -> -0.89876658 | AR3: =0.8*SIN(RADIANS((720+$A3*180)-360)) -> 0.041868765 | AS3: =0.8*COS(RADIANS((720+$A3*180)-360)) -> 0.79890363 | AT3: =0.7*SIN(RADIANS((900+$A3*180)-360)) -> -0.036635169 | AU3: =0.7*COS(RADIANS((900+$A3*180)-360)) -> -0.69904067
A4: =2/60 -> 0.033333333 | B4: =(360-Simulador!$B$7)+$A4*((540+Simulador!$B$8)-(360-Simulador!$B$7)) -> 348.33333 | C4: =1*SIN(RADIANS(B4-360)) -> -0.20221757 | D4: =1*COS(RADIANS(B4-360)) -> 0.97934062 | E4: =(540+Simulador!$B$8)+$A4*((720-'Diagrama circular'!$B$9)-(540+Simulador!$B$8)) -> 594 | F4: =0.88*SIN(RADIANS(E4-360)) -> -0.71193496 | G4: =0.88*COS(RADIANS(E4-360)) -> -0.51725102 | H4: =(720-'Diagrama circular'!$B$9)+$A4*((720)-(720-'Diagrama circular'!$B$9)) -> 710.33333 | I4: =0.88*SIN(RADIANS(H4-360)) -> -0.14776599 | J4: =0.88*COS(RADIANS(H4-360)) -> 0.86750517 | K4: =(720)+$A4*((900-Simulador!$B$5)-(720)) -> 724.5 | L4: =0.76*SIN(RADIANS(K4-360)) -> 0.059628913 | M4: =0.76*COS(RADIANS(K4-360)) -> 0.75765717 | N4: =(900-Simulador!$B$5)+$A4*((1080+Simulador!$B$6)-(900-Simulador!$B$5)) -> 863.16667 | O4: =0.64*SIN(RADIANS(N4-360)) -> 0.38367318 | P4: =0.64*COS(RADIANS(N4-360)) -> -0.51224495 | Q4: =(360-Simulador!$B$7)+$A4*((360+Simulador!$B$6)-(360-Simulador!$B$7)) -> 341.33333 | R4: =0.42*SIN(RADIANS(Q4-360)) -> -0.13442599 | S4: =0.42*COS(RADIANS(Q4-360)) -> 0.39790659 | V4: AE | W4: =720-'Diagrama circular'!$B$9 -> 710 | X4: 0 | Y4: 0 | Z4: =1.12*SIN(RADIANS(W4-360)) -> -0.19448596 | AA4: =1.12*COS(RADIANS(W4-360)) -> 1.1029847 | AB4: =1.24*SIN(RADIANS(W4-360)) -> -0.21532374 | AC4: =1.24*COS(RADIANS(W4-360)) -> 1.2211616 | AD4: ="AE "&'Diagrama circular'!$B$9&"°" -> AE 10° | AF4: Combustión | AG4: =I32*0.8 -> -0.061357643 | AH4: =J32*0.8 -> 0.70132107 | AN4: =1*SIN(RADIANS((360+$A4*180)-360)) -> 0.10452846 | AO4: =1*COS(RADIANS((360+$A4*180)-360)) -> 0.9945219 | AP4: =0.9*SIN(RADIANS((540+$A4*180)-360)) -> -0.094075617 | AQ4: =0.9*COS(RADIANS((540+$A4*180)-360)) -> -0.89506971 | AR4: =0.8*SIN(RADIANS((720+$A4*180)-360)) -> 0.083622771 | AS4: =0.8*COS(RADIANS((720+$A4*180)-360)) -> 0.79561752 | AT4: =0.7*SIN(RADIANS((900+$A4*180)-360)) -> -0.073169924 | AU4: =0.7*COS(RADIANS((900+$A4*180)-360)) -> -0.69616533
A5: =3/60 -> 0.05 | B5: =(360-Simulador!$B$7)+$A5*((540+Simulador!$B$8)-(360-Simulador!$B$7)) -> 352.5 | C5: =1*SIN(RADIANS(B5-360)) -> -0.13052619 | D5: =1*COS(RADIANS(B5-360)) -> 0.99144486 | E5: =(540+Simulador!$B$8)+$A5*((720-'Diagrama circular'!$B$9)-(540+Simulador!$B$8)) -> 596 | F5: =0.88*SIN(RADIANS(E5-360)) -> -0.72955306 | G5: =0.88*COS(RADIANS(E5-360)) -> -0.49208976 | H5: =(720-'Diagrama circular'!$B$9)+$A5*((720)-(720-'Diagrama circular'!$B$9)) -> 710.5 | I5: =0.88*SIN(RADIANS(H5-360)) -> -0.14524189 | J5: =0.88*COS(RADIANS(H5-360)) -> 0.86793133 | K5: =(720)+$A5*((900-Simulador!$B$5)-(720)) -> 726.75 | L5: =0.76*SIN(RADIANS(K5-360)) -> 0.089328422 | M5: =0.76*COS(RADIANS(K5-360)) -> 0.75473203 | N5: =(900-Simulador!$B$5)+$A5*((1080+Simulador!$B$6)-(900-Simulador!$B$5)) -> 867.25 | O5: =0.64*SIN(RADIANS(N5-360)) -> 0.34622366 | P5: =0.64*COS(RADIANS(N5-360)) -> -0.53826497 | Q5: =(360-Simulador!$B$7)+$A5*((360+Simulador!$B$6)-(360-Simulador!$B$7)) -> 342 | R5: =0.42*SIN(RADIANS(Q5-360)) -> -0.12978714 | S5: =0.42*COS(RADIANS(Q5-360)) -> 0.39944374 | V5: AAE | W5: =900-Simulador!$B$5 -> 855 | X5: 0 | Y5: 0 | Z5: =1.12*SIN(RADIANS(W5-360)) -> 0.79195959 | AA5: =1.12*COS(RADIANS(W5-360)) -> -0.79195959 | AB5: =1.24*SIN(RADIANS(W5-360)) -> 0.87681241 | AC5: =1.24*COS(RADIANS(W5-360)) -> -0.87681241 | AD5: ="AAE "&Simulador!$B$5&"°" -> AAE 45° | AF5: Trabajo útil | AG5: =L32*1 -> 0.70214844 | AH5: =M32*1 -> 0.29083941 | AN5: =1*SIN(RADIANS((360+$A5*180)-360)) -> 0.15643447 | AO5: =1*COS(RADIANS((360+$A5*180)-360)) -> 0.98768834 | AP5: =0.9*SIN(RADIANS((540+$A5*180)-360)) -> -0.14079102 | AQ5: =0.9*COS(RADIANS((540+$A5*180)-360)) -> -0.88891951 | AR5: =0.8*SIN(RADIANS((720+$A5*180)-360)) -> 0.12514757 | AS5: =0.8*COS(RADIANS((720+$A5*180)-360)) -> 0.79015067 | AT5: =0.7*SIN(RADIANS((900+$A5*180)-360)) -> -0.10950413 | AU5: =0.7*COS(RADIANS((900+$A5*180)-360)) -> -0.69138184
A6: =4/60 -> 0.066666667 | B6: =(360-Simulador!$B$7)+$A6*((540+Simulador!$B$8)-(360-Simulador!$B$7)) -> 356.66667 | C6: =1*SIN(RADIANS(B6-360)) -> -0.058144829 | D6: =1*COS(RADIANS(B6-360)) -> 0.99830816 | E6: =(540+Simulador!$B$8)+$A6*((720-'Diagrama circular'!$B$9)-(540+Simulador!$B$8)) -> 598 | F6: =0.88*SIN(RADIANS(E6-360)) -> -0.74628232 | G6: =0.88*COS(RADIANS(E6-360)) -> -0.46632895 | H6: =(720-'Diagrama circular'!$B$9)+$A6*((720)-(720-'Diagrama circular'!$B$9)) -> 710.66667 | I6: =0.88*SIN(RADIANS(H6-360)) -> -0.14271657 | J6: =0.88*COS(RADIANS(H6-360)) -> 0.86835015 | K6: =(720)+$A6*((900-Simulador!$B$5)-(720)) -> 729 | L6: =0.76*SIN(RADIANS(K6-360)) -> 0.11889019 | M6: =0.76*COS(RADIANS(K6-360)) -> 0.75064314 | N6: =(900-Simulador!$B$5)+$A6*((1080+Simulador!$B$6)-(900-Simulador!$B$5)) -> 871.33333 | O6: =0.64*SIN(RADIANS(N6-360)) -> 0.30701639 | P6: =0.64*COS(RADIANS(N6-360)) -> -0.56155225 | Q6: =(360-Simulador!$B$7)+$A6*((360+Simulador!$B$6)-(360-Simulador!$B$7)) -> 342.66667 | R6: =0.42*SIN(RADIANS(Q6-360)) -> -0.12513072 | S6: =0.42*COS(RADIANS(Q6-360)) -> 0.40092681 | V6: RCE | W6: =1080+Simulador!$B$6 -> 1100 | X6: 0 | Y6: 0 | Z6: =1.12*SIN(RADIANS(W6-360)) -> 0.38306256 | AA6: =1.12*COS(RADIANS(W6-360)) -> 1.0524557 | AB6: =1.24*SIN(RADIANS(W6-360)) -> 0.42410498 | AC6: =1.24*COS(RADIANS(W6-360)) -> 1.1652188 | AD6: ="RCE "&Simulador!$B$6&"°" -> RCE 20° | AF6: Escape | AG6: =O32*1 -> -0.62482944 | AH6: =P32*1 -> -0.13852135 | AN6: =1*SIN(RADIANS((360+$A6*180)-360)) -> 0.20791169 | AO6: =1*COS(RADIANS((360+$A6*180)-360)) -> 0.9781476 | AP6: =0.9*SIN(RADIANS((540+$A6*180)-360)) -> -0.18712052 | AQ6: =0.9*COS(RADIANS((540+$A6*180)-360)) -> -0.88033284 | AR6: =0.8*SIN(RADIANS((720+$A6*180)-360)) -> 0.16632935 | AS6: =0.8*COS(RADIANS((720+$A6*180)-360)) -> 0.78251808 | AT6: =0.7*SIN(RADIANS((900+$A6*180)-360)) -> -0.14553818 | AU6: =0.7*COS(RADIANS((900+$A6*180)-360)) -> -0.68470332
A7: =5/60 -> 0.083333333 | B7: =(360-Simulador!$B$7)+$A7*((540+Simulador!$B$8)-(360-Simulador!$B$7)) -> 360.83333 | C7: =1*SIN(RADIANS(B7-360)) -> 0.014543898 | D7: =1*COS(RADIANS(B7-360)) -> 0.99989423 | E7: =(540+Simulador!$B$8)+$A7*((720-'Diagrama circular'!$B$9)-(540+Simulador!$B$8)) -> 600 | F7: =0.88*SIN(RADIANS(E7-360)) -> -0.76210236 | G7: =0.88*COS(RADIANS(E7-360)) -> -0.44 | H7: =(720-'Diagrama circular'!$B$9)+$A7*((720)-(720-'Diagrama circular'!$B$9)) -> 710.83333 | I7: =0.88*SIN(RADIANS(H7-360)) -> -0.14019004 | J7: =0.88*COS(RADIANS(H7-360)) -> 0.86876162 | K7: =(720)+$A7*((900-Simulador!$B$5)-(720)) -> 731.25 | L7: =0.76*SIN(RADIANS(K7-360)) -> 0.14826864 | M7: =0.76*COS(RADIANS(K7-360)) -> 0.74539681 | N7: =(900-Simulador!$B$5)+$A7*((1080+Simulador!$B$6)-(900-Simulador!$B$5)) -> 875.41667 | O7: =0.64*SIN(RADIANS(N7-360)) -> 0.26625042 | P7: =0.64*COS(RADIANS(N7-360)) -> -0.58198858 | Q7: =(360-Simulador!$B$7)+$A7*((360+Simulador!$B$6)-(360-Simulador!$B$7)) -> 343.33333 | R7: =0.42*SIN(RADIANS(Q7-360)) -> -0.12045736 | S7: =0.42*COS(RADIANS(Q7-360)) -> 0.4023556 | AF7: ="Cruce "&Simulador!$B$7+Simulador!$B$6&"°" -> Cruce 40° | AG7: =R32*1 -> 0 | AH7: =S32*1 -> 0.42 | AN7: =1*SIN(RADIANS((360+$A7*180)-360)) -> 0.25881905 | AO7: =1*COS(RADIANS((360+$A7*180)-360)) -> 0.96592583 | AP7: =0.9*SIN(RADIANS((540+$A7*180)-360)) -> -0.23293714 | AQ7: =0.9*COS(RADIANS((540+$A7*180)-360)) -> -0.86933324 | AR7: =0.8*SIN(RADIANS((720+$A7*180)-360)) -> 0.20705524 | AS7: =0.8*COS(RADIANS((720+$A7*180)-360)) -> 0.77274066 | AT7: =0.7*SIN(RADIANS((900+$A7*180)-360)) -> -0.18117333 | AU7: =0.7*COS(RADIANS((900+$A7*180)-360)) -> -0.67614808
A8: =6/60 -> 0.1 | B8: =(360-Simulador!$B$7)+$A8*((540+Simulador!$B$8)-(360-Simulador!$B$7)) -> 365 | C8: =1*SIN(RADIANS(B8-360)) -> 0.087155743 | D8: =1*COS(RADIANS(B8-360)) -> 0.9961947 | E8: =(540+Simulador!$B$8)+$A8*((720-'Diagrama circular'!$B$9)-(540+Simulador!$B$8)) -> 602 | F8: =0.88*SIN(RADIANS(E8-360)) -> -0.77699388 | G8: =0.88*COS(RADIANS(E8-360)) -> -0.41313498 | H8: =(720-'Diagrama circular'!$B$9)+$A8*((720)-(720-'Diagrama circular'!$B$9)) -> 711 | I8: =0.88*SIN(RADIANS(H8-360)) -> -0.13766233 | J8: =0.88*COS(RADIANS(H8-360)) -> 0.86916574 | K8: =(720)+$A8*((900-Simulador!$B$5)-(720)) -> 733.5 | L8: =0.76*SIN(RADIANS(K8-360)) -> 0.17741848 | M8: =0.76*COS(RADIANS(K8-360)) -> 0.73900114 | N8: =(900-Simulador!$B$5)+$A8*((1080+Simulador!$B$6)-(900-Simulador!$B$5)) -> 879.5 | O8: =0.64*SIN(RADIANS(N8-360)) -> 0.22413272 | P8: =0.64*COS(RADIANS(N8-360)) -> -0.5994702 | Q8: =(360-Simulador!$B$7)+$A8*((360+Simulador!$B$6)-(360-Simulador!$B$7)) -> 344 | R8: =0.42*SIN(RADIANS(Q8-360)) -> -0.11576769 | S8: =0.42*COS(RADIANS(Q8-360)) -> 0.40372991 | AN8: =1*SIN(RADIANS((360+$A8*180)-360)) -> 0.30901699 | AO8: =1*COS(RADIANS((360+$A8*180)-360)) -> 0.95105652 | AP8: =0.9*SIN(RADIANS((540+$A8*180)-360)) -> -0.27811529 | AQ8: =0.9*COS(RADIANS((540+$A8*180)-360)) -> -0.85595086 | AR8: =0.8*SIN(RADIANS((720+$A8*180)-360)) -> 0.2472136 | AS8: =0.8*COS(RADIANS((720+$A8*180)-360)) -> 0.76084521 | AT8: =0.7*SIN(RADIANS((900+$A8*180)-360)) -> -0.2163119 | AU8: =0.7*COS(RADIANS((900+$A8*180)-360)) -> -0.66573956
A9: =7/60 -> 0.11666667 | B9: =(360-Simulador!$B$7)+$A9*((540+Simulador!$B$8)-(360-Simulador!$B$7)) -> 369.16667 | C9: =1*SIN(RADIANS(B9-360)) -> 0.15930687 | D9: =1*COS(RADIANS(B9-360)) -> 0.98722911 | E9: =(540+Simulador!$B$8)+$A9*((720-'Diagrama circular'!$B$9)-(540+Simulador!$B$8)) -> 604 | F9: =0.88*SIN(RADIANS(E9-360)) -> -0.79093876 | G9: =0.88*COS(RADIANS(E9-360)) -> -0.38576661 | H9: =(720-'Diagrama circular'!$B$9)+$A9*((720)-(720-'Diagrama circular'!$B$9)) -> 711.16667 | I9: =0.88*SIN(RADIANS(H9-360)) -> -0.13513345 | J9: =0.88*COS(RADIANS(H9-360)) -> 0.86956251 | K9: =(720)+$A9*((900-Simulador!$B$5)-(720)) -> 735.75 | L9: =0.76*SIN(RADIANS(K9-360)) -> 0.20629474 | M9: =0.76*COS(RADIANS(K9-360)) -> 0.73146598 | N9: =(900-Simulador!$B$5)+$A9*((1080+Simulador!$B$6)-(900-Simulador!$B$5)) -> 883.58333 | O9: =0.64*SIN(RADIANS(N9-360)) -> 0.18087712 | P9: =0.64*COS(RADIANS(N9-360)) -> -0.61390835 | Q9: =(360-Simulador!$B$7)+$A9*((360+Simulador!$B$6)-(360-Simulador!$B$7)) -> 344.66667 | R9: =0.42*SIN(RADIANS(Q9-360)) -> -0.11106235 | S9: =0.42*COS(RADIANS(Q9-360)) -> 0.40504957 | AF9: PMS | AG9: 0 | AH9: 1.42 | AN9: =1*SIN(RADIANS((360+$A9*180)-360)) -> 0.35836795 | AO9: =1*COS(RADIANS((360+$A9*180)-360)) -> 0.93358043 | AP9: =0.9*SIN(RADIANS((540+$A9*180)-360)) -> -0.32253115 | AQ9: =0.9*COS(RADIANS((540+$A9*180)-360)) -> -0.84022238 | AR9: =0.8*SIN(RADIANS((720+$A9*180)-360)) -> 0.28669436 | AS9: =0.8*COS(RADIANS((720+$A9*180)-360)) -> 0.74686434 | AT9: =0.7*SIN(RADIANS((900+$A9*180)-360)) -> -0.25085756 | AU9: =0.7*COS(RADIANS((900+$A9*180)-360)) -> -0.6535063
A10: =8/60 -> 0.13333333 | B10: =(360-Simulador!$B$7)+$A10*((540+Simulador!$B$8)-(360-Simulador!$B$7)) -> 373.33333 | C10: =1*SIN(RADIANS(B10-360)) -> 0.23061587 | D10: =1*COS(RADIANS(B10-360)) -> 0.97304487 | E10: =(540+Simulador!$B$8)+$A10*((720-'Diagrama circular'!$B$9)-(540+Simulador!$B$8)) -> 606 | F10: =0.88*SIN(RADIANS(E10-360)) -> -0.80392 | G10: =0.88*COS(RADIANS(E10-360)) -> -0.35792825 | H10: =(720-'Diagrama circular'!$B$9)+$A10*((720)-(720-'Diagrama circular'!$B$9)) -> 711.33333 | I10: =0.88*SIN(RADIANS(H10-360)) -> -0.13260343 | J10: =0.88*COS(RADIANS(H10-360)) -> 0.86995191 | K10: =(720)+$A10*((900-Simulador!$B$5)-(720)) -> 738 | L10: =0.76*SIN(RADIANS(K10-360)) -> 0.23485292 | M10: =0.76*COS(RADIANS(K10-360)) -> 0.72280295 | N10: =(900-Simulador!$B$5)+$A10*((1080+Simulador!$B$6)-(900-Simulador!$B$5)) -> 887.66667 | O10: =0.64*SIN(RADIANS(N10-360)) -> 0.13670321 | P10: =0.64*COS(RADIANS(N10-360)) -> -0.62522974 | Q10: =(360-Simulador!$B$7)+$A10*((360+Simulador!$B$6)-(360-Simulador!$B$7)) -> 345.33333 | R10: =0.42*SIN(RADIANS(Q10-360)) -> -0.10634197 | S10: =0.42*COS(RADIANS(Q10-360)) -> 0.40631439 | AF10: PMI | AG10: 0 | AH10: -1.42 | AN10: =1*SIN(RADIANS((360+$A10*180)-360)) -> 0.40673664 | AO10: =1*COS(RADIANS((360+$A10*180)-360)) -> 0.91354546 | AP10: =0.9*SIN(RADIANS((540+$A10*180)-360)) -> -0.36606298 | AQ10: =0.9*COS(RADIANS((540+$A10*180)-360)) -> -0.82219091 | AR10: =0.8*SIN(RADIANS((720+$A10*180)-360)) -> 0.32538931 | AS10: =0.8*COS(RADIANS((720+$A10*180)-360)) -> 0.73083637 | AT10: =0.7*SIN(RADIANS((900+$A10*180)-360)) -> -0.28471565 | AU10: =0.7*COS(RADIANS((900+$A10*180)-360)) -> -0.63948182
A11: =9/60 -> 0.15 | B11: =(360-Simulador!$B$7)+$A11*((540+Simulador!$B$8)-(360-Simulador!$B$7)) -> 377.5 | C11: =1*SIN(RADIANS(B11-360)) -> 0.3007058 | D11: =1*COS(RADIANS(B11-360)) -> 0.95371695 | E11: =(540+Simulador!$B$8)+$A11*((720-'Diagrama circular'!$B$9)-(540+Simulador!$B$8)) -> 608 | F11: =0.88*SIN(RADIANS(E11-360)) -> -0.81592179 | G11: =0.88*COS(RADIANS(E11-360)) -> -0.3296538 | H11: =(720-'Diagrama circular'!$B$9)+$A11*((720)-(720-'Diagrama circular'!$B$9)) -> 711.5 | I11: =0.88*SIN(RADIANS(H11-360)) -> -0.13007228 | J11: =0.88*COS(RADIANS(H11-360)) -> 0.87033396 | K11: =(720)+$A11*((900-Simulador!$B$5)-(720)) -> 740.25 | L11: =0.76*SIN(RADIANS(K11-360)) -> 0.26304896 | M11: =0.76*COS(RADIANS(K11-360)) -> 0.71302542 | N11: =(900-Simulador!$B$5)+$A11*((1080+Simulador!$B$6)-(900-Simulador!$B$5)) -> 891.75 | O11: =0.64*SIN(RADIANS(N11-360)) -> 0.091835278 | P11: =0.64*COS(RADIANS(N11-360)) -> -0.63337689 | Q11: =(360-Simulador!$B$7)+$A11*((360+Simulador!$B$6)-(360-Simulador!$B$7)) -> 346 | R11: =0.42*SIN(RADIANS(Q11-360)) -> -0.1016072 | S11: =0.42*COS(RADIANS(Q11-360)) -> 0.40752421 | AN11: =1*SIN(RADIANS((360+$A11*180)-360)) -> 0.4539905 | AO11: =1*COS(RADIANS((360+$A11*180)-360)) -> 0.89100652 | AP11: =0.9*SIN(RADIANS((540+$A11*180)-360)) -> -0.40859145 | AQ11: =0.9*COS(RADIANS((540+$A11*180)-360)) -> -0.80190587 | AR11: =0.8*SIN(RADIANS((720+$A11*180)-360)) -> 0.3631924 | AS11: =0.8*COS(RADIANS((720+$A11*180)-360)) -> 0.71280522 | AT11: =0.7*SIN(RADIANS((900+$A11*180)-360)) -> -0.31779335 | AU11: =0.7*COS(RADIANS((900+$A11*180)-360)) -> -0.62370457
A12: =10/60 -> 0.16666667 | B12: =(360-Simulador!$B$7)+$A12*((540+Simulador!$B$8)-(360-Simulador!$B$7)) -> 381.66667 | C12: =1*SIN(RADIANS(B12-360)) -> 0.36920615 | D12: =1*COS(RADIANS(B12-360)) -> 0.92934752 | E12: =(540+Simulador!$B$8)+$A12*((720-'Diagrama circular'!$B$9)-(540+Simulador!$B$8)) -> 610 | F12: =0.88*SIN(RADIANS(E12-360)) -> -0.82692951 | G12: =0.88*COS(RADIANS(E12-360)) -> -0.30097773 | H12: =(720-'Diagrama circular'!$B$9)+$A12*((720)-(720-'Diagrama circular'!$B$9)) -> 711.66667 | I12: =0.88*SIN(RADIANS(H12-360)) -> -0.12754004 | J12: =0.88*COS(RADIANS(H12-360)) -> 0.87070864 | K12: =(720)+$A12*((900-Simulador!$B$5)-(720)) -> 742.5 | L12: =0.76*SIN(RADIANS(K12-360)) -> 0.29083941 | M12: =0.76*COS(RADIANS(K12-360)) -> 0.70214844 | N12: =(900-Simulador!$B$5)+$A12*((1080+Simulador!$B$6)-(900-Simulador!$B$5)) -> 895.83333 | O12: =0.64*SIN(RADIANS(N12-360)) -> 0.046501101 | P12: =0.64*COS(RADIANS(N12-360)) -> -0.63830843 | Q12: =(360-Simulador!$B$7)+$A12*((360+Simulador!$B$6)-(360-Simulador!$B$7)) -> 346.66667 | R12: =0.42*SIN(RADIANS(Q12-360)) -> -0.096858666 | S12: =0.42*COS(RADIANS(Q12-360)) -> 0.40867885 | AF12: Eje | AG12: 0 | AH12: 1.3 | AN12: =1*SIN(RADIANS((360+$A12*180)-360)) -> 0.5 | AO12: =1*COS(RADIANS((360+$A12*180)-360)) -> 0.8660254 | AP12: =0.9*SIN(RADIANS((540+$A12*180)-360)) -> -0.45 | AQ12: =0.9*COS(RADIANS((540+$A12*180)-360)) -> -0.77942286 | AR12: =0.8*SIN(RADIANS((720+$A12*180)-360)) -> 0.4 | AS12: =0.8*COS(RADIANS((720+$A12*180)-360)) -> 0.69282032 | AT12: =0.7*SIN(RADIANS((900+$A12*180)-360)) -> -0.35 | AU12: =0.7*COS(RADIANS((900+$A12*180)-360)) -> -0.60621778
A13: =11/60 -> 0.18333333 | B13: =(360-Simulador!$B$7)+$A13*((540+Simulador!$B$8)-(360-Simulador!$B$7)) -> 385.83333 | C13: =1*SIN(RADIANS(B13-360)) -> 0.43575481 | D13: =1*COS(RADIANS(B13-360)) -> 0.90006541 | E13: =(540+Simulador!$B$8)+$A13*((720-'Diagrama circular'!$B$9)-(540+Simulador!$B$8)) -> 612 | F13: =0.88*SIN(RADIANS(E13-360)) -> -0.83692973 | G13: =0.88*COS(RADIANS(E13-360)) -> -0.27193496 | H13: =(720-'Diagrama circular'!$B$9)+$A13*((720)-(720-'Diagrama circular'!$B$9)) -> 711.83333 | I13: =0.88*SIN(RADIANS(H13-360)) -> -0.12500671 | J13: =0.88*COS(RADIANS(H13-360)) -> 0.87107596 | K13: =(720)+$A13*((900-Simulador!$B$5)-(720)) -> 744.75 | L13: =0.76*SIN(RADIANS(K13-360)) -> 0.3181814 | M13: =0.76*COS(RADIANS(K13-360)) -> 0.69018881 | N13: =(900-Simulador!$B$5)+$A13*((1080+Simulador!$B$6)-(900-Simulador!$B$5)) -> 899.91667 | O13: =0.64*SIN(RADIANS(N13-360)) -> 0.00093084194 | P13: =0.64*COS(RADIANS(N13-360)) -> -0.63999932 | Q13: =(360-Simulador!$B$7)+$A13*((360+Simulador!$B$6)-(360-Simulador!$B$7)) -> 347.33333 | R13: =0.42*SIN(RADIANS(Q13-360)) -> -0.092097022 | S13: =0.42*COS(RADIANS(Q13-360)) -> 0.40977816 | AG13: 0 | AH13: -1.3 | AN13: =1*SIN(RADIANS((360+$A13*180)-360)) -> 0.54463904 | AO13: =1*COS(RADIANS((360+$A13*180)-360)) -> 0.83867057 | AP13: =0.9*SIN(RADIANS((540+$A13*180)-360)) -> -0.49017513 | AQ13: =0.9*COS(RADIANS((540+$A13*180)-360)) -> -0.75480351 | AR13: =0.8*SIN(RADIANS((720+$A13*180)-360)) -> 0.43571123 | AS13: =0.8*COS(RADIANS((720+$A13*180)-360)) -> 0.67093645 | AT13: =0.7*SIN(RADIANS((900+$A13*180)-360)) -> -0.38124732 | AU13: =0.7*COS(RADIANS((900+$A13*180)-360)) -> -0.5870694
A14: =12/60 -> 0.2 | B14: =(360-Simulador!$B$7)+$A14*((540+Simulador!$B$8)-(360-Simulador!$B$7)) -> 390 | C14: =1*SIN(RADIANS(B14-360)) -> 0.5 | D14: =1*COS(RADIANS(B14-360)) -> 0.8660254 | E14: =(540+Simulador!$B$8)+$A14*((720-'Diagrama circular'!$B$9)-(540+Simulador!$B$8)) -> 614 | F14: =0.88*SIN(RADIANS(E14-360)) -> -0.84591029 | G14: =0.88*COS(RADIANS(E14-360)) -> -0.24256087 | H14: =(720-'Diagrama circular'!$B$9)+$A14*((720)-(720-'Diagrama circular'!$B$9)) -> 712 | I14: =0.88*SIN(RADIANS(H14-360)) -> -0.12247233 | J14: =0.88*COS(RADIANS(H14-360)) -> 0.8714359 | K14: =(720)+$A14*((900-Simulador!$B$5)-(720)) -> 747 | L14: =0.76*SIN(RADIANS(K14-360)) -> 0.34503278 | M14: =0.76*COS(RADIANS(K14-360)) -> 0.67716496 | N14: =(900-Simulador!$B$5)+$A14*((1080+Simulador!$B$6)-(900-Simulador!$B$5)) -> 904 | O14: =0.64*SIN(RADIANS(N14-360)) -> -0.044644143 | P14: =0.64*COS(RADIANS(N14-360)) -> -0.63844099 | Q14: =(360-Simulador!$B$7)+$A14*((360+Simulador!$B$6)-(360-Simulador!$B$7)) -> 348 | R14: =0.42*SIN(RADIANS(Q14-360)) -> -0.08732291 | S14: =0.42*COS(RADIANS(Q14-360)) -> 0.41082199 | AN14: =1*SIN(RADIANS((360+$A14*180)-360)) -> 0.58778525 | AO14: =1*COS(RADIANS((360+$A14*180)-360)) -> 0.80901699 | AP14: =0.9*SIN(RADIANS((540+$A14*180)-360)) -> -0.52900673 | AQ14: =0.9*COS(RADIANS((540+$A14*180)-360)) -> -0.72811529 | AR14: =0.8*SIN(RADIANS((720+$A14*180)-360)) -> 0.4702282 | AS14: =0.8*COS(RADIANS((720+$A14*180)-360)) -> 0.6472136 | AT14: =0.7*SIN(RADIANS((900+$A14*180)-360)) -> -0.41144968 | AU14: =0.7*COS(RADIANS((900+$A14*180)-360)) -> -0.5663119
A15: =13/60 -> 0.21666667 | B15: =(360-Simulador!$B$7)+$A15*((540+Simulador!$B$8)-(360-Simulador!$B$7)) -> 394.16667 | C15: =1*SIN(RADIANS(B15-360)) -> 0.56160211 | D15: =1*COS(RADIANS(B15-360)) -> 0.82740744 | E15: =(540+Simulador!$B$8)+$A15*((720-'Diagrama circular'!$B$9)-(540+Simulador!$B$8)) -> 616 | F15: =0.88*SIN(RADIANS(E15-360)) -> -0.85386024 | G15: =0.88*COS(RADIANS(E15-360)) -> -0.21289127 | H15: =(720-'Diagrama circular'!$B$9)+$A15*((720)-(720-'Diagrama circular'!$B$9)) -> 712.16667 | I15: =0.88*SIN(RADIANS(H15-360)) -> -0.11993691 | J15: =0.88*COS(RADIANS(H15-360)) -> 0.87178847 | K15: =(720)+$A15*((900-Simulador!$B$5)-(720)) -> 749.25 | L15: =0.76*SIN(RADIANS(K15-360)) -> 0.37135214 | M15: =0.76*COS(RADIANS(K15-360)) -> 0.66309697 | N15: =(900-Simulador!$B$5)+$A15*((1080+Simulador!$B$6)-(900-Simulador!$B$5)) -> 908.08333 | O15: =0.64*SIN(RADIANS(N15-360)) -> -0.089992473 | P15: =0.64*COS(RADIANS(N15-360)) -> -0.63364135 | Q15: =(360-Simulador!$B$7)+$A15*((360+Simulador!$B$6)-(360-Simulador!$B$7)) -> 348.66667 | R15: =0.42*SIN(RADIANS(Q15-360)) -> -0.082536976 | S15: =0.42*COS(RADIANS(Q15-360)) -> 0.41181021 | AN15: =1*SIN(RADIANS((360+$A15*180)-360)) -> 0.62932039 | AO15: =1*COS(RADIANS((360+$A15*180)-360)) -> 0.77714596 | AP15: =0.9*SIN(RADIANS((540+$A15*180)-360)) -> -0.56638835 | AQ15: =0.9*COS(RADIANS((540+$A15*180)-360)) -> -0.69943137 | AR15: =0.8*SIN(RADIANS((720+$A15*180)-360)) -> 0.50345631 | AS15: =0.8*COS(RADIANS((720+$A15*180)-360)) -> 0.62171677 | AT15: =0.7*SIN(RADIANS((900+$A15*180)-360)) -> -0.44052427 | AU15: =0.7*COS(RADIANS((900+$A15*180)-360)) -> -0.54400217
A16: =14/60 -> 0.23333333 | B16: =(360-Simulador!$B$7)+$A16*((540+Simulador!$B$8)-(360-Simulador!$B$7)) -> 398.33333 | C16: =1*SIN(RADIANS(B16-360)) -> 0.62023549 | D16: =1*COS(RADIANS(B16-360)) -> 0.78441566 | E16: =(540+Simulador!$B$8)+$A16*((720-'Diagrama circular'!$B$9)-(540+Simulador!$B$8)) -> 618 | F16: =0.88*SIN(RADIANS(E16-360)) -> -0.86076989 | G16: =0.88*COS(RADIANS(E16-360)) -> -0.18296229 | H16: =(720-'Diagrama circular'!$B$9)+$A16*((720)-(720-'Diagrama circular'!$B$9)) -> 712.33333 | I16: =0.88*SIN(RADIANS(H16-360)) -> -0.11740048 | J16: =0.88*COS(RADIANS(H16-360)) -> 0.87213366 | K16: =(720)+$A16*((900-Simulador!$B$5)-(720)) -> 751.5 | L16: =0.76*SIN(RADIANS(K16-360)) -> 0.39709891 | M16: =0.76*COS(RADIANS(K16-360)) -> 0.64800652 | N16: =(900-Simulador!$B$5)+$A16*((1080+Simulador!$B$6)-(900-Simulador!$B$5)) -> 912.16667 | O16: =0.64*SIN(RADIANS(N16-360)) -> -0.13488392 | P16: =0.64*COS(RADIANS(N16-360)) -> -0.62562475 | Q16: =(360-Simulador!$B$7)+$A16*((360+Simulador!$B$6)-(360-Simulador!$B$7)) -> 349.33333 | R16: =0.42*SIN(RADIANS(Q16-360)) -> -0.077739868 | S16: =0.42*COS(RADIANS(Q16-360)) -> 0.41274267 | AN16: =1*SIN(RADIANS((360+$A16*180)-360)) -> 0.66913061 | AO16: =1*COS(RADIANS((360+$A16*180)-360)) -> 0.74314483 | AP16: =0.9*SIN(RADIANS((540+$A16*180)-360)) -> -0.60221755 | AQ16: =0.9*COS(RADIANS((540+$A16*180)-360)) -> -0.66883034 | AR16: =0.8*SIN(RADIANS((720+$A16*180)-360)) -> 0.53530449 | AS16: =0.8*COS(RADIANS((720+$A16*180)-360)) -> 0.59451586 | AT16: =0.7*SIN(RADIANS((900+$A16*180)-360)) -> -0.46839142 | AU16: =0.7*COS(RADIANS((900+$A16*180)-360)) -> -0.52020138
A17: =15/60 -> 0.25 | B17: =(360-Simulador!$B$7)+$A17*((540+Simulador!$B$8)-(360-Simulador!$B$7)) -> 402.5 | C17: =1*SIN(RADIANS(B17-360)) -> 0.67559021 | D17: =1*COS(RADIANS(B17-360)) -> 0.73727734 | E17: =(540+Simulador!$B$8)+$A17*((720-'Diagrama circular'!$B$9)-(540+Simulador!$B$8)) -> 620 | F17: =0.88*SIN(RADIANS(E17-360)) -> -0.86663082 | G17: =0.88*COS(RADIANS(E17-360)) -> -0.1528104 | H17: =(720-'Diagrama circular'!$B$9)+$A17*((720)-(720-'Diagrama circular'!$B$9)) -> 712.5 | I17: =0.88*SIN(RADIANS(H17-360)) -> -0.11486305 | J17: =0.88*COS(RADIANS(H17-360)) -> 0.87247148 | K17: =(720)+$A17*((900-Simulador!$B$5)-(720)) -> 753.75 | L17: =0.76*SIN(RADIANS(K17-360)) -> 0.42223338 | M17: =0.76*COS(RADIANS(K17-360)) -> 0.63191691 | N17: =(900-Simulador!$B$5)+$A17*((1080+Simulador!$B$6)-(900-Simulador!$B$5)) -> 916.25 | O17: =0.64*SIN(RADIANS(N17-360)) -> -0.17909057 | P17: =0.64*COS(RADIANS(N17-360)) -> -0.61443191 | Q17: =(360-Simulador!$B$7)+$A17*((360+Simulador!$B$6)-(360-Simulador!$B$7)) -> 350 | R17: =0.42*SIN(RADIANS(Q17-360)) -> -0.072932235 | S17: =0.42*COS(RADIANS(Q17-360)) -> 0.41361926 | AN17: =1*SIN(RADIANS((360+$A17*180)-360)) -> 0.70710678 | AO17: =1*COS(RADIANS((360+$A17*180)-360)) -> 0.70710678 | AP17: =0.9*SIN(RADIANS((540+$A17*180)-360)) -> -0.6363961 | AQ17: =0.9*COS(RADIANS((540+$A17*180)-360)) -> -0.6363961 | AR17: =0.8*SIN(RADIANS((720+$A17*180)-360)) -> 0.56568542 | AS17: =0.8*COS(RADIANS((720+$A17*180)-360)) -> 0.56568542 | AT17: =0.7*SIN(RADIANS((900+$A17*180)-360)) -> -0.49497475 | AU17: =0.7*COS(RADIANS((900+$A17*180)-360)) -> -0.49497475
A18: =16/60 -> 0.26666667 | B18: =(360-Simulador!$B$7)+$A18*((540+Simulador!$B$8)-(360-Simulador!$B$7)) -> 406.66667 | C18: =1*SIN(RADIANS(B18-360)) -> 0.72737364 | D18: =1*COS(RADIANS(B18-360)) -> 0.68624164 | E18: =(540+Simulador!$B$8)+$A18*((720-'Diagrama circular'!$B$9)-(540+Simulador!$B$8)) -> 622 | F18: =0.88*SIN(RADIANS(E18-360)) -> -0.8714359 | G18: =0.88*COS(RADIANS(E18-360)) -> -0.12247233 | H18: =(720-'Diagrama circular'!$B$9)+$A18*((720)-(720-'Diagrama circular'!$B$9)) -> 712.66667 | I18: =0.88*SIN(RADIANS(H18-360)) -> -0.11232465 | J18: =0.88*COS(RADIANS(H18-360)) -> 0.87280191 | K18: =(720)+$A18*((900-Simulador!$B$5)-(720)) -> 756 | L18: =0.76*SIN(RADIANS(K18-360)) -> 0.44671679 | M18: =0.76*COS(RADIANS(K18-360)) -> 0.61485292 | N18: =(900-Simulador!$B$5)+$A18*((1080+Simulador!$B$6)-(900-Simulador!$B$5)) -> 920.33333 | O18: =0.64*SIN(RADIANS(N18-360)) -> -0.22238799 | P18: =0.64*COS(RADIANS(N18-360)) -> -0.60011964 | Q18: =(360-Simulador!$B$7)+$A18*((360+Simulador!$B$6)-(360-Simulador!$B$7)) -> 350.66667 | R18: =0.42*SIN(RADIANS(Q18-360)) -> -0.068114728 | S18: =0.42*COS(RADIANS(Q18-360)) -> 0.41443984 | AN18: =1*SIN(RADIANS((360+$A18*180)-360)) -> 0.74314483 | AO18: =1*COS(RADIANS((360+$A18*180)-360)) -> 0.66913061 | AP18: =0.9*SIN(RADIANS((540+$A18*180)-360)) -> -0.66883034 | AQ18: =0.9*COS(RADIANS((540+$A18*180)-360)) -> -0.60221755 | AR18: =0.8*SIN(RADIANS((720+$A18*180)-360)) -> 0.59451586 | AS18: =0.8*COS(RADIANS((720+$A18*180)-360)) -> 0.53530449 | AT18: =0.7*SIN(RADIANS((900+$A18*180)-360)) -> -0.52020138 | AU18: =0.7*COS(RADIANS((900+$A18*180)-360)) -> -0.46839142
A19: =17/60 -> 0.28333333 | B19: =(360-Simulador!$B$7)+$A19*((540+Simulador!$B$8)-(360-Simulador!$B$7)) -> 410.83333 | C19: =1*SIN(RADIANS(B19-360)) -> 0.77531206 | D19: =1*COS(RADIANS(B19-360)) -> 0.63157835 | E19: =(540+Simulador!$B$8)+$A19*((720-'Diagrama circular'!$B$9)-(540+Simulador!$B$8)) -> 624 | F19: =0.88*SIN(RADIANS(E19-360)) -> -0.87517927 | G19: =0.88*COS(RADIANS(E19-360)) -> -0.091985048 | H19: =(720-'Diagrama circular'!$B$9)+$A19*((720)-(720-'Diagrama circular'!$B$9)) -> 712.83333 | I19: =0.88*SIN(RADIANS(H19-360)) -> -0.1097853 | J19: =0.88*COS(RADIANS(H19-360)) -> 0.87312496 | K19: =(720)+$A19*((900-Simulador!$B$5)-(720)) -> 758.25 | L19: =0.76*SIN(RADIANS(K19-360)) -> 0.4705114 | M19: =0.76*COS(RADIANS(K19-360)) -> 0.59684087 | N19: =(900-Simulador!$B$5)+$A19*((1080+Simulador!$B$6)-(900-Simulador!$B$5)) -> 924.41667 | O19: =0.64*SIN(RADIANS(N19-360)) -> -0.26455636 | P19: =0.64*COS(RADIANS(N19-360)) -> -0.58276061 | Q19: =(360-Simulador!$B$7)+$A19*((360+Simulador!$B$6)-(360-Simulador!$B$7)) -> 351.33333 | R19: =0.42*SIN(RADIANS(Q19-360)) -> -0.063287999 | S19: =0.42*COS(RADIANS(Q19-360)) -> 0.41520432 | AN19: =1*SIN(RADIANS((360+$A19*180)-360)) -> 0.77714596 | AO19: =1*COS(RADIANS((360+$A19*180)-360)) -> 0.62932039 | AP19: =0.9*SIN(RADIANS((540+$A19*180)-360)) -> -0.69943137 | AQ19: =0.9*COS(RADIANS((540+$A19*180)-360)) -> -0.56638835 | AR19: =0.8*SIN(RADIANS((720+$A19*180)-360)) -> 0.62171677 | AS19: =0.8*COS(RADIANS((720+$A19*180)-360)) -> 0.50345631 | AT19: =0.7*SIN(RADIANS((900+$A19*180)-360)) -> -0.54400217 | AU19: =0.7*COS(RADIANS((900+$A19*180)-360)) -> -0.44052427
A20: =18/60 -> 0.3 | B20: =(360-Simulador!$B$7)+$A20*((540+Simulador!$B$8)-(360-Simulador!$B$7)) -> 415 | C20: =1*SIN(RADIANS(B20-360)) -> 0.81915204 | D20: =1*COS(RADIANS(B20-360)) -> 0.57357644 | E20: =(540+Simulador!$B$8)+$A20*((720-'Diagrama circular'!$B$9)-(540+Simulador!$B$8)) -> 626 | F20: =0.88*SIN(RADIANS(E20-360)) -> -0.87785636 | G20: =0.88*COS(RADIANS(E20-360)) -> -0.061385697 | H20: =(720-'Diagrama circular'!$B$9)+$A20*((720)-(720-'Diagrama circular'!$B$9)) -> 713 | I20: =0.88*SIN(RADIANS(H20-360)) -> -0.10724502 | J20: =0.88*COS(RADIANS(H20-360)) -> 0.87344061 | K20: =(720)+$A20*((900-Simulador!$B$5)-(720)) -> 760.5 | L20: =0.76*SIN(RADIANS(K20-360)) -> 0.49358052 | M20: =0.76*COS(RADIANS(K20-360)) -> 0.57790853 | N20: =(900-Simulador!$B$5)+$A20*((1080+Simulador!$B$6)-(900-Simulador!$B$5)) -> 928.5 | O20: =0.64*SIN(RADIANS(N20-360)) -> -0.30538161 | P20: =0.64*COS(RADIANS(N20-360)) -> -0.56244295 | Q20: =(360-Simulador!$B$7)+$A20*((360+Simulador!$B$6)-(360-Simulador!$B$7)) -> 352 | R20: =0.42*SIN(RADIANS(Q20-360)) -> -0.058452702 | S20: =0.42*COS(RADIANS(Q20-360)) -> 0.41591259 | V20: AAA rayo | X20: 0 | Y20: 0 | AN20: =1*SIN(RADIANS((360+$A20*180)-360)) -> 0.80901699 | AO20: =1*COS(RADIANS((360+$A20*180)-360)) -> 0.58778525 | AP20: =0.9*SIN(RADIANS((540+$A20*180)-360)) -> -0.72811529 | AQ20: =0.9*COS(RADIANS((540+$A20*180)-360)) -> -0.52900673 | AR20: =0.8*SIN(RADIANS((720+$A20*180)-360)) -> 0.6472136 | AS20: =0.8*COS(RADIANS((720+$A20*180)-360)) -> 0.4702282 | AT20: =0.7*SIN(RADIANS((900+$A20*180)-360)) -> -0.5663119 | AU20: =0.7*COS(RADIANS((900+$A20*180)-360)) -> -0.41144968
A21: =19/60 -> 0.31666667 | B21: =(360-Simulador!$B$7)+$A21*((540+Simulador!$B$8)-(360-Simulador!$B$7)) -> 419.16667 | C21: =1*SIN(RADIANS(B21-360)) -> 0.85866186 | D21: =1*COS(RADIANS(B21-360)) -> 0.5125425 | E21: =(540+Simulador!$B$8)+$A21*((720-'Diagrama circular'!$B$9)-(540+Simulador!$B$8)) -> 628 | F21: =0.88*SIN(RADIANS(E21-360)) -> -0.87946393 | G21: =0.88*COS(RADIANS(E21-360)) -> -0.030711557 | H21: =(720-'Diagrama circular'!$B$9)+$A21*((720)-(720-'Diagrama circular'!$B$9)) -> 713.16667 | I21: =0.88*SIN(RADIANS(H21-360)) -> -0.10470384 | J21: =0.88*COS(RADIANS(H21-360)) -> 0.87374888 | K21: =(720)+$A21*((900-Simulador!$B$5)-(720)) -> 762.75 | L21: =0.76*SIN(RADIANS(K21-360)) -> 0.51588857 | M21: =0.76*COS(RADIANS(K21-360)) -> 0.55808511 | N21: =(900-Simulador!$B$5)+$A21*((1080+Simulador!$B$6)-(900-Simulador!$B$5)) -> 932.58333 | O21: =0.64*SIN(RADIANS(N21-360)) -> -0.34465645 | P21: =0.64*COS(RADIANS(N21-360)) -> -0.53926981 | Q21: =(360-Simulador!$B$7)+$A21*((360+Simulador!$B$6)-(360-Simulador!$B$7)) -> 352.66667 | R21: =0.42*SIN(RADIANS(Q21-360)) -> -0.053609492 | S21: =0.42*COS(RADIANS(Q21-360)) -> 0.41656455 | X21: =Z2 -> -0.38306256 | Y21: =AA2 -> 1.0524557 | AN21: =1*SIN(RADIANS((360+$A21*180)-360)) -> 0.83867057 | AO21: =1*COS(RADIANS((360+$A21*180)-360)) -> 0.54463904 | AP21: =0.9*SIN(RADIANS((540+$A21*180)-360)) -> -0.75480351 | AQ21: =0.9*COS(RADIANS((540+$A21*180)-360)) -> -0.49017513 | AR21: =0.8*SIN(RADIANS((720+$A21*180)-360)) -> 0.67093645 | AS21: =0.8*COS(RADIANS((720+$A21*180)-360)) -> 0.43571123 | AT21: =0.7*SIN(RADIANS((900+$A21*180)-360)) -> -0.5870694 | AU21: =0.7*COS(RADIANS((900+$A21*180)-360)) -> -0.38124732
A22: =20/60 -> 0.33333333 | B22: =(360-Simulador!$B$7)+$A22*((540+Simulador!$B$8)-(360-Simulador!$B$7)) -> 423.33333 | C22: =1*SIN(RADIANS(B22-360)) -> 0.89363264 | D22: =1*COS(RADIANS(B22-360)) -> 0.44879918 | E22: =(540+Simulador!$B$8)+$A22*((720-'Diagrama circular'!$B$9)-(540+Simulador!$B$8)) -> 630 | F22: =0.88*SIN(RADIANS(E22-360)) -> -0.88 | G22: =0.88*COS(RADIANS(E22-360)) -> -1.617196e-16 | H22: =(720-'Diagrama circular'!$B$9)+$A22*((720)-(720-'Diagrama circular'!$B$9)) -> 713.33333 | I22: =0.88*SIN(RADIANS(H22-360)) -> -0.10216176 | J22: =0.88*COS(RADIANS(H22-360)) -> 0.87404975 | K22: =(720)+$A22*((900-Simulador!$B$5)-(720)) -> 765 | L22: =0.76*SIN(RADIANS(K22-360)) -> 0.53740115 | M22: =0.76*COS(RADIANS(K22-360)) -> 0.53740115 | N22: =(900-Simulador!$B$5)+$A22*((1080+Simulador!$B$6)-(900-Simulador!$B$5)) -> 936.66667 | O22: =0.64*SIN(RADIANS(N22-360)) -> -0.3821815 | P22: =0.64*COS(RADIANS(N22-360)) -> -0.51335884 | Q22: =(360-Simulador!$B$7)+$A22*((360+Simulador!$B$6)-(360-Simulador!$B$7)) -> 353.33333 | R22: =0.42*SIN(RADIANS(Q22-360)) -> -0.048759024 | S22: =0.42*COS(RADIANS(Q22-360)) -> 0.41716011 | V22: RCA rayo | X22: 0 | Y22: 0 | AN22: =1*SIN(RADIANS((360+$A22*180)-360)) -> 0.8660254 | AO22: =1*COS(RADIANS((360+$A22*180)-360)) -> 0.5 | AP22: =0.9*SIN(RADIANS((540+$A22*180)-360)) -> -0.77942286 | AQ22: =0.9*COS(RADIANS((540+$A22*180)-360)) -> -0.45 | AR22: =0.8*SIN(RADIANS((720+$A22*180)-360)) -> 0.69282032 | AS22: =0.8*COS(RADIANS((720+$A22*180)-360)) -> 0.4 | AT22: =0.7*SIN(RADIANS((900+$A22*180)-360)) -> -0.60621778 | AU22: =0.7*COS(RADIANS((900+$A22*180)-360)) -> -0.35
A23: =21/60 -> 0.35 | B23: =(360-Simulador!$B$7)+$A23*((540+Simulador!$B$8)-(360-Simulador!$B$7)) -> 427.5 | C23: =1*SIN(RADIANS(B23-360)) -> 0.92387953 | D23: =1*COS(RADIANS(B23-360)) -> 0.38268343 | E23: =(540+Simulador!$B$8)+$A23*((720-'Diagrama circular'!$B$9)-(540+Simulador!$B$8)) -> 632 | F23: =0.88*SIN(RADIANS(E23-360)) -> -0.87946393 | G23: =0.88*COS(RADIANS(E23-360)) -> 0.030711557 | H23: =(720-'Diagrama circular'!$B$9)+$A23*((720)-(720-'Diagrama circular'!$B$9)) -> 713.5 | I23: =0.88*SIN(RADIANS(H23-360)) -> -0.099618828 | J23: =0.88*COS(RADIANS(H23-360)) -> 0.87434323 | K23: =(720)+$A23*((900-Simulador!$B$5)-(720)) -> 767.25 | L23: =0.76*SIN(RADIANS(K23-360)) -> 0.55808511 | M23: =0.76*COS(RADIANS(K23-360)) -> 0.51588857 | N23: =(900-Simulador!$B$5)+$A23*((1080+Simulador!$B$6)-(900-Simulador!$B$5)) -> 940.75 | O23: =0.64*SIN(RADIANS(N23-360)) -> -0.41776624 | P23: =0.64*COS(RADIANS(N23-360)) -> -0.48484159 | Q23: =(360-Simulador!$B$7)+$A23*((360+Simulador!$B$6)-(360-Simulador!$B$7)) -> 354 | R23: =0.42*SIN(RADIANS(Q23-360)) -> -0.043901955 | S23: =0.42*COS(RADIANS(Q23-360)) -> 0.4176992 | X23: =Z3 -> -0.85796978 | Y23: =AA3 -> -0.71992212 | AN23: =1*SIN(RADIANS((360+$A23*180)-360)) -> 0.89100652 | AO23: =1*COS(RADIANS((360+$A23*180)-360)) -> 0.4539905 | AP23: =0.9*SIN(RADIANS((540+$A23*180)-360)) -> -0.80190587 | AQ23: =0.9*COS(RADIANS((540+$A23*180)-360)) -> -0.40859145 | AR23: =0.8*SIN(RADIANS((720+$A23*180)-360)) -> 0.71280522 | AS23: =0.8*COS(RADIANS((720+$A23*180)-360)) -> 0.3631924 | AT23: =0.7*SIN(RADIANS((900+$A23*180)-360)) -> -0.62370457 | AU23: =0.7*COS(RADIANS((900+$A23*180)-360)) -> -0.31779335
A24: =22/60 -> 0.36666667 | B24: =(360-Simulador!$B$7)+$A24*((540+Simulador!$B$8)-(360-Simulador!$B$7)) -> 431.66667 | C24: =1*SIN(RADIANS(B24-360)) -> 0.94924264 | D24: =1*COS(RADIANS(B24-360)) -> 0.31454476 | E24: =(540+Simulador!$B$8)+$A24*((720-'Diagrama circular'!$B$9)-(540+Simulador!$B$8)) -> 634 | F24: =0.88*SIN(RADIANS(E24-360)) -> -0.87785636 | G24: =0.88*COS(RADIANS(E24-360)) -> 0.061385697 | H24: =(720-'Diagrama circular'!$B$9)+$A24*((720)-(720-'Diagrama circular'!$B$9)) -> 713.66667 | I24: =0.88*SIN(RADIANS(H24-360)) -> -0.097075049 | J24: =0.88*COS(RADIANS(H24-360)) -> 0.87462931 | K24: =(720)+$A24*((900-Simulador!$B$5)-(720)) -> 769.5 | L24: =0.76*SIN(RADIANS(K24-360)) -> 0.57790853 | M24: =0.76*COS(RADIANS(K24-360)) -> 0.49358052 | N24: =(900-Simulador!$B$5)+$A24*((1080+Simulador!$B$6)-(900-Simulador!$B$5)) -> 944.83333 | O24: =0.64*SIN(RADIANS(N24-360)) -> -0.45123002 | P24: =0.64*COS(RADIANS(N24-360)) -> -0.45386283 | Q24: =(360-Simulador!$B$7)+$A24*((360+Simulador!$B$6)-(360-Simulador!$B$7)) -> 354.66667 | R24: =0.42*SIN(RADIANS(Q24-360)) -> -0.039038942 | S24: =0.42*COS(RADIANS(Q24-360)) -> 0.41818173 | V24: AE rayo | X24: 0 | Y24: 0 | AN24: =1*SIN(RADIANS((360+$A24*180)-360)) -> 0.91354546 | AO24: =1*COS(RADIANS((360+$A24*180)-360)) -> 0.40673664 | AP24: =0.9*SIN(RADIANS((540+$A24*180)-360)) -> -0.82219091 | AQ24: =0.9*COS(RADIANS((540+$A24*180)-360)) -> -0.36606298 | AR24: =0.8*SIN(RADIANS((720+$A24*180)-360)) -> 0.73083637 | AS24: =0.8*COS(RADIANS((720+$A24*180)-360)) -> 0.32538931 | AT24: =0.7*SIN(RADIANS((900+$A24*180)-360)) -> -0.63948182 | AU24: =0.7*COS(RADIANS((900+$A24*180)-360)) -> -0.28471565
A25: =23/60 -> 0.38333333 | B25: =(360-Simulador!$B$7)+$A25*((540+Simulador!$B$8)-(360-Simulador!$B$7)) -> 435.83333 | C25: =1*SIN(RADIANS(B25-360)) -> 0.9695879 | D25: =1*COS(RADIANS(B25-360)) -> 0.24474334 | E25: =(540+Simulador!$B$8)+$A25*((720-'Diagrama circular'!$B$9)-(540+Simulador!$B$8)) -> 636 | F25: =0.88*SIN(RADIANS(E25-360)) -> -0.87517927 | G25: =0.88*COS(RADIANS(E25-360)) -> 0.091985048 | H25: =(720-'Diagrama circular'!$B$9)+$A25*((720)-(720-'Diagrama circular'!$B$9)) -> 713.83333 | I25: =0.88*SIN(RADIANS(H25-360)) -> -0.094530448 | J25: =0.88*COS(RADIANS(H25-360)) -> 0.87490799 | K25: =(720)+$A25*((900-Simulador!$B$5)-(720)) -> 771.75 | L25: =0.76*SIN(RADIANS(K25-360)) -> 0.59684087 | M25: =0.76*COS(RADIANS(K25-360)) -> 0.4705114 | N25: =(900-Simulador!$B$5)+$A25*((1080+Simulador!$B$6)-(900-Simulador!$B$5)) -> 948.91667 | O25: =0.64*SIN(RADIANS(N25-360)) -> -0.48240293 | P25: =0.64*COS(RADIANS(N25-360)) -> -0.42057985 | Q25: =(360-Simulador!$B$7)+$A25*((360+Simulador!$B$6)-(360-Simulador!$B$7)) -> 355.33333 | R25: =0.42*SIN(RADIANS(Q25-360)) -> -0.034170643 | S25: =0.42*COS(RADIANS(Q25-360)) -> 0.41860765 | X25: =Z4 -> -0.19448596 | Y25: =AA4 -> 1.1029847 | AN25: =1*SIN(RADIANS((360+$A25*180)-360)) -> 0.93358043 | AO25: =1*COS(RADIANS((360+$A25*180)-360)) -> 0.35836795 | AP25: =0.9*SIN(RADIANS((540+$A25*180)-360)) -> -0.84022238 | AQ25: =0.9*COS(RADIANS((540+$A25*180)-360)) -> -0.32253115 | AR25: =0.8*SIN(RADIANS((720+$A25*180)-360)) -> 0.74686434 | AS25: =0.8*COS(RADIANS((720+$A25*180)-360)) -> 0.28669436 | AT25: =0.7*SIN(RADIANS((900+$A25*180)-360)) -> -0.6535063 | AU25: =0.7*COS(RADIANS((900+$A25*180)-360)) -> -0.25085756
A26: =24/60 -> 0.4 | B26: =(360-Simulador!$B$7)+$A26*((540+Simulador!$B$8)-(360-Simulador!$B$7)) -> 440 | C26: =1*SIN(RADIANS(B26-360)) -> 0.98480775 | D26: =1*COS(RADIANS(B26-360)) -> 0.17364818 | E26: =(540+Simulador!$B$8)+$A26*((720-'Diagrama circular'!$B$9)-(540+Simulador!$B$8)) -> 638 | F26: =0.88*SIN(RADIANS(E26-360)) -> -0.8714359 | G26: =0.88*COS(RADIANS(E26-360)) -> 0.12247233 | H26: =(720-'Diagrama circular'!$B$9)+$A26*((720)-(720-'Diagrama circular'!$B$9)) -> 714 | I26: =0.88*SIN(RADIANS(H26-360)) -> -0.091985048 | J26: =0.88*COS(RADIANS(H26-360)) -> 0.87517927 | K26: =(720)+$A26*((900-Simulador!$B$5)-(720)) -> 774 | L26: =0.76*SIN(RADIANS(K26-360)) -> 0.61485292 | M26: =0.76*COS(RADIANS(K26-360)) -> 0.44671679 | N26: =(900-Simulador!$B$5)+$A26*((1080+Simulador!$B$6)-(900-Simulador!$B$5)) -> 953 | O26: =0.64*SIN(RADIANS(N26-360)) -> -0.51112673 | P26: =0.64*COS(RADIANS(N26-360)) -> -0.38516161 | Q26: =(360-Simulador!$B$7)+$A26*((360+Simulador!$B$6)-(360-Simulador!$B$7)) -> 356 | R26: =0.42*SIN(RADIANS(Q26-360)) -> -0.029297719 | S26: =0.42*COS(RADIANS(Q26-360)) -> 0.4189769 | V26: AAE rayo | X26: 0 | Y26: 0 | AN26: =1*SIN(RADIANS((360+$A26*180)-360)) -> 0.95105652 | AO26: =1*COS(RADIANS((360+$A26*180)-360)) -> 0.30901699 | AP26: =0.9*SIN(RADIANS((540+$A26*180)-360)) -> -0.85595086 | AQ26: =0.9*COS(RADIANS((540+$A26*180)-360)) -> -0.27811529 | AR26: =0.8*SIN(RADIANS((720+$A26*180)-360)) -> 0.76084521 | AS26: =0.8*COS(RADIANS((720+$A26*180)-360)) -> 0.2472136 | AT26: =0.7*SIN(RADIANS((900+$A26*180)-360)) -> -0.66573956 | AU26: =0.7*COS(RADIANS((900+$A26*180)-360)) -> -0.2163119
A27: =25/60 -> 0.41666667 | B27: =(360-Simulador!$B$7)+$A27*((540+Simulador!$B$8)-(360-Simulador!$B$7)) -> 444.16667 | C27: =1*SIN(RADIANS(B27-360)) -> 0.99482175 | D27: =1*COS(RADIANS(B27-360)) -> 0.10163508 | E27: =(540+Simulador!$B$8)+$A27*((720-'Diagrama circular'!$B$9)-(540+Simulador!$B$8)) -> 640 | F27: =0.88*SIN(RADIANS(E27-360)) -> -0.86663082 | G27: =0.88*COS(RADIANS(E27-360)) -> 0.1528104 | H27: =(720-'Diagrama circular'!$B$9)+$A27*((720)-(720-'Diagrama circular'!$B$9)) -> 714.16667 | I27: =0.88*SIN(RADIANS(H27-360)) -> -0.089438869 | J27: =0.88*COS(RADIANS(H27-360)) -> 0.87544314 | K27: =(720)+$A27*((900-Simulador!$B$5)-(720)) -> 776.25 | L27: =0.76*SIN(RADIANS(K27-360)) -> 0.63191691 | M27: =0.76*COS(RADIANS(K27-360)) -> 0.42223338 | N27: =(900-Simulador!$B$5)+$A27*((1080+Simulador!$B$6)-(900-Simulador!$B$5)) -> 957.08333 | O27: =0.64*SIN(RADIANS(N27-360)) -> -0.53725557 | P27: =0.64*COS(RADIANS(N27-360)) -> -0.34778794 | Q27: =(360-Simulador!$B$7)+$A27*((360+Simulador!$B$6)-(360-Simulador!$B$7)) -> 356.66667 | R27: =0.42*SIN(RADIANS(Q27-360)) -> -0.024420828 | S27: =0.42*COS(RADIANS(Q27-360)) -> 0.41928943 | X27: =Z5 -> 0.79195959 | Y27: =AA5 -> -0.79195959 | AN27: =1*SIN(RADIANS((360+$A27*180)-360)) -> 0.96592583 | AO27: =1*COS(RADIANS((360+$A27*180)-360)) -> 0.25881905 | AP27: =0.9*SIN(RADIANS((540+$A27*180)-360)) -> -0.86933324 | AQ27: =0.9*COS(RADIANS((540+$A27*180)-360)) -> -0.23293714 | AR27: =0.8*SIN(RADIANS((720+$A27*180)-360)) -> 0.77274066 | AS27: =0.8*COS(RADIANS((720+$A27*180)-360)) -> 0.20705524 | AT27: =0.7*SIN(RADIANS((900+$A27*180)-360)) -> -0.67614808 | AU27: =0.7*COS(RADIANS((900+$A27*180)-360)) -> -0.18117333
A28: =26/60 -> 0.43333333 | B28: =(360-Simulador!$B$7)+$A28*((540+Simulador!$B$8)-(360-Simulador!$B$7)) -> 448.33333 | C28: =1*SIN(RADIANS(B28-360)) -> 0.99957695 | D28: =1*COS(RADIANS(B28-360)) -> 0.029084719 | E28: =(540+Simulador!$B$8)+$A28*((720-'Diagrama circular'!$B$9)-(540+Simulador!$B$8)) -> 642 | F28: =0.88*SIN(RADIANS(E28-360)) -> -0.86076989 | G28: =0.88*COS(RADIANS(E28-360)) -> 0.18296229 | H28: =(720-'Diagrama circular'!$B$9)+$A28*((720)-(720-'Diagrama circular'!$B$9)) -> 714.33333 | I28: =0.88*SIN(RADIANS(H28-360)) -> -0.086891933 | J28: =0.88*COS(RADIANS(H28-360)) -> 0.8756996 | K28: =(720)+$A28*((900-Simulador!$B$5)-(720)) -> 778.5 | L28: =0.76*SIN(RADIANS(K28-360)) -> 0.64800652 | M28: =0.76*COS(RADIANS(K28-360)) -> 0.39709891 | N28: =(900-Simulador!$B$5)+$A28*((1080+Simulador!$B$6)-(900-Simulador!$B$5)) -> 961.16667 | O28: =0.64*SIN(RADIANS(N28-360)) -> -0.56065681 | P28: =0.64*COS(RADIANS(N28-360)) -> -0.30864858 | Q28: =(360-Simulador!$B$7)+$A28*((360+Simulador!$B$6)-(360-Simulador!$B$7)) -> 357.33333 | R28: =0.42*SIN(RADIANS(Q28-360)) -> -0.019540631 | S28: =0.42*COS(RADIANS(Q28-360)) -> 0.41954519 | V28: RCE rayo | X28: 0 | Y28: 0 | AN28: =1*SIN(RADIANS((360+$A28*180)-360)) -> 0.9781476 | AO28: =1*COS(RADIANS((360+$A28*180)-360)) -> 0.20791169 | AP28: =0.9*SIN(RADIANS((540+$A28*180)-360)) -> -0.88033284 | AQ28: =0.9*COS(RADIANS((540+$A28*180)-360)) -> -0.18712052 | AR28: =0.8*SIN(RADIANS((720+$A28*180)-360)) -> 0.78251808 | AS28: =0.8*COS(RADIANS((720+$A28*180)-360)) -> 0.16632935 | AT28: =0.7*SIN(RADIANS((900+$A28*180)-360)) -> -0.68470332 | AU28: =0.7*COS(RADIANS((900+$A28*180)-360)) -> -0.14553818
A29: =27/60 -> 0.45 | B29: =(360-Simulador!$B$7)+$A29*((540+Simulador!$B$8)-(360-Simulador!$B$7)) -> 452.5 | C29: =1*SIN(RADIANS(B29-360)) -> 0.99904822 | D29: =1*COS(RADIANS(B29-360)) -> -0.043619387 | E29: =(540+Simulador!$B$8)+$A29*((720-'Diagrama circular'!$B$9)-(540+Simulador!$B$8)) -> 644 | F29: =0.88*SIN(RADIANS(E29-360)) -> -0.85386024 | G29: =0.88*COS(RADIANS(E29-360)) -> 0.21289127 | H29: =(720-'Diagrama circular'!$B$9)+$A29*((720)-(720-'Diagrama circular'!$B$9)) -> 714.5 | I29: =0.88*SIN(RADIANS(H29-360)) -> -0.084344262 | J29: =0.88*COS(RADIANS(H29-360)) -> 0.87594865 | K29: =(720)+$A29*((900-Simulador!$B$5)-(720)) -> 780.75 | L29: =0.76*SIN(RADIANS(K29-360)) -> 0.66309697 | M29: =0.76*COS(RADIANS(K29-360)) -> 0.37135214 | N29: =(900-Simulador!$B$5)+$A29*((1080+Simulador!$B$6)-(900-Simulador!$B$5)) -> 965.25 | O29: =0.64*SIN(RADIANS(N29-360)) -> -0.58121163 | P29: =0.64*COS(RADIANS(N29-360)) -> -0.26794223 | Q29: =(360-Simulador!$B$7)+$A29*((360+Simulador!$B$6)-(360-Simulador!$B$7)) -> 358 | R29: =0.42*SIN(RADIANS(Q29-360)) -> -0.014657789 | S29: =0.42*COS(RADIANS(Q29-360)) -> 0.41974415 | X29: =Z6 -> 0.38306256 | Y29: =AA6 -> 1.0524557 | AN29: =1*SIN(RADIANS((360+$A29*180)-360)) -> 0.98768834 | AO29: =1*COS(RADIANS((360+$A29*180)-360)) -> 0.15643447 | AP29: =0.9*SIN(RADIANS((540+$A29*180)-360)) -> -0.88891951 | AQ29: =0.9*COS(RADIANS((540+$A29*180)-360)) -> -0.14079102 | AR29: =0.8*SIN(RADIANS((720+$A29*180)-360)) -> 0.79015067 | AS29: =0.8*COS(RADIANS((720+$A29*180)-360)) -> 0.12514757 | AT29: =0.7*SIN(RADIANS((900+$A29*180)-360)) -> -0.69138184 | AU29: =0.7*COS(RADIANS((900+$A29*180)-360)) -> -0.10950413
A30: =28/60 -> 0.46666667 | B30: =(360-Simulador!$B$7)+$A30*((540+Simulador!$B$8)-(360-Simulador!$B$7)) -> 456.66667 | C30: =1*SIN(RADIANS(B30-360)) -> 0.99323836 | D30: =1*COS(RADIANS(B30-360)) -> -0.11609291 | E30: =(540+Simulador!$B$8)+$A30*((720-'Diagrama circular'!$B$9)-(540+Simulador!$B$8)) -> 646 | F30: =0.88*SIN(RADIANS(E30-360)) -> -0.84591029 | G30: =0.88*COS(RADIANS(E30-360)) -> 0.24256087 | H30: =(720-'Diagrama circular'!$B$9)+$A30*((720)-(720-'Diagrama circular'!$B$9)) -> 714.66667 | I30: =0.88*SIN(RADIANS(H30-360)) -> -0.081795878 | J30: =0.88*COS(RADIANS(H30-360)) -> 0.8761903 | K30: =(720)+$A30*((900-Simulador!$B$5)-(720)) -> 783 | L30: =0.76*SIN(RADIANS(K30-360)) -> 0.67716496 | M30: =0.76*COS(RADIANS(K30-360)) -> 0.34503278 | N30: =(900-Simulador!$B$5)+$A30*((1080+Simulador!$B$6)-(900-Simulador!$B$5)) -> 969.33333 | O30: =0.64*SIN(RADIANS(N30-360)) -> -0.59881569 | P30: =0.64*COS(RADIANS(N30-360)) -> -0.22587556 | Q30: =(360-Simulador!$B$7)+$A30*((360+Simulador!$B$6)-(360-Simulador!$B$7)) -> 358.66667 | R30: =0.42*SIN(RADIANS(Q30-360)) -> -0.0097729617 | S30: =0.42*COS(RADIANS(Q30-360)) -> 0.41988628 | AN30: =1*SIN(RADIANS((360+$A30*180)-360)) -> 0.9945219 | AO30: =1*COS(RADIANS((360+$A30*180)-360)) -> 0.10452846 | AP30: =0.9*SIN(RADIANS((540+$A30*180)-360)) -> -0.89506971 | AQ30: =0.9*COS(RADIANS((540+$A30*180)-360)) -> -0.094075617 | AR30: =0.8*SIN(RADIANS((720+$A30*180)-360)) -> 0.79561752 | AS30: =0.8*COS(RADIANS((720+$A30*180)-360)) -> 0.083622771 | AT30: =0.7*SIN(RADIANS((900+$A30*180)-360)) -> -0.69616533 | AU30: =0.7*COS(RADIANS((900+$A30*180)-360)) -> -0.073169924
A31: =29/60 -> 0.48333333 | B31: =(360-Simulador!$B$7)+$A31*((540+Simulador!$B$8)-(360-Simulador!$B$7)) -> 460.83333 | C31: =1*SIN(RADIANS(B31-360)) -> 0.98217807 | D31: =1*COS(RADIANS(B31-360)) -> -0.18795275 | E31: =(540+Simulador!$B$8)+$A31*((720-'Diagrama circular'!$B$9)-(540+Simulador!$B$8)) -> 648 | F31: =0.88*SIN(RADIANS(E31-360)) -> -0.83692973 | G31: =0.88*COS(RADIANS(E31-360)) -> 0.27193496 | H31: =(720-'Diagrama circular'!$B$9)+$A31*((720)-(720-'Diagrama circular'!$B$9)) -> 714.83333 | I31: =0.88*SIN(RADIANS(H31-360)) -> -0.079246801 | J31: =0.88*COS(RADIANS(H31-360)) -> 0.87642452 | K31: =(720)+$A31*((900-Simulador!$B$5)-(720)) -> 785.25 | L31: =0.76*SIN(RADIANS(K31-360)) -> 0.69018881 | M31: =0.76*COS(RADIANS(K31-360)) -> 0.3181814 | N31: =(900-Simulador!$B$5)+$A31*((1080+Simulador!$B$6)-(900-Simulador!$B$5)) -> 973.41667 | O31: =0.64*SIN(RADIANS(N31-360)) -> -0.61337961 | P31: =0.64*COS(RADIANS(N31-360)) -> -0.18266214 | Q31: =(360-Simulador!$B$7)+$A31*((360+Simulador!$B$6)-(360-Simulador!$B$7)) -> 359.33333 | R31: =0.42*SIN(RADIANS(Q31-360)) -> -0.0048868116 | S31: =0.42*COS(RADIANS(Q31-360)) -> 0.41997157 | AN31: =1*SIN(RADIANS((360+$A31*180)-360)) -> 0.99862953 | AO31: =1*COS(RADIANS((360+$A31*180)-360)) -> 0.052335956 | AP31: =0.9*SIN(RADIANS((540+$A31*180)-360)) -> -0.89876658 | AQ31: =0.9*COS(RADIANS((540+$A31*180)-360)) -> -0.047102361 | AR31: =0.8*SIN(RADIANS((720+$A31*180)-360)) -> 0.79890363 | AS31: =0.8*COS(RADIANS((720+$A31*180)-360)) -> 0.041868765 | AT31: =0.7*SIN(RADIANS((900+$A31*180)-360)) -> -0.69904067 | AU31: =0.7*COS(RADIANS((900+$A31*180)-360)) -> -0.036635169
A32: =30/60 -> 0.5 | B32: =(360-Simulador!$B$7)+$A32*((540+Simulador!$B$8)-(360-Simulador!$B$7)) -> 465 | C32: =1*SIN(RADIANS(B32-360)) -> 0.96592583 | D32: =1*COS(RADIANS(B32-360)) -> -0.25881905 | E32: =(540+Simulador!$B$8)+$A32*((720-'Diagrama circular'!$B$9)-(540+Simulador!$B$8)) -> 650 | F32: =0.88*SIN(RADIANS(E32-360)) -> -0.82692951 | G32: =0.88*COS(RADIANS(E32-360)) -> 0.30097773 | H32: =(720-'Diagrama circular'!$B$9)+$A32*((720)-(720-'Diagrama circular'!$B$9)) -> 715 | I32: =0.88*SIN(RADIANS(H32-360)) -> -0.076697054 | J32: =0.88*COS(RADIANS(H32-360)) -> 0.87665133 | K32: =(720)+$A32*((900-Simulador!$B$5)-(720)) -> 787.5 | L32: =0.76*SIN(RADIANS(K32-360)) -> 0.70214844 | M32: =0.76*COS(RADIANS(K32-360)) -> 0.29083941 | N32: =(900-Simulador!$B$5)+$A32*((1080+Simulador!$B$6)-(900-Simulador!$B$5)) -> 977.5 | O32: =0.64*SIN(RADIANS(N32-360)) -> -0.62482944 | P32: =0.64*COS(RADIANS(N32-360)) -> -0.13852135 | Q32: =(360-Simulador!$B$7)+$A32*((360+Simulador!$B$6)-(360-Simulador!$B$7)) -> 360 | R32: =0.42*SIN(RADIANS(Q32-360)) -> 0 | S32: =0.42*COS(RADIANS(Q32-360)) -> 0.42 | AN32: =1*SIN(RADIANS((360+$A32*180)-360)) -> 1 | AO32: =1*COS(RADIANS((360+$A32*180)-360)) -> 6.1257423e-17 | AP32: =0.9*SIN(RADIANS((540+$A32*180)-360)) -> -0.9 | AQ32: =0.9*COS(RADIANS((540+$A32*180)-360)) -> -1.6539504e-16 | AR32: =0.8*SIN(RADIANS((720+$A32*180)-360)) -> 0.8 | AS32: =0.8*COS(RADIANS((720+$A32*180)-360)) -> 2.4502969e-16 | AT32: =0.7*SIN(RADIANS((900+$A32*180)-360)) -> -0.7 | AU32: =0.7*COS(RADIANS((900+$A32*180)-360)) -> -3.0016137e-16
A33: =31/60 -> 0.51666667 | B33: =(360-Simulador!$B$7)+$A33*((540+Simulador!$B$8)-(360-Simulador!$B$7)) -> 469.16667 | C33: =1*SIN(RADIANS(B33-360)) -> 0.94456754 | D33: =1*COS(RADIANS(B33-360)) -> -0.32831718 | E33: =(540+Simulador!$B$8)+$A33*((720-'Diagrama circular'!$B$9)-(540+Simulador!$B$8)) -> 652 | F33: =0.88*SIN(RADIANS(E33-360)) -> -0.81592179 | G33: =0.88*COS(RADIANS(E33-360)) -> 0.3296538 | H33: =(720-'Diagrama circular'!$B$9)+$A33*((720)-(720-'Diagrama circular'!$B$9)) -> 715.16667 | I33: =0.88*SIN(RADIANS(H33-360)) -> -0.074146657 | J33: =0.88*COS(RADIANS(H33-360)) -> 0.87687073 | K33: =(720)+$A33*((900-Simulador!$B$5)-(720)) -> 789.75 | L33: =0.76*SIN(RADIANS(K33-360)) -> 0.71302542 | M33: =0.76*COS(RADIANS(K33-360)) -> 0.26304896 | N33: =(900-Simulador!$B$5)+$A33*((1080+Simulador!$B$6)-(900-Simulador!$B$5)) -> 981.58333 | O33: =0.64*SIN(RADIANS(N33-360)) -> -0.63310707 | P33: =0.64*COS(RADIANS(N33-360)) -> -0.093677306 | Q33: =(360-Simulador!$B$7)+$A33*((360+Simulador!$B$6)-(360-Simulador!$B$7)) -> 360.66667 | R33: =0.42*SIN(RADIANS(Q33-360)) -> 0.0048868116 | S33: =0.42*COS(RADIANS(Q33-360)) -> 0.41997157 | AN33: =1*SIN(RADIANS((360+$A33*180)-360)) -> 0.99862953 | AO33: =1*COS(RADIANS((360+$A33*180)-360)) -> -0.052335956 | AP33: =0.9*SIN(RADIANS((540+$A33*180)-360)) -> -0.89876658 | AQ33: =0.9*COS(RADIANS((540+$A33*180)-360)) -> 0.047102361 | AR33: =0.8*SIN(RADIANS((720+$A33*180)-360)) -> 0.79890363 | AS33: =0.8*COS(RADIANS((720+$A33*180)-360)) -> -0.041868765 | AT33: =0.7*SIN(RADIANS((900+$A33*180)-360)) -> -0.69904067 | AU33: =0.7*COS(RADIANS((900+$A33*180)-360)) -> 0.036635169
A34: =32/60 -> 0.53333333 | B34: =(360-Simulador!$B$7)+$A34*((540+Simulador!$B$8)-(360-Simulador!$B$7)) -> 473.33333 | C34: =1*SIN(RADIANS(B34-360)) -> 0.91821611 | D34: =1*COS(RADIANS(B34-360)) -> -0.39607977 | E34: =(540+Simulador!$B$8)+$A34*((720-'Diagrama circular'!$B$9)-(540+Simulador!$B$8)) -> 654 | F34: =0.88*SIN(RADIANS(E34-360)) -> -0.80392 | G34: =0.88*COS(RADIANS(E34-360)) -> 0.35792825 | H34: =(720-'Diagrama circular'!$B$9)+$A34*((720)-(720-'Diagrama circular'!$B$9)) -> 715.33333 | I34: =0.88*SIN(RADIANS(H34-360)) -> -0.071595634 | J34: =0.88*COS(RADIANS(H34-360)) -> 0.8770827 | K34: =(720)+$A34*((900-Simulador!$B$5)-(720)) -> 792 | L34: =0.76*SIN(RADIANS(K34-360)) -> 0.72280295 | M34: =0.76*COS(RADIANS(K34-360)) -> 0.23485292 | N34: =(900-Simulador!$B$5)+$A34*((1080+Simulador!$B$6)-(900-Simulador!$B$5)) -> 985.66667 | O34: =0.64*SIN(RADIANS(N34-360)) -> -0.63817046 | P34: =0.64*COS(RADIANS(N34-360)) -> -0.048357666 | Q34: =(360-Simulador!$B$7)+$A34*((360+Simulador!$B$6)-(360-Simulador!$B$7)) -> 361.33333 | R34: =0.42*SIN(RADIANS(Q34-360)) -> 0.0097729617 | S34: =0.42*COS(RADIANS(Q34-360)) -> 0.41988628 | AN34: =1*SIN(RADIANS((360+$A34*180)-360)) -> 0.9945219 | AO34: =1*COS(RADIANS((360+$A34*180)-360)) -> -0.10452846 | AP34: =0.9*SIN(RADIANS((540+$A34*180)-360)) -> -0.89506971 | AQ34: =0.9*COS(RADIANS((540+$A34*180)-360)) -> 0.094075617 | AR34: =0.8*SIN(RADIANS((720+$A34*180)-360)) -> 0.79561752 | AS34: =0.8*COS(RADIANS((720+$A34*180)-360)) -> -0.083622771 | AT34: =0.7*SIN(RADIANS((900+$A34*180)-360)) -> -0.69616533 | AU34: =0.7*COS(RADIANS((900+$A34*180)-360)) -> 0.073169924
A35: =33/60 -> 0.55 | B35: =(360-Simulador!$B$7)+$A35*((540+Simulador!$B$8)-(360-Simulador!$B$7)) -> 477.5 | C35: =1*SIN(RADIANS(B35-360)) -> 0.88701083 | D35: =1*COS(RADIANS(B35-360)) -> -0.46174861 | E35: =(540+Simulador!$B$8)+$A35*((720-'Diagrama circular'!$B$9)-(540+Simulador!$B$8)) -> 656 | F35: =0.88*SIN(RADIANS(E35-360)) -> -0.79093876 | G35: =0.88*COS(RADIANS(E35-360)) -> 0.38576661 | H35: =(720-'Diagrama circular'!$B$9)+$A35*((720)-(720-'Diagrama circular'!$B$9)) -> 715.5 | I35: =0.88*SIN(RADIANS(H35-360)) -> -0.069044004 | J35: =0.88*COS(RADIANS(H35-360)) -> 0.87728725 | K35: =(720)+$A35*((900-Simulador!$B$5)-(720)) -> 794.25 | L35: =0.76*SIN(RADIANS(K35-360)) -> 0.73146598 | M35: =0.76*COS(RADIANS(K35-360)) -> 0.20629474 | N35: =(900-Simulador!$B$5)+$A35*((1080+Simulador!$B$6)-(900-Simulador!$B$5)) -> 989.75 | O35: =0.64*SIN(RADIANS(N35-360)) -> -0.63999391 | P35: =0.64*COS(RADIANS(N35-360)) -> -0.0027925179 | Q35: =(360-Simulador!$B$7)+$A35*((360+Simulador!$B$6)-(360-Simulador!$B$7)) -> 362 | R35: =0.42*SIN(RADIANS(Q35-360)) -> 0.014657789 | S35: =0.42*COS(RADIANS(Q35-360)) -> 0.41974415 | AN35: =1*SIN(RADIANS((360+$A35*180)-360)) -> 0.98768834 | AO35: =1*COS(RADIANS((360+$A35*180)-360)) -> -0.15643447 | AP35: =0.9*SIN(RADIANS((540+$A35*180)-360)) -> -0.88891951 | AQ35: =0.9*COS(RADIANS((540+$A35*180)-360)) -> 0.14079102 | AR35: =0.8*SIN(RADIANS((720+$A35*180)-360)) -> 0.79015067 | AS35: =0.8*COS(RADIANS((720+$A35*180)-360)) -> -0.12514757 | AT35: =0.7*SIN(RADIANS((900+$A35*180)-360)) -> -0.69138184 | AU35: =0.7*COS(RADIANS((900+$A35*180)-360)) -> 0.10950413
A36: =34/60 -> 0.56666667 | B36: =(360-Simulador!$B$7)+$A36*((540+Simulador!$B$8)-(360-Simulador!$B$7)) -> 481.66667 | C36: =1*SIN(RADIANS(B36-360)) -> 0.85111667 | D36: =1*COS(RADIANS(B36-360)) -> -0.52497658 | E36: =(540+Simulador!$B$8)+$A36*((720-'Diagrama circular'!$B$9)-(540+Simulador!$B$8)) -> 658 | F36: =0.88*SIN(RADIANS(E36-360)) -> -0.77699388 | G36: =0.88*COS(RADIANS(E36-360)) -> 0.41313498 | H36: =(720-'Diagrama circular'!$B$9)+$A36*((720)-(720-'Diagrama circular'!$B$9)) -> 715.66667 | I36: =0.88*SIN(RADIANS(H36-360)) -> -0.066491791 | J36: =0.88*COS(RADIANS(H36-360)) -> 0.87748438 | K36: =(720)+$A36*((900-Simulador!$B$5)-(720)) -> 796.5 | L36: =0.76*SIN(RADIANS(K36-360)) -> 0.73900114 | M36: =0.76*COS(RADIANS(K36-360)) -> 0.17741848 | N36: =(900-Simulador!$B$5)+$A36*((1080+Simulador!$B$6)-(900-Simulador!$B$5)) -> 993.83333 | O36: =0.64*SIN(RADIANS(N36-360)) -> -0.63856816 | P36: =0.64*COS(RADIANS(N36-360)) -> 0.042786807 | Q36: =(360-Simulador!$B$7)+$A36*((360+Simulador!$B$6)-(360-Simulador!$B$7)) -> 362.66667 | R36: =0.42*SIN(RADIANS(Q36-360)) -> 0.019540631 | S36: =0.42*COS(RADIANS(Q36-360)) -> 0.41954519 | AN36: =1*SIN(RADIANS((360+$A36*180)-360)) -> 0.9781476 | AO36: =1*COS(RADIANS((360+$A36*180)-360)) -> -0.20791169 | AP36: =0.9*SIN(RADIANS((540+$A36*180)-360)) -> -0.88033284 | AQ36: =0.9*COS(RADIANS((540+$A36*180)-360)) -> 0.18712052 | AR36: =0.8*SIN(RADIANS((720+$A36*180)-360)) -> 0.78251808 | AS36: =0.8*COS(RADIANS((720+$A36*180)-360)) -> -0.16632935 | AT36: =0.7*SIN(RADIANS((900+$A36*180)-360)) -> -0.68470332 | AU36: =0.7*COS(RADIANS((900+$A36*180)-360)) -> 0.14553818
A37: =35/60 -> 0.58333333 | B37: =(360-Simulador!$B$7)+$A37*((540+Simulador!$B$8)-(360-Simulador!$B$7)) -> 485.83333 | C37: =1*SIN(RADIANS(B37-360)) -> 0.81072337 | D37: =1*COS(RADIANS(B37-360)) -> -0.58542943 | E37: =(540+Simulador!$B$8)+$A37*((720-'Diagrama circular'!$B$9)-(540+Simulador!$B$8)) -> 660 | F37: =0.88*SIN(RADIANS(E37-360)) -> -0.76210236 | G37: =0.88*COS(RADIANS(E37-360)) -> 0.44 | H37: =(720-'Diagrama circular'!$B$9)+$A37*((720)-(720-'Diagrama circular'!$B$9)) -> 715.83333 | I37: =0.88*SIN(RADIANS(H37-360)) -> -0.063939014 | J37: =0.88*COS(RADIANS(H37-360)) -> 0.87767409 | K37: =(720)+$A37*((900-Simulador!$B$5)-(720)) -> 798.75 | L37: =0.76*SIN(RADIANS(K37-360)) -> 0.74539681 | M37: =0.76*COS(RADIANS(K37-360)) -> 0.14826864 | N37: =(900-Simulador!$B$5)+$A37*((1080+Simulador!$B$6)-(900-Simulador!$B$5)) -> 997.91667 | O37: =0.64*SIN(RADIANS(N37-360)) -> -0.63390044 | P37: =0.64*COS(RADIANS(N37-360)) -> 0.088148907 | Q37: =(360-Simulador!$B$7)+$A37*((360+Simulador!$B$6)-(360-Simulador!$B$7)) -> 363.33333 | R37: =0.42*SIN(RADIANS(Q37-360)) -> 0.024420828 | S37: =0.42*COS(RADIANS(Q37-360)) -> 0.41928943 | AN37: =1*SIN(RADIANS((360+$A37*180)-360)) -> 0.96592583 | AO37: =1*COS(RADIANS((360+$A37*180)-360)) -> -0.25881905 | AP37: =0.9*SIN(RADIANS((540+$A37*180)-360)) -> -0.86933324 | AQ37: =0.9*COS(RADIANS((540+$A37*180)-360)) -> 0.23293714 | AR37: =0.8*SIN(RADIANS((720+$A37*180)-360)) -> 0.77274066 | AS37: =0.8*COS(RADIANS((720+$A37*180)-360)) -> -0.20705524 | AT37: =0.7*SIN(RADIANS((900+$A37*180)-360)) -> -0.67614808 | AU37: =0.7*COS(RADIANS((900+$A37*180)-360)) -> 0.18117333
A38: =36/60 -> 0.6 | B38: =(360-Simulador!$B$7)+$A38*((540+Simulador!$B$8)-(360-Simulador!$B$7)) -> 490 | C38: =1*SIN(RADIANS(B38-360)) -> 0.76604444 | D38: =1*COS(RADIANS(B38-360)) -> -0.64278761 | E38: =(540+Simulador!$B$8)+$A38*((720-'Diagrama circular'!$B$9)-(540+Simulador!$B$8)) -> 662 | F38: =0.88*SIN(RADIANS(E38-360)) -> -0.74628232 | G38: =0.88*COS(RADIANS(E38-360)) -> 0.46632895 | H38: =(720-'Diagrama circular'!$B$9)+$A38*((720)-(720-'Diagrama circular'!$B$9)) -> 716 | I38: =0.88*SIN(RADIANS(H38-360)) -> -0.061385697 | J38: =0.88*COS(RADIANS(H38-360)) -> 0.87785636 | K38: =(720)+$A38*((900-Simulador!$B$5)-(720)) -> 801 | L38: =0.76*SIN(RADIANS(K38-360)) -> 0.75064314 | M38: =0.76*COS(RADIANS(K38-360)) -> 0.11889019 | N38: =(900-Simulador!$B$5)+$A38*((1080+Simulador!$B$6)-(900-Simulador!$B$5)) -> 1002 | O38: =0.64*SIN(RADIANS(N38-360)) -> -0.62601446 | P38: =0.64*COS(RADIANS(N38-360)) -> 0.13306348 | Q38: =(360-Simulador!$B$7)+$A38*((360+Simulador!$B$6)-(360-Simulador!$B$7)) -> 364 | R38: =0.42*SIN(RADIANS(Q38-360)) -> 0.029297719 | S38: =0.42*COS(RADIANS(Q38-360)) -> 0.4189769 | AN38: =1*SIN(RADIANS((360+$A38*180)-360)) -> 0.95105652 | AO38: =1*COS(RADIANS((360+$A38*180)-360)) -> -0.30901699 | AP38: =0.9*SIN(RADIANS((540+$A38*180)-360)) -> -0.85595086 | AQ38: =0.9*COS(RADIANS((540+$A38*180)-360)) -> 0.27811529 | AR38: =0.8*SIN(RADIANS((720+$A38*180)-360)) -> 0.76084521 | AS38: =0.8*COS(RADIANS((720+$A38*180)-360)) -> -0.2472136 | AT38: =0.7*SIN(RADIANS((900+$A38*180)-360)) -> -0.66573956 | AU38: =0.7*COS(RADIANS((900+$A38*180)-360)) -> 0.2163119
A39: =37/60 -> 0.61666667 | B39: =(360-Simulador!$B$7)+$A39*((540+Simulador!$B$8)-(360-Simulador!$B$7)) -> 494.16667 | C39: =1*SIN(RADIANS(B39-360)) -> 0.71731608 | D39: =1*COS(RADIANS(B39-360)) -> -0.6967479 | E39: =(540+Simulador!$B$8)+$A39*((720-'Diagrama circular'!$B$9)-(540+Simulador!$B$8)) -> 664 | F39: =0.88*SIN(RADIANS(E39-360)) -> -0.72955306 | G39: =0.88*COS(RADIANS(E39-360)) -> 0.49208976 | H39: =(720-'Diagrama circular'!$B$9)+$A39*((720)-(720-'Diagrama circular'!$B$9)) -> 716.16667 | I39: =0.88*SIN(RADIANS(H39-360)) -> -0.05883186 | J39: =0.88*COS(RADIANS(H39-360)) -> 0.87803121 | K39: =(720)+$A39*((900-Simulador!$B$5)-(720)) -> 803.25 | L39: =0.76*SIN(RADIANS(K39-360)) -> 0.75473203 | M39: =0.76*COS(RADIANS(K39-360)) -> 0.089328422 | N39: =(900-Simulador!$B$5)+$A39*((1080+Simulador!$B$6)-(900-Simulador!$B$5)) -> 1006.0833 | O39: =0.64*SIN(RADIANS(N39-360)) -> -0.61495026 | P39: =0.64*COS(RADIANS(N39-360)) -> 0.1773025 | Q39: =(360-Simulador!$B$7)+$A39*((360+Simulador!$B$6)-(360-Simulador!$B$7)) -> 364.66667 | R39: =0.42*SIN(RADIANS(Q39-360)) -> 0.034170643 | S39: =0.42*COS(RADIANS(Q39-360)) -> 0.41860765 | AN39: =1*SIN(RADIANS((360+$A39*180)-360)) -> 0.93358043 | AO39: =1*COS(RADIANS((360+$A39*180)-360)) -> -0.35836795 | AP39: =0.9*SIN(RADIANS((540+$A39*180)-360)) -> -0.84022238 | AQ39: =0.9*COS(RADIANS((540+$A39*180)-360)) -> 0.32253115 | AR39: =0.8*SIN(RADIANS((720+$A39*180)-360)) -> 0.74686434 | AS39: =0.8*COS(RADIANS((720+$A39*180)-360)) -> -0.28669436 | AT39: =0.7*SIN(RADIANS((900+$A39*180)-360)) -> -0.6535063 | AU39: =0.7*COS(RADIANS((900+$A39*180)-360)) -> 0.25085756
A40: =38/60 -> 0.63333333 | B40: =(360-Simulador!$B$7)+$A40*((540+Simulador!$B$8)-(360-Simulador!$B$7)) -> 498.33333 | C40: =1*SIN(RADIANS(B40-360)) -> 0.66479587 | D40: =1*COS(RADIANS(B40-360)) -> -0.74702507 | E40: =(540+Simulador!$B$8)+$A40*((720-'Diagrama circular'!$B$9)-(540+Simulador!$B$8)) -> 666 | F40: =0.88*SIN(RADIANS(E40-360)) -> -0.71193496 | G40: =0.88*COS(RADIANS(E40-360)) -> 0.51725102 | H40: =(720-'Diagrama circular'!$B$9)+$A40*((720)-(720-'Diagrama circular'!$B$9)) -> 716.33333 | I40: =0.88*SIN(RADIANS(H40-360)) -> -0.056277526 | J40: =0.88*COS(RADIANS(H40-360)) -> 0.87819863 | K40: =(720)+$A40*((900-Simulador!$B$5)-(720)) -> 805.5 | L40: =0.76*SIN(RADIANS(K40-360)) -> 0.75765717 | M40: =0.76*COS(RADIANS(K40-360)) -> 0.059628913 | N40: =(900-Simulador!$B$5)+$A40*((1080+Simulador!$B$6)-(900-Simulador!$B$5)) -> 1010.1667 | O40: =0.64*SIN(RADIANS(N40-360)) -> -0.600764 | P40: =0.64*COS(RADIANS(N40-360)) -> 0.22064137 | Q40: =(360-Simulador!$B$7)+$A40*((360+Simulador!$B$6)-(360-Simulador!$B$7)) -> 365.33333 | R40: =0.42*SIN(RADIANS(Q40-360)) -> 0.039038942 | S40: =0.42*COS(RADIANS(Q40-360)) -> 0.41818173 | AN40: =1*SIN(RADIANS((360+$A40*180)-360)) -> 0.91354546 | AO40: =1*COS(RADIANS((360+$A40*180)-360)) -> -0.40673664 | AP40: =0.9*SIN(RADIANS((540+$A40*180)-360)) -> -0.82219091 | AQ40: =0.9*COS(RADIANS((540+$A40*180)-360)) -> 0.36606298 | AR40: =0.8*SIN(RADIANS((720+$A40*180)-360)) -> 0.73083637 | AS40: =0.8*COS(RADIANS((720+$A40*180)-360)) -> -0.32538931 | AT40: =0.7*SIN(RADIANS((900+$A40*180)-360)) -> -0.63948182 | AU40: =0.7*COS(RADIANS((900+$A40*180)-360)) -> 0.28471565
A41: =39/60 -> 0.65 | B41: =(360-Simulador!$B$7)+$A41*((540+Simulador!$B$8)-(360-Simulador!$B$7)) -> 502.5 | C41: =1*SIN(RADIANS(B41-360)) -> 0.60876143 | D41: =1*COS(RADIANS(B41-360)) -> -0.79335334 | E41: =(540+Simulador!$B$8)+$A41*((720-'Diagrama circular'!$B$9)-(540+Simulador!$B$8)) -> 668 | F41: =0.88*SIN(RADIANS(E41-360)) -> -0.69344946 | G41: =0.88*COS(RADIANS(E41-360)) -> 0.5417821 | H41: =(720-'Diagrama circular'!$B$9)+$A41*((720)-(720-'Diagrama circular'!$B$9)) -> 716.5 | I41: =0.88*SIN(RADIANS(H41-360)) -> -0.053722715 | J41: =0.88*COS(RADIANS(H41-360)) -> 0.87835862 | K41: =(720)+$A41*((900-Simulador!$B$5)-(720)) -> 807.75 | L41: =0.76*SIN(RADIANS(K41-360)) -> 0.75941407 | M41: =0.76*COS(RADIANS(K41-360)) -> 0.02983746 | N41: =(900-Simulador!$B$5)+$A41*((1080+Simulador!$B$6)-(900-Simulador!$B$5)) -> 1014.25 | O41: =0.64*SIN(RADIANS(N41-360)) -> -0.58352771 | P41: =0.64*COS(RADIANS(N41-360)) -> 0.26286007 | Q41: =(360-Simulador!$B$7)+$A41*((360+Simulador!$B$6)-(360-Simulador!$B$7)) -> 366 | R41: =0.42*SIN(RADIANS(Q41-360)) -> 0.043901955 | S41: =0.42*COS(RADIANS(Q41-360)) -> 0.4176992 | AN41: =1*SIN(RADIANS((360+$A41*180)-360)) -> 0.89100652 | AO41: =1*COS(RADIANS((360+$A41*180)-360)) -> -0.4539905 | AP41: =0.9*SIN(RADIANS((540+$A41*180)-360)) -> -0.80190587 | AQ41: =0.9*COS(RADIANS((540+$A41*180)-360)) -> 0.40859145 | AR41: =0.8*SIN(RADIANS((720+$A41*180)-360)) -> 0.71280522 | AS41: =0.8*COS(RADIANS((720+$A41*180)-360)) -> -0.3631924 | AT41: =0.7*SIN(RADIANS((900+$A41*180)-360)) -> -0.62370457 | AU41: =0.7*COS(RADIANS((900+$A41*180)-360)) -> 0.31779335
A42: =40/60 -> 0.66666667 | B42: =(360-Simulador!$B$7)+$A42*((540+Simulador!$B$8)-(360-Simulador!$B$7)) -> 506.66667 | C42: =1*SIN(RADIANS(B42-360)) -> 0.54950898 | D42: =1*COS(RADIANS(B42-360)) -> -0.83548781 | E42: =(540+Simulador!$B$8)+$A42*((720-'Diagrama circular'!$B$9)-(540+Simulador!$B$8)) -> 670 | F42: =0.88*SIN(RADIANS(E42-360)) -> -0.67411911 | G42: =0.88*COS(RADIANS(E42-360)) -> 0.5656531 | H42: =(720-'Diagrama circular'!$B$9)+$A42*((720)-(720-'Diagrama circular'!$B$9)) -> 716.66667 | I42: =0.88*SIN(RADIANS(H42-360)) -> -0.051167449 | J42: =0.88*COS(RADIANS(H42-360)) -> 0.87851118 | K42: =(720)+$A42*((900-Simulador!$B$5)-(720)) -> 810 | L42: =0.76*SIN(RADIANS(K42-360)) -> 0.76 | M42: =0.76*COS(RADIANS(K42-360)) -> 2.3277821e-16 | N42: =(900-Simulador!$B$5)+$A42*((1080+Simulador!$B$6)-(900-Simulador!$B$5)) -> 1018.3333 | O42: =0.64*SIN(RADIANS(N42-360)) -> -0.56332889 | P42: =0.64*COS(RADIANS(N42-360)) -> 0.30374424 | Q42: =(360-Simulador!$B$7)+$A42*((360+Simulador!$B$6)-(360-Simulador!$B$7)) -> 366.66667 | R42: =0.42*SIN(RADIANS(Q42-360)) -> 0.048759024 | S42: =0.42*COS(RADIANS(Q42-360)) -> 0.41716011 | AN42: =1*SIN(RADIANS((360+$A42*180)-360)) -> 0.8660254 | AO42: =1*COS(RADIANS((360+$A42*180)-360)) -> -0.5 | AP42: =0.9*SIN(RADIANS((540+$A42*180)-360)) -> -0.77942286 | AQ42: =0.9*COS(RADIANS((540+$A42*180)-360)) -> 0.45 | AR42: =0.8*SIN(RADIANS((720+$A42*180)-360)) -> 0.69282032 | AS42: =0.8*COS(RADIANS((720+$A42*180)-360)) -> -0.4 | AT42: =0.7*SIN(RADIANS((900+$A42*180)-360)) -> -0.60621778 | AU42: =0.7*COS(RADIANS((900+$A42*180)-360)) -> 0.35
A43: =41/60 -> 0.68333333 | B43: =(360-Simulador!$B$7)+$A43*((540+Simulador!$B$8)-(360-Simulador!$B$7)) -> 510.83333 | C43: =1*SIN(RADIANS(B43-360)) -> 0.48735173 | D43: =1*COS(RADIANS(B43-360)) -> -0.87320575 | E43: =(540+Simulador!$B$8)+$A43*((720-'Diagrama circular'!$B$9)-(540+Simulador!$B$8)) -> 672 | F43: =0.88*SIN(RADIANS(E43-360)) -> -0.65396745 | G43: =0.88*COS(RADIANS(E43-360)) -> 0.58883493 | H43: =(720-'Diagrama circular'!$B$9)+$A43*((720)-(720-'Diagrama circular'!$B$9)) -> 716.83333 | I43: =0.88*SIN(RADIANS(H43-360)) -> -0.048611751 | J43: =0.88*COS(RADIANS(H43-360)) -> 0.8786563 | K43: =(720)+$A43*((900-Simulador!$B$5)-(720)) -> 812.25 | L43: =0.76*SIN(RADIANS(K43-360)) -> 0.75941407 | M43: =0.76*COS(RADIANS(K43-360)) -> -0.02983746 | N43: =(900-Simulador!$B$5)+$A43*((1080+Simulador!$B$6)-(900-Simulador!$B$5)) -> 1022.4167 | O43: =0.64*SIN(RADIANS(N43-360)) -> -0.5402701 | P43: =0.64*COS(RADIANS(N43-360)) -> 0.34308632 | Q43: =(360-Simulador!$B$7)+$A43*((360+Simulador!$B$6)-(360-Simulador!$B$7)) -> 367.33333 | R43: =0.42*SIN(RADIANS(Q43-360)) -> 0.053609492 | S43: =0.42*COS(RADIANS(Q43-360)) -> 0.41656455 | AN43: =1*SIN(RADIANS((360+$A43*180)-360)) -> 0.83867057 | AO43: =1*COS(RADIANS((360+$A43*180)-360)) -> -0.54463904 | AP43: =0.9*SIN(RADIANS((540+$A43*180)-360)) -> -0.75480351 | AQ43: =0.9*COS(RADIANS((540+$A43*180)-360)) -> 0.49017513 | AR43: =0.8*SIN(RADIANS((720+$A43*180)-360)) -> 0.67093645 | AS43: =0.8*COS(RADIANS((720+$A43*180)-360)) -> -0.43571123 | AT43: =0.7*SIN(RADIANS((900+$A43*180)-360)) -> -0.5870694 | AU43: =0.7*COS(RADIANS((900+$A43*180)-360)) -> 0.38124732
A44: =42/60 -> 0.7 | B44: =(360-Simulador!$B$7)+$A44*((540+Simulador!$B$8)-(360-Simulador!$B$7)) -> 515 | C44: =1*SIN(RADIANS(B44-360)) -> 0.42261826 | D44: =1*COS(RADIANS(B44-360)) -> -0.90630779 | E44: =(540+Simulador!$B$8)+$A44*((720-'Diagrama circular'!$B$9)-(540+Simulador!$B$8)) -> 674 | F44: =0.88*SIN(RADIANS(E44-360)) -> -0.63301902 | G44: =0.88*COS(RADIANS(E44-360)) -> 0.61129937 | H44: =(720-'Diagrama circular'!$B$9)+$A44*((720)-(720-'Diagrama circular'!$B$9)) -> 717 | I44: =0.88*SIN(RADIANS(H44-360)) -> -0.046055641 | J44: =0.88*COS(RADIANS(H44-360)) -> 0.87879399 | K44: =(720)+$A44*((900-Simulador!$B$5)-(720)) -> 814.5 | L44: =0.76*SIN(RADIANS(K44-360)) -> 0.75765717 | M44: =0.76*COS(RADIANS(K44-360)) -> -0.059628913 | N44: =(900-Simulador!$B$5)+$A44*((1080+Simulador!$B$6)-(900-Simulador!$B$5)) -> 1026.5 | O44: =0.64*SIN(RADIANS(N44-360)) -> -0.51446839 | P44: =0.64*COS(RADIANS(N44-360)) -> 0.38068658 | Q44: =(360-Simulador!$B$7)+$A44*((360+Simulador!$B$6)-(360-Simulador!$B$7)) -> 368 | R44: =0.42*SIN(RADIANS(Q44-360)) -> 0.058452702 | S44: =0.42*COS(RADIANS(Q44-360)) -> 0.41591259 | AN44: =1*SIN(RADIANS((360+$A44*180)-360)) -> 0.80901699 | AO44: =1*COS(RADIANS((360+$A44*180)-360)) -> -0.58778525 | AP44: =0.9*SIN(RADIANS((540+$A44*180)-360)) -> -0.72811529 | AQ44: =0.9*COS(RADIANS((540+$A44*180)-360)) -> 0.52900673 | AR44: =0.8*SIN(RADIANS((720+$A44*180)-360)) -> 0.6472136 | AS44: =0.8*COS(RADIANS((720+$A44*180)-360)) -> -0.4702282 | AT44: =0.7*SIN(RADIANS((900+$A44*180)-360)) -> -0.5663119 | AU44: =0.7*COS(RADIANS((900+$A44*180)-360)) -> 0.41144968
A45: =43/60 -> 0.71666667 | B45: =(360-Simulador!$B$7)+$A45*((540+Simulador!$B$8)-(360-Simulador!$B$7)) -> 519.16667 | C45: =1*SIN(RADIANS(B45-360)) -> 0.35565076 | D45: =1*COS(RADIANS(B45-360)) -> -0.93461893 | E45: =(540+Simulador!$B$8)+$A45*((720-'Diagrama circular'!$B$9)-(540+Simulador!$B$8)) -> 676 | F45: =0.88*SIN(RADIANS(E45-360)) -> -0.61129937 | G45: =0.88*COS(RADIANS(E45-360)) -> 0.63301902 | H45: =(720-'Diagrama circular'!$B$9)+$A45*((720)-(720-'Diagrama circular'!$B$9)) -> 717.16667 | I45: =0.88*SIN(RADIANS(H45-360)) -> -0.043499142 | J45: =0.88*COS(RADIANS(H45-360)) -> 0.87892424 | K45: =(720)+$A45*((900-Simulador!$B$5)-(720)) -> 816.75 | L45: =0.76*SIN(RADIANS(K45-360)) -> 0.75473203 | M45: =0.76*COS(RADIANS(K45-360)) -> -0.089328422 | N45: =(900-Simulador!$B$5)+$A45*((1080+Simulador!$B$6)-(900-Simulador!$B$5)) -> 1030.5833 | O45: =0.64*SIN(RADIANS(N45-360)) -> -0.48605477 | P45: =0.64*COS(RADIANS(N45-360)) -> 0.41635413 | Q45: =(360-Simulador!$B$7)+$A45*((360+Simulador!$B$6)-(360-Simulador!$B$7)) -> 368.66667 | R45: =0.42*SIN(RADIANS(Q45-360)) -> 0.063287999 | S45: =0.42*COS(RADIANS(Q45-360)) -> 0.41520432 | AN45: =1*SIN(RADIANS((360+$A45*180)-360)) -> 0.77714596 | AO45: =1*COS(RADIANS((360+$A45*180)-360)) -> -0.62932039 | AP45: =0.9*SIN(RADIANS((540+$A45*180)-360)) -> -0.69943137 | AQ45: =0.9*COS(RADIANS((540+$A45*180)-360)) -> 0.56638835 | AR45: =0.8*SIN(RADIANS((720+$A45*180)-360)) -> 0.62171677 | AS45: =0.8*COS(RADIANS((720+$A45*180)-360)) -> -0.50345631 | AT45: =0.7*SIN(RADIANS((900+$A45*180)-360)) -> -0.54400217 | AU45: =0.7*COS(RADIANS((900+$A45*180)-360)) -> 0.44052427
A46: =44/60 -> 0.73333333 | B46: =(360-Simulador!$B$7)+$A46*((540+Simulador!$B$8)-(360-Simulador!$B$7)) -> 523.33333 | C46: =1*SIN(RADIANS(B46-360)) -> 0.28680323 | D46: =1*COS(RADIANS(B46-360)) -> -0.95798951 | E46: =(540+Simulador!$B$8)+$A46*((720-'Diagrama circular'!$B$9)-(540+Simulador!$B$8)) -> 678 | F46: =0.88*SIN(RADIANS(E46-360)) -> -0.58883493 | G46: =0.88*COS(RADIANS(E46-360)) -> 0.65396745 | H46: =(720-'Diagrama circular'!$B$9)+$A46*((720)-(720-'Diagrama circular'!$B$9)) -> 717.33333 | I46: =0.88*SIN(RADIANS(H46-360)) -> -0.040942275 | J46: =0.88*COS(RADIANS(H46-360)) -> 0.87904706 | K46: =(720)+$A46*((900-Simulador!$B$5)-(720)) -> 819 | L46: =0.76*SIN(RADIANS(K46-360)) -> 0.75064314 | M46: =0.76*COS(RADIANS(K46-360)) -> -0.11889019 | N46: =(900-Simulador!$B$5)+$A46*((1080+Simulador!$B$6)-(900-Simulador!$B$5)) -> 1034.6667 | O46: =0.64*SIN(RADIANS(N46-360)) -> -0.45517349 | P46: =0.64*COS(RADIANS(N46-360)) -> 0.44990788 | Q46: =(360-Simulador!$B$7)+$A46*((360+Simulador!$B$6)-(360-Simulador!$B$7)) -> 369.33333 | R46: =0.42*SIN(RADIANS(Q46-360)) -> 0.068114728 | S46: =0.42*COS(RADIANS(Q46-360)) -> 0.41443984 | AN46: =1*SIN(RADIANS((360+$A46*180)-360)) -> 0.74314483 | AO46: =1*COS(RADIANS((360+$A46*180)-360)) -> -0.66913061 | AP46: =0.9*SIN(RADIANS((540+$A46*180)-360)) -> -0.66883034 | AQ46: =0.9*COS(RADIANS((540+$A46*180)-360)) -> 0.60221755 | AR46: =0.8*SIN(RADIANS((720+$A46*180)-360)) -> 0.59451586 | AS46: =0.8*COS(RADIANS((720+$A46*180)-360)) -> -0.53530449 | AT46: =0.7*SIN(RADIANS((900+$A46*180)-360)) -> -0.52020138 | AU46: =0.7*COS(RADIANS((900+$A46*180)-360)) -> 0.46839142
A47: =45/60 -> 0.75 | B47: =(360-Simulador!$B$7)+$A47*((540+Simulador!$B$8)-(360-Simulador!$B$7)) -> 527.5 | C47: =1*SIN(RADIANS(B47-360)) -> 0.21643961 | D47: =1*COS(RADIANS(B47-360)) -> -0.97629601 | E47: =(540+Simulador!$B$8)+$A47*((720-'Diagrama circular'!$B$9)-(540+Simulador!$B$8)) -> 680 | F47: =0.88*SIN(RADIANS(E47-360)) -> -0.5656531 | G47: =0.88*COS(RADIANS(E47-360)) -> 0.67411911 | H47: =(720-'Diagrama circular'!$B$9)+$A47*((720)-(720-'Diagrama circular'!$B$9)) -> 717.5 | I47: =0.88*SIN(RADIANS(H47-360)) -> -0.038385061 | J47: =0.88*COS(RADIANS(H47-360)) -> 0.87916243 | K47: =(720)+$A47*((900-Simulador!$B$5)-(720)) -> 821.25 | L47: =0.76*SIN(RADIANS(K47-360)) -> 0.74539681 | M47: =0.76*COS(RADIANS(K47-360)) -> -0.14826864 | N47: =(900-Simulador!$B$5)+$A47*((1080+Simulador!$B$6)-(900-Simulador!$B$5)) -> 1038.75 | O47: =0.64*SIN(RADIANS(N47-360)) -> -0.42198132 | P47: =0.64*COS(RADIANS(N47-360)) -> 0.48117748 | Q47: =(360-Simulador!$B$7)+$A47*((360+Simulador!$B$6)-(360-Simulador!$B$7)) -> 370 | R47: =0.42*SIN(RADIANS(Q47-360)) -> 0.072932235 | S47: =0.42*COS(RADIANS(Q47-360)) -> 0.41361926 | AN47: =1*SIN(RADIANS((360+$A47*180)-360)) -> 0.70710678 | AO47: =1*COS(RADIANS((360+$A47*180)-360)) -> -0.70710678 | AP47: =0.9*SIN(RADIANS((540+$A47*180)-360)) -> -0.6363961 | AQ47: =0.9*COS(RADIANS((540+$A47*180)-360)) -> 0.6363961 | AR47: =0.8*SIN(RADIANS((720+$A47*180)-360)) -> 0.56568542 | AS47: =0.8*COS(RADIANS((720+$A47*180)-360)) -> -0.56568542 | AT47: =0.7*SIN(RADIANS((900+$A47*180)-360)) -> -0.49497475 | AU47: =0.7*COS(RADIANS((900+$A47*180)-360)) -> 0.49497475
A48: =46/60 -> 0.76666667 | B48: =(360-Simulador!$B$7)+$A48*((540+Simulador!$B$8)-(360-Simulador!$B$7)) -> 531.66667 | C48: =1*SIN(RADIANS(B48-360)) -> 0.14493186 | D48: =1*COS(RADIANS(B48-360)) -> -0.98944164 | E48: =(540+Simulador!$B$8)+$A48*((720-'Diagrama circular'!$B$9)-(540+Simulador!$B$8)) -> 682 | F48: =0.88*SIN(RADIANS(E48-360)) -> -0.5417821 | G48: =0.88*COS(RADIANS(E48-360)) -> 0.69344946 | H48: =(720-'Diagrama circular'!$B$9)+$A48*((720)-(720-'Diagrama circular'!$B$9)) -> 717.66667 | I48: =0.88*SIN(RADIANS(H48-360)) -> -0.035827522 | J48: =0.88*COS(RADIANS(H48-360)) -> 0.87927037 | K48: =(720)+$A48*((900-Simulador!$B$5)-(720)) -> 823.5 | L48: =0.76*SIN(RADIANS(K48-360)) -> 0.73900114 | M48: =0.76*COS(RADIANS(K48-360)) -> -0.17741848 | N48: =(900-Simulador!$B$5)+$A48*((1080+Simulador!$B$6)-(900-Simulador!$B$5)) -> 1042.8333 | O48: =0.64*SIN(RADIANS(N48-360)) -> -0.38664679 | P48: =0.64*COS(RADIANS(N48-360)) -> 0.51000418 | Q48: =(360-Simulador!$B$7)+$A48*((360+Simulador!$B$6)-(360-Simulador!$B$7)) -> 370.66667 | R48: =0.42*SIN(RADIANS(Q48-360)) -> 0.077739868 | S48: =0.42*COS(RADIANS(Q48-360)) -> 0.41274267 | AN48: =1*SIN(RADIANS((360+$A48*180)-360)) -> 0.66913061 | AO48: =1*COS(RADIANS((360+$A48*180)-360)) -> -0.74314483 | AP48: =0.9*SIN(RADIANS((540+$A48*180)-360)) -> -0.60221755 | AQ48: =0.9*COS(RADIANS((540+$A48*180)-360)) -> 0.66883034 | AR48: =0.8*SIN(RADIANS((720+$A48*180)-360)) -> 0.53530449 | AS48: =0.8*COS(RADIANS((720+$A48*180)-360)) -> -0.59451586 | AT48: =0.7*SIN(RADIANS((900+$A48*180)-360)) -> -0.46839142 | AU48: =0.7*COS(RADIANS((900+$A48*180)-360)) -> 0.52020138
A49: =47/60 -> 0.78333333 | B49: =(360-Simulador!$B$7)+$A49*((540+Simulador!$B$8)-(360-Simulador!$B$7)) -> 535.83333 | C49: =1*SIN(RADIANS(B49-360)) -> 0.072657971 | D49: =1*COS(RADIANS(B49-360)) -> -0.99735692 | E49: =(540+Simulador!$B$8)+$A49*((720-'Diagrama circular'!$B$9)-(540+Simulador!$B$8)) -> 684 | F49: =0.88*SIN(RADIANS(E49-360)) -> -0.51725102 | G49: =0.88*COS(RADIANS(E49-360)) -> 0.71193496 | H49: =(720-'Diagrama circular'!$B$9)+$A49*((720)-(720-'Diagrama circular'!$B$9)) -> 717.83333 | I49: =0.88*SIN(RADIANS(H49-360)) -> -0.03326968 | J49: =0.88*COS(RADIANS(H49-360)) -> 0.87937087 | K49: =(720)+$A49*((900-Simulador!$B$5)-(720)) -> 825.75 | L49: =0.76*SIN(RADIANS(K49-360)) -> 0.73146598 | M49: =0.76*COS(RADIANS(K49-360)) -> -0.20629474 | N49: =(900-Simulador!$B$5)+$A49*((1080+Simulador!$B$6)-(900-Simulador!$B$5)) -> 1046.9167 | O49: =0.64*SIN(RADIANS(N49-360)) -> -0.34934928 | P49: =0.64*COS(RADIANS(N49-360)) -> 0.53624162 | Q49: =(360-Simulador!$B$7)+$A49*((360+Simulador!$B$6)-(360-Simulador!$B$7)) -> 371.33333 | R49: =0.42*SIN(RADIANS(Q49-360)) -> 0.082536976 | S49: =0.42*COS(RADIANS(Q49-360)) -> 0.41181021 | AN49: =1*SIN(RADIANS((360+$A49*180)-360)) -> 0.62932039 | AO49: =1*COS(RADIANS((360+$A49*180)-360)) -> -0.77714596 | AP49: =0.9*SIN(RADIANS((540+$A49*180)-360)) -> -0.56638835 | AQ49: =0.9*COS(RADIANS((540+$A49*180)-360)) -> 0.69943137 | AR49: =0.8*SIN(RADIANS((720+$A49*180)-360)) -> 0.50345631 | AS49: =0.8*COS(RADIANS((720+$A49*180)-360)) -> -0.62171677 | AT49: =0.7*SIN(RADIANS((900+$A49*180)-360)) -> -0.44052427 | AU49: =0.7*COS(RADIANS((900+$A49*180)-360)) -> 0.54400217
A50: =48/60 -> 0.8 | B50: =(360-Simulador!$B$7)+$A50*((540+Simulador!$B$8)-(360-Simulador!$B$7)) -> 540 | C50: =1*SIN(RADIANS(B50-360)) -> 1.2251485e-16 | D50: =1*COS(RADIANS(B50-360)) -> -1 | E50: =(540+Simulador!$B$8)+$A50*((720-'Diagrama circular'!$B$9)-(540+Simulador!$B$8)) -> 686 | F50: =0.88*SIN(RADIANS(E50-360)) -> -0.49208976 | G50: =0.88*COS(RADIANS(E50-360)) -> 0.72955306 | H50: =(720-'Diagrama circular'!$B$9)+$A50*((720)-(720-'Diagrama circular'!$B$9)) -> 718 | I50: =0.88*SIN(RADIANS(H50-360)) -> -0.030711557 | J50: =0.88*COS(RADIANS(H50-360)) -> 0.87946393 | K50: =(720)+$A50*((900-Simulador!$B$5)-(720)) -> 828 | L50: =0.76*SIN(RADIANS(K50-360)) -> 0.72280295 | M50: =0.76*COS(RADIANS(K50-360)) -> -0.23485292 | N50: =(900-Simulador!$B$5)+$A50*((1080+Simulador!$B$6)-(900-Simulador!$B$5)) -> 1051 | O50: =0.64*SIN(RADIANS(N50-360)) -> -0.31027816 | P50: =0.64*COS(RADIANS(N50-360)) -> 0.55975661 | Q50: =(360-Simulador!$B$7)+$A50*((360+Simulador!$B$6)-(360-Simulador!$B$7)) -> 372 | R50: =0.42*SIN(RADIANS(Q50-360)) -> 0.08732291 | S50: =0.42*COS(RADIANS(Q50-360)) -> 0.41082199 | AN50: =1*SIN(RADIANS((360+$A50*180)-360)) -> 0.58778525 | AO50: =1*COS(RADIANS((360+$A50*180)-360)) -> -0.80901699 | AP50: =0.9*SIN(RADIANS((540+$A50*180)-360)) -> -0.52900673 | AQ50: =0.9*COS(RADIANS((540+$A50*180)-360)) -> 0.72811529 | AR50: =0.8*SIN(RADIANS((720+$A50*180)-360)) -> 0.4702282 | AS50: =0.8*COS(RADIANS((720+$A50*180)-360)) -> -0.6472136 | AT50: =0.7*SIN(RADIANS((900+$A50*180)-360)) -> -0.41144968 | AU50: =0.7*COS(RADIANS((900+$A50*180)-360)) -> 0.5663119
A51: =49/60 -> 0.81666667 | B51: =(360-Simulador!$B$7)+$A51*((540+Simulador!$B$8)-(360-Simulador!$B$7)) -> 544.16667 | C51: =1*SIN(RADIANS(B51-360)) -> -0.072657971 | D51: =1*COS(RADIANS(B51-360)) -> -0.99735692 | E51: =(540+Simulador!$B$8)+$A51*((720-'Diagrama circular'!$B$9)-(540+Simulador!$B$8)) -> 688 | F51: =0.88*SIN(RADIANS(E51-360)) -> -0.46632895 | G51: =0.88*COS(RADIANS(E51-360)) -> 0.74628232 | H51: =(720-'Diagrama circular'!$B$9)+$A51*((720)-(720-'Diagrama circular'!$B$9)) -> 718.16667 | I51: =0.88*SIN(RADIANS(H51-360)) -> -0.028153174 | J51: =0.88*COS(RADIANS(H51-360)) -> 0.87954954 | K51: =(720)+$A51*((900-Simulador!$B$5)-(720)) -> 830.25 | L51: =0.76*SIN(RADIANS(K51-360)) -> 0.71302542 | M51: =0.76*COS(RADIANS(K51-360)) -> -0.26304896 | N51: =(900-Simulador!$B$5)+$A51*((1080+Simulador!$B$6)-(900-Simulador!$B$5)) -> 1055.0833 | O51: =0.64*SIN(RADIANS(N51-360)) -> -0.26963177 | P51: =0.64*COS(RADIANS(N51-360)) -> 0.58042976 | Q51: =(360-Simulador!$B$7)+$A51*((360+Simulador!$B$6)-(360-Simulador!$B$7)) -> 372.66667 | R51: =0.42*SIN(RADIANS(Q51-360)) -> 0.092097022 | S51: =0.42*COS(RADIANS(Q51-360)) -> 0.40977816 | AN51: =1*SIN(RADIANS((360+$A51*180)-360)) -> 0.54463904 | AO51: =1*COS(RADIANS((360+$A51*180)-360)) -> -0.83867057 | AP51: =0.9*SIN(RADIANS((540+$A51*180)-360)) -> -0.49017513 | AQ51: =0.9*COS(RADIANS((540+$A51*180)-360)) -> 0.75480351 | AR51: =0.8*SIN(RADIANS((720+$A51*180)-360)) -> 0.43571123 | AS51: =0.8*COS(RADIANS((720+$A51*180)-360)) -> -0.67093645 | AT51: =0.7*SIN(RADIANS((900+$A51*180)-360)) -> -0.38124732 | AU51: =0.7*COS(RADIANS((900+$A51*180)-360)) -> 0.5870694
A52: =50/60 -> 0.83333333 | B52: =(360-Simulador!$B$7)+$A52*((540+Simulador!$B$8)-(360-Simulador!$B$7)) -> 548.33333 | C52: =1*SIN(RADIANS(B52-360)) -> -0.14493186 | D52: =1*COS(RADIANS(B52-360)) -> -0.98944164 | E52: =(540+Simulador!$B$8)+$A52*((720-'Diagrama circular'!$B$9)-(540+Simulador!$B$8)) -> 690 | F52: =0.88*SIN(RADIANS(E52-360)) -> -0.44 | G52: =0.88*COS(RADIANS(E52-360)) -> 0.76210236 | H52: =(720-'Diagrama circular'!$B$9)+$A52*((720)-(720-'Diagrama circular'!$B$9)) -> 718.33333 | I52: =0.88*SIN(RADIANS(H52-360)) -> -0.025594552 | J52: =0.88*COS(RADIANS(H52-360)) -> 0.87962772 | K52: =(720)+$A52*((900-Simulador!$B$5)-(720)) -> 832.5 | L52: =0.76*SIN(RADIANS(K52-360)) -> 0.70214844 | M52: =0.76*COS(RADIANS(K52-360)) -> -0.29083941 | N52: =(900-Simulador!$B$5)+$A52*((1080+Simulador!$B$6)-(900-Simulador!$B$5)) -> 1059.1667 | O52: =0.64*SIN(RADIANS(N52-360)) -> -0.22761649 | P52: =0.64*COS(RADIANS(N52-360)) -> 0.59815611 | Q52: =(360-Simulador!$B$7)+$A52*((360+Simulador!$B$6)-(360-Simulador!$B$7)) -> 373.33333 | R52: =0.42*SIN(RADIANS(Q52-360)) -> 0.096858666 | S52: =0.42*COS(RADIANS(Q52-360)) -> 0.40867885 | AN52: =1*SIN(RADIANS((360+$A52*180)-360)) -> 0.5 | AO52: =1*COS(RADIANS((360+$A52*180)-360)) -> -0.8660254 | AP52: =0.9*SIN(RADIANS((540+$A52*180)-360)) -> -0.45 | AQ52: =0.9*COS(RADIANS((540+$A52*180)-360)) -> 0.77942286 | AR52: =0.8*SIN(RADIANS((720+$A52*180)-360)) -> 0.4 | AS52: =0.8*COS(RADIANS((720+$A52*180)-360)) -> -0.69282032 | AT52: =0.7*SIN(RADIANS((900+$A52*180)-360)) -> -0.35 | AU52: =0.7*COS(RADIANS((900+$A52*180)-360)) -> 0.60621778
A53: =51/60 -> 0.85 | B53: =(360-Simulador!$B$7)+$A53*((540+Simulador!$B$8)-(360-Simulador!$B$7)) -> 552.5 | C53: =1*SIN(RADIANS(B53-360)) -> -0.21643961 | D53: =1*COS(RADIANS(B53-360)) -> -0.97629601 | E53: =(540+Simulador!$B$8)+$A53*((720-'Diagrama circular'!$B$9)-(540+Simulador!$B$8)) -> 692 | F53: =0.88*SIN(RADIANS(E53-360)) -> -0.41313498 | G53: =0.88*COS(RADIANS(E53-360)) -> 0.77699388 | H53: =(720-'Diagrama circular'!$B$9)+$A53*((720)-(720-'Diagrama circular'!$B$9)) -> 718.5 | I53: =0.88*SIN(RADIANS(H53-360)) -> -0.023035715 | J53: =0.88*COS(RADIANS(H53-360)) -> 0.87969845 | K53: =(720)+$A53*((900-Simulador!$B$5)-(720)) -> 834.75 | L53: =0.76*SIN(RADIANS(K53-360)) -> 0.69018881 | M53: =0.76*COS(RADIANS(K53-360)) -> -0.3181814 | N53: =(900-Simulador!$B$5)+$A53*((1080+Simulador!$B$6)-(900-Simulador!$B$5)) -> 1063.25 | O53: =0.64*SIN(RADIANS(N53-360)) -> -0.18444561 | P53: =0.64*COS(RADIANS(N53-360)) -> 0.61284567 | Q53: =(360-Simulador!$B$7)+$A53*((360+Simulador!$B$6)-(360-Simulador!$B$7)) -> 374 | R53: =0.42*SIN(RADIANS(Q53-360)) -> 0.1016072 | S53: =0.42*COS(RADIANS(Q53-360)) -> 0.40752421 | AN53: =1*SIN(RADIANS((360+$A53*180)-360)) -> 0.4539905 | AO53: =1*COS(RADIANS((360+$A53*180)-360)) -> -0.89100652 | AP53: =0.9*SIN(RADIANS((540+$A53*180)-360)) -> -0.40859145 | AQ53: =0.9*COS(RADIANS((540+$A53*180)-360)) -> 0.80190587 | AR53: =0.8*SIN(RADIANS((720+$A53*180)-360)) -> 0.3631924 | AS53: =0.8*COS(RADIANS((720+$A53*180)-360)) -> -0.71280522 | AT53: =0.7*SIN(RADIANS((900+$A53*180)-360)) -> -0.31779335 | AU53: =0.7*COS(RADIANS((900+$A53*180)-360)) -> 0.62370457
A54: =52/60 -> 0.86666667 | B54: =(360-Simulador!$B$7)+$A54*((540+Simulador!$B$8)-(360-Simulador!$B$7)) -> 556.66667 | C54: =1*SIN(RADIANS(B54-360)) -> -0.28680323 | D54: =1*COS(RADIANS(B54-360)) -> -0.95798951 | E54: =(540+Simulador!$B$8)+$A54*((720-'Diagrama circular'!$B$9)-(540+Simulador!$B$8)) -> 694 | F54: =0.88*SIN(RADIANS(E54-360)) -> -0.38576661 | G54: =0.88*COS(RADIANS(E54-360)) -> 0.79093876 | H54: =(720-'Diagrama circular'!$B$9)+$A54*((720)-(720-'Diagrama circular'!$B$9)) -> 718.66667 | I54: =0.88*SIN(RADIANS(H54-360)) -> -0.020476682 | J54: =0.88*COS(RADIANS(H54-360)) -> 0.87976173 | K54: =(720)+$A54*((900-Simulador!$B$5)-(720)) -> 837 | L54: =0.76*SIN(RADIANS(K54-360)) -> 0.67716496 | M54: =0.76*COS(RADIANS(K54-360)) -> -0.34503278 | N54: =(900-Simulador!$B$5)+$A54*((1080+Simulador!$B$6)-(900-Simulador!$B$5)) -> 1067.3333 | O54: =0.64*SIN(RADIANS(N54-360)) -> -0.14033832 | P54: =0.64*COS(RADIANS(N54-360)) -> 0.62442386 | Q54: =(360-Simulador!$B$7)+$A54*((360+Simulador!$B$6)-(360-Simulador!$B$7)) -> 374.66667 | R54: =0.42*SIN(RADIANS(Q54-360)) -> 0.10634197 | S54: =0.42*COS(RADIANS(Q54-360)) -> 0.40631439 | AN54: =1*SIN(RADIANS((360+$A54*180)-360)) -> 0.40673664 | AO54: =1*COS(RADIANS((360+$A54*180)-360)) -> -0.91354546 | AP54: =0.9*SIN(RADIANS((540+$A54*180)-360)) -> -0.36606298 | AQ54: =0.9*COS(RADIANS((540+$A54*180)-360)) -> 0.82219091 | AR54: =0.8*SIN(RADIANS((720+$A54*180)-360)) -> 0.32538931 | AS54: =0.8*COS(RADIANS((720+$A54*180)-360)) -> -0.73083637 | AT54: =0.7*SIN(RADIANS((900+$A54*180)-360)) -> -0.28471565 | AU54: =0.7*COS(RADIANS((900+$A54*180)-360)) -> 0.63948182
A55: =53/60 -> 0.88333333 | B55: =(360-Simulador!$B$7)+$A55*((540+Simulador!$B$8)-(360-Simulador!$B$7)) -> 560.83333 | C55: =1*SIN(RADIANS(B55-360)) -> -0.35565076 | D55: =1*COS(RADIANS(B55-360)) -> -0.93461893 | E55: =(540+Simulador!$B$8)+$A55*((720-'Diagrama circular'!$B$9)-(540+Simulador!$B$8)) -> 696 | F55: =0.88*SIN(RADIANS(E55-360)) -> -0.35792825 | G55: =0.88*COS(RADIANS(E55-360)) -> 0.80392 | H55: =(720-'Diagrama circular'!$B$9)+$A55*((720)-(720-'Diagrama circular'!$B$9)) -> 718.83333 | I55: =0.88*SIN(RADIANS(H55-360)) -> -0.017917475 | J55: =0.88*COS(RADIANS(H55-360)) -> 0.87981757 | K55: =(720)+$A55*((900-Simulador!$B$5)-(720)) -> 839.25 | L55: =0.76*SIN(RADIANS(K55-360)) -> 0.66309697 | M55: =0.76*COS(RADIANS(K55-360)) -> -0.37135214 | N55: =(900-Simulador!$B$5)+$A55*((1080+Simulador!$B$6)-(900-Simulador!$B$5)) -> 1071.4167 | O55: =0.64*SIN(RADIANS(N55-360)) -> -0.095518541 | P55: =0.64*COS(RADIANS(N55-360)) -> 0.6328319 | Q55: =(360-Simulador!$B$7)+$A55*((360+Simulador!$B$6)-(360-Simulador!$B$7)) -> 375.33333 | R55: =0.42*SIN(RADIANS(Q55-360)) -> 0.11106235 | S55: =0.42*COS(RADIANS(Q55-360)) -> 0.40504957 | AN55: =1*SIN(RADIANS((360+$A55*180)-360)) -> 0.35836795 | AO55: =1*COS(RADIANS((360+$A55*180)-360)) -> -0.93358043 | AP55: =0.9*SIN(RADIANS((540+$A55*180)-360)) -> -0.32253115 | AQ55: =0.9*COS(RADIANS((540+$A55*180)-360)) -> 0.84022238 | AR55: =0.8*SIN(RADIANS((720+$A55*180)-360)) -> 0.28669436 | AS55: =0.8*COS(RADIANS((720+$A55*180)-360)) -> -0.74686434 | AT55: =0.7*SIN(RADIANS((900+$A55*180)-360)) -> -0.25085756 | AU55: =0.7*COS(RADIANS((900+$A55*180)-360)) -> 0.6535063
A56: =54/60 -> 0.9 | B56: =(360-Simulador!$B$7)+$A56*((540+Simulador!$B$8)-(360-Simulador!$B$7)) -> 565 | C56: =1*SIN(RADIANS(B56-360)) -> -0.42261826 | D56: =1*COS(RADIANS(B56-360)) -> -0.90630779 | E56: =(540+Simulador!$B$8)+$A56*((720-'Diagrama circular'!$B$9)-(540+Simulador!$B$8)) -> 698 | F56: =0.88*SIN(RADIANS(E56-360)) -> -0.3296538 | G56: =0.88*COS(RADIANS(E56-360)) -> 0.81592179 | H56: =(720-'Diagrama circular'!$B$9)+$A56*((720)-(720-'Diagrama circular'!$B$9)) -> 719 | I56: =0.88*SIN(RADIANS(H56-360)) -> -0.015358118 | J56: =0.88*COS(RADIANS(H56-360)) -> 0.87986597 | K56: =(720)+$A56*((900-Simulador!$B$5)-(720)) -> 841.5 | L56: =0.76*SIN(RADIANS(K56-360)) -> 0.64800652 | M56: =0.76*COS(RADIANS(K56-360)) -> -0.39709891 | N56: =(900-Simulador!$B$5)+$A56*((1080+Simulador!$B$6)-(900-Simulador!$B$5)) -> 1075.5 | O56: =0.64*SIN(RADIANS(N56-360)) -> -0.050213821 | P56: =0.64*COS(RADIANS(N56-360)) -> 0.63802709 | Q56: =(360-Simulador!$B$7)+$A56*((360+Simulador!$B$6)-(360-Simulador!$B$7)) -> 376 | R56: =0.42*SIN(RADIANS(Q56-360)) -> 0.11576769 | S56: =0.42*COS(RADIANS(Q56-360)) -> 0.40372991 | AN56: =1*SIN(RADIANS((360+$A56*180)-360)) -> 0.30901699 | AO56: =1*COS(RADIANS((360+$A56*180)-360)) -> -0.95105652 | AP56: =0.9*SIN(RADIANS((540+$A56*180)-360)) -> -0.27811529 | AQ56: =0.9*COS(RADIANS((540+$A56*180)-360)) -> 0.85595086 | AR56: =0.8*SIN(RADIANS((720+$A56*180)-360)) -> 0.2472136 | AS56: =0.8*COS(RADIANS((720+$A56*180)-360)) -> -0.76084521 | AT56: =0.7*SIN(RADIANS((900+$A56*180)-360)) -> -0.2163119 | AU56: =0.7*COS(RADIANS((900+$A56*180)-360)) -> 0.66573956
A57: =55/60 -> 0.91666667 | B57: =(360-Simulador!$B$7)+$A57*((540+Simulador!$B$8)-(360-Simulador!$B$7)) -> 569.16667 | C57: =1*SIN(RADIANS(B57-360)) -> -0.48735173 | D57: =1*COS(RADIANS(B57-360)) -> -0.87320575 | E57: =(540+Simulador!$B$8)+$A57*((720-'Diagrama circular'!$B$9)-(540+Simulador!$B$8)) -> 700 | F57: =0.88*SIN(RADIANS(E57-360)) -> -0.30097773 | G57: =0.88*COS(RADIANS(E57-360)) -> 0.82692951 | H57: =(720-'Diagrama circular'!$B$9)+$A57*((720)-(720-'Diagrama circular'!$B$9)) -> 719.16667 | I57: =0.88*SIN(RADIANS(H57-360)) -> -0.01279863 | J57: =0.88*COS(RADIANS(H57-360)) -> 0.87990692 | K57: =(720)+$A57*((900-Simulador!$B$5)-(720)) -> 843.75 | L57: =0.76*SIN(RADIANS(K57-360)) -> 0.63191691 | M57: =0.76*COS(RADIANS(K57-360)) -> -0.42223338 | N57: =(900-Simulador!$B$5)+$A57*((1080+Simulador!$B$6)-(900-Simulador!$B$5)) -> 1079.5833 | O57: =0.64*SIN(RADIANS(N57-360)) -> -0.0046541703 | P57: =0.64*COS(RADIANS(N57-360)) -> 0.63998308 | Q57: =(360-Simulador!$B$7)+$A57*((360+Simulador!$B$6)-(360-Simulador!$B$7)) -> 376.66667 | R57: =0.42*SIN(RADIANS(Q57-360)) -> 0.12045736 | S57: =0.42*COS(RADIANS(Q57-360)) -> 0.4023556 | AN57: =1*SIN(RADIANS((360+$A57*180)-360)) -> 0.25881905 | AO57: =1*COS(RADIANS((360+$A57*180)-360)) -> -0.96592583 | AP57: =0.9*SIN(RADIANS((540+$A57*180)-360)) -> -0.23293714 | AQ57: =0.9*COS(RADIANS((540+$A57*180)-360)) -> 0.86933324 | AR57: =0.8*SIN(RADIANS((720+$A57*180)-360)) -> 0.20705524 | AS57: =0.8*COS(RADIANS((720+$A57*180)-360)) -> -0.77274066 | AT57: =0.7*SIN(RADIANS((900+$A57*180)-360)) -> -0.18117333 | AU57: =0.7*COS(RADIANS((900+$A57*180)-360)) -> 0.67614808
A58: =56/60 -> 0.93333333 | B58: =(360-Simulador!$B$7)+$A58*((540+Simulador!$B$8)-(360-Simulador!$B$7)) -> 573.33333 | C58: =1*SIN(RADIANS(B58-360)) -> -0.54950898 | D58: =1*COS(RADIANS(B58-360)) -> -0.83548781 | E58: =(540+Simulador!$B$8)+$A58*((720-'Diagrama circular'!$B$9)-(540+Simulador!$B$8)) -> 702 | F58: =0.88*SIN(RADIANS(E58-360)) -> -0.27193496 | G58: =0.88*COS(RADIANS(E58-360)) -> 0.83692973 | H58: =(720-'Diagrama circular'!$B$9)+$A58*((720)-(720-'Diagrama circular'!$B$9)) -> 719.33333 | I58: =0.88*SIN(RADIANS(H58-360)) -> -0.010239034 | J58: =0.88*COS(RADIANS(H58-360)) -> 0.87994043 | K58: =(720)+$A58*((900-Simulador!$B$5)-(720)) -> 846 | L58: =0.76*SIN(RADIANS(K58-360)) -> 0.61485292 | M58: =0.76*COS(RADIANS(K58-360)) -> -0.44671679 | N58: =(900-Simulador!$B$5)+$A58*((1080+Simulador!$B$6)-(900-Simulador!$B$5)) -> 1083.6667 | O58: =0.64*SIN(RADIANS(N58-360)) -> 0.040929109 | P58: =0.64*COS(RADIANS(N58-360)) -> 0.63868992 | Q58: =(360-Simulador!$B$7)+$A58*((360+Simulador!$B$6)-(360-Simulador!$B$7)) -> 377.33333 | R58: =0.42*SIN(RADIANS(Q58-360)) -> 0.12513072 | S58: =0.42*COS(RADIANS(Q58-360)) -> 0.40092681 | AN58: =1*SIN(RADIANS((360+$A58*180)-360)) -> 0.20791169 | AO58: =1*COS(RADIANS((360+$A58*180)-360)) -> -0.9781476 | AP58: =0.9*SIN(RADIANS((540+$A58*180)-360)) -> -0.18712052 | AQ58: =0.9*COS(RADIANS((540+$A58*180)-360)) -> 0.88033284 | AR58: =0.8*SIN(RADIANS((720+$A58*180)-360)) -> 0.16632935 | AS58: =0.8*COS(RADIANS((720+$A58*180)-360)) -> -0.78251808 | AT58: =0.7*SIN(RADIANS((900+$A58*180)-360)) -> -0.14553818 | AU58: =0.7*COS(RADIANS((900+$A58*180)-360)) -> 0.68470332
A59: =57/60 -> 0.95 | B59: =(360-Simulador!$B$7)+$A59*((540+Simulador!$B$8)-(360-Simulador!$B$7)) -> 577.5 | C59: =1*SIN(RADIANS(B59-360)) -> -0.60876143 | D59: =1*COS(RADIANS(B59-360)) -> -0.79335334 | E59: =(540+Simulador!$B$8)+$A59*((720-'Diagrama circular'!$B$9)-(540+Simulador!$B$8)) -> 704 | F59: =0.88*SIN(RADIANS(E59-360)) -> -0.24256087 | G59: =0.88*COS(RADIANS(E59-360)) -> 0.84591029 | H59: =(720-'Diagrama circular'!$B$9)+$A59*((720)-(720-'Diagrama circular'!$B$9)) -> 719.5 | I59: =0.88*SIN(RADIANS(H59-360)) -> -0.0076793512 | J59: =0.88*COS(RADIANS(H59-360)) -> 0.87996649 | K59: =(720)+$A59*((900-Simulador!$B$5)-(720)) -> 848.25 | L59: =0.76*SIN(RADIANS(K59-360)) -> 0.59684087 | M59: =0.76*COS(RADIANS(K59-360)) -> -0.4705114 | N59: =(900-Simulador!$B$5)+$A59*((1080+Simulador!$B$6)-(900-Simulador!$B$5)) -> 1087.75 | O59: =0.64*SIN(RADIANS(N59-360)) -> 0.086304595 | P59: =0.64*COS(RADIANS(N59-360)) -> 0.63415417 | Q59: =(360-Simulador!$B$7)+$A59*((360+Simulador!$B$6)-(360-Simulador!$B$7)) -> 378 | R59: =0.42*SIN(RADIANS(Q59-360)) -> 0.12978714 | S59: =0.42*COS(RADIANS(Q59-360)) -> 0.39944374 | AN59: =1*SIN(RADIANS((360+$A59*180)-360)) -> 0.15643447 | AO59: =1*COS(RADIANS((360+$A59*180)-360)) -> -0.98768834 | AP59: =0.9*SIN(RADIANS((540+$A59*180)-360)) -> -0.14079102 | AQ59: =0.9*COS(RADIANS((540+$A59*180)-360)) -> 0.88891951 | AR59: =0.8*SIN(RADIANS((720+$A59*180)-360)) -> 0.12514757 | AS59: =0.8*COS(RADIANS((720+$A59*180)-360)) -> -0.79015067 | AT59: =0.7*SIN(RADIANS((900+$A59*180)-360)) -> -0.10950413 | AU59: =0.7*COS(RADIANS((900+$A59*180)-360)) -> 0.69138184
A60: =58/60 -> 0.96666667 | B60: =(360-Simulador!$B$7)+$A60*((540+Simulador!$B$8)-(360-Simulador!$B$7)) -> 581.66667 | C60: =1*SIN(RADIANS(B60-360)) -> -0.66479587 | D60: =1*COS(RADIANS(B60-360)) -> -0.74702507 | E60: =(540+Simulador!$B$8)+$A60*((720-'Diagrama circular'!$B$9)-(540+Simulador!$B$8)) -> 706 | F60: =0.88*SIN(RADIANS(E60-360)) -> -0.21289127 | G60: =0.88*COS(RADIANS(E60-360)) -> 0.85386024 | H60: =(720-'Diagrama circular'!$B$9)+$A60*((720)-(720-'Diagrama circular'!$B$9)) -> 719.66667 | I60: =0.88*SIN(RADIANS(H60-360)) -> -0.0051196036 | J60: =0.88*COS(RADIANS(H60-360)) -> 0.87998511 | K60: =(720)+$A60*((900-Simulador!$B$5)-(720)) -> 850.5 | L60: =0.76*SIN(RADIANS(K60-360)) -> 0.57790853 | M60: =0.76*COS(RADIANS(K60-360)) -> -0.49358052 | N60: =(900-Simulador!$B$5)+$A60*((1080+Simulador!$B$6)-(900-Simulador!$B$5)) -> 1091.8333 | O60: =0.64*SIN(RADIANS(N60-360)) -> 0.13124192 | P60: =0.64*COS(RADIANS(N60-360)) -> 0.62639888 | Q60: =(360-Simulador!$B$7)+$A60*((360+Simulador!$B$6)-(360-Simulador!$B$7)) -> 378.66667 | R60: =0.42*SIN(RADIANS(Q60-360)) -> 0.13442599 | S60: =0.42*COS(RADIANS(Q60-360)) -> 0.39790659 | AN60: =1*SIN(RADIANS((360+$A60*180)-360)) -> 0.10452846 | AO60: =1*COS(RADIANS((360+$A60*180)-360)) -> -0.9945219 | AP60: =0.9*SIN(RADIANS((540+$A60*180)-360)) -> -0.094075617 | AQ60: =0.9*COS(RADIANS((540+$A60*180)-360)) -> 0.89506971 | AR60: =0.8*SIN(RADIANS((720+$A60*180)-360)) -> 0.083622771 | AS60: =0.8*COS(RADIANS((720+$A60*180)-360)) -> -0.79561752 | AT60: =0.7*SIN(RADIANS((900+$A60*180)-360)) -> -0.073169924 | AU60: =0.7*COS(RADIANS((900+$A60*180)-360)) -> 0.69616533
A61: =59/60 -> 0.98333333 | B61: =(360-Simulador!$B$7)+$A61*((540+Simulador!$B$8)-(360-Simulador!$B$7)) -> 585.83333 | C61: =1*SIN(RADIANS(B61-360)) -> -0.71731608 | D61: =1*COS(RADIANS(B61-360)) -> -0.6967479 | E61: =(540+Simulador!$B$8)+$A61*((720-'Diagrama circular'!$B$9)-(540+Simulador!$B$8)) -> 708 | F61: =0.88*SIN(RADIANS(E61-360)) -> -0.18296229 | G61: =0.88*COS(RADIANS(E61-360)) -> 0.86076989 | H61: =(720-'Diagrama circular'!$B$9)+$A61*((720)-(720-'Diagrama circular'!$B$9)) -> 719.83333 | I61: =0.88*SIN(RADIANS(H61-360)) -> -0.0025598126 | J61: =0.88*COS(RADIANS(H61-360)) -> 0.87999628 | K61: =(720)+$A61*((900-Simulador!$B$5)-(720)) -> 852.75 | L61: =0.76*SIN(RADIANS(K61-360)) -> 0.55808511 | M61: =0.76*COS(RADIANS(K61-360)) -> -0.51588857 | N61: =(900-Simulador!$B$5)+$A61*((1080+Simulador!$B$6)-(900-Simulador!$B$5)) -> 1095.9167 | O61: =0.64*SIN(RADIANS(N61-360)) -> 0.17551294 | P61: =0.64*COS(RADIANS(N61-360)) -> 0.61546341 | Q61: =(360-Simulador!$B$7)+$A61*((360+Simulador!$B$6)-(360-Simulador!$B$7)) -> 379.33333 | R61: =0.42*SIN(RADIANS(Q61-360)) -> 0.13904664 | S61: =0.42*COS(RADIANS(Q61-360)) -> 0.39631557 | AN61: =1*SIN(RADIANS((360+$A61*180)-360)) -> 0.052335956 | AO61: =1*COS(RADIANS((360+$A61*180)-360)) -> -0.99862953 | AP61: =0.9*SIN(RADIANS((540+$A61*180)-360)) -> -0.047102361 | AQ61: =0.9*COS(RADIANS((540+$A61*180)-360)) -> 0.89876658 | AR61: =0.8*SIN(RADIANS((720+$A61*180)-360)) -> 0.041868765 | AS61: =0.8*COS(RADIANS((720+$A61*180)-360)) -> -0.79890363 | AT61: =0.7*SIN(RADIANS((900+$A61*180)-360)) -> -0.036635169 | AU61: =0.7*COS(RADIANS((900+$A61*180)-360)) -> 0.69904067
A62: =60/60 -> 1 | B62: =(360-Simulador!$B$7)+$A62*((540+Simulador!$B$8)-(360-Simulador!$B$7)) -> 590 | C62: =1*SIN(RADIANS(B62-360)) -> -0.76604444 | D62: =1*COS(RADIANS(B62-360)) -> -0.64278761 | E62: =(540+Simulador!$B$8)+$A62*((720-'Diagrama circular'!$B$9)-(540+Simulador!$B$8)) -> 710 | F62: =0.88*SIN(RADIANS(E62-360)) -> -0.1528104 | G62: =0.88*COS(RADIANS(E62-360)) -> 0.86663082 | H62: =(720-'Diagrama circular'!$B$9)+$A62*((720)-(720-'Diagrama circular'!$B$9)) -> 720 | I62: =0.88*SIN(RADIANS(H62-360)) -> -2.1562613e-16 | J62: =0.88*COS(RADIANS(H62-360)) -> 0.88 | K62: =(720)+$A62*((900-Simulador!$B$5)-(720)) -> 855 | L62: =0.76*SIN(RADIANS(K62-360)) -> 0.53740115 | M62: =0.76*COS(RADIANS(K62-360)) -> -0.53740115 | N62: =(900-Simulador!$B$5)+$A62*((1080+Simulador!$B$6)-(900-Simulador!$B$5)) -> 1100 | O62: =0.64*SIN(RADIANS(N62-360)) -> 0.21889289 | P62: =0.64*COS(RADIANS(N62-360)) -> 0.60140328 | Q62: =(360-Simulador!$B$7)+$A62*((360+Simulador!$B$6)-(360-Simulador!$B$7)) -> 380 | R62: =0.42*SIN(RADIANS(Q62-360)) -> 0.14364846 | S62: =0.42*COS(RADIANS(Q62-360)) -> 0.3946709 | AN62: =1*SIN(RADIANS((360+$A62*180)-360)) -> 1.2251485e-16 | AO62: =1*COS(RADIANS((360+$A62*180)-360)) -> -1 | AP62: =0.9*SIN(RADIANS((540+$A62*180)-360)) -> -2.2052672e-16 | AQ62: =0.9*COS(RADIANS((540+$A62*180)-360)) -> 0.9 | AR62: =0.8*SIN(RADIANS((720+$A62*180)-360)) -> 2.9403563e-16 | AS62: =0.8*COS(RADIANS((720+$A62*180)-360)) -> -0.8 | AT62: =0.7*SIN(RADIANS((900+$A62*180)-360)) -> -3.4304157e-16 | AU62: =0.7*COS(RADIANS((900+$A62*180)-360)) -> 0.7
AN66: Admisión | AO66: =AN32 -> 1 | AP66: =AO32 -> 6.1257423e-17
AN67: Compresión | AO67: =AP32 -> -0.9 | AP67: =AQ32 -> -1.6539504e-16
AN68: Expansión | AO68: =AR32 -> 0.8 | AP68: =AS32 -> 2.4502969e-16
AN69: Escape | AO69: =AT32 -> -0.7 | AP69: =AU32 -> -3.0016137e-16
