Workbook

Sheet Ovalización y conicidad
A1: Simulador 1 · Ovalización, conicidad y decisión de rectificado del bloque
A2: Sistemas del Funcionamiento del Motor (MA.02.06) · Unidad 4 · Edite solo las celdas amarillas (texto azul); todo lo demás se recalcula.
A4: Especificación del motor | B4: Valor | D4: Sobremedidas comerciales (mm)
A5: Diámetro nominal del cilindro (mm) | B5: 74 | D5: 0.25
A6: Ovalización máxima admisible (mm) | B6: 0.05 | D6: 0.5
A7: Conicidad máxima admisible (mm) | B7: 0.05 | D7: 0.75
A8: Desgaste máximo admisible (mm) | B8: 0.1 | D8: 1
A9: Margen de mecanizado para limpiar el desgaste (mm) | B9: 0.05
B11: Lecturas del alexómetro (mm): A = paralelo al cigüeñal, B = perpendicular
A12: Cilindro | B12: Alta A | C12: Alta B | D12: Media A | E12: Media B | F12: Baja A | G12: Baja B | H12: Ovalización máx. (mm) | I12: Conicidad máx. (mm) | J12: Diámetro máx. (mm) | K12: Desgaste (mm) | L12: Estado
A13: 1 | B13: 74.02 | C13: 74.03 | D13: 74.01 | E13: 74.02 | F13: 74 | G13: 74.01 | H13: =ROUND(MAX(ABS(B13-C13),ABS(D13-E13),ABS(F13-G13)),3) | I13: =ROUND(MAX(ABS(B13-F13),ABS(C13-G13)),3) | J13: =MAX(B13:G13) | K13: =ROUND(J13-$B$5,3) | L13: =IF(AND(H13<=$B$6,I13<=$B$7,K13<=$B$8),"Cumple","Fuera de límite")
A14: 2 | B14: 74.03 | C14: 74.05 | D14: 74.02 | E14: 74.03 | F14: 74.01 | G14: 74.01 | H14: =ROUND(MAX(ABS(B14-C14),ABS(D14-E14),ABS(F14-G14)),3) | I14: =ROUND(MAX(ABS(B14-F14),ABS(C14-G14)),3) | J14: =MAX(B14:G14) | K14: =ROUND(J14-$B$5,3) | L14: =IF(AND(H14<=$B$6,I14<=$B$7,K14<=$B$8),"Cumple","Fuera de límite")
A15: 3 | B15: 74.06 | C15: 74.12 | D15: 74.04 | E15: 74.07 | F15: 74.01 | G15: 74.02 | H15: =ROUND(MAX(ABS(B15-C15),ABS(D15-E15),ABS(F15-G15)),3) | I15: =ROUND(MAX(ABS(B15-F15),ABS(C15-G15)),3) | J15: =MAX(B15:G15) | K15: =ROUND(J15-$B$5,3) | L15: =IF(AND(H15<=$B$6,I15<=$B$7,K15<=$B$8),"Cumple","Fuera de límite")
A16: 4 | B16: 74.03 | C16: 74.04 | D16: 74.02 | E16: 74.03 | F16: 74.01 | G16: 74.01 | H16: =ROUND(MAX(ABS(B16-C16),ABS(D16-E16),ABS(F16-G16)),3) | I16: =ROUND(MAX(ABS(B16-F16),ABS(C16-G16)),3) | J16: =MAX(B16:G16) | K16: =ROUND(J16-$B$5,3) | L16: =IF(AND(H16<=$B$6,I16<=$B$7,K16<=$B$8),"Cumple","Fuera de límite")
A19: Decisión para el bloque | B19: Valor | C19: Cómo se obtiene
A20: Cilindros fuera de límite | B20: =COUNTIF(L13:L16,"Fuera de límite") | C20: Cuenta de «Fuera de límite»
A21: Desgaste máximo del bloque (mm) | B21: =MAX(K13:K16)
A22: Material a retirar (desgaste + margen, mm) | B22: =B21+B9 | C22: El rectificado debe limpiar el desgaste más el margen
A23: Sobremedidas menores que lo necesario | B23: =COUNTIF(D5:D8,"<"&B22)
A24: Sobremedida a aplicar (mm) | B24: =IF(B20=0,0,IF(B23>=COUNT(D5:D8),"Encamisar",SMALL(D5:D8,B23+1))) | C24: Primera sobremedida comercial ≥ material a retirar
A25: Diámetro final de rectificado (mm) | B25: =IF(ISNUMBER(B24),B5+B24,"Camisa al nominal") | C25: Todos los cilindros a la misma sobremedida
A27: =IF(B20=0,"Bloque apto: no requiere rectificado (cambiar segmentos y bruñir si el manual lo indica)",IF(ISNUMBER(B24),"Rectificar los "&COUNT(B13:B16)&" cilindros a +"&TEXT(B24,"0.00")&" mm y montar pistones y segmentos de esa sobremedida","El desgaste supera la mayor sobremedida: encamisar el bloque"))
A29: Las seis lecturas se toman en tres alturas (alta, media, baja) y dos direcciones. Ovalización = diferencia entre direcciones en una altura; conicidad = diferencia entre alturas en una dirección.

Sheet Anticongelante
A1: Simulador 2 · Mezcla de anticongelante, punto de congelación y de ebullición
A2: Sistemas del Funcionamiento del Motor (MA.02.06) · Unidad 4 · Edite solo las celdas amarillas (texto azul); todo lo demás se recalcula.
A4: Datos de entrada | B4: Valor
A5: Capacidad del circuito de refrigeración (L) | B5: 6
A6: Concentración deseada de anticongelante (%) | B6: 0.5
A7: Concentración actual en el circuito (%) | B7: 0.2
A8: Presión de apertura del tapón (bar) | B8: 1.1
A9: Altitud del lugar (m) | B9: 2100
A11: Resultados | B11: Valor | C11: Cómo se obtiene
A12: Anticongelante concentrado para llenado nuevo (L) | B12: =B5*B6 | C12: Capacidad × concentración
A13: Agua desmineralizada para llenado nuevo (L) | B13: =B5-B12
A14: Para corregir: líquido a drenar (L) | B14: =IF(B6>B7,B5*(B6-B7)/(1-B7),B5*(B7-B6)/B7) | C14: Se drena y se repone con concentrado (si falta) o con agua (si sobra)
C15: =IF(B6>B7,"Reponer los litros drenados con anticongelante puro","Reponer los litros drenados con agua desmineralizada")
A16: Punto de congelación de la mezcla (°C) | B16: =INDEX(Datos!B3:B9,MATCH(B6,Datos!A3:A9,1))+(B6-INDEX(Datos!A3:A9,MATCH(B6,Datos!A3:A9,1)))/0.1*(INDEX(Datos!B3:B10,MATCH(B6,Datos!A3:A9,1)+1)-INDEX(Datos!B3:B9,MATCH(B6,Datos!A3:A9,1))) | C16: Interpolado en la tabla de etilenglicol
A17: Elevación del punto de ebullición por el glicol (°C) | B17: =INDEX(Datos!C3:C9,MATCH(B6,Datos!A3:A9,1))+(B6-INDEX(Datos!A3:A9,MATCH(B6,Datos!A3:A9,1)))/0.1*(INDEX(Datos!C3:C10,MATCH(B6,Datos!A3:A9,1)+1)-INDEX(Datos!C3:C9,MATCH(B6,Datos!A3:A9,1)))-100
A18: Presión atmosférica en el lugar (bar) | B18: =1.01325*(1-0.0000225577*B9)^5.25588 | C18: Atmósfera estándar
A19: Ebullición del agua sola, circuito abierto, en el lugar (°C) | B19: =1/(1/373.15-8.314/40650*LN(B18/1.01325))-273.15 | C19: Clausius-Clapeyron
A20: Ebullición de la mezcla, circuito abierto (°C) | B20: =B19+B17
A21: Ebullición de la mezcla con el circuito presurizado (°C) | B21: =1/(1/373.15-8.314/40650*LN((B18+B8)/1.01325))-273.15+B17 | C21: Presión absoluta = atmosférica + tapón
A23: =IF(B6>0.6,"Atención: por encima del 60 % la mezcla vuelve a congelarse a temperatura más alta y refrigera peor",IF(B6<0.3,"Concentración baja: poca protección contra corrosión y congelación","Concentración adecuada"))
A24: Tabla de etilenglicol con valores orientativos de bibliografía técnica; para un producto concreto use la ficha del fabricante.

Sheet Balance térmico
A1: Simulador 3 · Balance térmico del motor y caudal de refrigerante
A2: Sistemas del Funcionamiento del Motor (MA.02.06) · Unidad 4 · Edite solo las celdas amarillas (texto azul); todo lo demás se recalcula.
A4: Datos de entrada | B4: Valor
A5: Potencia efectiva en el punto de estudio (kW) | B5: 60
A6: Consumo de combustible (kg/h) | B6: 18
A7: Poder calorífico inferior del combustible (MJ/kg) | B7: 43.5
A8: Fracción de la energía que sale por el escape | B8: 0.33
A9: Fracción de otras pérdidas (radiación, aceite, rozamientos) | B9: 0.08
A10: Salto de temperatura del refrigerante en el radiador (K) | B10: 8
A11: Calor específico del refrigerante (kJ/kg·K) | B11: 3.6
A12: Densidad del refrigerante (kg/L) | B12: 1.06
A14: Resultados | B14: Valor | C14: Cómo se obtiene
A15: Potencia del combustible Q (kW) | B15: =B6*B7*1000/3600 | C15: Q = ṁ · PCI
A16: Rendimiento efectivo ηe | B16: =B5/B15 | C16: ηe = Pe / Q
A17: Consumo específico (g/kWh) | B17: =B6*1000/B5 | C17: ce = ṁ / Pe
A18: Calor al escape (kW) | B18: =B15*B8
A19: Otras pérdidas (kW) | B19: =B15*B9
A20: Calor al sistema de refrigeración (kW) | B20: =B15-B5-B18-B19 | C20: Lo que queda del balance
A21: Fracción a refrigeración | B21: =B20/B15
A22: Caudal másico de refrigerante (kg/s) | B22: =B20/(B11*B10) | C22: ṁ = Q_ref / (cp · ΔT)
A23: Caudal que debe mover la bomba (L/min) | B23: =B22/B12*60
A25: =IF(B20<=0,"Revise los datos: el balance no deja calor para la refrigeración","Balance coherente")
A27: Reparto (kW) | B27: kW
A28: Trabajo útil | B28: =B5
A29: Refrigeración | B29: =B20
A30: Escape | B30: =B18
A31: Otras pérdidas | B31: =B19

Sheet Cigüeñal y Plastigage
A1: Simulador · Medición del cigüeñal, holgura con Plastigage y medida de rectificado
A2: Sistemas del Funcionamiento del Motor (MA.02.06) · Unidad 4 · Edite solo las celdas amarillas (texto azul); todo lo demás se recalcula.
A4: Datos
A5: Diámetro nominal de los apoyos de bancada (mm) | F5: 50
A6: Diámetro nominal de las muñequillas de biela (mm) | F6: 45
A7: Ovalización y conicidad máximas (mm) | F7: 0.01
A8: Desgaste máximo admisible bajo el nominal (mm) | F8: 0.025
A9: Holgura de aceite especificada, mínima (mm) | F9: 0.02
A10: Holgura de aceite especificada, máxima (mm) | F10: 0.05
A11: Holgura límite de servicio (mm) | F11: 0.08
A12: Margen mínimo de material para rectificar (mm) | F12: 0.02
A14: Muñón | B14: Tipo | C14: Plano A sec. 1 | D14: Plano B sec. 1 | E14: Plano A sec. 2 | F14: Plano B sec. 2 | G14: Plastigage (mm) | H14: D mín | I14: Ovalización | J14: Conicidad | K14: Desgaste | L14: Decisión | M14: Rectificar a | N14: u
A15: Bancada 1 | B15: Bancada | C15: 49.995 | D15: 49.993 | E15: 49.994 | F15: 49.995 | G15: 0.035 | H15: =MIN(C15:F15) | I15: =MAX(ABS(C15-D15),ABS(E15-F15)) | J15: =MAX(ABS(C15-E15),ABS(D15-F15)) | K15: =IF(B15="Bancada",$F$5,$F$6)-H15 | L15: =IF(NOT(AND(I15<=$F$7,J15<=$F$7,K15<=$F$8)),"Rectificar (geometría fuera de tolerancia)",IF(G15>$F$11,"Cambiar cojinetes y volver a medir",IF(G15>$F$10,"Holgura alta: cojinetes nuevos STD",IF(G15<$F$9,"Holgura baja: revisar cojinete y medición","Correcto")))) | M15: =IF(N15=0,"STD",IF(N15=9,"Sustituir","−"&TEXT(N15,"0.00")&" mm")) | N15: =IF(AND(I15<=$F$7,J15<=$F$7,K15<=$F$8),0,IF(IF(B15="Bancada",$F$5,$F$6)-0.25<=H15-$F$12,0.25,IF(IF(B15="Bancada",$F$5,$F$6)-0.5<=H15-$F$12,0.5,IF(IF(B15="Bancada",$F$5,$F$6)-0.75<=H15-$F$12,0.75,IF(IF(B15="Bancada",$F$5,$F$6)-1<=H15-$F$12,1,9)))))
A16: Bancada 2 | B16: Bancada | C16: 49.99 | D16: 49.982 | E16: 49.988 | F16: 49.985 | G16: 0.06 | H16: =MIN(C16:F16) | I16: =MAX(ABS(C16-D16),ABS(E16-F16)) | J16: =MAX(ABS(C16-E16),ABS(D16-F16)) | K16: =IF(B16="Bancada",$F$5,$F$6)-H16 | L16: =IF(NOT(AND(I16<=$F$7,J16<=$F$7,K16<=$F$8)),"Rectificar (geometría fuera de tolerancia)",IF(G16>$F$11,"Cambiar cojinetes y volver a medir",IF(G16>$F$10,"Holgura alta: cojinetes nuevos STD",IF(G16<$F$9,"Holgura baja: revisar cojinete y medición","Correcto")))) | M16: =IF(N16=0,"STD",IF(N16=9,"Sustituir","−"&TEXT(N16,"0.00")&" mm")) | N16: =IF(AND(I16<=$F$7,J16<=$F$7,K16<=$F$8),0,IF(IF(B16="Bancada",$F$5,$F$6)-0.25<=H16-$F$12,0.25,IF(IF(B16="Bancada",$F$5,$F$6)-0.5<=H16-$F$12,0.5,IF(IF(B16="Bancada",$F$5,$F$6)-0.75<=H16-$F$12,0.75,IF(IF(B16="Bancada",$F$5,$F$6)-1<=H16-$F$12,1,9)))))
A17: Bancada 3 | B17: Bancada | C17: 49.996 | D17: 49.994 | E17: 49.995 | F17: 49.993 | G17: 0.04 | H17: =MIN(C17:F17) | I17: =MAX(ABS(C17-D17),ABS(E17-F17)) | J17: =MAX(ABS(C17-E17),ABS(D17-F17)) | K17: =IF(B17="Bancada",$F$5,$F$6)-H17 | L17: =IF(NOT(AND(I17<=$F$7,J17<=$F$7,K17<=$F$8)),"Rectificar (geometría fuera de tolerancia)",IF(G17>$F$11,"Cambiar cojinetes y volver a medir",IF(G17>$F$10,"Holgura alta: cojinetes nuevos STD",IF(G17<$F$9,"Holgura baja: revisar cojinete y medición","Correcto")))) | M17: =IF(N17=0,"STD",IF(N17=9,"Sustituir","−"&TEXT(N17,"0.00")&" mm")) | N17: =IF(AND(I17<=$F$7,J17<=$F$7,K17<=$F$8),0,IF(IF(B17="Bancada",$F$5,$F$6)-0.25<=H17-$F$12,0.25,IF(IF(B17="Bancada",$F$5,$F$6)-0.5<=H17-$F$12,0.5,IF(IF(B17="Bancada",$F$5,$F$6)-0.75<=H17-$F$12,0.75,IF(IF(B17="Bancada",$F$5,$F$6)-1<=H17-$F$12,1,9)))))
A18: Bancada 4 | B18: Bancada | C18: 49.994 | D18: 49.995 | E18: 49.993 | F18: 49.994 | G18: 0.045 | H18: =MIN(C18:F18) | I18: =MAX(ABS(C18-D18),ABS(E18-F18)) | J18: =MAX(ABS(C18-E18),ABS(D18-F18)) | K18: =IF(B18="Bancada",$F$5,$F$6)-H18 | L18: =IF(NOT(AND(I18<=$F$7,J18<=$F$7,K18<=$F$8)),"Rectificar (geometría fuera de tolerancia)",IF(G18>$F$11,"Cambiar cojinetes y volver a medir",IF(G18>$F$10,"Holgura alta: cojinetes nuevos STD",IF(G18<$F$9,"Holgura baja: revisar cojinete y medición","Correcto")))) | M18: =IF(N18=0,"STD",IF(N18=9,"Sustituir","−"&TEXT(N18,"0.00")&" mm")) | N18: =IF(AND(I18<=$F$7,J18<=$F$7,K18<=$F$8),0,IF(IF(B18="Bancada",$F$5,$F$6)-0.25<=H18-$F$12,0.25,IF(IF(B18="Bancada",$F$5,$F$6)-0.5<=H18-$F$12,0.5,IF(IF(B18="Bancada",$F$5,$F$6)-0.75<=H18-$F$12,0.75,IF(IF(B18="Bancada",$F$5,$F$6)-1<=H18-$F$12,1,9)))))
A19: Bancada 5 | B19: Bancada | C19: 49.996 | D19: 49.995 | E19: 49.996 | F19: 49.994 | G19: 0.03 | H19: =MIN(C19:F19) | I19: =MAX(ABS(C19-D19),ABS(E19-F19)) | J19: =MAX(ABS(C19-E19),ABS(D19-F19)) | K19: =IF(B19="Bancada",$F$5,$F$6)-H19 | L19: =IF(NOT(AND(I19<=$F$7,J19<=$F$7,K19<=$F$8)),"Rectificar (geometría fuera de tolerancia)",IF(G19>$F$11,"Cambiar cojinetes y volver a medir",IF(G19>$F$10,"Holgura alta: cojinetes nuevos STD",IF(G19<$F$9,"Holgura baja: revisar cojinete y medición","Correcto")))) | M19: =IF(N19=0,"STD",IF(N19=9,"Sustituir","−"&TEXT(N19,"0.00")&" mm")) | N19: =IF(AND(I19<=$F$7,J19<=$F$7,K19<=$F$8),0,IF(IF(B19="Bancada",$F$5,$F$6)-0.25<=H19-$F$12,0.25,IF(IF(B19="Bancada",$F$5,$F$6)-0.5<=H19-$F$12,0.5,IF(IF(B19="Bancada",$F$5,$F$6)-0.75<=H19-$F$12,0.75,IF(IF(B19="Bancada",$F$5,$F$6)-1<=H19-$F$12,1,9)))))
A20: Biela 1 | B20: Biela | C20: 44.994 | D20: 44.993 | E20: 44.995 | F20: 44.994 | G20: 0.04 | H20: =MIN(C20:F20) | I20: =MAX(ABS(C20-D20),ABS(E20-F20)) | J20: =MAX(ABS(C20-E20),ABS(D20-F20)) | K20: =IF(B20="Bancada",$F$5,$F$6)-H20 | L20: =IF(NOT(AND(I20<=$F$7,J20<=$F$7,K20<=$F$8)),"Rectificar (geometría fuera de tolerancia)",IF(G20>$F$11,"Cambiar cojinetes y volver a medir",IF(G20>$F$10,"Holgura alta: cojinetes nuevos STD",IF(G20<$F$9,"Holgura baja: revisar cojinete y medición","Correcto")))) | M20: =IF(N20=0,"STD",IF(N20=9,"Sustituir","−"&TEXT(N20,"0.00")&" mm")) | N20: =IF(AND(I20<=$F$7,J20<=$F$7,K20<=$F$8),0,IF(IF(B20="Bancada",$F$5,$F$6)-0.25<=H20-$F$12,0.25,IF(IF(B20="Bancada",$F$5,$F$6)-0.5<=H20-$F$12,0.5,IF(IF(B20="Bancada",$F$5,$F$6)-0.75<=H20-$F$12,0.75,IF(IF(B20="Bancada",$F$5,$F$6)-1<=H20-$F$12,1,9)))))
A21: Biela 2 | B21: Biela | C21: 44.995 | D21: 44.994 | E21: 44.994 | F21: 44.993 | G21: 0.09 | H21: =MIN(C21:F21) | I21: =MAX(ABS(C21-D21),ABS(E21-F21)) | J21: =MAX(ABS(C21-E21),ABS(D21-F21)) | K21: =IF(B21="Bancada",$F$5,$F$6)-H21 | L21: =IF(NOT(AND(I21<=$F$7,J21<=$F$7,K21<=$F$8)),"Rectificar (geometría fuera de tolerancia)",IF(G21>$F$11,"Cambiar cojinetes y volver a medir",IF(G21>$F$10,"Holgura alta: cojinetes nuevos STD",IF(G21<$F$9,"Holgura baja: revisar cojinete y medición","Correcto")))) | M21: =IF(N21=0,"STD",IF(N21=9,"Sustituir","−"&TEXT(N21,"0.00")&" mm")) | N21: =IF(AND(I21<=$F$7,J21<=$F$7,K21<=$F$8),0,IF(IF(B21="Bancada",$F$5,$F$6)-0.25<=H21-$F$12,0.25,IF(IF(B21="Bancada",$F$5,$F$6)-0.5<=H21-$F$12,0.5,IF(IF(B21="Bancada",$F$5,$F$6)-0.75<=H21-$F$12,0.75,IF(IF(B21="Bancada",$F$5,$F$6)-1<=H21-$F$12,1,9)))))
A22: Biela 3 | B22: Biela | C22: 44.97 | D22: 44.958 | E22: 44.968 | F22: 44.962 | G22: 0.07 | H22: =MIN(C22:F22) | I22: =MAX(ABS(C22-D22),ABS(E22-F22)) | J22: =MAX(ABS(C22-E22),ABS(D22-F22)) | K22: =IF(B22="Bancada",$F$5,$F$6)-H22 | L22: =IF(NOT(AND(I22<=$F$7,J22<=$F$7,K22<=$F$8)),"Rectificar (geometría fuera de tolerancia)",IF(G22>$F$11,"Cambiar cojinetes y volver a medir",IF(G22>$F$10,"Holgura alta: cojinetes nuevos STD",IF(G22<$F$9,"Holgura baja: revisar cojinete y medición","Correcto")))) | M22: =IF(N22=0,"STD",IF(N22=9,"Sustituir","−"&TEXT(N22,"0.00")&" mm")) | N22: =IF(AND(I22<=$F$7,J22<=$F$7,K22<=$F$8),0,IF(IF(B22="Bancada",$F$5,$F$6)-0.25<=H22-$F$12,0.25,IF(IF(B22="Bancada",$F$5,$F$6)-0.5<=H22-$F$12,0.5,IF(IF(B22="Bancada",$F$5,$F$6)-0.75<=H22-$F$12,0.75,IF(IF(B22="Bancada",$F$5,$F$6)-1<=H22-$F$12,1,9)))))
A23: Biela 4 | B23: Biela | C23: 44.994 | D23: 44.995 | E23: 44.993 | F23: 44.994 | G23: 0.015 | H23: =MIN(C23:F23) | I23: =MAX(ABS(C23-D23),ABS(E23-F23)) | J23: =MAX(ABS(C23-E23),ABS(D23-F23)) | K23: =IF(B23="Bancada",$F$5,$F$6)-H23 | L23: =IF(NOT(AND(I23<=$F$7,J23<=$F$7,K23<=$F$8)),"Rectificar (geometría fuera de tolerancia)",IF(G23>$F$11,"Cambiar cojinetes y volver a medir",IF(G23>$F$10,"Holgura alta: cojinetes nuevos STD",IF(G23<$F$9,"Holgura baja: revisar cojinete y medición","Correcto")))) | M23: =IF(N23=0,"STD",IF(N23=9,"Sustituir","−"&TEXT(N23,"0.00")&" mm")) | N23: =IF(AND(I23<=$F$7,J23<=$F$7,K23<=$F$8),0,IF(IF(B23="Bancada",$F$5,$F$6)-0.25<=H23-$F$12,0.25,IF(IF(B23="Bancada",$F$5,$F$6)-0.5<=H23-$F$12,0.5,IF(IF(B23="Bancada",$F$5,$F$6)-0.75<=H23-$F$12,0.75,IF(IF(B23="Bancada",$F$5,$F$6)-1<=H23-$F$12,1,9)))))
A25: ="Todos los apoyos de bancada se rectifican a la misma medida: "&IF(MAX(N15:N19)=0,"STD (no requiere)",IF(MAX(N15:N19)=9,"sustituir el cigüeñal","−"&TEXT(MAX(N15:N19),"0.00")&" mm"))
A26: ="Todas las muñequillas de biela se rectifican a: "&IF(MAX(N20:N23)=0,"STD (no requiere)",IF(MAX(N20:N23)=9,"sustituir el cigüeñal","−"&TEXT(MAX(N20:N23),"0.00")&" mm"))
A27: Ovalización = diferencia entre planos A y B en la misma sección; conicidad = diferencia entre secciones en el mismo plano; desgaste = nominal − diámetro mínimo.
A29: Plastigage | B29: Rango (mm)
A30: Verde (PG-1) | B30: 0,025 – 0,076
A31: Rojo (PR-1) | B31: 0,051 – 0,152
A32: Azul (PB-1) | B32: 0,102 – 0,229
A33: Compare el ancho del hilo aplastado con la escala del envase y escriba la holgura en la columna Plastigage. Use el hilo verde para holguras de cojinetes de turismo.

Sheet Bomba de aceite
A1: Simulador · Bomba de aceite y válvula de descarga: caudal y presión
A2: Sistemas del Funcionamiento del Motor (MA.02.06) · Unidad 4 · Edite solo las celdas amarillas (texto azul); todo lo demás se recalcula.
A4: Datos de entrada | B4: Valor
A5: Cilindrada de la bomba (cm³/rev) | B5: 8
A6: Relación de giro bomba/cigüeñal | B6: 1
A7: Rendimiento volumétrico de la bomba nueva | B7: 0.92
A8: Desgaste de la bomba (pérdida de caudal, %) | B8: 0
A9: Aceite y temperatura | B9: SAE 15W-40 caliente (100 °C)
A10: Presión de apertura de la válvula de descarga (bar) | B10: 4.5
A11: Resistencia del circuito (bar por L/min, aceite de referencia) | B11: 0.25
A12: Aumento de holgura de los cojinetes (%) | B12: 0
A13: Régimen de análisis (rpm) | B13: 3000
A14: Régimen de ralentí (rpm) | B14: 800
A15: Presión mínima admisible en ralentí (bar) | B15: 1
A17: Resultados al régimen de análisis | B17: Valor | C17: Cómo se obtiene
A18: Viscosidad relativa μ | B18: =VLOOKUP(B9,'Datos bomba'!$A$3:$B$7,2,FALSE)
A19: Resistencia efectiva del circuito (bar por L/min) | B19: =B11/(1+B12/100)^3 | C19: R/(1 + Δh)³
A20: Caudal teórico de la bomba (L/min) | B20: =B5*B6*B13/1000 | C20: Q = V·n (ejemplo 22 de la guía)
A21: Presión sin válvula de descarga (bar) | B21: =B19*B18*B20*B7*(1-B8/100)/(1+B19*0.3) | C21: p = R·μ·Q real (con fugas internas de la bomba)
A22: Presión en el circuito (bar) | B22: =MIN(B21,B10) | C22: La válvula limita la presión
A23: Caudal que llega a los cojinetes (L/min) | B23: =B22/(B19*B18) | C23: Q = p/(R·μ)
A24: Caudal que regresa por la válvula de descarga (L/min) | B24: =MAX(0,B20*B7*(1-B8/100)-0.3*B22/B18-B23)
A25: Válvula de descarga | B25: =IF(B21>B10,"Abierta (limitando)","Cerrada")
A26: Presión en ralentí (bar) | B26: =MIN(B10,B19*B18*B5*B6*B14/1000*B7*(1-B8/100)/(1+B19*0.3))
A28: =IF(B26<B15,"Presión baja en ralentí: se encenderá el testigo. Causas: aceite muy fluido o caliente, bomba o cojinetes desgastados.",IF(B18>=3,"Aceite frío: la válvula abre pronto y llega poco caudal a los cojinetes; evite acelerar en frío.","Presiones dentro de lo normal"))
A29: Modelo didáctico: circuito laminar (p proporcional a Q y a la viscosidad) y bomba volumétrica con fugas internas.

Sheet Guía
B2: Simuladores de la Unidad 4 · Refrigeración, lubricación y bloque motor
B3: Simulador 1 · Ovalización y conicidad
B4: Copie las seis lecturas del alexómetro de cada cilindro (práctica de comprobaciones del bloque). La hoja calcula ovalización, conicidad y desgaste, marca los cilindros fuera de límite y propone la sobremedida comercial para todo el bloque. Es la ficha de la práctica, automatizada.
B5: Simulador 2 · Anticongelante
B6: Calcule los litros de concentrado y de agua, cuánto drenar para corregir una mezcla y la temperatura de ebullición con y sin presión. Actividad: compare a qué temperatura hierve el agua sola en Loja con el circuito abierto y con el tapón cerrado.
B7: Simulador 3 · Balance térmico
B8: Reparte la energía del combustible entre trabajo, escape, refrigeración y otras pérdidas, y calcula el caudal que debe mover la bomba de agua. Actividad: ¿qué ocurre con el caudal necesario si el termostato reduce el salto de temperatura a 5 K?
B9: Fuentes
B10: González Calleja, D. (2018). Motores (2.ª ed.). Paraninfo. · Escudero, S., González, J., y Rivas, J. L. (2024). Cuaderno de prácticas: motores. Macmillan Iberia. · Datos del etilenglicol: valores orientativos de bibliografía técnica.
B12: Simuladores añadidos (octubre 2026)
B13: Simulador · Cigüeñal y Plastigage
B14: Escriba las cuatro lecturas del micrómetro de cada muñón (dos planos y dos secciones) y la holgura leída con Plastigage. La hoja calcula ovalización, conicidad y desgaste, decide entre reutilizar, cambiar cojinetes o rectificar, y propone la medida de rectificado común (−0,25, −0,50, −0,75, −1,00 mm).
... B16: Relaciona el caudal de la bomba (Q = V·n) con la presión del circuito y la apertura de la válvula de descarga. Actividad: compare un aceite 15W-40 frío con un 0W-20 caliente en ralentí, y simule el desgaste de la bomba y de los cojinetes para explicar por qué se enciende el testigo de presión.

Sheet Datos
A2: Concentración | B2: Congelación (°C) | C2: Ebullición a 1 atm (°C)
A3: 0 | B3: 0 | C3: 100
A4: 0.1 | B4: -3.5 | C4: 101
A5: 0.2 | B5: -7.8 | C5: 102
A6: 0.3 | B6: -14 | C6: 104
A7: 0.4 | B7: -23 | C7: 105
A8: 0.5 | B8: -34 | C8: 107
A9: 0.6 | B9: -48 | C9: 110
A10: 0.7 | B10: -48 | C10: 112
A12: Fila 70 % solo para interpolar; el uso recomendado no supera el 60 %.

Sheet Datos bomba
A1: Aceites y barrido de régimen (no editar)
A2: Aceite | B2: Viscosidad relativa μ | D2: rpm | E2: Presión (bar) | F2: Q bomba (L/min) | G2: Q a cojinetes (L/min) | H2: Apertura válvula
A3: SAE 0W-20 caliente (100 °C) | B3: 0.6 | D3: 600 | E3: =MIN(('Bomba de aceite'!$B$19*'Bomba de aceite'!$B$18*'Bomba de aceite'!$B$5*'Bomba de aceite'!$B$6*D3/1000*'Bomba de aceite'!$B$7*(1-'Bomba de aceite'!$B$8/100)/(1+'Bomba de aceite'!$B$19*0.3)),'Bomba de aceite'!$B$10) | F3: ='Bomba de aceite'!$B$5*'Bomba de aceite'!$B$6*D3/1000*'Bomba de aceite'!$B$7*(1-'Bomba de aceite'!$B$8/100) | G3: =E3/('Bomba de aceite'!$B$19*'Bomba de aceite'!$B$18) | H3: ='Bomba de aceite'!$B$10
A4: SAE 5W-30 caliente (100 °C) | B4: 0.8 | D4: 800 | E4: =MIN(('Bomba de aceite'!$B$19*'Bomba de aceite'!$B$18*'Bomba de aceite'!$B$5*'Bomba de aceite'!$B$6*D4/1000*'Bomba de aceite'!$B$7*(1-'Bomba de aceite'!$B$8/100)/(1+'Bomba de aceite'!$B$19*0.3)),'Bomba de aceite'!$B$10) | F4: ='Bomba de aceite'!$B$5*'Bomba de aceite'!$B$6*D4/1000*'Bomba de aceite'!$B$7*(1-'Bomba de aceite'!$B$8/100) | G4: =E4/('Bomba de aceite'!$B$19*'Bomba de aceite'!$B$18) | H4: ='Bomba de aceite'!$B$10
A5: SAE 15W-40 caliente (100 °C) | B5: 1 | D5: 1000 | E5: =MIN(('Bomba de aceite'!$B$19*'Bomba de aceite'!$B$18*'Bomba de aceite'!$B$5*'Bomba de aceite'!$B$6*D5/1000*'Bomba de aceite'!$B$7*(1-'Bomba de aceite'!$B$8/100)/(1+'Bomba de aceite'!$B$19*0.3)),'Bomba de aceite'!$B$10) | F5: ='Bomba de aceite'!$B$5*'Bomba de aceite'!$B$6*D5/1000*'Bomba de aceite'!$B$7*(1-'Bomba de aceite'!$B$8/100) | G5: =E5/('Bomba de aceite'!$B$19*'Bomba de aceite'!$B$18) | H5: ='Bomba de aceite'!$B$10
A6: SAE 15W-40 a 40 °C | B6: 3 | D6: 1200 | E6: =MIN(('Bomba de aceite'!$B$19*'Bomba de aceite'!$B$18*'Bomba de aceite'!$B$5*'Bomba de aceite'!$B$6*D6/1000*'Bomba de aceite'!$B$7*(1-'Bomba de aceite'!$B$8/100)/(1+'Bomba de aceite'!$B$19*0.3)),'Bomba de aceite'!$B$10) | F6: ='Bomba de aceite'!$B$5*'Bomba de aceite'!$B$6*D6/1000*'Bomba de aceite'!$B$7*(1-'Bomba de aceite'!$B$8/100) | G6: =E6/('Bomba de aceite'!$B$19*'Bomba de aceite'!$B$18) | H6: ='Bomba de aceite'!$B$10
A7: SAE 15W-40 frío (20 °C) | B7: 6 | D7: 1400 | E7: =MIN(('Bomba de aceite'!$B$19*'Bomba de aceite'!$B$18*'Bomba de aceite'!$B$5*'Bomba de aceite'!$B$6*D7/1000*'Bomba de aceite'!$B$7*(1-'Bomba de aceite'!$B$8/100)/(1+'Bomba de aceite'!$B$19*0.3)),'Bomba de aceite'!$B$10) | F7: ='Bomba de aceite'!$B$5*'Bomba de aceite'!$B$6*D7/1000*'Bomba de aceite'!$B$7*(1-'Bomba de aceite'!$B$8/100) | G7: =E7/('Bomba de aceite'!$B$19*'Bomba de aceite'!$B$18) | H7: ='Bomba de aceite'!$B$10
D8: 1600 | E8: =MIN(('Bomba de aceite'!$B$19*'Bomba de aceite'!$B$18*'Bomba de aceite'!$B$5*'Bomba de aceite'!$B$6*D8/1000*'Bomba de aceite'!$B$7*(1-'Bomba de aceite'!$B$8/100)/(1+'Bomba de aceite'!$B$19*0.3)),'Bomba de aceite'!$B$10) | F8: ='Bomba de aceite'!$B$5*'Bomba de aceite'!$B$6*D8/1000*'Bomba de aceite'!$B$7*(1-'Bomba de aceite'!$B$8/100) | G8: =E8/('Bomba de aceite'!$B$19*'Bomba de aceite'!$B$18) | H8: ='Bomba de aceite'!$B$10
D9: 1800 | E9: =MIN(('Bomba de aceite'!$B$19*'Bomba de aceite'!$B$18*'Bomba de aceite'!$B$5*'Bomba de aceite'!$B$6*D9/1000*'Bomba de aceite'!$B$7*(1-'Bomba de aceite'!$B$8/100)/(1+'Bomba de aceite'!$B$19*0.3)),'Bomba de aceite'!$B$10) | F9: ='Bomba de aceite'!$B$5*'Bomba de aceite'!$B$6*D9/1000*'Bomba de aceite'!$B$7*(1-'Bomba de aceite'!$B$8/100) | G9: =E9/('Bomba de aceite'!$B$19*'Bomba de aceite'!$B$18) | H9: ='Bomba de aceite'!$B$10
D10: 2000 | E10: =MIN(('Bomba de aceite'!$B$19*'Bomba de aceite'!$B$18*'Bomba de aceite'!$B$5*'Bomba de aceite'!$B$6*D10/1000*'Bomba de aceite'!$B$7*(1-'Bomba de aceite'!$B$8/100)/(1+'Bomba de aceite'!$B$19*0.3)),'Bomba de aceite'!$B$10) | F10: ='Bomba de aceite'!$B$5*'Bomba de aceite'!$B$6*D10/1000*'Bomba de aceite'!$B$7*(1-'Bomba de aceite'!$B$8/100) | G10: =E10/('Bomba de aceite'!$B$19*'Bomba de aceite'!$B$18) | H10: ='Bomba de aceite'!$B$10
D11: 2200 | E11: =MIN(('Bomba de aceite'!$B$19*'Bomba de aceite'!$B$18*'Bomba de aceite'!$B$5*'Bomba de aceite'!$B$6*D11/1000*'Bomba de aceite'!$B$7*(1-'Bomba de aceite'!$B$8/100)/(1+'Bomba de aceite'!$B$19*0.3)),'Bomba de aceite'!$B$10) | F11: ='Bomba de aceite'!$B$5*'Bomba de aceite'!$B$6*D11/1000*'Bomba de aceite'!$B$7*(1-'Bomba de aceite'!$B$8/100) | G11: =E11/('Bomba de aceite'!$B$19*'Bomba de aceite'!$B$18) | H11: ='Bomba de aceite'!$B$10
D12: 2400 | E12: =MIN(('Bomba de aceite'!$B$19*'Bomba de aceite'!$B$18*'Bomba de aceite'!$B$5*'Bomba de aceite'!$B$6*D12/1000*'Bomba de aceite'!$B$7*(1-'Bomba de aceite'!$B$8/100)/(1+'Bomba de aceite'!$B$19*0.3)),'Bomba de aceite'!$B$10) | F12: ='Bomba de aceite'!$B$5*'Bomba de aceite'!$B$6*D12/1000*'Bomba de aceite'!$B$7*(1-'Bomba de aceite'!$B$8/100) | G12: =E12/('Bomba de aceite'!$B$19*'Bomba de aceite'!$B$18) | H12: ='Bomba de aceite'!$B$10
D13: 2600 | E13: =MIN(('Bomba de aceite'!$B$19*'Bomba de aceite'!$B$18*'Bomba de aceite'!$B$5*'Bomba de aceite'!$B$6*D13/1000*'Bomba de aceite'!$B$7*(1-'Bomba de aceite'!$B$8/100)/(1+'Bomba de aceite'!$B$19*0.3)),'Bomba de aceite'!$B$10) | F13: ='Bomba de aceite'!$B$5*'Bomba de aceite'!$B$6*D13/1000*'Bomba de aceite'!$B$7*(1-'Bomba de aceite'!$B$8/100) | G13: =E13/('Bomba de aceite'!$B$19*'Bomba de aceite'!$B$18) | H13: ='Bomba de aceite'!$B$10
D14: 2800 | E14: =MIN(('Bomba de aceite'!$B$19*'Bomba de aceite'!$B$18*'Bomba de aceite'!$B$5*'Bomba de aceite'!$B$6*D14/1000*'Bomba de aceite'!$B$7*(1-'Bomba de aceite'!$B$8/100)/(1+'Bomba de aceite'!$B$19*0.3)),'Bomba de aceite'!$B$10) | F14: ='Bomba de aceite'!$B$5*'Bomba de aceite'!$B$6*D14/1000*'Bomba de aceite'!$B$7*(1-'Bomba de aceite'!$B$8/100) | G14: =E14/('Bomba de aceite'!$B$19*'Bomba de aceite'!$B$18) | H14: ='Bomba de aceite'!$B$10
D15: 3000 | E15: =MIN(('Bomba de aceite'!$B$19*'Bomba de aceite'!$B$18*'Bomba de aceite'!$B$5*'Bomba de aceite'!$B$6*D15/1000*'Bomba de aceite'!$B$7*(1-'Bomba de aceite'!$B$8/100)/(1+'Bomba de aceite'!$B$19*0.3)),'Bomba de aceite'!$B$10) | F15: ='Bomba de aceite'!$B$5*'Bomba de aceite'!$B$6*D15/1000*'Bomba de aceite'!$B$7*(1-'Bomba de aceite'!$B$8/100) | G15: =E15/('Bomba de aceite'!$B$19*'Bomba de aceite'!$B$18) | H15: ='Bomba de aceite'!$B$10
D16: 3200 | E16: =MIN(('Bomba de aceite'!$B$19*'Bomba de aceite'!$B$18*'Bomba de aceite'!$B$5*'Bomba de aceite'!$B$6*D16/1000*'Bomba de aceite'!$B$7*(1-'Bomba de aceite'!$B$8/100)/(1+'Bomba de aceite'!$B$19*0.3)),'Bomba de aceite'!$B$10) | F16: ='Bomba de aceite'!$B$5*'Bomba de aceite'!$B$6*D16/1000*'Bomba de aceite'!$B$7*(1-'Bomba de aceite'!$B$8/100) | G16: =E16/('Bomba de aceite'!$B$19*'Bomba de aceite'!$B$18) | H16: ='Bomba de aceite'!$B$10
D17: 3400 | E17: =MIN(('Bomba de aceite'!$B$19*'Bomba de aceite'!$B$18*'Bomba de aceite'!$B$5*'Bomba de aceite'!$B$6*D17/1000*'Bomba de aceite'!$B$7*(1-'Bomba de aceite'!$B$8/100)/(1+'Bomba de aceite'!$B$19*0.3)),'Bomba de aceite'!$B$10) | F17: ='Bomba de aceite'!$B$5*'Bomba de aceite'!$B$6*D17/1000*'Bomba de aceite'!$B$7*(1-'Bomba de aceite'!$B$8/100) | G17: =E17/('Bomba de aceite'!$B$19*'Bomba de aceite'!$B$18) | H17: ='Bomba de aceite'!$B$10
D18: 3600 | E18: =MIN(('Bomba de aceite'!$B$19*'Bomba de aceite'!$B$18*'Bomba de aceite'!$B$5*'Bomba de aceite'!$B$6*D18/1000*'Bomba de aceite'!$B$7*(1-'Bomba de aceite'!$B$8/100)/(1+'Bomba de aceite'!$B$19*0.3)),'Bomba de aceite'!$B$10) | F18: ='Bomba de aceite'!$B$5*'Bomba de aceite'!$B$6*D18/1000*'Bomba de aceite'!$B$7*(1-'Bomba de aceite'!$B$8/100) | G18: =E18/('Bomba de aceite'!$B$19*'Bomba de aceite'!$B$18) | H18: ='Bomba de aceite'!$B$10
D19: 3800 | E19: =MIN(('Bomba de aceite'!$B$19*'Bomba de aceite'!$B$18*'Bomba de aceite'!$B$5*'Bomba de aceite'!$B$6*D19/1000*'Bomba de aceite'!$B$7*(1-'Bomba de aceite'!$B$8/100)/(1+'Bomba de aceite'!$B$19*0.3)),'Bomba de aceite'!$B$10) | F19: ='Bomba de aceite'!$B$5*'Bomba de aceite'!$B$6*D19/1000*'Bomba de aceite'!$B$7*(1-'Bomba de aceite'!$B$8/100) | G19: =E19/('Bomba de aceite'!$B$19*'Bomba de aceite'!$B$18) | H19: ='Bomba de aceite'!$B$10
... D35: 7000 | E35: =MIN(('Bomba de aceite'!$B$19*'Bomba de aceite'!$B$18*'Bomba de aceite'!$B$5*'Bomba de aceite'!$B$6*D35/1000*'Bomba de aceite'!$B$7*(1-'Bomba de aceite'!$B$8/100)/(1+'Bomba de aceite'!$B$19*0.3)),'Bomba de aceite'!$B$10) | F35: ='Bomba de aceite'!$B$5*'Bomba de aceite'!$B$6*D35/1000*'Bomba de aceite'!$B$7*(1-'Bomba de aceite'!$B$8/100) | G35: =E35/('Bomba de aceite'!$B$19*'Bomba de aceite'!$B$18) | H35: ='Bomba de aceite'!$B$10
