Workbook

Sheet Inicio
A1: Simuladores del tren de fuerza motriz — Mecánica de Patio III
A2: Instituto Superior Tecnológico Sudamericano · Tecnología Superior en Mecánica Automotriz · Periodo octubre 2026 – febrero 2027 · Docente: Ing. Miguel Ángel Minga González
B4: Cómo usar el libro
B5: Paso 1 | C5: Abra el archivo en Microsoft Excel (o en LibreOffice Calc). No usa macros: no necesita habilitar contenido. Si se abre en «Vista protegida», pulse «Habilitar edición».
B6: Paso 2 | C6: Cambie los datos en las celdas AMARILLAS (escriba el valor y pulse Enter). Al seleccionar una celda aparece el rango de valores admitido.
B7: Paso 3 | C7: Los resultados aparecen en las celdas VERDES y los esquemas y gráficos se redibujan al instante.
B8: Paso 4 | C8: Para estudiar un caso, cambie un solo dato cada vez y compare el esquema antes y después. Los valores iniciales son los de los ejemplos de la guía: anótelos para volver a ellos.
B9: Paso 5 | C9: Cada hoja termina con preguntas de análisis: resuelva primero el ejemplo a mano y compruebe su respuesta con el simulador.
B10: Paso 6 | C10: Las hojas están protegidas sin contraseña para no borrar fórmulas por accidente (Revisar → Desproteger hoja si necesita modificarlas).
B12: Celda de dato | C12: Escriba aquí el valor
B13: Esquema | C13: Gráficos y diagramas que se redibujan con cada dato
B14: Resultado | C14: Calculado con las ecuaciones de la guía
B16: Índice de simuladores
B17: Hoja | C17: Qué simula | D17: Ejemplos de la guía
B18: U1 Caja de cambios | C18: Unidad 1 · Escalonamiento de la caja: diagrama de sierra, fuerza de tracción frente a resistencias al avance, velocidad máxima, pendiente superable y par de engranajes de la marcha engranada. | D18: Ej. 1.1 a 1.4
B19: U1 Embrague | C19: Unidad 1 · Par transmisible del embrague, efecto del desgaste del forro (diafragma frente a muelles helicoidales) y mando hidráulico al pisar el pedal. | D19: Ej. 1.5 y 1.6
B20: U2 Junta cardán | C20: Unidad 2 · Irregularidad de la junta cardán simple y compensación con doble junta (ángulos y fase de horquillas); velocidad crítica del árbol. | D20: Ej. 2.1
B21: U2 Diferencial | C21: Unidad 2 · Grupo reductor, velocidad de las ruedas en curva (vista superior) y reparto de tracción con diferencial abierto, autoblocante o bloqueado. | D21: Ej. 2.2 y 2.3
B22: U3 Tren epicicloidal | C22: Unidad 3 · Tren epicicloidal simple con vista frontal y nomograma de palanca (ecuación de Willis); relaciones de una caja Simpson. | D22: Ej. 3.2 y 3.3
B23: U3 Convertidor | C23: Unidad 3 · Curva característica del convertidor (multiplicación de par y rendimiento), régimen de calado y punto de acoplamiento; principio de Pascal. | D23: Ej. 3.1 y 3.4
B24: U4 CVT | C24: Unidad 4 · Variador continuo: radios de las poleas, correa, relación de transmisión y velocidad del vehículo a régimen constante. | D24: Ej. 4.4
B25: U4 Híbrido | C25: Unidad 4 · Tren de reparto de potencia (e-CVT): nomograma de MG1, motor térmico y MG2; modo eléctrico y límites de MG1. | D25: Ej. 4.3
B26: U4 Sensores y PWM | C26: Unidad 4 · Señal de los sensores de velocidad, patinamiento, sensor NTC de temperatura del ATF con fallas simuladas (P0712/P0713) y electroválvulas PWM. | D26: Ej. 4.1 y 4.2
B28: Nota técnica: los modelos son didácticos. Usan las ecuaciones de la guía de la asignatura (Domínguez y Ferrer, 2018; Águeda Casado et al., 2012) y valores típicos de vehículos de turismo. Los resultados sirven para comprender tendencias y comprobar ejercicios; para diagnosticar y reparar, use siempre los datos del fabricante.

Sheet U1 Caja de cambios
A1: U1 · Escalonamiento de la caja de cambios | AA1: Datos de cálculo para los gráficos (no editar) | BS1: ="Par de engranajes de "&$C$52&"ª marcha (i = "&FIXED(INDEX($C$15:$C$19,$C$52),2,TRUE)&")" -> Par de engranajes de 2ª marcha (i = 2.02)
A2: Relaciona la curva del motor con la velocidad del vehículo en cada marcha (diagrama de sierra) y compara la fuerza de tracción con las resistencias al avance. Unidad 1: par y potencia, sistemas de transmisión, cálculo de una caja de cambios. | AA2: n | AB2: T | AC2: v1 | AD2: F1 | AE2: v2 | AF2: F2 | AG2: v3 | AH2: F3 | AI2: v4 | AJ2: F4 | AK2: v5 | AL2: F5 | AM2: Fres v4 | AN2: exc4 | AO2: Fres v5 | AP2: exc5 | AQ2: flag4 | AR2: vx4 | AS2: flag5 | AT2: vx5 | AV2: v | AW2: F resist. | AX2: v | AY2: F adher. | BA2: v sierra | BB2: n sierra | BS2: =1/(1+INDEX($C$15:$C$19,$C$52)) -> 0.33112583 | BT2: =INDEX($C$15:$C$19,$C$52)/(1+INDEX($C$15:$C$19,$C$52)) -> 0.66887417 | BU2: =$C$24*36 -> 1080 | BV2: =180-BU2/INDEX($C$15:$C$19,$C$52) -> -354.65347
B3: ◄ Volver al inicio | AA3: =B28 -> 1000 | AB3: =C28 -> 110 | AC3: =0.377*AA3*$C$6/$C$43 -> 7.4485625 | AD3: =AB3*$C$43*$C$7/$C$6 -> 5010.7655 | AE3: =0.377*AA3*$C$6/$C$44 -> 13.200918 | AF3: =AB3*$C$44*$C$7/$C$6 -> 2827.3034 | AG3: =0.377*AA3*$C$6/$C$45 -> 20.201404 | AH3: =AB3*$C$45*$C$7/$C$6 -> 1847.5448 | AI3: =0.377*AA3*$C$6/$C$46 -> 27.490571 | AJ3: =AB3*$C$46*$C$7/$C$6 -> 1357.6655 | AK3: =0.377*AA3*$C$6/$C$47 -> 35.08665 | AL3: =AB3*$C$47*$C$7/$C$6 -> 1063.7379 | AM3: =($C$5*9.81*($C$8*COS(ATAN($C$12/100))+SIN(ATAN($C$12/100)))+0.5*$C$11*$C$9*$C$10*(AI3/3.6)^2) -> 198.97204 | AN3: =AJ3-AM3 -> 1158.6935 | AO3: =($C$5*9.81*($C$8*COS(ATAN($C$12/100))+SIN(ATAN($C$12/100)))+0.5*$C$11*$C$9*$C$10*(AK3/3.6)^2) -> 213.05624 | AP3: =AL3-AO3 -> 850.68169 | AQ3: =IF(AND(AN3>=0,AN4<0),1,0) -> 0 | AR3: =IF(AQ3=1,AI3+AN3/(AN3-AN4)*(AI4-AI3),0) -> 0 | AS3: =IF(AND(AP3>=0,AP4<0),1,0) -> 0 | AT3: =IF(AS3=1,AK3+AP3/(AP3-AP4)*(AK4-AK3),0) -> 0 | AV3: =0 -> 0 | AW3: =($C$5*9.81*($C$8*COS(ATAN($C$12/100))+SIN(ATAN($C$12/100)))+0.5*$C$11*$C$9*$C$10*(AV3/3.6)^2) -> 176.58 | AX3: 0 | AY3: =($C$21*$C$5*9.81*$C$22/100) -> 5650.56 | BA3: =$AC$3 -> 7.4485625 | BB3: =$AA$3 -> 1000 | BD3: =AC3 -> 7.4485625 | BE3: =$AA$3 -> 1000 | BF3: =AE3 -> 13.200918 | BG3: =$AA$3 -> 1000 | BH3: =AG3 -> 20.201404 | BI3: =$AA$3 -> 1000 | BJ3: =AI3 -> 27.490571 | BK3: =$AA$3 -> 1000 | BL3: =AK3 -> 35.08665 | BM3: =$AA$3 -> 1000 | BO3: =$C$51 -> 57.892972 | BP3: =$C$53 -> 4385.5263 | BQ3: =$C$51 -> 57.892972 | BR3: =$C$55 -> 3718.851
B4: Datos del vehículo | AA4: =B29 -> 1500 | AB4: =C29 -> 125 | AC4: =0.377*AA4*$C$6/$C$43 -> 11.172844 | AD4: =AB4*$C$43*$C$7/$C$6 -> 5694.0517 | AE4: =0.377*AA4*$C$6/$C$44 -> 19.801376 | AF4: =AB4*$C$44*$C$7/$C$6 -> 3212.8448 | AG4: =0.377*AA4*$C$6/$C$45 -> 30.302106 | AH4: =AB4*$C$45*$C$7/$C$6 -> 2099.4828 | AI4: =0.377*AA4*$C$6/$C$46 -> 41.235856 | AJ4: =AB4*$C$46*$C$7/$C$6 -> 1542.8017 | AK4: =0.377*AA4*$C$6/$C$47 -> 52.629974 | AL4: =AB4*$C$47*$C$7/$C$6 -> 1208.7931 | AM4: =($C$5*9.81*($C$8*COS(ATAN($C$12/100))+SIN(ATAN($C$12/100)))+0.5*$C$11*$C$9*$C$10*(AI4/3.6)^2) -> 226.9621 | AN4: =AJ4-AM4 -> 1315.8396 | AO4: =($C$5*9.81*($C$8*COS(ATAN($C$12/100))+SIN(ATAN($C$12/100)))+0.5*$C$11*$C$9*$C$10*(AK4/3.6)^2) -> 258.65153 | AP4: =AL4-AO4 -> 950.14157 | AQ4: =IF(AND(AN4>=0,AN5<0),1,0) -> 0 | AR4: =IF(AQ4=1,AI4+AN4/(AN4-AN5)*(AI5-AI4),0) -> 0 | AS4: =IF(AND(AP4>=0,AP5<0),1,0) -> 0 | AT4: =IF(AS4=1,AK4+AP4/(AP4-AP5)*(AK5-AK4),0) -> 0 | AV4: =10 -> 10 | AW4: =($C$5*9.81*($C$8*COS(ATAN($C$12/100))+SIN(ATAN($C$12/100)))+0.5*$C$11*$C$9*$C$10*(AV4/3.6)^2) -> 179.54296 | AX4: 220 | AY4: =($C$21*$C$5*9.81*$C$22/100) -> 5650.56 | BA4: =$D$43 -> 40.967094 | BB4: =$C$20 -> 5500 | BD4: =AC14 -> 48.415656 | BE4: =$AA$14 -> 6500 | BF4: =AE14 -> 85.805965 | BG4: =$AA$14 -> 6500 | BH4: =AG14 -> 131.30913 | BI4: =$AA$14 -> 6500 | BJ4: =AI14 -> 178.68871 | BK4: =$AA$14 -> 6500 | BL4: =AK14 -> 228.06322 | BM4: =$AA$14 -> 6500 | BS4: =0+$BS$2*COS(RADIANS((0+(360-(0))*0/36))) -> 0.33112583 | BT4: =0+$BS$2*SIN(RADIANS((0+(360-(0))*0/36))) -> 0 | BU4: =1+$BT$2*COS(RADIANS((0+(360-(0))*0/36))) -> 1.6688742 | BV4: =0+$BT$2*SIN(RADIANS((0+(360-(0))*0/36))) -> 0 | BW4: 0 | BX4: 0 | BY4: 1 | BZ4: 0
B5: Masa del vehículo, m | C5: 1200 | D5: kg | AA5: =B30 -> 2000 | AB5: =C30 -> 135 | AC5: =0.377*AA5*$C$6/$C$43 -> 14.897125 | AD5: =AB5*$C$43*$C$7/$C$6 -> 6149.5759 | AE5: =0.377*AA5*$C$6/$C$44 -> 26.401835 | AF5: =AB5*$C$44*$C$7/$C$6 -> 3469.8724 | AG5: =0.377*AA5*$C$6/$C$45 -> 40.402809 | AH5: =AB5*$C$45*$C$7/$C$6 -> 2267.4414 | AI5: =0.377*AA5*$C$6/$C$46 -> 54.981142 | AJ5: =AB5*$C$46*$C$7/$C$6 -> 1666.2259 | AK5: =0.377*AA5*$C$6/$C$47 -> 70.173299 | AL5: =AB5*$C$47*$C$7/$C$6 -> 1305.4966 | AM5: =($C$5*9.81*($C$8*COS(ATAN($C$12/100))+SIN(ATAN($C$12/100)))+0.5*$C$11*$C$9*$C$10*(AI5/3.6)^2) -> 266.14818 | AN5: =AJ5-AM5 -> 1400.0777 | AO5: =($C$5*9.81*($C$8*COS(ATAN($C$12/100))+SIN(ATAN($C$12/100)))+0.5*$C$11*$C$9*$C$10*(AK5/3.6)^2) -> 322.48495 | AP5: =AL5-AO5 -> 983.01161 | AQ5: =IF(AND(AN5>=0,AN6<0),1,0) -> 0 | AR5: =IF(AQ5=1,AI5+AN5/(AN5-AN6)*(AI6-AI5),0) -> 0 | AS5: =IF(AND(AP5>=0,AP6<0),1,0) -> 0 | AT5: =IF(AS5=1,AK5+AP5/(AP5-AP6)*(AK6-AK5),0) -> 0 | AV5: =20 -> 20 | AW5: =($C$5*9.81*($C$8*COS(ATAN($C$12/100))+SIN(ATAN($C$12/100)))+0.5*$C$11*$C$9*$C$10*(AV5/3.6)^2) -> 188.43185 | BA5: =$D$43 -> 40.967094 | BB5: =$C$20*$C$44/$C$43 -> 3103.352 | BS5: =0+$BS$2*COS(RADIANS((0+(360-(0))*1/36))) -> 0.32609528 | BT5: =0+$BS$2*SIN(RADIANS((0+(360-(0))*1/36))) -> 0.057499397 | BU5: =1+$BT$2*COS(RADIANS((0+(360-(0))*1/36))) -> 1.6587125 | BV5: =0+$BT$2*SIN(RADIANS((0+(360-(0))*1/36))) -> 0.11614878 | BW5: =$BS$2*COS(RADIANS($BU$2)) -> 0.33112583 | BX5: =$BS$2*SIN(RADIANS($BU$2)) -> -2.4340698e-16 | BY5: =1+$BT$2*COS(RADIANS($BV$2)) -> 1.6659641 | BZ5: =$BT$2*SIN(RADIANS($BV$2)) -> 0.062325205
B6: Radio dinámico de la rueda, r | C6: 0.29 | D6: m | AA6: =B31 -> 2500 | AB6: =C31 -> 142 | AC6: =0.377*AA6*$C$6/$C$43 -> 18.621406 | AD6: =AB6*$C$43*$C$7/$C$6 -> 6468.4428 | AE6: =0.377*AA6*$C$6/$C$44 -> 33.002294 | AF6: =AB6*$C$44*$C$7/$C$6 -> 3649.7917 | AG6: =0.377*AA6*$C$6/$C$45 -> 50.503511 | AH6: =AB6*$C$45*$C$7/$C$6 -> 2385.0124 | AI6: =0.377*AA6*$C$6/$C$46 -> 68.726427 | AJ6: =AB6*$C$46*$C$7/$C$6 -> 1752.6228 | AK6: =0.377*AA6*$C$6/$C$47 -> 87.716624 | AL6: =AB6*$C$47*$C$7/$C$6 -> 1373.189 | AM6: =($C$5*9.81*($C$8*COS(ATAN($C$12/100))+SIN(ATAN($C$12/100)))+0.5*$C$11*$C$9*$C$10*(AI6/3.6)^2) -> 316.53027 | AN6: =AJ6-AM6 -> 1436.0925 | AO6: =($C$5*9.81*($C$8*COS(ATAN($C$12/100))+SIN(ATAN($C$12/100)))+0.5*$C$11*$C$9*$C$10*(AK6/3.6)^2) -> 404.55648 | AP6: =AL6-AO6 -> 968.63249 | AQ6: =IF(AND(AN6>=0,AN7<0),1,0) -> 0 | AR6: =IF(AQ6=1,AI6+AN6/(AN6-AN7)*(AI7-AI6),0) -> 0 | AS6: =IF(AND(AP6>=0,AP7<0),1,0) -> 0 | AT6: =IF(AS6=1,AK6+AP6/(AP6-AP7)*(AK7-AK6),0) -> 0 | AV6: =30 -> 30 | AW6: =($C$5*9.81*($C$8*COS(ATAN($C$12/100))+SIN(ATAN($C$12/100)))+0.5*$C$11*$C$9*$C$10*(AV6/3.6)^2) -> 203.24667 | BA6: =$D$44 -> 72.605047 | BB6: =$C$20 -> 5500 | BS6: =0+$BS$2*COS(RADIANS((0+(360-(0))*2/36))) -> 0.3111565 | BT6: =0+$BS$2*SIN(RADIANS((0+(360-(0))*2/36))) -> 0.1132517 | BU6: =1+$BT$2*COS(RADIANS((0+(360-(0))*2/36))) -> 1.6285361 | BV6: =0+$BT$2*SIN(RADIANS((0+(360-(0))*2/36))) -> 0.22876844 | BW6: 0 | BX6: 0 | BY6: 1 | BZ6: 0
B7: Rendimiento de la transmisión, η | C7: 0.9 | AA7: =B32 -> 3000 | AB7: =C32 -> 146 | AC7: =0.377*AA7*$C$6/$C$43 -> 22.345687 | AD7: =AB7*$C$43*$C$7/$C$6 -> 6650.6524 | AE7: =0.377*AA7*$C$6/$C$44 -> 39.602753 | AF7: =AB7*$C$44*$C$7/$C$6 -> 3752.6028 | AG7: =0.377*AA7*$C$6/$C$45 -> 60.604213 | AH7: =AB7*$C$45*$C$7/$C$6 -> 2452.1959 | AI7: =0.377*AA7*$C$6/$C$46 -> 82.471712 | AJ7: =AB7*$C$46*$C$7/$C$6 -> 1801.9924 | AK7: =0.377*AA7*$C$6/$C$47 -> 105.25995 | AL7: =AB7*$C$47*$C$7/$C$6 -> 1411.8703 | AM7: =($C$5*9.81*($C$8*COS(ATAN($C$12/100))+SIN(ATAN($C$12/100)))+0.5*$C$11*$C$9*$C$10*(AI7/3.6)^2) -> 378.1084 | AN7: =AJ7-AM7 -> 1423.884 | AO7: =($C$5*9.81*($C$8*COS(ATAN($C$12/100))+SIN(ATAN($C$12/100)))+0.5*$C$11*$C$9*$C$10*(AK7/3.6)^2) -> 504.86613 | AP7: =AL7-AO7 -> 907.00422 | AQ7: =IF(AND(AN7>=0,AN8<0),1,0) -> 0 | AR7: =IF(AQ7=1,AI7+AN7/(AN7-AN8)*(AI8-AI7),0) -> 0 | AS7: =IF(AND(AP7>=0,AP8<0),1,0) -> 0 | AT7: =IF(AS7=1,AK7+AP7/(AP7-AP8)*(AK8-AK7),0) -> 0 | AV7: =40 -> 40 | AW7: =($C$5*9.81*($C$8*COS(ATAN($C$12/100))+SIN(ATAN($C$12/100)))+0.5*$C$11*$C$9*$C$10*(AV7/3.6)^2) -> 223.98741 | BA7: =$D$44 -> 72.605047 | BB7: =$C$20*$C$45/$C$44 -> 3594.0594 | BS7: =0+$BS$2*COS(RADIANS((0+(360-(0))*3/36))) -> 0.28676338 | BT7: =0+$BS$2*SIN(RADIANS((0+(360-(0))*3/36))) -> 0.16556291 | BU7: =1+$BT$2*COS(RADIANS((0+(360-(0))*3/36))) -> 1.579262 | BV7: =0+$BT$2*SIN(RADIANS((0+(360-(0))*3/36))) -> 0.33443709 | BW7: =$BS$2*COS(RADIANS($BU$2+120)) -> -0.16556291 | BX7: =$BS$2*SIN(RADIANS($BU$2+120)) -> 0.28676338 | BY7: =1+$BT$2*COS(RADIANS($BV$2+120)) -> 0.61304272 | BZ7: =$BT$2*SIN(RADIANS($BV$2+120)) -> 0.54557925
B8: Coeficiente de rodadura, Cr | C8: 0.015 | AA8: =B33 -> 3500 | AB8: =C33 -> 148 | AC8: =0.377*AA8*$C$6/$C$43 -> 26.069969 | AD8: =AB8*$C$43*$C$7/$C$6 -> 6741.7572 | AE8: =0.377*AA8*$C$6/$C$44 -> 46.203212 | AF8: =AB8*$C$44*$C$7/$C$6 -> 3804.0083 | AG8: =0.377*AA8*$C$6/$C$45 -> 70.704915 | AH8: =AB8*$C$45*$C$7/$C$6 -> 2485.7876 | AI8: =0.377*AA8*$C$6/$C$46 -> 96.216998 | AJ8: =AB8*$C$46*$C$7/$C$6 -> 1826.6772 | AK8: =0.377*AA8*$C$6/$C$47 -> 122.80327 | AL8: =AB8*$C$47*$C$7/$C$6 -> 1431.211 | AM8: =($C$5*9.81*($C$8*COS(ATAN($C$12/100))+SIN(ATAN($C$12/100)))+0.5*$C$11*$C$9*$C$10*(AI8/3.6)^2) -> 450.88254 | AN8: =AJ8-AM8 -> 1375.7947 | AO8: =($C$5*9.81*($C$8*COS(ATAN($C$12/100))+SIN(ATAN($C$12/100)))+0.5*$C$11*$C$9*$C$10*(AK8/3.6)^2) -> 623.4139 | AP8: =AL8-AO8 -> 807.79714 | AQ8: =IF(AND(AN8>=0,AN9<0),1,0) -> 0 | AR8: =IF(AQ8=1,AI8+AN8/(AN8-AN9)*(AI9-AI8),0) -> 0 | AS8: =IF(AND(AP8>=0,AP9<0),1,0) -> 0 | AT8: =IF(AS8=1,AK8+AP8/(AP8-AP9)*(AK9-AK8),0) -> 0 | AV8: =50 -> 50 | AW8: =($C$5*9.81*($C$8*COS(ATAN($C$12/100))+SIN(ATAN($C$12/100)))+0.5*$C$11*$C$9*$C$10*(AV8/3.6)^2) -> 250.65407 | BA8: =$D$45 -> 111.10772 | BB8: =$C$20 -> 5500 | BS8: =0+$BS$2*COS(RADIANS((0+(360-(0))*4/36))) -> 0.2536571 | BT8: =0+$BS$2*SIN(RADIANS((0+(360-(0))*4/36))) -> 0.21284358 | BU8: =1+$BT$2*COS(RADIANS((0+(360-(0))*4/36))) -> 1.5123873 | BV8: =0+$BT$2*SIN(RADIANS((0+(360-(0))*4/36))) -> 0.42994403 | BW8: 0 | BX8: 0 | BY8: 1 | BZ8: 0
B9: Coeficiente aerodinámico, Cx | C9: 0.32 | AA9: =B34 -> 4000 | AB9: =C34 -> 147 | AC9: =0.377*AA9*$C$6/$C$43 -> 29.79425 | AD9: =AB9*$C$43*$C$7/$C$6 -> 6696.2048 | AE9: =0.377*AA9*$C$6/$C$44 -> 52.803671 | AF9: =AB9*$C$44*$C$7/$C$6 -> 3778.3055 | AG9: =0.377*AA9*$C$6/$C$45 -> 80.805617 | AH9: =AB9*$C$45*$C$7/$C$6 -> 2468.9917 | AI9: =0.377*AA9*$C$6/$C$46 -> 109.96228 | AJ9: =AB9*$C$46*$C$7/$C$6 -> 1814.3348 | AK9: =0.377*AA9*$C$6/$C$47 -> 140.3466 | AL9: =AB9*$C$47*$C$7/$C$6 -> 1421.5407 | AM9: =($C$5*9.81*($C$8*COS(ATAN($C$12/100))+SIN(ATAN($C$12/100)))+0.5*$C$11*$C$9*$C$10*(AI9/3.6)^2) -> 534.8527 | AN9: =AJ9-AM9 -> 1279.4821 | AO9: =($C$5*9.81*($C$8*COS(ATAN($C$12/100))+SIN(ATAN($C$12/100)))+0.5*$C$11*$C$9*$C$10*(AK9/3.6)^2) -> 760.19978 | AP9: =AL9-AO9 -> 661.34091 | AQ9: =IF(AND(AN9>=0,AN10<0),1,0) -> 0 | AR9: =IF(AQ9=1,AI9+AN9/(AN9-AN10)*(AI10-AI9),0) -> 0 | AS9: =IF(AND(AP9>=0,AP10<0),1,0) -> 0 | AT9: =IF(AS9=1,AK9+AP9/(AP9-AP10)*(AK10-AK9),0) -> 0 | AV9: =60 -> 60 | AW9: =($C$5*9.81*($C$8*COS(ATAN($C$12/100))+SIN(ATAN($C$12/100)))+0.5*$C$11*$C$9*$C$10*(AV9/3.6)^2) -> 283.24667 | BA9: =$D$45 -> 111.10772 | BB9: =$C$20*$C$46/$C$45 -> 4041.6667 | BS9: =0+$BS$2*COS(RADIANS((0+(360-(0))*5/36))) -> 0.21284358 | BT9: =0+$BS$2*SIN(RADIANS((0+(360-(0))*5/36))) -> 0.2536571 | BU9: =1+$BT$2*COS(RADIANS((0+(360-(0))*5/36))) -> 1.429944 | BV9: =0+$BT$2*SIN(RADIANS((0+(360-(0))*5/36))) -> 0.51238734 | BW9: =$BS$2*COS(RADIANS($BU$2+240)) -> -0.16556291 | BX9: =$BS$2*SIN(RADIANS($BU$2+240)) -> -0.28676338 | BY9: =1+$BT$2*COS(RADIANS($BV$2+240)) -> 0.72099314 | BZ9: =$BT$2*SIN(RADIANS($BV$2+240)) -> -0.60790446
B10: Área frontal, A | C10: 2 | D10: m² | AA10: =B35 -> 4500 | AB10: =C35 -> 144 | AC10: =0.377*AA10*$C$6/$C$43 -> 33.518531 | AD10: =AB10*$C$43*$C$7/$C$6 -> 6559.5476 | AE10: =0.377*AA10*$C$6/$C$44 -> 59.404129 | AF10: =AB10*$C$44*$C$7/$C$6 -> 3701.1972 | AG10: =0.377*AA10*$C$6/$C$45 -> 90.906319 | AH10: =AB10*$C$45*$C$7/$C$6 -> 2418.6041 | AI10: =0.377*AA10*$C$6/$C$46 -> 123.70757 | AJ10: =AB10*$C$46*$C$7/$C$6 -> 1777.3076 | AK10: =0.377*AA10*$C$6/$C$47 -> 157.88992 | AL10: =AB10*$C$47*$C$7/$C$6 -> 1392.5297 | AM10: =($C$5*9.81*($C$8*COS(ATAN($C$12/100))+SIN(ATAN($C$12/100)))+0.5*$C$11*$C$9*$C$10*(AI10/3.6)^2) -> 630.01889 | AN10: =AJ10-AM10 -> 1147.2887 | AO10: =($C$5*9.81*($C$8*COS(ATAN($C$12/100))+SIN(ATAN($C$12/100)))+0.5*$C$11*$C$9*$C$10*(AK10/3.6)^2) -> 915.22379 | AP10: =AL10-AO10 -> 477.30587 | AQ10: =IF(AND(AN10>=0,AN11<0),1,0) -> 0 | AR10: =IF(AQ10=1,AI10+AN10/(AN10-AN11)*(AI11-AI10),0) -> 0 | AS10: =IF(AND(AP10>=0,AP11<0),1,0) -> 0 | AT10: =IF(AS10=1,AK10+AP10/(AP10-AP11)*(AK11-AK10),0) -> 0 | AV10: =70 -> 70 | AW10: =($C$5*9.81*($C$8*COS(ATAN($C$12/100))+SIN(ATAN($C$12/100)))+0.5*$C$11*$C$9*$C$10*(AV10/3.6)^2) -> 321.76519 | BA10: =$D$46 -> 151.19814 | BB10: =$C$20 -> 5500 | BS10: =0+$BS$2*COS(RADIANS((0+(360-(0))*6/36))) -> 0.16556291 | BT10: =0+$BS$2*SIN(RADIANS((0+(360-(0))*6/36))) -> 0.28676338 | BU10: =1+$BT$2*COS(RADIANS((0+(360-(0))*6/36))) -> 1.3344371 | BV10: =0+$BT$2*SIN(RADIANS((0+(360-(0))*6/36))) -> 0.57926203
B11: Densidad del aire, ρ | C11: 1.2 | D11: kg/m³ | AA11: =B36 -> 5000 | AB11: =C36 -> 138 | AC11: =0.377*AA11*$C$6/$C$43 -> 37.242812 | AD11: =AB11*$C$43*$C$7/$C$6 -> 6286.2331 | AE11: =0.377*AA11*$C$6/$C$44 -> 66.004588 | AF11: =AB11*$C$44*$C$7/$C$6 -> 3546.9807 | AG11: =0.377*AA11*$C$6/$C$45 -> 101.00702 | AH11: =AB11*$C$45*$C$7/$C$6 -> 2317.829 | AI11: =0.377*AA11*$C$6/$C$46 -> 137.45285 | AJ11: =AB11*$C$46*$C$7/$C$6 -> 1703.2531 | AK11: =0.377*AA11*$C$6/$C$47 -> 175.43325 | AL11: =AB11*$C$47*$C$7/$C$6 -> 1334.5076 | AM11: =($C$5*9.81*($C$8*COS(ATAN($C$12/100))+SIN(ATAN($C$12/100)))+0.5*$C$11*$C$9*$C$10*(AI11/3.6)^2) -> 736.3811 | AN11: =AJ11-AM11 -> 966.87201 | AO11: =($C$5*9.81*($C$8*COS(ATAN($C$12/100))+SIN(ATAN($C$12/100)))+0.5*$C$11*$C$9*$C$10*(AK11/3.6)^2) -> 1088.4859 | AP11: =AL11-AO11 -> 246.02168 | AQ11: =IF(AND(AN11>=0,AN12<0),1,0) -> 0 | AR11: =IF(AQ11=1,AI11+AN11/(AN11-AN12)*(AI12-AI11),0) -> 0 | AS11: =IF(AND(AP11>=0,AP12<0),1,0) -> 1 | AT11: =IF(AS11=1,AK11+AP11/(AP11-AP12)*(AK12-AK11),0) -> 191.48618 | AV11: =80 -> 80 | AW11: =($C$5*9.81*($C$8*COS(ATAN($C$12/100))+SIN(ATAN($C$12/100)))+0.5*$C$11*$C$9*$C$10*(AV11/3.6)^2) -> 366.20963 | BA11: =$D$46 -> 151.19814 | BB11: =$C$20*$C$47/$C$46 -> 4309.2784 | BS11: =0+$BS$2*COS(RADIANS((0+(360-(0))*7/36))) -> 0.1132517 | BT11: =0+$BS$2*SIN(RADIANS((0+(360-(0))*7/36))) -> 0.3111565 | BU11: =1+$BT$2*COS(RADIANS((0+(360-(0))*7/36))) -> 1.2287684 | BV11: =0+$BT$2*SIN(RADIANS((0+(360-(0))*7/36))) -> 0.62853612
B12: Pendiente de la vía | C12: 0 | D12: % | AA12: =B37 -> 5500 | AB12: =C37 -> 130 | AC12: =0.377*AA12*$C$6/$C$43 -> 40.967094 | AD12: =AB12*$C$43*$C$7/$C$6 -> 5921.8138 | AE12: =0.377*AA12*$C$6/$C$44 -> 72.605047 | AF12: =AB12*$C$44*$C$7/$C$6 -> 3341.3586 | AG12: =0.377*AA12*$C$6/$C$45 -> 111.10772 | AH12: =AB12*$C$45*$C$7/$C$6 -> 2183.4621 | AI12: =0.377*AA12*$C$6/$C$46 -> 151.19814 | AJ12: =AB12*$C$46*$C$7/$C$6 -> 1604.5138 | AK12: =0.377*AA12*$C$6/$C$47 -> 192.97657 | AL12: =AB12*$C$47*$C$7/$C$6 -> 1257.1448 | AM12: =($C$5*9.81*($C$8*COS(ATAN($C$12/100))+SIN(ATAN($C$12/100)))+0.5*$C$11*$C$9*$C$10*(AI12/3.6)^2) -> 853.93933 | AN12: =AJ12-AM12 -> 750.57446 | AO12: =($C$5*9.81*($C$8*COS(ATAN($C$12/100))+SIN(ATAN($C$12/100)))+0.5*$C$11*$C$9*$C$10*(AK12/3.6)^2) -> 1279.9861 | AP12: =AL12-AO12 -> -22.841322 | AQ12: =IF(AND(AN12>=0,AN13<0),1,0) -> 0 | AR12: =IF(AQ12=1,AI12+AN12/(AN12-AN13)*(AI13-AI12),0) -> 0 | AS12: =IF(AND(AP12>=0,AP13<0),1,0) -> 0 | AT12: =IF(AS12=1,AK12+AP12/(AP12-AP13)*(AK13-AK12),0) -> 0 | AV12: =90 -> 90 | AW12: =($C$5*9.81*($C$8*COS(ATAN($C$12/100))+SIN(ATAN($C$12/100)))+0.5*$C$11*$C$9*$C$10*(AV12/3.6)^2) -> 416.58 | BA12: =$D$47 -> 192.97657 | BB12: =$C$20 -> 5500 | BS12: =0+$BS$2*COS(RADIANS((0+(360-(0))*8/36))) -> 0.057499397 | BT12: =0+$BS$2*SIN(RADIANS((0+(360-(0))*8/36))) -> 0.32609528 | BU12: =1+$BT$2*COS(RADIANS((0+(360-(0))*8/36))) -> 1.1161488 | BV12: =0+$BT$2*SIN(RADIANS((0+(360-(0))*8/36))) -> 0.65871247
B13: Transmisión | AA13: =B38 -> 6000 | AB13: =C38 -> 120 | AC13: =0.377*AA13*$C$6/$C$43 -> 44.691375 | AD13: =AB13*$C$43*$C$7/$C$6 -> 5466.2897 | AE13: =0.377*AA13*$C$6/$C$44 -> 79.205506 | AF13: =AB13*$C$44*$C$7/$C$6 -> 3084.331 | AG13: =0.377*AA13*$C$6/$C$45 -> 121.20843 | AH13: =AB13*$C$45*$C$7/$C$6 -> 2015.5034 | AI13: =0.377*AA13*$C$6/$C$46 -> 164.94342 | AJ13: =AB13*$C$46*$C$7/$C$6 -> 1481.0897 | AK13: =0.377*AA13*$C$6/$C$47 -> 210.5199 | AL13: =AB13*$C$47*$C$7/$C$6 -> 1160.4414 | AM13: =($C$5*9.81*($C$8*COS(ATAN($C$12/100))+SIN(ATAN($C$12/100)))+0.5*$C$11*$C$9*$C$10*(AI13/3.6)^2) -> 982.69358 | AN13: =AJ13-AM13 -> 498.39607 | AO13: =($C$5*9.81*($C$8*COS(ATAN($C$12/100))+SIN(ATAN($C$12/100)))+0.5*$C$11*$C$9*$C$10*(AK13/3.6)^2) -> 1489.7245 | AP13: =AL13-AO13 -> -329.28313 | AQ13: =IF(AND(AN13>=0,AN14<0),1,0) -> 0 | AR13: =IF(AQ13=1,AI13+AN13/(AN13-AN14)*(AI14-AI13),0) -> 0 | AS13: =IF(AND(AP13>=0,AP14<0),1,0) -> 0 | AT13: =IF(AS13=1,AK13+AP13/(AP13-AP14)*(AK14-AK13),0) -> 0 | AV13: =100 -> 100 | AW13: =($C$5*9.81*($C$8*COS(ATAN($C$12/100))+SIN(ATAN($C$12/100)))+0.5*$C$11*$C$9*$C$10*(AV13/3.6)^2) -> 472.8763 | BS13: =0+$BS$2*COS(RADIANS((0+(360-(0))*9/36))) -> 2.0283915e-17 | BT13: =0+$BS$2*SIN(RADIANS((0+(360-(0))*9/36))) -> 0.33112583 | BU13: =1+$BT$2*COS(RADIANS((0+(360-(0))*9/36))) -> 1 | BV13: =0+$BT$2*SIN(RADIANS((0+(360-(0))*9/36))) -> 0.66887417
B14: Relación del grupo reductor, i_d | C14: 4.1 | AA14: =B39 -> 6500 | AB14: =C39 -> 105 | AC14: =0.377*AA14*$C$6/$C$43 -> 48.415656 | AD14: =AB14*$C$43*$C$7/$C$6 -> 4783.0034 | AE14: =0.377*AA14*$C$6/$C$44 -> 85.805965 | AF14: =AB14*$C$44*$C$7/$C$6 -> 2698.7897 | AG14: =0.377*AA14*$C$6/$C$45 -> 131.30913 | AH14: =AB14*$C$45*$C$7/$C$6 -> 1763.5655 | AI14: =0.377*AA14*$C$6/$C$46 -> 178.68871 | AJ14: =AB14*$C$46*$C$7/$C$6 -> 1295.9534 | AK14: =0.377*AA14*$C$6/$C$47 -> 228.06322 | AL14: =AB14*$C$47*$C$7/$C$6 -> 1015.3862 | AM14: =($C$5*9.81*($C$8*COS(ATAN($C$12/100))+SIN(ATAN($C$12/100)))+0.5*$C$11*$C$9*$C$10*(AI14/3.6)^2) -> 1122.6439 | AN14: =AJ14-AM14 -> 173.30959 | AO14: =($C$5*9.81*($C$8*COS(ATAN($C$12/100))+SIN(ATAN($C$12/100)))+0.5*$C$11*$C$9*$C$10*(AK14/3.6)^2) -> 1717.701 | AP14: =AL14-AO14 -> -702.31478 | AV14: =110 -> 110 | AW14: =($C$5*9.81*($C$8*COS(ATAN($C$12/100))+SIN(ATAN($C$12/100)))+0.5*$C$11*$C$9*$C$10*(AV14/3.6)^2) -> 535.09852 | BS14: =0+$BS$2*COS(RADIANS((0+(360-(0))*10/36))) -> -0.057499397 | BT14: =0+$BS$2*SIN(RADIANS((0+(360-(0))*10/36))) -> 0.32609528 | BU14: =1+$BT$2*COS(RADIANS((0+(360-(0))*10/36))) -> 0.88385122 | BV14: =0+$BT$2*SIN(RADIANS((0+(360-(0))*10/36))) -> 0.65871247
B15: Relación de 1ª marcha, i1 | C15: 3.58 | AV15: =120 -> 120 | AW15: =($C$5*9.81*($C$8*COS(ATAN($C$12/100))+SIN(ATAN($C$12/100)))+0.5*$C$11*$C$9*$C$10*(AV15/3.6)^2) -> 603.24667 | BS15: =0+$BS$2*COS(RADIANS((0+(360-(0))*11/36))) -> -0.1132517 | BT15: =0+$BS$2*SIN(RADIANS((0+(360-(0))*11/36))) -> 0.3111565 | BU15: =1+$BT$2*COS(RADIANS((0+(360-(0))*11/36))) -> 0.77123156 | BV15: =0+$BT$2*SIN(RADIANS((0+(360-(0))*11/36))) -> 0.62853612
B16: Relación de 2ª marcha, i2 | C16: 2.02 | AV16: =130 -> 130 | AW16: =($C$5*9.81*($C$8*COS(ATAN($C$12/100))+SIN(ATAN($C$12/100)))+0.5*$C$11*$C$9*$C$10*(AV16/3.6)^2) -> 677.32074 | BS16: =0+$BS$2*COS(RADIANS((0+(360-(0))*12/36))) -> -0.16556291 | BT16: =0+$BS$2*SIN(RADIANS((0+(360-(0))*12/36))) -> 0.28676338 | BU16: =1+$BT$2*COS(RADIANS((0+(360-(0))*12/36))) -> 0.66556291 | BV16: =0+$BT$2*SIN(RADIANS((0+(360-(0))*12/36))) -> 0.57926203
B17: Relación de 3ª marcha, i3 | C17: 1.32 | AV17: =140 -> 140 | AW17: =($C$5*9.81*($C$8*COS(ATAN($C$12/100))+SIN(ATAN($C$12/100)))+0.5*$C$11*$C$9*$C$10*(AV17/3.6)^2) -> 757.32074 | BS17: =0+$BS$2*COS(RADIANS((0+(360-(0))*13/36))) -> -0.21284358 | BT17: =0+$BS$2*SIN(RADIANS((0+(360-(0))*13/36))) -> 0.2536571 | BU17: =1+$BT$2*COS(RADIANS((0+(360-(0))*13/36))) -> 0.57005597 | BV17: =0+$BT$2*SIN(RADIANS((0+(360-(0))*13/36))) -> 0.51238734
B18: Relación de 4ª marcha, i4 | C18: 0.97 | AV18: =150 -> 150 | AW18: =($C$5*9.81*($C$8*COS(ATAN($C$12/100))+SIN(ATAN($C$12/100)))+0.5*$C$11*$C$9*$C$10*(AV18/3.6)^2) -> 843.24667 | BS18: =0+$BS$2*COS(RADIANS((0+(360-(0))*14/36))) -> -0.2536571 | BT18: =0+$BS$2*SIN(RADIANS((0+(360-(0))*14/36))) -> 0.21284358 | BU18: =1+$BT$2*COS(RADIANS((0+(360-(0))*14/36))) -> 0.48761266 | BV18: =0+$BT$2*SIN(RADIANS((0+(360-(0))*14/36))) -> 0.42994403
B19: Relación de 5ª marcha, i5 | C19: 0.76 | T19: Cambie la posición en la aceleración (celda C24): el punto rojo recorre el diagrama de sierra y el par de engranajes muestra la marcha engranada en ese instante. | AV19: =160 -> 160 | AW19: =($C$5*9.81*($C$8*COS(ATAN($C$12/100))+SIN(ATAN($C$12/100)))+0.5*$C$11*$C$9*$C$10*(AV19/3.6)^2) -> 935.09852 | BS19: =0+$BS$2*COS(RADIANS((0+(360-(0))*15/36))) -> -0.28676338 | BT19: =0+$BS$2*SIN(RADIANS((0+(360-(0))*15/36))) -> 0.16556291 | BU19: =1+$BT$2*COS(RADIANS((0+(360-(0))*15/36))) -> 0.42073797 | BV19: =0+$BT$2*SIN(RADIANS((0+(360-(0))*15/36))) -> 0.33443709
B20: Régimen de cambio de marcha, n_c | C20: 5500 | D20: min⁻¹ | AV20: =170 -> 170 | AW20: =($C$5*9.81*($C$8*COS(ATAN($C$12/100))+SIN(ATAN($C$12/100)))+0.5*$C$11*$C$9*$C$10*(AV20/3.6)^2) -> 1032.8763 | BS20: =0+$BS$2*COS(RADIANS((0+(360-(0))*16/36))) -> -0.3111565 | BT20: =0+$BS$2*SIN(RADIANS((0+(360-(0))*16/36))) -> 0.1132517 | BU20: =1+$BT$2*COS(RADIANS((0+(360-(0))*16/36))) -> 0.37146388 | BV20: =0+$BT$2*SIN(RADIANS((0+(360-(0))*16/36))) -> 0.22876844
B21: Coeficiente de adherencia, μ | C21: 0.8 | AV21: =180 -> 180 | AW21: =($C$5*9.81*($C$8*COS(ATAN($C$12/100))+SIN(ATAN($C$12/100)))+0.5*$C$11*$C$9*$C$10*(AV21/3.6)^2) -> 1136.58 | BS21: =0+$BS$2*COS(RADIANS((0+(360-(0))*17/36))) -> -0.32609528 | BT21: =0+$BS$2*SIN(RADIANS((0+(360-(0))*17/36))) -> 0.057499397 | BU21: =1+$BT$2*COS(RADIANS((0+(360-(0))*17/36))) -> 0.34128753 | BV21: =0+$BT$2*SIN(RADIANS((0+(360-(0))*17/36))) -> 0.11614878
B22: Peso sobre el eje motriz | C22: 60 | D22: % | AV22: =190 -> 190 | AW22: =($C$5*9.81*($C$8*COS(ATAN($C$12/100))+SIN(ATAN($C$12/100)))+0.5*$C$11*$C$9*$C$10*(AV22/3.6)^2) -> 1246.2096 | BS22: =0+$BS$2*COS(RADIANS((0+(360-(0))*18/36))) -> -0.33112583 | BT22: =0+$BS$2*SIN(RADIANS((0+(360-(0))*18/36))) -> 4.056783e-17 | BU22: =1+$BT$2*COS(RADIANS((0+(360-(0))*18/36))) -> 0.33112583 | BV22: =0+$BT$2*SIN(RADIANS((0+(360-(0))*18/36))) -> 8.1947016e-17
B23: Punto de estudio | AV23: =200 -> 200 | AW23: =($C$5*9.81*($C$8*COS(ATAN($C$12/100))+SIN(ATAN($C$12/100)))+0.5*$C$11*$C$9*$C$10*(AV23/3.6)^2) -> 1361.7652 | BS23: =0+$BS$2*COS(RADIANS((0+(360-(0))*19/36))) -> -0.32609528 | BT23: =0+$BS$2*SIN(RADIANS((0+(360-(0))*19/36))) -> -0.057499397 | BU23: =1+$BT$2*COS(RADIANS((0+(360-(0))*19/36))) -> 0.34128753 | BV23: =0+$BT$2*SIN(RADIANS((0+(360-(0))*19/36))) -> -0.11614878
B24: Posición en la aceleración (0 = parado; 100 = v a n_c en 5ª) | C24: 30 | D24: % | AV24: =210 -> 210 | AW24: =($C$5*9.81*($C$8*COS(ATAN($C$12/100))+SIN(ATAN($C$12/100)))+0.5*$C$11*$C$9*$C$10*(AV24/3.6)^2) -> 1483.2467 | BS24: =0+$BS$2*COS(RADIANS((0+(360-(0))*20/36))) -> -0.3111565 | BT24: =0+$BS$2*SIN(RADIANS((0+(360-(0))*20/36))) -> -0.1132517 | BU24: =1+$BT$2*COS(RADIANS((0+(360-(0))*20/36))) -> 0.37146388 | BV24: =0+$BT$2*SIN(RADIANS((0+(360-(0))*20/36))) -> -0.22876844
AV25: =220 -> 220 | AW25: =($C$5*9.81*($C$8*COS(ATAN($C$12/100))+SIN(ATAN($C$12/100)))+0.5*$C$11*$C$9*$C$10*(AV25/3.6)^2) -> 1610.6541 | BS25: =0+$BS$2*COS(RADIANS((0+(360-(0))*21/36))) -> -0.28676338 | BT25: =0+$BS$2*SIN(RADIANS((0+(360-(0))*21/36))) -> -0.16556291 | BU25: =1+$BT$2*COS(RADIANS((0+(360-(0))*21/36))) -> 0.42073797 | BV25: =0+$BT$2*SIN(RADIANS((0+(360-(0))*21/36))) -> -0.33443709
B26: Curva del motor a plena carga (edite el par) | BS26: =0+$BS$2*COS(RADIANS((0+(360-(0))*22/36))) -> -0.2536571 | BT26: =0+$BS$2*SIN(RADIANS((0+(360-(0))*22/36))) -> -0.21284358 | BU26: =1+$BT$2*COS(RADIANS((0+(360-(0))*22/36))) -> 0.48761266 | BV26: =0+$BT$2*SIN(RADIANS((0+(360-(0))*22/36))) -> -0.42994403
B27: Régimen n [min⁻¹] | C27: Par T [N·m] | D27: Potencia P [kW] | BS27: =0+$BS$2*COS(RADIANS((0+(360-(0))*23/36))) -> -0.21284358 | BT27: =0+$BS$2*SIN(RADIANS((0+(360-(0))*23/36))) -> -0.2536571 | BU27: =1+$BT$2*COS(RADIANS((0+(360-(0))*23/36))) -> 0.57005597 | BV27: =0+$BT$2*SIN(RADIANS((0+(360-(0))*23/36))) -> -0.51238734
B28: 1000 | C28: 110 | D28: =B28*C28/9550 -> 11.518325 | BS28: =0+$BS$2*COS(RADIANS((0+(360-(0))*24/36))) -> -0.16556291 | BT28: =0+$BS$2*SIN(RADIANS((0+(360-(0))*24/36))) -> -0.28676338 | BU28: =1+$BT$2*COS(RADIANS((0+(360-(0))*24/36))) -> 0.66556291 | BV28: =0+$BT$2*SIN(RADIANS((0+(360-(0))*24/36))) -> -0.57926203
B29: 1500 | C29: 125 | D29: =B29*C29/9550 -> 19.633508 | BS29: =0+$BS$2*COS(RADIANS((0+(360-(0))*25/36))) -> -0.1132517 | BT29: =0+$BS$2*SIN(RADIANS((0+(360-(0))*25/36))) -> -0.3111565 | BU29: =1+$BT$2*COS(RADIANS((0+(360-(0))*25/36))) -> 0.77123156 | BV29: =0+$BT$2*SIN(RADIANS((0+(360-(0))*25/36))) -> -0.62853612
B30: 2000 | C30: 135 | D30: =B30*C30/9550 -> 28.272251 | BS30: =0+$BS$2*COS(RADIANS((0+(360-(0))*26/36))) -> -0.057499397 | BT30: =0+$BS$2*SIN(RADIANS((0+(360-(0))*26/36))) -> -0.32609528 | BU30: =1+$BT$2*COS(RADIANS((0+(360-(0))*26/36))) -> 0.88385122 | BV30: =0+$BT$2*SIN(RADIANS((0+(360-(0))*26/36))) -> -0.65871247
B31: 2500 | C31: 142 | D31: =B31*C31/9550 -> 37.172775 | BS31: =0+$BS$2*COS(RADIANS((0+(360-(0))*27/36))) -> -6.0851744e-17 | BT31: =0+$BS$2*SIN(RADIANS((0+(360-(0))*27/36))) -> -0.33112583 | BU31: =1+$BT$2*COS(RADIANS((0+(360-(0))*27/36))) -> 1 | BV31: =0+$BT$2*SIN(RADIANS((0+(360-(0))*27/36))) -> -0.66887417
B32: 3000 | C32: 146 | D32: =B32*C32/9550 -> 45.863874 | BS32: =0+$BS$2*COS(RADIANS((0+(360-(0))*28/36))) -> 0.057499397 | BT32: =0+$BS$2*SIN(RADIANS((0+(360-(0))*28/36))) -> -0.32609528 | BU32: =1+$BT$2*COS(RADIANS((0+(360-(0))*28/36))) -> 1.1161488 | BV32: =0+$BT$2*SIN(RADIANS((0+(360-(0))*28/36))) -> -0.65871247
B33: 3500 | C33: 148 | D33: =B33*C33/9550 -> 54.240838 | BS33: =0+$BS$2*COS(RADIANS((0+(360-(0))*29/36))) -> 0.1132517 | BT33: =0+$BS$2*SIN(RADIANS((0+(360-(0))*29/36))) -> -0.3111565 | BU33: =1+$BT$2*COS(RADIANS((0+(360-(0))*29/36))) -> 1.2287684 | BV33: =0+$BT$2*SIN(RADIANS((0+(360-(0))*29/36))) -> -0.62853612
B34: 4000 | C34: 147 | D34: =B34*C34/9550 -> 61.570681 | BS34: =0+$BS$2*COS(RADIANS((0+(360-(0))*30/36))) -> 0.16556291 | BT34: =0+$BS$2*SIN(RADIANS((0+(360-(0))*30/36))) -> -0.28676338 | BU34: =1+$BT$2*COS(RADIANS((0+(360-(0))*30/36))) -> 1.3344371 | BV34: =0+$BT$2*SIN(RADIANS((0+(360-(0))*30/36))) -> -0.57926203
B35: 4500 | C35: 144 | D35: =B35*C35/9550 -> 67.853403 | BS35: =0+$BS$2*COS(RADIANS((0+(360-(0))*31/36))) -> 0.21284358 | BT35: =0+$BS$2*SIN(RADIANS((0+(360-(0))*31/36))) -> -0.2536571 | BU35: =1+$BT$2*COS(RADIANS((0+(360-(0))*31/36))) -> 1.429944 | BV35: =0+$BT$2*SIN(RADIANS((0+(360-(0))*31/36))) -> -0.51238734
B36: 5000 | C36: 138 | D36: =B36*C36/9550 -> 72.251309 | BS36: =0+$BS$2*COS(RADIANS((0+(360-(0))*32/36))) -> 0.2536571 | BT36: =0+$BS$2*SIN(RADIANS((0+(360-(0))*32/36))) -> -0.21284358 | BU36: =1+$BT$2*COS(RADIANS((0+(360-(0))*32/36))) -> 1.5123873 | BV36: =0+$BT$2*SIN(RADIANS((0+(360-(0))*32/36))) -> -0.42994403
B37: 5500 | C37: 130 | D37: =B37*C37/9550 -> 74.86911 | BS37: =0+$BS$2*COS(RADIANS((0+(360-(0))*33/36))) -> 0.28676338 | BT37: =0+$BS$2*SIN(RADIANS((0+(360-(0))*33/36))) -> -0.16556291 | BU37: =1+$BT$2*COS(RADIANS((0+(360-(0))*33/36))) -> 1.579262 | BV37: =0+$BT$2*SIN(RADIANS((0+(360-(0))*33/36))) -> -0.33443709
B38: 6000 | C38: 120 | D38: =B38*C38/9550 -> 75.39267 | BS38: =0+$BS$2*COS(RADIANS((0+(360-(0))*34/36))) -> 0.3111565 | BT38: =0+$BS$2*SIN(RADIANS((0+(360-(0))*34/36))) -> -0.1132517 | BU38: =1+$BT$2*COS(RADIANS((0+(360-(0))*34/36))) -> 1.6285361 | BV38: =0+$BT$2*SIN(RADIANS((0+(360-(0))*34/36))) -> -0.22876844
B39: 6500 | C39: 105 | D39: =B39*C39/9550 -> 71.465969 | BS39: =0+$BS$2*COS(RADIANS((0+(360-(0))*35/36))) -> 0.32609528 | BT39: =0+$BS$2*SIN(RADIANS((0+(360-(0))*35/36))) -> -0.057499397 | BU39: =1+$BT$2*COS(RADIANS((0+(360-(0))*35/36))) -> 1.6587125 | BV39: =0+$BT$2*SIN(RADIANS((0+(360-(0))*35/36))) -> -0.11614878
BS40: =0+$BS$2*COS(RADIANS((0+(360-(0))*36/36))) -> 0.33112583 | BT40: =0+$BS$2*SIN(RADIANS((0+(360-(0))*36/36))) -> -8.1135659e-17 | BU40: =1+$BT$2*COS(RADIANS((0+(360-(0))*36/36))) -> 1.6688742 | BV40: =0+$BT$2*SIN(RADIANS((0+(360-(0))*36/36))) -> -1.6389403e-16
B41: Resultados por marcha
B42: Marcha | C42: i total | D42: v a n_c [km/h] | E42: F máx [N] | F42: Pend. máx [%] | G42: Límite
B43: 1ª | C43: =$C$15*$C$14 -> 14.678 | D43: =0.377*$C$20*$C$6/C43 -> 40.967094 | E43: =MAX($C$28:$C$39)*C43*$C$7/$C$6 -> 6741.7572 | F43: =100*TAN(ASIN(MAX(0,MIN(0.99,MIN(E43,($C$21*$C$5*9.81*$C$22/100))/($C$5*9.81)-$C$8)))) -> 52.523934 | G43: =IF(E43>($C$21*$C$5*9.81*$C$22/100),"adherencia","motor") -> adherencia
B44: 2ª | C44: =$C$16*$C$14 -> 8.282 | D44: =0.377*$C$20*$C$6/C44 -> 72.605047 | E44: =MAX($C$28:$C$39)*C44*$C$7/$C$6 -> 3804.0083 | F44: =100*TAN(ASIN(MAX(0,MIN(0.99,MIN(E44,($C$21*$C$5*9.81*$C$22/100))/($C$5*9.81)-$C$8)))) -> 32.390109 | G44: =IF(E44>($C$21*$C$5*9.81*$C$22/100),"adherencia","motor") -> motor
B45: 3ª | C45: =$C$17*$C$14 -> 5.412 | D45: =0.377*$C$20*$C$6/C45 -> 111.10772 | E45: =MAX($C$28:$C$39)*C45*$C$7/$C$6 -> 2485.7876 | F45: =100*TAN(ASIN(MAX(0,MIN(0.99,MIN(E45,($C$21*$C$5*9.81*$C$22/100))/($C$5*9.81)-$C$8)))) -> 20.004761 | G45: =IF(E45>($C$21*$C$5*9.81*$C$22/100),"adherencia","motor") -> motor
B46: 4ª | C46: =$C$18*$C$14 -> 3.977 | D46: =0.377*$C$20*$C$6/C46 -> 151.19814 | E46: =MAX($C$28:$C$39)*C46*$C$7/$C$6 -> 1826.6772 | F46: =100*TAN(ASIN(MAX(0,MIN(0.99,MIN(E46,($C$21*$C$5*9.81*$C$22/100))/($C$5*9.81)-$C$8)))) -> 14.156903 | G46: =IF(E46>($C$21*$C$5*9.81*$C$22/100),"adherencia","motor") -> motor
B47: 5ª | C47: =$C$19*$C$14 -> 3.116 | D47: =0.377*$C$20*$C$6/C47 -> 192.97657 | E47: =MAX($C$28:$C$39)*C47*$C$7/$C$6 -> 1431.211 | F47: =100*TAN(ASIN(MAX(0,MIN(0.99,MIN(E47,($C$21*$C$5*9.81*$C$22/100))/($C$5*9.81)-$C$8)))) -> 10.718806 | G47: =IF(E47>($C$21*$C$5*9.81*$C$22/100),"adherencia","motor") -> motor
B50: Punto de funcionamiento estudiado
B51: Velocidad del vehículo | C51: =$C$24/100*$D$47 -> 57.892972 | D51: km/h
B52: Marcha engranada | C52: =IF($C$51<=$D$43,1,IF($C$51<=$D$44,2,IF($C$51<=$D$45,3,IF($C$51<=$D$46,4,5)))) -> 2 | D52: ª
B53: Régimen del motor | C53: =MAX(1000,$C$51*INDEX($C$43:$C$47,$C$52)/(0.377*$C$6)) -> 4385.5263 | D53: min⁻¹
B54: Par del motor | C54: =INDEX($C$28:$C$39,MIN(11,MATCH($C$53,$B$28:$B$39,1)))+($C$53-INDEX($B$28:$B$39,MIN(11,MATCH($C$53,$B$28:$B$39,1))))*(INDEX($C$28:$C$39,MIN(11,MATCH($C$53,$B$28:$B$39,1))+1)-INDEX($C$28:$C$39,MIN(11,MATCH($C$53,$B$28:$B$39,1))))/500 -> 144.68684 | D54: N·m
B55: Fuerza de tracción en las ruedas | C55: =$C$54*INDEX($C$43:$C$47,$C$52)*$C$7/$C$6 -> 3718.851 | D55: N
B56: Resistencia al avance | C56: =($C$5*9.81*($C$8*COS(ATAN($C$12/100))+SIN(ATAN($C$12/100)))+0.5*$C$11*$C$9*$C$10*($C$51/3.6)^2) -> 275.88655 | D56: N
B57: Aceleración disponible (masas rotativas ≈ 10 %) | C57: =($C$55-$C$56)/(1.1*$C$5) -> 2.6083064 | D57: m/s²
B58: Velocidad máxima teórica | C58: =MAX(IF(SUM($AQ$3:$AQ$13)>0,SUMPRODUCT($AQ$3:$AQ$13,$AR$3:$AR$13),IF($AN$14>=0,$AI$14,0)),IF(SUM($AS$3:$AS$13)>0,SUMPRODUCT($AS$3:$AS$13,$AT$3:$AT$13),IF($AP$14>=0,$AK$14,0))) -> 191.48618 | D58: km/h
B59: Fuerza límite por adherencia | C59: =($C$21*$C$5*9.81*$C$22/100) -> 5650.56 | D59: N
B60: =IF($C$55>$C$56,"Hay reserva de fuerza: el vehículo acelera en "&$C$52&"ª marcha.","Sin reserva: la resistencia iguala o supera la tracción (velocidad máxima o pendiente excesiva).") -> Hay reserva de fuerza: el vehículo acelera en 2ª marcha.
B62: Preguntas de análisis
B63: 1. Con los datos del ejemplo, ¿a qué velocidad se cambia de 2ª a 3ª y a qué régimen cae el motor? Compruébelo en el diagrama de sierra.
B64: 2. Aumente la pendiente al 20 %. ¿En qué marchas todavía existe reserva de fuerza? ¿Qué marcha elegiría para subir?
B65: 3. Alargue la 5ª marcha (i5 = 0,70). ¿Aumenta o disminuye la velocidad máxima? Explique por qué con el cruce de las curvas.
B66: 4. Reduzca el coeficiente de adherencia a 0,3 (calzada mojada o con hielo). ¿Qué marchas quedan limitadas por adherencia y qué significa en la conducción?

Sheet U1 Embrague
A1: U1 · Embrague monodisco y mando hidráulico | AA1: Datos de cálculo para los gráficos (no editar) | BE1: ="Pedal al "&$C$29&" %: bomba "&FIXED($C$35,1)&" mm → bombín "&FIXED($C$36,1)&" mm" -> Pedal al 0 %: bomba 0.0 mm → bombín 0.0 mm
A2: Par que transmite el embrague, efecto del desgaste de los forros según el tipo de muelle (diafragma o helicoidales) y multiplicación de fuerza del mando hidráulico. Unidad 1: el embrague, principio de funcionamiento y comprobaciones. | AA2: desgaste | AB2: F diafr. | AC2: F helic. | AD2: T diafr. | AE2: T helic. | AF2: T motor·FS | AG2: T motor | BE2: ="Disco: R = "&FIXED($C$7*1000,0)&" mm, r = "&FIXED($C$8*1000,0)&" mm, rm = "&FIXED($C$14*1000,1)&" mm" -> Disco: R = 100 mm, r = 70 mm, rm = 85.0 mm
B3: ◄ Volver al inicio | AA3: =0 -> 0 | AB3: =$C$5*((4-AA3)*((3.2-(4-AA3))*(3.2-(4-AA3)/2)+4))/(4*((3.2-4)*(3.2-4/2)+4)) -> 4000 | AC3: =$C$5*(1-AA3/10) -> 4000 | AD3: =$C$6*AB3*$C$14*$C$9 -> 204 | AE3: =$C$6*AC3*$C$14*$C$9 -> 204 | AF3: =$C$10*$C$11 -> 177.6 | AG3: =$C$10 -> 148 | AI3: =$C$12 -> 0 | AJ3: =($C$5*((4-$C$12)*((3.2-(4-$C$12))*(3.2-(4-$C$12)/2)+4))/(4*((3.2-4)*(3.2-4/2)+4))) -> 4000 | AK3: =$C$12 -> 0 | AL3: =$C$16 -> 204 | AM3: =0+$C$7*1000*COS(RADIANS((0+(360-(0))*0/72))) -> 100 | AN3: =0+$C$7*1000*SIN(RADIANS((0+(360-(0))*0/72))) -> 0 | AO3: =0+$C$8*1000*COS(RADIANS((0+(360-(0))*0/72))) -> 70 | AP3: =0+$C$8*1000*SIN(RADIANS((0+(360-(0))*0/72))) -> 0 | AQ3: =0+$C$14*1000*COS(RADIANS((0+(360-(0))*0/72))) -> 85 | AR3: =0+$C$14*1000*SIN(RADIANS((0+(360-(0))*0/72))) -> 0 | AS3: =0+22*COS(RADIANS((0+(360-(0))*0/36))) -> 22 | AT3: =0+22*SIN(RADIANS((0+(360-(0))*0/36))) -> 0 | AU3: =(10-$C$26/2) -> 2.05 | AV3: 48 | AW3: =(50-$C$27/2) -> 40.475 | AX3: 50 | AY3: =(10-$C$26/2) -> 2.05 | AZ3: =(40-$C$35) -> 40 | BA3: =(50-$C$27/2) -> 40.475 | BB3: =(6+$C$36) -> 6 | BC3: 10 | BD3: 0
B4: Embrague monodisco (Ejemplo 1.5) | AA4: =0.25 -> 0.25 | AB4: =$C$5*((4-AA4)*((3.2-(4-AA4))*(3.2-(4-AA4)/2)+4))/(4*((3.2-4)*(3.2-4/2)+4)) -> 4035.259 | AC4: =$C$5*(1-AA4/10) -> 3900 | AD4: =$C$6*AB4*$C$14*$C$9 -> 205.79821 | AE4: =$C$6*AC4*$C$14*$C$9 -> 198.9 | AF4: =$C$10*$C$11 -> 177.6 | AG4: =$C$10 -> 148 | AI4: =$C$12 -> 0 | AJ4: =($C$5*(1-$C$12/10)) -> 4000 | AK4: =$C$12 -> 0 | AL4: =$C$17 -> 204 | AM4: =0+$C$7*1000*COS(RADIANS((0+(360-(0))*1/72))) -> 99.61947 | AN4: =0+$C$7*1000*SIN(RADIANS((0+(360-(0))*1/72))) -> 8.7155743 | AO4: =0+$C$8*1000*COS(RADIANS((0+(360-(0))*1/72))) -> 69.733629 | AP4: =0+$C$8*1000*SIN(RADIANS((0+(360-(0))*1/72))) -> 6.100902 | AQ4: =0+$C$14*1000*COS(RADIANS((0+(360-(0))*1/72))) -> 84.676549 | AR4: =0+$C$14*1000*SIN(RADIANS((0+(360-(0))*1/72))) -> 7.4082381 | AS4: =0+22*COS(RADIANS((0+(360-(0))*1/36))) -> 21.665771 | AT4: =0+22*SIN(RADIANS((0+(360-(0))*1/36))) -> 3.8202599 | AU4: =(10-$C$26/2) -> 2.05 | AV4: 0 | AW4: =(50-$C$27/2) -> 40.475 | AX4: 0 | AY4: =(10+$C$26/2) -> 17.95 | AZ4: =(40-$C$35) -> 40 | BA4: =(50+$C$27/2) -> 59.525 | BB4: =(6+$C$36) -> 6 | BC4: 10 | BD4: -7
B5: Fuerza de apriete con forros nuevos, F | C5: 4000 | D5: N | AA5: =0.5 -> 0.5 | AB5: =$C$5*((4-AA5)*((3.2-(4-AA5))*(3.2-(4-AA5)/2)+4))/(4*((3.2-4)*(3.2-4/2)+4)) -> 4104.4408 | AC5: =$C$5*(1-AA5/10) -> 3800 | AD5: =$C$6*AB5*$C$14*$C$9 -> 209.32648 | AE5: =$C$6*AC5*$C$14*$C$9 -> 193.8 | AF5: =$C$10*$C$11 -> 177.6 | AG5: =$C$10 -> 148 | AM5: =0+$C$7*1000*COS(RADIANS((0+(360-(0))*2/72))) -> 98.480775 | AN5: =0+$C$7*1000*SIN(RADIANS((0+(360-(0))*2/72))) -> 17.364818 | AO5: =0+$C$8*1000*COS(RADIANS((0+(360-(0))*2/72))) -> 68.936543 | AP5: =0+$C$8*1000*SIN(RADIANS((0+(360-(0))*2/72))) -> 12.155372 | AQ5: =0+$C$14*1000*COS(RADIANS((0+(360-(0))*2/72))) -> 83.708659 | AR5: =0+$C$14*1000*SIN(RADIANS((0+(360-(0))*2/72))) -> 14.760095 | AS5: =0+22*COS(RADIANS((0+(360-(0))*2/36))) -> 20.673238 | AT5: =0+22*SIN(RADIANS((0+(360-(0))*2/36))) -> 7.5244432 | AU5: =(10+$C$26/2) -> 17.95 | AV5: 0 | AW5: =(50+$C$27/2) -> 59.525 | AX5: 0 | AY5: =(10+$C$26/2) -> 17.95 | AZ5: =(40-$C$35)+4 -> 44 | BA5: =(50+$C$27/2) -> 59.525 | BB5: =(6+$C$36)-4 -> 2 | BC5: 50 | BD5: -7
B6: Coeficiente de rozamiento, μ | C6: 0.3 | AA6: =0.75 -> 0.75 | AB6: =$C$5*((4-AA6)*((3.2-(4-AA6))*(3.2-(4-AA6)/2)+4))/(4*((3.2-4)*(3.2-4/2)+4)) -> 4192.1258 | AC6: =$C$5*(1-AA6/10) -> 3700 | AD6: =$C$6*AB6*$C$14*$C$9 -> 213.79842 | AE6: =$C$6*AC6*$C$14*$C$9 -> 188.7 | AF6: =$C$10*$C$11 -> 177.6 | AG6: =$C$10 -> 148 | AM6: =0+$C$7*1000*COS(RADIANS((0+(360-(0))*3/72))) -> 96.592583 | AN6: =0+$C$7*1000*SIN(RADIANS((0+(360-(0))*3/72))) -> 25.881905 | AO6: =0+$C$8*1000*COS(RADIANS((0+(360-(0))*3/72))) -> 67.614808 | AP6: =0+$C$8*1000*SIN(RADIANS((0+(360-(0))*3/72))) -> 18.117333 | AQ6: =0+$C$14*1000*COS(RADIANS((0+(360-(0))*3/72))) -> 82.103695 | AR6: =0+$C$14*1000*SIN(RADIANS((0+(360-(0))*3/72))) -> 21.999619 | AS6: =0+22*COS(RADIANS((0+(360-(0))*3/36))) -> 19.052559 | AT6: =0+22*SIN(RADIANS((0+(360-(0))*3/36))) -> 11 | AU6: =(10+$C$26/2) -> 17.95 | AV6: 48 | AW6: =(50+$C$27/2) -> 59.525 | AX6: 50 | AY6: =(10-$C$26/2) -> 2.05 | AZ6: =(40-$C$35)+4 -> 44 | BA6: =(50-$C$27/2) -> 40.475 | BB6: =(6+$C$36)-4 -> 2 | BC6: 50 | BD6: 0
B7: Radio exterior del forro, R | C7: 0.1 | D7: m | AA7: =1 -> 1 | AB7: =$C$5*((4-AA7)*((3.2-(4-AA7))*(3.2-(4-AA7)/2)+4))/(4*((3.2-4)*(3.2-4/2)+4)) -> 4282.8947 | AC7: =$C$5*(1-AA7/10) -> 3600 | AD7: =$C$6*AB7*$C$14*$C$9 -> 218.42763 | AE7: =$C$6*AC7*$C$14*$C$9 -> 183.6 | AF7: =$C$10*$C$11 -> 177.6 | AG7: =$C$10 -> 148 | AM7: =0+$C$7*1000*COS(RADIANS((0+(360-(0))*4/72))) -> 93.969262 | AN7: =0+$C$7*1000*SIN(RADIANS((0+(360-(0))*4/72))) -> 34.202014 | AO7: =0+$C$8*1000*COS(RADIANS((0+(360-(0))*4/72))) -> 65.778483 | AP7: =0+$C$8*1000*SIN(RADIANS((0+(360-(0))*4/72))) -> 23.94141 | AQ7: =0+$C$14*1000*COS(RADIANS((0+(360-(0))*4/72))) -> 79.873873 | AR7: =0+$C$14*1000*SIN(RADIANS((0+(360-(0))*4/72))) -> 29.071712 | AS7: =0+22*COS(RADIANS((0+(360-(0))*4/36))) -> 16.852978 | AT7: =0+22*SIN(RADIANS((0+(360-(0))*4/36))) -> 14.141327 | AY7: =(10-$C$26/2) -> 2.05 | AZ7: =(40-$C$35) -> 40 | BA7: =(50-$C$27/2) -> 40.475 | BB7: =(6+$C$36) -> 6
B8: Radio interior del forro, r | C8: 0.07 | D8: m | AA8: =1.25 -> 1.25 | AB8: =$C$5*((4-AA8)*((3.2-(4-AA8))*(3.2-(4-AA8)/2)+4))/(4*((3.2-4)*(3.2-4/2)+4)) -> 4361.3281 | AC8: =$C$5*(1-AA8/10) -> 3500 | AD8: =$C$6*AB8*$C$14*$C$9 -> 222.42773 | AE8: =$C$6*AC8*$C$14*$C$9 -> 178.5 | AF8: =$C$10*$C$11 -> 177.6 | AG8: =$C$10 -> 148 | AM8: =0+$C$7*1000*COS(RADIANS((0+(360-(0))*5/72))) -> 90.630779 | AN8: =0+$C$7*1000*SIN(RADIANS((0+(360-(0))*5/72))) -> 42.261826 | AO8: =0+$C$8*1000*COS(RADIANS((0+(360-(0))*5/72))) -> 63.441545 | AP8: =0+$C$8*1000*SIN(RADIANS((0+(360-(0))*5/72))) -> 29.583278 | AQ8: =0+$C$14*1000*COS(RADIANS((0+(360-(0))*5/72))) -> 77.036162 | AR8: =0+$C$14*1000*SIN(RADIANS((0+(360-(0))*5/72))) -> 35.922552 | AS8: =0+22*COS(RADIANS((0+(360-(0))*5/36))) -> 14.141327 | AT8: =0+22*SIN(RADIANS((0+(360-(0))*5/36))) -> 16.852978 | AY8: 10 | AZ8: =(40-$C$35)+4 -> 44 | BA8: 50 | BB8: =(6+$C$36) -> 6
B9: Número de caras de fricción, z | C9: 2 | AA9: =1.5 -> 1.5 | AB9: =$C$5*((4-AA9)*((3.2-(4-AA9))*(3.2-(4-AA9)/2)+4))/(4*((3.2-4)*(3.2-4/2)+4)) -> 4412.0066 | AC9: =$C$5*(1-AA9/10) -> 3400 | AD9: =$C$6*AB9*$C$14*$C$9 -> 225.01234 | AE9: =$C$6*AC9*$C$14*$C$9 -> 173.4 | AF9: =$C$10*$C$11 -> 177.6 | AG9: =$C$10 -> 148 | AM9: =0+$C$7*1000*COS(RADIANS((0+(360-(0))*6/72))) -> 86.60254 | AN9: =0+$C$7*1000*SIN(RADIANS((0+(360-(0))*6/72))) -> 50 | AO9: =0+$C$8*1000*COS(RADIANS((0+(360-(0))*6/72))) -> 60.621778 | AP9: =0+$C$8*1000*SIN(RADIANS((0+(360-(0))*6/72))) -> 35 | AQ9: =0+$C$14*1000*COS(RADIANS((0+(360-(0))*6/72))) -> 73.612159 | AR9: =0+$C$14*1000*SIN(RADIANS((0+(360-(0))*6/72))) -> 42.5 | AS9: =0+22*COS(RADIANS((0+(360-(0))*6/36))) -> 11 | AT9: =0+22*SIN(RADIANS((0+(360-(0))*6/36))) -> 19.052559 | AY9: 10 | AZ9: =(40-$C$35)+22 -> 62 | BA9: 50 | BB9: =(6+$C$36)+46 -> 52
B10: Par máximo del motor (hoja U1 Caja de cambios) | C10: =MAX('U1 Caja de cambios'!$C$28:$C$39) -> 148 | D10: N·m | AA10: =1.75 -> 1.75 | AB10: =$C$5*((4-AA10)*((3.2-(4-AA10))*(3.2-(4-AA10)/2)+4))/(4*((3.2-4)*(3.2-4/2)+4)) -> 4419.5107 | AC10: =$C$5*(1-AA10/10) -> 3300 | AD10: =$C$6*AB10*$C$14*$C$9 -> 225.39505 | AE10: =$C$6*AC10*$C$14*$C$9 -> 168.3 | AF10: =$C$10*$C$11 -> 177.6 | AG10: =$C$10 -> 148 | AM10: =0+$C$7*1000*COS(RADIANS((0+(360-(0))*7/72))) -> 81.915204 | AN10: =0+$C$7*1000*SIN(RADIANS((0+(360-(0))*7/72))) -> 57.357644 | AO10: =0+$C$8*1000*COS(RADIANS((0+(360-(0))*7/72))) -> 57.340643 | AP10: =0+$C$8*1000*SIN(RADIANS((0+(360-(0))*7/72))) -> 40.150351 | AQ10: =0+$C$14*1000*COS(RADIANS((0+(360-(0))*7/72))) -> 69.627924 | AR10: =0+$C$14*1000*SIN(RADIANS((0+(360-(0))*7/72))) -> 48.753997 | AS10: =0+22*COS(RADIANS((0+(360-(0))*7/36))) -> 7.5244432 | AT10: =0+22*SIN(RADIANS((0+(360-(0))*7/36))) -> 20.673238
B11: Factor de seguridad requerido | C11: 1.2 | AA11: =2 -> 2 | AB11: =$C$5*((4-AA11)*((3.2-(4-AA11))*(3.2-(4-AA11)/2)+4))/(4*((3.2-4)*(3.2-4/2)+4)) -> 4368.4211 | AC11: =$C$5*(1-AA11/10) -> 3200 | AD11: =$C$6*AB11*$C$14*$C$9 -> 222.78947 | AE11: =$C$6*AC11*$C$14*$C$9 -> 163.2 | AF11: =$C$10*$C$11 -> 177.6 | AG11: =$C$10 -> 148 | AM11: =0+$C$7*1000*COS(RADIANS((0+(360-(0))*8/72))) -> 76.604444 | AN11: =0+$C$7*1000*SIN(RADIANS((0+(360-(0))*8/72))) -> 64.278761 | AO11: =0+$C$8*1000*COS(RADIANS((0+(360-(0))*8/72))) -> 53.623111 | AP11: =0+$C$8*1000*SIN(RADIANS((0+(360-(0))*8/72))) -> 44.995133 | AQ11: =0+$C$14*1000*COS(RADIANS((0+(360-(0))*8/72))) -> 65.113778 | AR11: =0+$C$14*1000*SIN(RADIANS((0+(360-(0))*8/72))) -> 54.636947 | AS11: =0+22*COS(RADIANS((0+(360-(0))*8/36))) -> 3.8202599 | AT11: =0+22*SIN(RADIANS((0+(360-(0))*8/36))) -> 21.665771
B12: Desgaste del forro | C12: 0 | D12: mm | AA12: =2.25 -> 2.25 | AB12: =$C$5*((4-AA12)*((3.2-(4-AA12))*(3.2-(4-AA12)/2)+4))/(4*((3.2-4)*(3.2-4/2)+4)) -> 4243.3183 | AC12: =$C$5*(1-AA12/10) -> 3100 | AD12: =$C$6*AB12*$C$14*$C$9 -> 216.40923 | AE12: =$C$6*AC12*$C$14*$C$9 -> 158.1 | AF12: =$C$10*$C$11 -> 177.6 | AG12: =$C$10 -> 148 | AM12: =0+$C$7*1000*COS(RADIANS((0+(360-(0))*9/72))) -> 70.710678 | AN12: =0+$C$7*1000*SIN(RADIANS((0+(360-(0))*9/72))) -> 70.710678 | AO12: =0+$C$8*1000*COS(RADIANS((0+(360-(0))*9/72))) -> 49.497475 | AP12: =0+$C$8*1000*SIN(RADIANS((0+(360-(0))*9/72))) -> 49.497475 | AQ12: =0+$C$14*1000*COS(RADIANS((0+(360-(0))*9/72))) -> 60.104076 | AR12: =0+$C$14*1000*SIN(RADIANS((0+(360-(0))*9/72))) -> 60.104076 | AS12: =0+22*COS(RADIANS((0+(360-(0))*9/36))) -> 1.3476633e-15 | AT12: =0+22*SIN(RADIANS((0+(360-(0))*9/36))) -> 22
B13: Resultados | AA13: =2.5 -> 2.5 | AB13: =$C$5*((4-AA13)*((3.2-(4-AA13))*(3.2-(4-AA13)/2)+4))/(4*((3.2-4)*(3.2-4/2)+4)) -> 4028.7829 | AC13: =$C$5*(1-AA13/10) -> 3000 | AD13: =$C$6*AB13*$C$14*$C$9 -> 205.46793 | AE13: =$C$6*AC13*$C$14*$C$9 -> 153 | AF13: =$C$10*$C$11 -> 177.6 | AG13: =$C$10 -> 148 | AM13: =0+$C$7*1000*COS(RADIANS((0+(360-(0))*10/72))) -> 64.278761 | AN13: =0+$C$7*1000*SIN(RADIANS((0+(360-(0))*10/72))) -> 76.604444 | AO13: =0+$C$8*1000*COS(RADIANS((0+(360-(0))*10/72))) -> 44.995133 | AP13: =0+$C$8*1000*SIN(RADIANS((0+(360-(0))*10/72))) -> 53.623111 | AQ13: =0+$C$14*1000*COS(RADIANS((0+(360-(0))*10/72))) -> 54.636947 | AR13: =0+$C$14*1000*SIN(RADIANS((0+(360-(0))*10/72))) -> 65.113778 | AS13: =0+22*COS(RADIANS((0+(360-(0))*10/36))) -> -3.8202599 | AT13: =0+22*SIN(RADIANS((0+(360-(0))*10/36))) -> 21.665771
B14: Radio medio, rm = (R + r)/2 | C14: =($C$7+$C$8)/2 -> 0.085 | D14: m | AA14: =2.75 -> 2.75 | AB14: =$C$5*((4-AA14)*((3.2-(4-AA14))*(3.2-(4-AA14)/2)+4))/(4*((3.2-4)*(3.2-4/2)+4)) -> 3709.3956 | AC14: =$C$5*(1-AA14/10) -> 2900 | AD14: =$C$6*AB14*$C$14*$C$9 -> 189.17917 | AE14: =$C$6*AC14*$C$14*$C$9 -> 147.9 | AF14: =$C$10*$C$11 -> 177.6 | AG14: =$C$10 -> 148 | AM14: =0+$C$7*1000*COS(RADIANS((0+(360-(0))*11/72))) -> 57.357644 | AN14: =0+$C$7*1000*SIN(RADIANS((0+(360-(0))*11/72))) -> 81.915204 | AO14: =0+$C$8*1000*COS(RADIANS((0+(360-(0))*11/72))) -> 40.150351 | AP14: =0+$C$8*1000*SIN(RADIANS((0+(360-(0))*11/72))) -> 57.340643 | AQ14: =0+$C$14*1000*COS(RADIANS((0+(360-(0))*11/72))) -> 48.753997 | AR14: =0+$C$14*1000*SIN(RADIANS((0+(360-(0))*11/72))) -> 69.627924 | AS14: =0+22*COS(RADIANS((0+(360-(0))*11/36))) -> -7.5244432 | AT14: =0+22*SIN(RADIANS((0+(360-(0))*11/36))) -> 20.673238
B15: Par transmisible con forros nuevos, T = μ·F·rm·z | C15: =$C$6*$C$5*$C$14*$C$9 -> 204 | D15: N·m | AA15: =3 -> 3 | AB15: =$C$5*((4-AA15)*((3.2-(4-AA15))*(3.2-(4-AA15)/2)+4))/(4*((3.2-4)*(3.2-4/2)+4)) -> 3269.7368 | AC15: =$C$5*(1-AA15/10) -> 2800 | AD15: =$C$6*AB15*$C$14*$C$9 -> 166.75658 | AE15: =$C$6*AC15*$C$14*$C$9 -> 142.8 | AF15: =$C$10*$C$11 -> 177.6 | AG15: =$C$10 -> 148 | AM15: =0+$C$7*1000*COS(RADIANS((0+(360-(0))*12/72))) -> 50 | AN15: =0+$C$7*1000*SIN(RADIANS((0+(360-(0))*12/72))) -> 86.60254 | AO15: =0+$C$8*1000*COS(RADIANS((0+(360-(0))*12/72))) -> 35 | AP15: =0+$C$8*1000*SIN(RADIANS((0+(360-(0))*12/72))) -> 60.621778 | AQ15: =0+$C$14*1000*COS(RADIANS((0+(360-(0))*12/72))) -> 42.5 | AR15: =0+$C$14*1000*SIN(RADIANS((0+(360-(0))*12/72))) -> 73.612159 | AS15: =0+22*COS(RADIANS((0+(360-(0))*12/36))) -> -11 | AT15: =0+22*SIN(RADIANS((0+(360-(0))*12/36))) -> 19.052559
B16: Par con desgaste — muelle de diafragma | C16: =$C$6*($C$5*((4-$C$12)*((3.2-(4-$C$12))*(3.2-(4-$C$12)/2)+4))/(4*((3.2-4)*(3.2-4/2)+4)))*$C$14*$C$9 -> 204 | D16: N·m | AA16: =3.25 -> 3.25 | AB16: =$C$5*((4-AA16)*((3.2-(4-AA16))*(3.2-(4-AA16)/2)+4))/(4*((3.2-4)*(3.2-4/2)+4)) -> 2694.3873 | AC16: =$C$5*(1-AA16/10) -> 2700 | AD16: =$C$6*AB16*$C$14*$C$9 -> 137.41375 | AE16: =$C$6*AC16*$C$14*$C$9 -> 137.7 | AF16: =$C$10*$C$11 -> 177.6 | AG16: =$C$10 -> 148 | AM16: =0+$C$7*1000*COS(RADIANS((0+(360-(0))*13/72))) -> 42.261826 | AN16: =0+$C$7*1000*SIN(RADIANS((0+(360-(0))*13/72))) -> 90.630779 | AO16: =0+$C$8*1000*COS(RADIANS((0+(360-(0))*13/72))) -> 29.583278 | AP16: =0+$C$8*1000*SIN(RADIANS((0+(360-(0))*13/72))) -> 63.441545 | AQ16: =0+$C$14*1000*COS(RADIANS((0+(360-(0))*13/72))) -> 35.922552 | AR16: =0+$C$14*1000*SIN(RADIANS((0+(360-(0))*13/72))) -> 77.036162 | AS16: =0+22*COS(RADIANS((0+(360-(0))*13/36))) -> -14.141327 | AT16: =0+22*SIN(RADIANS((0+(360-(0))*13/36))) -> 16.852978
B17: Par con desgaste — muelles helicoidales | C17: =$C$6*($C$5*(1-$C$12/10))*$C$14*$C$9 -> 204 | D17: N·m | AA17: =3.5 -> 3.5 | AB17: =$C$5*((4-AA17)*((3.2-(4-AA17))*(3.2-(4-AA17)/2)+4))/(4*((3.2-4)*(3.2-4/2)+4)) -> 1967.9276 | AC17: =$C$5*(1-AA17/10) -> 2600 | AD17: =$C$6*AB17*$C$14*$C$9 -> 100.36431 | AE17: =$C$6*AC17*$C$14*$C$9 -> 132.6 | AF17: =$C$10*$C$11 -> 177.6 | AG17: =$C$10 -> 148 | AM17: =0+$C$7*1000*COS(RADIANS((0+(360-(0))*14/72))) -> 34.202014 | AN17: =0+$C$7*1000*SIN(RADIANS((0+(360-(0))*14/72))) -> 93.969262 | AO17: =0+$C$8*1000*COS(RADIANS((0+(360-(0))*14/72))) -> 23.94141 | AP17: =0+$C$8*1000*SIN(RADIANS((0+(360-(0))*14/72))) -> 65.778483 | AQ17: =0+$C$14*1000*COS(RADIANS((0+(360-(0))*14/72))) -> 29.071712 | AR17: =0+$C$14*1000*SIN(RADIANS((0+(360-(0))*14/72))) -> 79.873873 | AS17: =0+22*COS(RADIANS((0+(360-(0))*14/36))) -> -16.852978 | AT17: =0+22*SIN(RADIANS((0+(360-(0))*14/36))) -> 14.141327
B18: Factor de seguridad actual (diafragma) | C18: =$C$16/$C$10 -> 1.3783784 | AM18: =0+$C$7*1000*COS(RADIANS((0+(360-(0))*15/72))) -> 25.881905 | AN18: =0+$C$7*1000*SIN(RADIANS((0+(360-(0))*15/72))) -> 96.592583 | AO18: =0+$C$8*1000*COS(RADIANS((0+(360-(0))*15/72))) -> 18.117333 | AP18: =0+$C$8*1000*SIN(RADIANS((0+(360-(0))*15/72))) -> 67.614808 | AQ18: =0+$C$14*1000*COS(RADIANS((0+(360-(0))*15/72))) -> 21.999619 | AR18: =0+$C$14*1000*SIN(RADIANS((0+(360-(0))*15/72))) -> 82.103695 | AS18: =0+22*COS(RADIANS((0+(360-(0))*15/36))) -> -19.052559 | AT18: =0+22*SIN(RADIANS((0+(360-(0))*15/36))) -> 11
B19: Par máximo de motor admisible (forro nuevo) | C19: =$C$15/$C$11 -> 170 | D19: N·m | AM19: =0+$C$7*1000*COS(RADIANS((0+(360-(0))*16/72))) -> 17.364818 | AN19: =0+$C$7*1000*SIN(RADIANS((0+(360-(0))*16/72))) -> 98.480775 | AO19: =0+$C$8*1000*COS(RADIANS((0+(360-(0))*16/72))) -> 12.155372 | AP19: =0+$C$8*1000*SIN(RADIANS((0+(360-(0))*16/72))) -> 68.936543 | AQ19: =0+$C$14*1000*COS(RADIANS((0+(360-(0))*16/72))) -> 14.760095 | AR19: =0+$C$14*1000*SIN(RADIANS((0+(360-(0))*16/72))) -> 83.708659 | AS19: =0+22*COS(RADIANS((0+(360-(0))*16/36))) -> -20.673238 | AT19: =0+22*SIN(RADIANS((0+(360-(0))*16/36))) -> 7.5244432
B20: ="Diafragma: "&IF($C$16>=$C$10*$C$11,"transmite el par con seguridad.",IF($C$16>=$C$10,"transmite, pero sin margen de seguridad.","¡PATINA! El par del motor supera al transmisible.")) -> Diafragma: transmite el par con seguridad. | AM20: =0+$C$7*1000*COS(RADIANS((0+(360-(0))*17/72))) -> 8.7155743 | AN20: =0+$C$7*1000*SIN(RADIANS((0+(360-(0))*17/72))) -> 99.61947 | AO20: =0+$C$8*1000*COS(RADIANS((0+(360-(0))*17/72))) -> 6.100902 | AP20: =0+$C$8*1000*SIN(RADIANS((0+(360-(0))*17/72))) -> 69.733629 | AQ20: =0+$C$14*1000*COS(RADIANS((0+(360-(0))*17/72))) -> 7.4082381 | AR20: =0+$C$14*1000*SIN(RADIANS((0+(360-(0))*17/72))) -> 84.676549 | AS20: =0+22*COS(RADIANS((0+(360-(0))*17/36))) -> -21.665771 | AT20: =0+22*SIN(RADIANS((0+(360-(0))*17/36))) -> 3.8202599
B21: ="Helicoidales: "&IF($C$17>=$C$10*$C$11,"transmite el par con seguridad.",IF($C$17>=$C$10,"transmite, pero sin margen de seguridad.","¡PATINA! El par del motor supera al transmisible.")) -> Helicoidales: transmite el par con seguridad. | AM21: =0+$C$7*1000*COS(RADIANS((0+(360-(0))*18/72))) -> 6.1257423e-15 | AN21: =0+$C$7*1000*SIN(RADIANS((0+(360-(0))*18/72))) -> 100 | AO21: =0+$C$8*1000*COS(RADIANS((0+(360-(0))*18/72))) -> 4.2880196e-15 | AP21: =0+$C$8*1000*SIN(RADIANS((0+(360-(0))*18/72))) -> 70 | AQ21: =0+$C$14*1000*COS(RADIANS((0+(360-(0))*18/72))) -> 5.2068809e-15 | AR21: =0+$C$14*1000*SIN(RADIANS((0+(360-(0))*18/72))) -> 85 | AS21: =0+22*COS(RADIANS((0+(360-(0))*18/36))) -> -22 | AT21: =0+22*SIN(RADIANS((0+(360-(0))*18/36))) -> 2.6953266e-15
AM22: =0+$C$7*1000*COS(RADIANS((0+(360-(0))*19/72))) -> -8.7155743 | AN22: =0+$C$7*1000*SIN(RADIANS((0+(360-(0))*19/72))) -> 99.61947 | AO22: =0+$C$8*1000*COS(RADIANS((0+(360-(0))*19/72))) -> -6.100902 | AP22: =0+$C$8*1000*SIN(RADIANS((0+(360-(0))*19/72))) -> 69.733629 | AQ22: =0+$C$14*1000*COS(RADIANS((0+(360-(0))*19/72))) -> -7.4082381 | AR22: =0+$C$14*1000*SIN(RADIANS((0+(360-(0))*19/72))) -> 84.676549 | AS22: =0+22*COS(RADIANS((0+(360-(0))*19/36))) -> -21.665771 | AT22: =0+22*SIN(RADIANS((0+(360-(0))*19/36))) -> -3.8202599
B23: Mando hidráulico (Ejemplo 1.6) | AM23: =0+$C$7*1000*COS(RADIANS((0+(360-(0))*20/72))) -> -17.364818 | AN23: =0+$C$7*1000*SIN(RADIANS((0+(360-(0))*20/72))) -> 98.480775 | AO23: =0+$C$8*1000*COS(RADIANS((0+(360-(0))*20/72))) -> -12.155372 | AP23: =0+$C$8*1000*SIN(RADIANS((0+(360-(0))*20/72))) -> 68.936543 | AQ23: =0+$C$14*1000*COS(RADIANS((0+(360-(0))*20/72))) -> -14.760095 | AR23: =0+$C$14*1000*SIN(RADIANS((0+(360-(0))*20/72))) -> 83.708659 | AS23: =0+22*COS(RADIANS((0+(360-(0))*20/36))) -> -20.673238 | AT23: =0+22*SIN(RADIANS((0+(360-(0))*20/36))) -> -7.5244432
B24: Fuerza del pie sobre el pedal | C24: 150 | D24: N | AM24: =0+$C$7*1000*COS(RADIANS((0+(360-(0))*21/72))) -> -25.881905 | AN24: =0+$C$7*1000*SIN(RADIANS((0+(360-(0))*21/72))) -> 96.592583 | AO24: =0+$C$8*1000*COS(RADIANS((0+(360-(0))*21/72))) -> -18.117333 | AP24: =0+$C$8*1000*SIN(RADIANS((0+(360-(0))*21/72))) -> 67.614808 | AQ24: =0+$C$14*1000*COS(RADIANS((0+(360-(0))*21/72))) -> -21.999619 | AR24: =0+$C$14*1000*SIN(RADIANS((0+(360-(0))*21/72))) -> 82.103695 | AS24: =0+22*COS(RADIANS((0+(360-(0))*21/36))) -> -19.052559 | AT24: =0+22*SIN(RADIANS((0+(360-(0))*21/36))) -> -11
B25: Relación de palanca del pedal | C25: 6 | D25: : 1 | AM25: =0+$C$7*1000*COS(RADIANS((0+(360-(0))*22/72))) -> -34.202014 | AN25: =0+$C$7*1000*SIN(RADIANS((0+(360-(0))*22/72))) -> 93.969262 | AO25: =0+$C$8*1000*COS(RADIANS((0+(360-(0))*22/72))) -> -23.94141 | AP25: =0+$C$8*1000*SIN(RADIANS((0+(360-(0))*22/72))) -> 65.778483 | AQ25: =0+$C$14*1000*COS(RADIANS((0+(360-(0))*22/72))) -> -29.071712 | AR25: =0+$C$14*1000*SIN(RADIANS((0+(360-(0))*22/72))) -> 79.873873 | AS25: =0+22*COS(RADIANS((0+(360-(0))*22/36))) -> -16.852978 | AT25: =0+22*SIN(RADIANS((0+(360-(0))*22/36))) -> -14.141327
B26: Diámetro del pistón de la bomba | C26: 15.9 | D26: mm | AM26: =0+$C$7*1000*COS(RADIANS((0+(360-(0))*23/72))) -> -42.261826 | AN26: =0+$C$7*1000*SIN(RADIANS((0+(360-(0))*23/72))) -> 90.630779 | AO26: =0+$C$8*1000*COS(RADIANS((0+(360-(0))*23/72))) -> -29.583278 | AP26: =0+$C$8*1000*SIN(RADIANS((0+(360-(0))*23/72))) -> 63.441545 | AQ26: =0+$C$14*1000*COS(RADIANS((0+(360-(0))*23/72))) -> -35.922552 | AR26: =0+$C$14*1000*SIN(RADIANS((0+(360-(0))*23/72))) -> 77.036162 | AS26: =0+22*COS(RADIANS((0+(360-(0))*23/36))) -> -14.141327 | AT26: =0+22*SIN(RADIANS((0+(360-(0))*23/36))) -> -16.852978
B27: Diámetro del pistón del bombín | C27: 19.05 | D27: mm | AM27: =0+$C$7*1000*COS(RADIANS((0+(360-(0))*24/72))) -> -50 | AN27: =0+$C$7*1000*SIN(RADIANS((0+(360-(0))*24/72))) -> 86.60254 | AO27: =0+$C$8*1000*COS(RADIANS((0+(360-(0))*24/72))) -> -35 | AP27: =0+$C$8*1000*SIN(RADIANS((0+(360-(0))*24/72))) -> 60.621778 | AQ27: =0+$C$14*1000*COS(RADIANS((0+(360-(0))*24/72))) -> -42.5 | AR27: =0+$C$14*1000*SIN(RADIANS((0+(360-(0))*24/72))) -> 73.612159 | AS27: =0+22*COS(RADIANS((0+(360-(0))*24/36))) -> -11 | AT27: =0+22*SIN(RADIANS((0+(360-(0))*24/36))) -> -19.052559
B28: Carrera del pistón de la bomba | C28: 30 | D28: mm | AM28: =0+$C$7*1000*COS(RADIANS((0+(360-(0))*25/72))) -> -57.357644 | AN28: =0+$C$7*1000*SIN(RADIANS((0+(360-(0))*25/72))) -> 81.915204 | AO28: =0+$C$8*1000*COS(RADIANS((0+(360-(0))*25/72))) -> -40.150351 | AP28: =0+$C$8*1000*SIN(RADIANS((0+(360-(0))*25/72))) -> 57.340643 | AQ28: =0+$C$14*1000*COS(RADIANS((0+(360-(0))*25/72))) -> -48.753997 | AR28: =0+$C$14*1000*SIN(RADIANS((0+(360-(0))*25/72))) -> 69.627924 | AS28: =0+22*COS(RADIANS((0+(360-(0))*25/36))) -> -7.5244432 | AT28: =0+22*SIN(RADIANS((0+(360-(0))*25/36))) -> -20.673238
B29: Recorrido del pedal | C29: 0 | D29: % | AM29: =0+$C$7*1000*COS(RADIANS((0+(360-(0))*26/72))) -> -64.278761 | AN29: =0+$C$7*1000*SIN(RADIANS((0+(360-(0))*26/72))) -> 76.604444 | AO29: =0+$C$8*1000*COS(RADIANS((0+(360-(0))*26/72))) -> -44.995133 | AP29: =0+$C$8*1000*SIN(RADIANS((0+(360-(0))*26/72))) -> 53.623111 | AQ29: =0+$C$14*1000*COS(RADIANS((0+(360-(0))*26/72))) -> -54.636947 | AR29: =0+$C$14*1000*SIN(RADIANS((0+(360-(0))*26/72))) -> 65.113778 | AS29: =0+22*COS(RADIANS((0+(360-(0))*26/36))) -> -3.8202599 | AT29: =0+22*SIN(RADIANS((0+(360-(0))*26/36))) -> -21.665771
B30: Resultados del mando | AM30: =0+$C$7*1000*COS(RADIANS((0+(360-(0))*27/72))) -> -70.710678 | AN30: =0+$C$7*1000*SIN(RADIANS((0+(360-(0))*27/72))) -> 70.710678 | AO30: =0+$C$8*1000*COS(RADIANS((0+(360-(0))*27/72))) -> -49.497475 | AP30: =0+$C$8*1000*SIN(RADIANS((0+(360-(0))*27/72))) -> 49.497475 | AQ30: =0+$C$14*1000*COS(RADIANS((0+(360-(0))*27/72))) -> -60.104076 | AR30: =0+$C$14*1000*SIN(RADIANS((0+(360-(0))*27/72))) -> 60.104076 | AS30: =0+22*COS(RADIANS((0+(360-(0))*27/36))) -> -4.0429899e-15 | AT30: =0+22*SIN(RADIANS((0+(360-(0))*27/36))) -> -22
B31: Fuerza en la bomba = F_pie × relación | C31: =$C$24*$C$25 -> 900 | D31: N | AM31: =0+$C$7*1000*COS(RADIANS((0+(360-(0))*28/72))) -> -76.604444 | AN31: =0+$C$7*1000*SIN(RADIANS((0+(360-(0))*28/72))) -> 64.278761 | AO31: =0+$C$8*1000*COS(RADIANS((0+(360-(0))*28/72))) -> -53.623111 | AP31: =0+$C$8*1000*SIN(RADIANS((0+(360-(0))*28/72))) -> 44.995133 | AQ31: =0+$C$14*1000*COS(RADIANS((0+(360-(0))*28/72))) -> -65.113778 | AR31: =0+$C$14*1000*SIN(RADIANS((0+(360-(0))*28/72))) -> 54.636947 | AS31: =0+22*COS(RADIANS((0+(360-(0))*28/36))) -> 3.8202599 | AT31: =0+22*SIN(RADIANS((0+(360-(0))*28/36))) -> -21.665771
B32: Presión en el circuito | C32: =$C$31/(PI()*$C$26^2/4)*10 -> 45.327146 | D32: bar | AM32: =0+$C$7*1000*COS(RADIANS((0+(360-(0))*29/72))) -> -81.915204 | AN32: =0+$C$7*1000*SIN(RADIANS((0+(360-(0))*29/72))) -> 57.357644 | AO32: =0+$C$8*1000*COS(RADIANS((0+(360-(0))*29/72))) -> -57.340643 | AP32: =0+$C$8*1000*SIN(RADIANS((0+(360-(0))*29/72))) -> 40.150351 | AQ32: =0+$C$14*1000*COS(RADIANS((0+(360-(0))*29/72))) -> -69.627924 | AR32: =0+$C$14*1000*SIN(RADIANS((0+(360-(0))*29/72))) -> 48.753997 | AS32: =0+22*COS(RADIANS((0+(360-(0))*29/36))) -> 7.5244432 | AT32: =0+22*SIN(RADIANS((0+(360-(0))*29/36))) -> -20.673238
B33: Fuerza en el bombín | C33: =$C$32/10*PI()*$C$27^2/4 -> 1291.9277 | D33: N | AM33: =0+$C$7*1000*COS(RADIANS((0+(360-(0))*30/72))) -> -86.60254 | AN33: =0+$C$7*1000*SIN(RADIANS((0+(360-(0))*30/72))) -> 50 | AO33: =0+$C$8*1000*COS(RADIANS((0+(360-(0))*30/72))) -> -60.621778 | AP33: =0+$C$8*1000*SIN(RADIANS((0+(360-(0))*30/72))) -> 35 | AQ33: =0+$C$14*1000*COS(RADIANS((0+(360-(0))*30/72))) -> -73.612159 | AR33: =0+$C$14*1000*SIN(RADIANS((0+(360-(0))*30/72))) -> 42.5 | AS33: =0+22*COS(RADIANS((0+(360-(0))*30/36))) -> 11 | AT33: =0+22*SIN(RADIANS((0+(360-(0))*30/36))) -> -19.052559
B34: Carrera total del bombín | C34: =$C$28*($C$26/$C$27)^2 -> 20.899002 | D34: mm | AM34: =0+$C$7*1000*COS(RADIANS((0+(360-(0))*31/72))) -> -90.630779 | AN34: =0+$C$7*1000*SIN(RADIANS((0+(360-(0))*31/72))) -> 42.261826 | AO34: =0+$C$8*1000*COS(RADIANS((0+(360-(0))*31/72))) -> -63.441545 | AP34: =0+$C$8*1000*SIN(RADIANS((0+(360-(0))*31/72))) -> 29.583278 | AQ34: =0+$C$14*1000*COS(RADIANS((0+(360-(0))*31/72))) -> -77.036162 | AR34: =0+$C$14*1000*SIN(RADIANS((0+(360-(0))*31/72))) -> 35.922552 | AS34: =0+22*COS(RADIANS((0+(360-(0))*31/36))) -> 14.141327 | AT34: =0+22*SIN(RADIANS((0+(360-(0))*31/36))) -> -16.852978
B35: Desplazamiento actual de la bomba | C35: =$C$28*$C$29/100 -> 0 | D35: mm | AM35: =0+$C$7*1000*COS(RADIANS((0+(360-(0))*32/72))) -> -93.969262 | AN35: =0+$C$7*1000*SIN(RADIANS((0+(360-(0))*32/72))) -> 34.202014 | AO35: =0+$C$8*1000*COS(RADIANS((0+(360-(0))*32/72))) -> -65.778483 | AP35: =0+$C$8*1000*SIN(RADIANS((0+(360-(0))*32/72))) -> 23.94141 | AQ35: =0+$C$14*1000*COS(RADIANS((0+(360-(0))*32/72))) -> -79.873873 | AR35: =0+$C$14*1000*SIN(RADIANS((0+(360-(0))*32/72))) -> 29.071712 | AS35: =0+22*COS(RADIANS((0+(360-(0))*32/36))) -> 16.852978 | AT35: =0+22*SIN(RADIANS((0+(360-(0))*32/36))) -> -14.141327
B36: Desplazamiento actual del bombín | C36: =$C$35*($C$26/$C$27)^2 -> 0 | D36: mm | AM36: =0+$C$7*1000*COS(RADIANS((0+(360-(0))*33/72))) -> -96.592583 | AN36: =0+$C$7*1000*SIN(RADIANS((0+(360-(0))*33/72))) -> 25.881905 | AO36: =0+$C$8*1000*COS(RADIANS((0+(360-(0))*33/72))) -> -67.614808 | AP36: =0+$C$8*1000*SIN(RADIANS((0+(360-(0))*33/72))) -> 18.117333 | AQ36: =0+$C$14*1000*COS(RADIANS((0+(360-(0))*33/72))) -> -82.103695 | AR36: =0+$C$14*1000*SIN(RADIANS((0+(360-(0))*33/72))) -> 21.999619 | AS36: =0+22*COS(RADIANS((0+(360-(0))*33/36))) -> 19.052559 | AT36: =0+22*SIN(RADIANS((0+(360-(0))*33/36))) -> -11
B37: =IF($C$29<20,"Embragado: el disco está apretado y transmite el par.",IF($C$29<60,"Zona de acoplamiento: el disco patina (punto de fricción).","Desembragado: el diafragma libera el plato y el disco gira libre.")) -> Embragado: el disco está apretado y transmite el par. | AM37: =0+$C$7*1000*COS(RADIANS((0+(360-(0))*34/72))) -> -98.480775 | AN37: =0+$C$7*1000*SIN(RADIANS((0+(360-(0))*34/72))) -> 17.364818 | AO37: =0+$C$8*1000*COS(RADIANS((0+(360-(0))*34/72))) -> -68.936543 | AP37: =0+$C$8*1000*SIN(RADIANS((0+(360-(0))*34/72))) -> 12.155372 | AQ37: =0+$C$14*1000*COS(RADIANS((0+(360-(0))*34/72))) -> -83.708659 | AR37: =0+$C$14*1000*SIN(RADIANS((0+(360-(0))*34/72))) -> 14.760095 | AS37: =0+22*COS(RADIANS((0+(360-(0))*34/36))) -> 20.673238 | AT37: =0+22*SIN(RADIANS((0+(360-(0))*34/36))) -> -7.5244432
AM38: =0+$C$7*1000*COS(RADIANS((0+(360-(0))*35/72))) -> -99.61947 | AN38: =0+$C$7*1000*SIN(RADIANS((0+(360-(0))*35/72))) -> 8.7155743 | AO38: =0+$C$8*1000*COS(RADIANS((0+(360-(0))*35/72))) -> -69.733629 | AP38: =0+$C$8*1000*SIN(RADIANS((0+(360-(0))*35/72))) -> 6.100902 | AQ38: =0+$C$14*1000*COS(RADIANS((0+(360-(0))*35/72))) -> -84.676549 | AR38: =0+$C$14*1000*SIN(RADIANS((0+(360-(0))*35/72))) -> 7.4082381 | AS38: =0+22*COS(RADIANS((0+(360-(0))*35/36))) -> 21.665771 | AT38: =0+22*SIN(RADIANS((0+(360-(0))*35/36))) -> -3.8202599
S39: El pistón de la bomba (azul) es más pequeño que el del bombín (naranja): la fuerza crece en la relación de áreas y la carrera disminuye en la misma proporción. | AM39: =0+$C$7*1000*COS(RADIANS((0+(360-(0))*36/72))) -> -100 | AN39: =0+$C$7*1000*SIN(RADIANS((0+(360-(0))*36/72))) -> 1.2251485e-14 | AO39: =0+$C$8*1000*COS(RADIANS((0+(360-(0))*36/72))) -> -70 | AP39: =0+$C$8*1000*SIN(RADIANS((0+(360-(0))*36/72))) -> 8.5760392e-15 | AQ39: =0+$C$14*1000*COS(RADIANS((0+(360-(0))*36/72))) -> -85 | AR39: =0+$C$14*1000*SIN(RADIANS((0+(360-(0))*36/72))) -> 1.0413762e-14 | AS39: =0+22*COS(RADIANS((0+(360-(0))*36/36))) -> 22 | AT39: =0+22*SIN(RADIANS((0+(360-(0))*36/36))) -> -5.3906532e-15
B40: Preguntas de análisis | AM40: =0+$C$7*1000*COS(RADIANS((0+(360-(0))*37/72))) -> -99.61947 | AN40: =0+$C$7*1000*SIN(RADIANS((0+(360-(0))*37/72))) -> -8.7155743 | AO40: =0+$C$8*1000*COS(RADIANS((0+(360-(0))*37/72))) -> -69.733629 | AP40: =0+$C$8*1000*SIN(RADIANS((0+(360-(0))*37/72))) -> -6.100902 | AQ40: =0+$C$14*1000*COS(RADIANS((0+(360-(0))*37/72))) -> -84.676549 | AR40: =0+$C$14*1000*SIN(RADIANS((0+(360-(0))*37/72))) -> -7.4082381
B41: 1. Con los datos del Ejemplo 1.5, ¿cuál es el par transmisible y el par máximo de motor admisible con FS = 1,2? Compare con el resultado hecho a mano. | AM41: =0+$C$7*1000*COS(RADIANS((0+(360-(0))*38/72))) -> -98.480775 | AN41: =0+$C$7*1000*SIN(RADIANS((0+(360-(0))*38/72))) -> -17.364818 | AO41: =0+$C$8*1000*COS(RADIANS((0+(360-(0))*38/72))) -> -68.936543 | AP41: =0+$C$8*1000*SIN(RADIANS((0+(360-(0))*38/72))) -> -12.155372 | AQ41: =0+$C$14*1000*COS(RADIANS((0+(360-(0))*38/72))) -> -83.708659 | AR41: =0+$C$14*1000*SIN(RADIANS((0+(360-(0))*38/72))) -> -14.760095
B42: 2. Aumente el desgaste de 0,5 en 0,5 mm. ¿A partir de cuántos milímetros patina el embrague de muelles helicoidales? ¿Y el de diafragma? Explique la diferencia con la curva de fuerza. | AM42: =0+$C$7*1000*COS(RADIANS((0+(360-(0))*39/72))) -> -96.592583 | AN42: =0+$C$7*1000*SIN(RADIANS((0+(360-(0))*39/72))) -> -25.881905 | AO42: =0+$C$8*1000*COS(RADIANS((0+(360-(0))*39/72))) -> -67.614808 | AP42: =0+$C$8*1000*SIN(RADIANS((0+(360-(0))*39/72))) -> -18.117333 | AQ42: =0+$C$14*1000*COS(RADIANS((0+(360-(0))*39/72))) -> -82.103695 | AR42: =0+$C$14*1000*SIN(RADIANS((0+(360-(0))*39/72))) -> -21.999619
B43: 3. Un forro contaminado con aceite baja μ a 0,20. ¿Qué ocurre con el par transmisible y con la seguridad? ¿Qué síntoma notaría el conductor? | AM43: =0+$C$7*1000*COS(RADIANS((0+(360-(0))*40/72))) -> -93.969262 | AN43: =0+$C$7*1000*SIN(RADIANS((0+(360-(0))*40/72))) -> -34.202014 | AO43: =0+$C$8*1000*COS(RADIANS((0+(360-(0))*40/72))) -> -65.778483 | AP43: =0+$C$8*1000*SIN(RADIANS((0+(360-(0))*40/72))) -> -23.94141 | AQ43: =0+$C$14*1000*COS(RADIANS((0+(360-(0))*40/72))) -> -79.873873 | AR43: =0+$C$14*1000*SIN(RADIANS((0+(360-(0))*40/72))) -> -29.071712
B44: 4. Si se cambia el bombín por uno de 22 mm, ¿qué pasa con la fuerza y con la carrera en la horquilla? ¿Por qué el pedal no se vuelve más duro? | AM44: =0+$C$7*1000*COS(RADIANS((0+(360-(0))*41/72))) -> -90.630779 | AN44: =0+$C$7*1000*SIN(RADIANS((0+(360-(0))*41/72))) -> -42.261826 | AO44: =0+$C$8*1000*COS(RADIANS((0+(360-(0))*41/72))) -> -63.441545 | AP44: =0+$C$8*1000*SIN(RADIANS((0+(360-(0))*41/72))) -> -29.583278 | AQ44: =0+$C$14*1000*COS(RADIANS((0+(360-(0))*41/72))) -> -77.036162 | AR44: =0+$C$14*1000*SIN(RADIANS((0+(360-(0))*41/72))) -> -35.922552
AM45: =0+$C$7*1000*COS(RADIANS((0+(360-(0))*42/72))) -> -86.60254 | AN45: =0+$C$7*1000*SIN(RADIANS((0+(360-(0))*42/72))) -> -50 | AO45: =0+$C$8*1000*COS(RADIANS((0+(360-(0))*42/72))) -> -60.621778 | AP45: =0+$C$8*1000*SIN(RADIANS((0+(360-(0))*42/72))) -> -35 | AQ45: =0+$C$14*1000*COS(RADIANS((0+(360-(0))*42/72))) -> -73.612159 | AR45: =0+$C$14*1000*SIN(RADIANS((0+(360-(0))*42/72))) -> -42.5
AM46: =0+$C$7*1000*COS(RADIANS((0+(360-(0))*43/72))) -> -81.915204 | AN46: =0+$C$7*1000*SIN(RADIANS((0+(360-(0))*43/72))) -> -57.357644 | AO46: =0+$C$8*1000*COS(RADIANS((0+(360-(0))*43/72))) -> -57.340643 | AP46: =0+$C$8*1000*SIN(RADIANS((0+(360-(0))*43/72))) -> -40.150351 | AQ46: =0+$C$14*1000*COS(RADIANS((0+(360-(0))*43/72))) -> -69.627924 | AR46: =0+$C$14*1000*SIN(RADIANS((0+(360-(0))*43/72))) -> -48.753997
AM47: =0+$C$7*1000*COS(RADIANS((0+(360-(0))*44/72))) -> -76.604444 | AN47: =0+$C$7*1000*SIN(RADIANS((0+(360-(0))*44/72))) -> -64.278761 | AO47: =0+$C$8*1000*COS(RADIANS((0+(360-(0))*44/72))) -> -53.623111 | AP47: =0+$C$8*1000*SIN(RADIANS((0+(360-(0))*44/72))) -> -44.995133 | AQ47: =0+$C$14*1000*COS(RADIANS((0+(360-(0))*44/72))) -> -65.113778 | AR47: =0+$C$14*1000*SIN(RADIANS((0+(360-(0))*44/72))) -> -54.636947
AM48: =0+$C$7*1000*COS(RADIANS((0+(360-(0))*45/72))) -> -70.710678 | AN48: =0+$C$7*1000*SIN(RADIANS((0+(360-(0))*45/72))) -> -70.710678 | AO48: =0+$C$8*1000*COS(RADIANS((0+(360-(0))*45/72))) -> -49.497475 | AP48: =0+$C$8*1000*SIN(RADIANS((0+(360-(0))*45/72))) -> -49.497475 | AQ48: =0+$C$14*1000*COS(RADIANS((0+(360-(0))*45/72))) -> -60.104076 | AR48: =0+$C$14*1000*SIN(RADIANS((0+(360-(0))*45/72))) -> -60.104076
AM49: =0+$C$7*1000*COS(RADIANS((0+(360-(0))*46/72))) -> -64.278761 | AN49: =0+$C$7*1000*SIN(RADIANS((0+(360-(0))*46/72))) -> -76.604444 | AO49: =0+$C$8*1000*COS(RADIANS((0+(360-(0))*46/72))) -> -44.995133 | AP49: =0+$C$8*1000*SIN(RADIANS((0+(360-(0))*46/72))) -> -53.623111 | AQ49: =0+$C$14*1000*COS(RADIANS((0+(360-(0))*46/72))) -> -54.636947 | AR49: =0+$C$14*1000*SIN(RADIANS((0+(360-(0))*46/72))) -> -65.113778
AM50: =0+$C$7*1000*COS(RADIANS((0+(360-(0))*47/72))) -> -57.357644 | AN50: =0+$C$7*1000*SIN(RADIANS((0+(360-(0))*47/72))) -> -81.915204 | AO50: =0+$C$8*1000*COS(RADIANS((0+(360-(0))*47/72))) -> -40.150351 | AP50: =0+$C$8*1000*SIN(RADIANS((0+(360-(0))*47/72))) -> -57.340643 | AQ50: =0+$C$14*1000*COS(RADIANS((0+(360-(0))*47/72))) -> -48.753997 | AR50: =0+$C$14*1000*SIN(RADIANS((0+(360-(0))*47/72))) -> -69.627924
AM51: =0+$C$7*1000*COS(RADIANS((0+(360-(0))*48/72))) -> -50 | AN51: =0+$C$7*1000*SIN(RADIANS((0+(360-(0))*48/72))) -> -86.60254 | AO51: =0+$C$8*1000*COS(RADIANS((0+(360-(0))*48/72))) -> -35 | AP51: =0+$C$8*1000*SIN(RADIANS((0+(360-(0))*48/72))) -> -60.621778 | AQ51: =0+$C$14*1000*COS(RADIANS((0+(360-(0))*48/72))) -> -42.5 | AR51: =0+$C$14*1000*SIN(RADIANS((0+(360-(0))*48/72))) -> -73.612159
AM52: =0+$C$7*1000*COS(RADIANS((0+(360-(0))*49/72))) -> -42.261826 | AN52: =0+$C$7*1000*SIN(RADIANS((0+(360-(0))*49/72))) -> -90.630779 | AO52: =0+$C$8*1000*COS(RADIANS((0+(360-(0))*49/72))) -> -29.583278 | AP52: =0+$C$8*1000*SIN(RADIANS((0+(360-(0))*49/72))) -> -63.441545 | AQ52: =0+$C$14*1000*COS(RADIANS((0+(360-(0))*49/72))) -> -35.922552 | AR52: =0+$C$14*1000*SIN(RADIANS((0+(360-(0))*49/72))) -> -77.036162
AM53: =0+$C$7*1000*COS(RADIANS((0+(360-(0))*50/72))) -> -34.202014 | AN53: =0+$C$7*1000*SIN(RADIANS((0+(360-(0))*50/72))) -> -93.969262 | AO53: =0+$C$8*1000*COS(RADIANS((0+(360-(0))*50/72))) -> -23.94141 | AP53: =0+$C$8*1000*SIN(RADIANS((0+(360-(0))*50/72))) -> -65.778483 | AQ53: =0+$C$14*1000*COS(RADIANS((0+(360-(0))*50/72))) -> -29.071712 | AR53: =0+$C$14*1000*SIN(RADIANS((0+(360-(0))*50/72))) -> -79.873873
AM54: =0+$C$7*1000*COS(RADIANS((0+(360-(0))*51/72))) -> -25.881905 | AN54: =0+$C$7*1000*SIN(RADIANS((0+(360-(0))*51/72))) -> -96.592583 | AO54: =0+$C$8*1000*COS(RADIANS((0+(360-(0))*51/72))) -> -18.117333 | AP54: =0+$C$8*1000*SIN(RADIANS((0+(360-(0))*51/72))) -> -67.614808 | AQ54: =0+$C$14*1000*COS(RADIANS((0+(360-(0))*51/72))) -> -21.999619 | AR54: =0+$C$14*1000*SIN(RADIANS((0+(360-(0))*51/72))) -> -82.103695
AM55: =0+$C$7*1000*COS(RADIANS((0+(360-(0))*52/72))) -> -17.364818 | AN55: =0+$C$7*1000*SIN(RADIANS((0+(360-(0))*52/72))) -> -98.480775 | AO55: =0+$C$8*1000*COS(RADIANS((0+(360-(0))*52/72))) -> -12.155372 | AP55: =0+$C$8*1000*SIN(RADIANS((0+(360-(0))*52/72))) -> -68.936543 | AQ55: =0+$C$14*1000*COS(RADIANS((0+(360-(0))*52/72))) -> -14.760095 | AR55: =0+$C$14*1000*SIN(RADIANS((0+(360-(0))*52/72))) -> -83.708659
AM56: =0+$C$7*1000*COS(RADIANS((0+(360-(0))*53/72))) -> -8.7155743 | AN56: =0+$C$7*1000*SIN(RADIANS((0+(360-(0))*53/72))) -> -99.61947 | AO56: =0+$C$8*1000*COS(RADIANS((0+(360-(0))*53/72))) -> -6.100902 | AP56: =0+$C$8*1000*SIN(RADIANS((0+(360-(0))*53/72))) -> -69.733629 | AQ56: =0+$C$14*1000*COS(RADIANS((0+(360-(0))*53/72))) -> -7.4082381 | AR56: =0+$C$14*1000*SIN(RADIANS((0+(360-(0))*53/72))) -> -84.676549
AM57: =0+$C$7*1000*COS(RADIANS((0+(360-(0))*54/72))) -> -1.8377227e-14 | AN57: =0+$C$7*1000*SIN(RADIANS((0+(360-(0))*54/72))) -> -100 | AO57: =0+$C$8*1000*COS(RADIANS((0+(360-(0))*54/72))) -> -1.2864059e-14 | AP57: =0+$C$8*1000*SIN(RADIANS((0+(360-(0))*54/72))) -> -70 | AQ57: =0+$C$14*1000*COS(RADIANS((0+(360-(0))*54/72))) -> -1.5620643e-14 | AR57: =0+$C$14*1000*SIN(RADIANS((0+(360-(0))*54/72))) -> -85
AM58: =0+$C$7*1000*COS(RADIANS((0+(360-(0))*55/72))) -> 8.7155743 | AN58: =0+$C$7*1000*SIN(RADIANS((0+(360-(0))*55/72))) -> -99.61947 | AO58: =0+$C$8*1000*COS(RADIANS((0+(360-(0))*55/72))) -> 6.100902 | AP58: =0+$C$8*1000*SIN(RADIANS((0+(360-(0))*55/72))) -> -69.733629 | AQ58: =0+$C$14*1000*COS(RADIANS((0+(360-(0))*55/72))) -> 7.4082381 | AR58: =0+$C$14*1000*SIN(RADIANS((0+(360-(0))*55/72))) -> -84.676549
AM59: =0+$C$7*1000*COS(RADIANS((0+(360-(0))*56/72))) -> 17.364818 | AN59: =0+$C$7*1000*SIN(RADIANS((0+(360-(0))*56/72))) -> -98.480775 | AO59: =0+$C$8*1000*COS(RADIANS((0+(360-(0))*56/72))) -> 12.155372 | AP59: =0+$C$8*1000*SIN(RADIANS((0+(360-(0))*56/72))) -> -68.936543 | AQ59: =0+$C$14*1000*COS(RADIANS((0+(360-(0))*56/72))) -> 14.760095 | AR59: =0+$C$14*1000*SIN(RADIANS((0+(360-(0))*56/72))) -> -83.708659
AM60: =0+$C$7*1000*COS(RADIANS((0+(360-(0))*57/72))) -> 25.881905 | AN60: =0+$C$7*1000*SIN(RADIANS((0+(360-(0))*57/72))) -> -96.592583 | AO60: =0+$C$8*1000*COS(RADIANS((0+(360-(0))*57/72))) -> 18.117333 | AP60: =0+$C$8*1000*SIN(RADIANS((0+(360-(0))*57/72))) -> -67.614808 | AQ60: =0+$C$14*1000*COS(RADIANS((0+(360-(0))*57/72))) -> 21.999619 | AR60: =0+$C$14*1000*SIN(RADIANS((0+(360-(0))*57/72))) -> -82.103695
AM61: =0+$C$7*1000*COS(RADIANS((0+(360-(0))*58/72))) -> 34.202014 | AN61: =0+$C$7*1000*SIN(RADIANS((0+(360-(0))*58/72))) -> -93.969262 | AO61: =0+$C$8*1000*COS(RADIANS((0+(360-(0))*58/72))) -> 23.94141 | AP61: =0+$C$8*1000*SIN(RADIANS((0+(360-(0))*58/72))) -> -65.778483 | AQ61: =0+$C$14*1000*COS(RADIANS((0+(360-(0))*58/72))) -> 29.071712 | AR61: =0+$C$14*1000*SIN(RADIANS((0+(360-(0))*58/72))) -> -79.873873
AM62: =0+$C$7*1000*COS(RADIANS((0+(360-(0))*59/72))) -> 42.261826 | AN62: =0+$C$7*1000*SIN(RADIANS((0+(360-(0))*59/72))) -> -90.630779 | AO62: =0+$C$8*1000*COS(RADIANS((0+(360-(0))*59/72))) -> 29.583278 | AP62: =0+$C$8*1000*SIN(RADIANS((0+(360-(0))*59/72))) -> -63.441545 | AQ62: =0+$C$14*1000*COS(RADIANS((0+(360-(0))*59/72))) -> 35.922552 | AR62: =0+$C$14*1000*SIN(RADIANS((0+(360-(0))*59/72))) -> -77.036162
AM63: =0+$C$7*1000*COS(RADIANS((0+(360-(0))*60/72))) -> 50 | AN63: =0+$C$7*1000*SIN(RADIANS((0+(360-(0))*60/72))) -> -86.60254 | AO63: =0+$C$8*1000*COS(RADIANS((0+(360-(0))*60/72))) -> 35 | AP63: =0+$C$8*1000*SIN(RADIANS((0+(360-(0))*60/72))) -> -60.621778 | AQ63: =0+$C$14*1000*COS(RADIANS((0+(360-(0))*60/72))) -> 42.5 | AR63: =0+$C$14*1000*SIN(RADIANS((0+(360-(0))*60/72))) -> -73.612159
AM64: =0+$C$7*1000*COS(RADIANS((0+(360-(0))*61/72))) -> 57.357644 | AN64: =0+$C$7*1000*SIN(RADIANS((0+(360-(0))*61/72))) -> -81.915204 | AO64: =0+$C$8*1000*COS(RADIANS((0+(360-(0))*61/72))) -> 40.150351 | AP64: =0+$C$8*1000*SIN(RADIANS((0+(360-(0))*61/72))) -> -57.340643 | AQ64: =0+$C$14*1000*COS(RADIANS((0+(360-(0))*61/72))) -> 48.753997 | AR64: =0+$C$14*1000*SIN(RADIANS((0+(360-(0))*61/72))) -> -69.627924
AM65: =0+$C$7*1000*COS(RADIANS((0+(360-(0))*62/72))) -> 64.278761 | AN65: =0+$C$7*1000*SIN(RADIANS((0+(360-(0))*62/72))) -> -76.604444 | AO65: =0+$C$8*1000*COS(RADIANS((0+(360-(0))*62/72))) -> 44.995133 | AP65: =0+$C$8*1000*SIN(RADIANS((0+(360-(0))*62/72))) -> -53.623111 | AQ65: =0+$C$14*1000*COS(RADIANS((0+(360-(0))*62/72))) -> 54.636947 | AR65: =0+$C$14*1000*SIN(RADIANS((0+(360-(0))*62/72))) -> -65.113778
AM66: =0+$C$7*1000*COS(RADIANS((0+(360-(0))*63/72))) -> 70.710678 | AN66: =0+$C$7*1000*SIN(RADIANS((0+(360-(0))*63/72))) -> -70.710678 | AO66: =0+$C$8*1000*COS(RADIANS((0+(360-(0))*63/72))) -> 49.497475 | AP66: =0+$C$8*1000*SIN(RADIANS((0+(360-(0))*63/72))) -> -49.497475 | AQ66: =0+$C$14*1000*COS(RADIANS((0+(360-(0))*63/72))) -> 60.104076 | AR66: =0+$C$14*1000*SIN(RADIANS((0+(360-(0))*63/72))) -> -60.104076
AM67: =0+$C$7*1000*COS(RADIANS((0+(360-(0))*64/72))) -> 76.604444 | AN67: =0+$C$7*1000*SIN(RADIANS((0+(360-(0))*64/72))) -> -64.278761 | AO67: =0+$C$8*1000*COS(RADIANS((0+(360-(0))*64/72))) -> 53.623111 | AP67: =0+$C$8*1000*SIN(RADIANS((0+(360-(0))*64/72))) -> -44.995133 | AQ67: =0+$C$14*1000*COS(RADIANS((0+(360-(0))*64/72))) -> 65.113778 | AR67: =0+$C$14*1000*SIN(RADIANS((0+(360-(0))*64/72))) -> -54.636947
AM68: =0+$C$7*1000*COS(RADIANS((0+(360-(0))*65/72))) -> 81.915204 | AN68: =0+$C$7*1000*SIN(RADIANS((0+(360-(0))*65/72))) -> -57.357644 | AO68: =0+$C$8*1000*COS(RADIANS((0+(360-(0))*65/72))) -> 57.340643 | AP68: =0+$C$8*1000*SIN(RADIANS((0+(360-(0))*65/72))) -> -40.150351 | AQ68: =0+$C$14*1000*COS(RADIANS((0+(360-(0))*65/72))) -> 69.627924 | AR68: =0+$C$14*1000*SIN(RADIANS((0+(360-(0))*65/72))) -> -48.753997
AM69: =0+$C$7*1000*COS(RADIANS((0+(360-(0))*66/72))) -> 86.60254 | AN69: =0+$C$7*1000*SIN(RADIANS((0+(360-(0))*66/72))) -> -50 | AO69: =0+$C$8*1000*COS(RADIANS((0+(360-(0))*66/72))) -> 60.621778 | AP69: =0+$C$8*1000*SIN(RADIANS((0+(360-(0))*66/72))) -> -35 | AQ69: =0+$C$14*1000*COS(RADIANS((0+(360-(0))*66/72))) -> 73.612159 | AR69: =0+$C$14*1000*SIN(RADIANS((0+(360-(0))*66/72))) -> -42.5
AM70: =0+$C$7*1000*COS(RADIANS((0+(360-(0))*67/72))) -> 90.630779 | AN70: =0+$C$7*1000*SIN(RADIANS((0+(360-(0))*67/72))) -> -42.261826 | AO70: =0+$C$8*1000*COS(RADIANS((0+(360-(0))*67/72))) -> 63.441545 | AP70: =0+$C$8*1000*SIN(RADIANS((0+(360-(0))*67/72))) -> -29.583278 | AQ70: =0+$C$14*1000*COS(RADIANS((0+(360-(0))*67/72))) -> 77.036162 | AR70: =0+$C$14*1000*SIN(RADIANS((0+(360-(0))*67/72))) -> -35.922552
AM71: =0+$C$7*1000*COS(RADIANS((0+(360-(0))*68/72))) -> 93.969262 | AN71: =0+$C$7*1000*SIN(RADIANS((0+(360-(0))*68/72))) -> -34.202014 | AO71: =0+$C$8*1000*COS(RADIANS((0+(360-(0))*68/72))) -> 65.778483 | AP71: =0+$C$8*1000*SIN(RADIANS((0+(360-(0))*68/72))) -> -23.94141 | AQ71: =0+$C$14*1000*COS(RADIANS((0+(360-(0))*68/72))) -> 79.873873 | AR71: =0+$C$14*1000*SIN(RADIANS((0+(360-(0))*68/72))) -> -29.071712
AM72: =0+$C$7*1000*COS(RADIANS((0+(360-(0))*69/72))) -> 96.592583 | AN72: =0+$C$7*1000*SIN(RADIANS((0+(360-(0))*69/72))) -> -25.881905 | AO72: =0+$C$8*1000*COS(RADIANS((0+(360-(0))*69/72))) -> 67.614808 | AP72: =0+$C$8*1000*SIN(RADIANS((0+(360-(0))*69/72))) -> -18.117333 | AQ72: =0+$C$14*1000*COS(RADIANS((0+(360-(0))*69/72))) -> 82.103695 | AR72: =0+$C$14*1000*SIN(RADIANS((0+(360-(0))*69/72))) -> -21.999619
AM73: =0+$C$7*1000*COS(RADIANS((0+(360-(0))*70/72))) -> 98.480775 | AN73: =0+$C$7*1000*SIN(RADIANS((0+(360-(0))*70/72))) -> -17.364818 | AO73: =0+$C$8*1000*COS(RADIANS((0+(360-(0))*70/72))) -> 68.936543 | AP73: =0+$C$8*1000*SIN(RADIANS((0+(360-(0))*70/72))) -> -12.155372 | AQ73: =0+$C$14*1000*COS(RADIANS((0+(360-(0))*70/72))) -> 83.708659 | AR73: =0+$C$14*1000*SIN(RADIANS((0+(360-(0))*70/72))) -> -14.760095
AM74: =0+$C$7*1000*COS(RADIANS((0+(360-(0))*71/72))) -> 99.61947 | AN74: =0+$C$7*1000*SIN(RADIANS((0+(360-(0))*71/72))) -> -8.7155743 | AO74: =0+$C$8*1000*COS(RADIANS((0+(360-(0))*71/72))) -> 69.733629 | AP74: =0+$C$8*1000*SIN(RADIANS((0+(360-(0))*71/72))) -> -6.100902 | AQ74: =0+$C$14*1000*COS(RADIANS((0+(360-(0))*71/72))) -> 84.676549 | AR74: =0+$C$14*1000*SIN(RADIANS((0+(360-(0))*71/72))) -> -7.4082381
AM75: =0+$C$7*1000*COS(RADIANS((0+(360-(0))*72/72))) -> 100 | AN75: =0+$C$7*1000*SIN(RADIANS((0+(360-(0))*72/72))) -> -2.4502969e-14 | AO75: =0+$C$8*1000*COS(RADIANS((0+(360-(0))*72/72))) -> 70 | AP75: =0+$C$8*1000*SIN(RADIANS((0+(360-(0))*72/72))) -> -1.7152078e-14 | AQ75: =0+$C$14*1000*COS(RADIANS((0+(360-(0))*72/72))) -> 85 | AR75: =0+$C$14*1000*SIN(RADIANS((0+(360-(0))*72/72))) -> -2.0827524e-14

Sheet U2 Junta cardán
A1: U2 · Junta cardán y árbol de transmisión | AA1: Datos de cálculo para los gráficos (no editar) | BG1: ="Entrada "&FIXED($C$9,0)&"° · intermedio "&FIXED(MOD(AI3,360),1)&"° · salida "&FIXED(MOD(AK3,360),1)&"°" -> Entrada 30° · intermedio 30.4° · salida 30.0°
A2: Irregularidad de giro de la junta cardán simple, compensación con dos juntas (ángulos iguales y horquillas en fase) y velocidad crítica del árbol. Unidad 2: árbol de transmisión y palieres, juntas homocinéticas. | AA2: θ | AB2: ω2/ω1 | AC2: θ2 | AD2: ω3/ω2 | AE2: ω3/ω1 | BI2: L | BJ2: n crítica | BK2: n máx
B3: ◄ Volver al inicio | AA3: =0 -> 0 | AB3: =COS(RADIANS($C$6))/(1-SIN(RADIANS($C$6))^2*COS(RADIANS(AA3))^2) -> 1.0154266 | AC3: =DEGREES(ATAN2(COS(RADIANS(AA3))*COS(RADIANS($C$6)),SIN(RADIANS(AA3)))) -> 0 | AD3: =COS(RADIANS($C$7))/(1-SIN(RADIANS($C$7))^2*SIN(RADIANS(AC3+$C$8))^2) -> 0.98480775 | AE3: =AB3*AD3 -> 1 | AG3: =$C$9 -> 30 | AH3: =COS(RADIANS($C$6))/(1-SIN(RADIANS($C$6))^2*COS(RADIANS($C$9))^2) -> 1.0075948 | AI3: =DEGREES(ATAN2(COS(RADIANS($C$9))*COS(RADIANS($C$6)),SIN(RADIANS($C$9)))) -> 30.381255 | AJ3: =AH3*COS(RADIANS($C$7))/(1-SIN(RADIANS($C$7))^2*SIN(RADIANS(AI3+$C$8))^2) -> 1 | AK3: =DEGREES(ATAN2(COS(RADIANS(AI3+$C$8)),COS(RADIANS($C$7))*SIN(RADIANS(AI3+$C$8))))-$C$8 -> 30 | AM3: =AG3 -> 30 | AN3: =AH3 -> 1.0075948 | AO3: =AG3 -> 30 | AP3: =AJ3 -> 1 | AQ3: -3.5 | AR3: 0 | AS3: 0 | AT3: 0 | AU3: =-2.2+0.9*COS(RADIANS((0+(360-(0))*0/36))) -> -1.3 | AV3: =3.3+0.9*SIN(RADIANS((0+(360-(0))*0/36))) -> 3.3 | AW3: -2.2 | AX3: 3.3 | AY3: =1.8+0.9*COS(RADIANS((0+(360-(0))*0/36))) -> 2.7 | AZ3: =3.3+0.9*SIN(RADIANS((0+(360-(0))*0/36))) -> 3.3 | BA3: 1.8 | BB3: 3.3 | BC3: =5.8+0.9*COS(RADIANS((0+(360-(0))*0/36))) -> 6.7 | BD3: =3.3+0.9*SIN(RADIANS((0+(360-(0))*0/36))) -> 3.3 | BE3: 5.8 | BF3: 3.3 | BI3: =0.6 -> 0.6 | BJ3: =(PI()/(BI3))^2*SQRT($C$24*1000000*(PI()/64*(($C$22/1000)^4-(($C$22-2*$C$23)/1000)^4))/($C$25*(PI()/4*(($C$22/1000)^2-(($C$22-2*$C$23)/1000)^2))))*60/(2*PI()) -> 34961.032 | BK3: =$C$26 -> 5000 | BM3: =$C$21 -> 1.4 | BN3: =$C$28 -> 6421.414
B4: Junta cardán (Ejemplo 2.1) | AA4: =5 -> 5 | AB4: =COS(RADIANS($C$6))/(1-SIN(RADIANS($C$6))^2*COS(RADIANS(AA4))^2) -> 1.0151869 | AC4: =DEGREES(ATAN2(COS(RADIANS(AA4))*COS(RADIANS($C$6)),SIN(RADIANS(AA4)))) -> 5.076733 | AD4: =COS(RADIANS($C$7))/(1-SIN(RADIANS($C$7))^2*SIN(RADIANS(AC4+$C$8))^2) -> 0.98504034 | AE4: =AB4*AD4 -> 1 | AQ4: 0 | AR4: 0 | AS4: =4*COS(RADIANS($C$6)) -> 3.939231 | AT4: =-4*SIN(RADIANS($C$6)) -> -0.69459271 | AU4: =-2.2+0.9*COS(RADIANS((0+(360-(0))*1/36))) -> -1.313673 | AV4: =3.3+0.9*SIN(RADIANS((0+(360-(0))*1/36))) -> 3.4562834 | AW4: =-2.2+0.9*COS(RADIANS($C$9)) -> -1.4205771 | AX4: =3.3+0.9*SIN(RADIANS($C$9)) -> 3.75 | AY4: =1.8+0.9*COS(RADIANS((0+(360-(0))*1/36))) -> 2.686327 | AZ4: =3.3+0.9*SIN(RADIANS((0+(360-(0))*1/36))) -> 3.4562834 | BA4: =1.8+0.9*COS(RADIANS(AI3)) -> 2.5764113 | BB4: =3.3+0.9*SIN(RADIANS(AI3)) -> 3.7551764 | BC4: =5.8+0.9*COS(RADIANS((0+(360-(0))*1/36))) -> 6.686327 | BD4: =3.3+0.9*SIN(RADIANS((0+(360-(0))*1/36))) -> 3.4562834 | BE4: =5.8+0.9*COS(RADIANS(AK3)) -> 6.5794229 | BF4: =3.3+0.9*SIN(RADIANS(AK3)) -> 3.75 | BI4: =0.7 -> 0.7 | BJ4: =(PI()/(BI4))^2*SQRT($C$24*1000000*(PI()/64*(($C$22/1000)^4-(($C$22-2*$C$23)/1000)^4))/($C$25*(PI()/4*(($C$22/1000)^2-(($C$22-2*$C$23)/1000)^2))))*60/(2*PI()) -> 25685.656 | BK4: =$C$26 -> 5000
B5: Régimen del árbol de entrada, n₁ | C5: 3000 | D5: min⁻¹ | AA5: =10 -> 10 | AB5: =COS(RADIANS($C$6))/(1-SIN(RADIANS($C$6))^2*COS(RADIANS(AA5))^2) -> 1.0144755 | AC5: =DEGREES(ATAN2(COS(RADIANS(AA5))*COS(RADIANS($C$6)),SIN(RADIANS(AA5)))) -> 10.151082 | AD5: =COS(RADIANS($C$7))/(1-SIN(RADIANS($C$7))^2*SIN(RADIANS(AC5+$C$8))^2) -> 0.98573102 | AE5: =AB5*AD5 -> 1 | AQ5: =4*COS(RADIANS($C$6)) -> 3.939231 | AR5: =-4*SIN(RADIANS($C$6)) -> -0.69459271 | AU5: =-2.2+0.9*COS(RADIANS((0+(360-(0))*2/36))) -> -1.3542766 | AV5: =3.3+0.9*SIN(RADIANS((0+(360-(0))*2/36))) -> 3.6078181 | AY5: =1.8+0.9*COS(RADIANS((0+(360-(0))*2/36))) -> 2.6457234 | AZ5: =3.3+0.9*SIN(RADIANS((0+(360-(0))*2/36))) -> 3.6078181 | BC5: =5.8+0.9*COS(RADIANS((0+(360-(0))*2/36))) -> 6.6457234 | BD5: =3.3+0.9*SIN(RADIANS((0+(360-(0))*2/36))) -> 3.6078181 | BI5: =0.8 -> 0.8 | BJ5: =(PI()/(BI5))^2*SQRT($C$24*1000000*(PI()/64*(($C$22/1000)^4-(($C$22-2*$C$23)/1000)^4))/($C$25*(PI()/4*(($C$22/1000)^2-(($C$22-2*$C$23)/1000)^2))))*60/(2*PI()) -> 19665.581 | BK5: =$C$26 -> 5000
B6: Ángulo de la primera junta, β₁ | C6: 10 | D6: ° | T6: Diales del esquema (de izquierda a derecha): eje de entrada (naranja), eje intermedio (morado) y eje de salida (azul). Con una junta inclinada, el eje intermedio se adelanta y se retrasa dos veces por vuelta. Con dos juntas de igual ángulo y horquillas en fase, la salida vuelve a girar igual que la entrada. | AA6: =15 -> 15 | AB6: =COS(RADIANS($C$6))/(1-SIN(RADIANS($C$6))^2*COS(RADIANS(AA6))^2) -> 1.0133162 | AC6: =DEGREES(ATAN2(COS(RADIANS(AA6))*COS(RADIANS($C$6)),SIN(RADIANS(AA6)))) -> 15.220741 | AD6: =COS(RADIANS($C$7))/(1-SIN(RADIANS($C$7))^2*SIN(RADIANS(AC6+$C$8))^2) -> 0.98685883 | AE6: =AB6*AD6 -> 1 | AQ6: =4*COS(RADIANS($C$6))+3.5*COS(RADIANS($C$7-$C$6)) -> 7.439231 | AR6: =-4*SIN(RADIANS($C$6))+3.5*SIN(RADIANS($C$7-$C$6)) -> -0.69459271 | AU6: =-2.2+0.9*COS(RADIANS((0+(360-(0))*3/36))) -> -1.4205771 | AV6: =3.3+0.9*SIN(RADIANS((0+(360-(0))*3/36))) -> 3.75 | AY6: =1.8+0.9*COS(RADIANS((0+(360-(0))*3/36))) -> 2.5794229 | AZ6: =3.3+0.9*SIN(RADIANS((0+(360-(0))*3/36))) -> 3.75 | BC6: =5.8+0.9*COS(RADIANS((0+(360-(0))*3/36))) -> 6.5794229 | BD6: =3.3+0.9*SIN(RADIANS((0+(360-(0))*3/36))) -> 3.75 | BI6: =0.9 -> 0.9 | BJ6: =(PI()/(BI6))^2*SQRT($C$24*1000000*(PI()/64*(($C$22/1000)^4-(($C$22-2*$C$23)/1000)^4))/($C$25*(PI()/4*(($C$22/1000)^2-(($C$22-2*$C$23)/1000)^2))))*60/(2*PI()) -> 15538.236 | BK6: =$C$26 -> 5000
B7: Ángulo de la segunda junta, β₂ | C7: 10 | D7: ° | AA7: =20 -> 20 | AB7: =COS(RADIANS($C$6))/(1-SIN(RADIANS($C$6))^2*COS(RADIANS(AA7))^2) -> 1.0117469 | AC7: =DEGREES(ATAN2(COS(RADIANS(AA7))*COS(RADIANS($C$6)),SIN(RADIANS(AA7)))) -> 20.283559 | AD7: =COS(RADIANS($C$7))/(1-SIN(RADIANS($C$7))^2*SIN(RADIANS(AC7+$C$8))^2) -> 0.98838948 | AE7: =AB7*AD7 -> 1 | AU7: =-2.2+0.9*COS(RADIANS((0+(360-(0))*4/36))) -> -1.51056 | AV7: =3.3+0.9*SIN(RADIANS((0+(360-(0))*4/36))) -> 3.8785088 | AY7: =1.8+0.9*COS(RADIANS((0+(360-(0))*4/36))) -> 2.48944 | AZ7: =3.3+0.9*SIN(RADIANS((0+(360-(0))*4/36))) -> 3.8785088 | BC7: =5.8+0.9*COS(RADIANS((0+(360-(0))*4/36))) -> 6.48944 | BD7: =3.3+0.9*SIN(RADIANS((0+(360-(0))*4/36))) -> 3.8785088 | BI7: =1 -> 1 | BJ7: =(PI()/(BI7))^2*SQRT($C$24*1000000*(PI()/64*(($C$22/1000)^4-(($C$22-2*$C$23)/1000)^4))/($C$25*(PI()/4*(($C$22/1000)^2-(($C$22-2*$C$23)/1000)^2))))*60/(2*PI()) -> 12585.972 | BK7: =$C$26 -> 5000
B8: Desfase de las horquillas del árbol, φ | C8: 0 | D8: ° | AA8: =25 -> 25 | AB8: =COS(RADIANS($C$6))/(1-SIN(RADIANS($C$6))^2*COS(RADIANS(AA8))^2) -> 1.009819 | AC8: =DEGREES(ATAN2(COS(RADIANS(AA8))*COS(RADIANS($C$6)),SIN(RADIANS(AA8)))) -> 25.337611 | AD8: =COS(RADIANS($C$7))/(1-SIN(RADIANS($C$7))^2*SIN(RADIANS(AC8+$C$8))^2) -> 0.99027647 | AE8: =AB8*AD8 -> 1 | AU8: =-2.2+0.9*COS(RADIANS((0+(360-(0))*5/36))) -> -1.6214912 | AV8: =3.3+0.9*SIN(RADIANS((0+(360-(0))*5/36))) -> 3.98944 | AY8: =1.8+0.9*COS(RADIANS((0+(360-(0))*5/36))) -> 2.3785088 | AZ8: =3.3+0.9*SIN(RADIANS((0+(360-(0))*5/36))) -> 3.98944 | BC8: =5.8+0.9*COS(RADIANS((0+(360-(0))*5/36))) -> 6.3785088 | BD8: =3.3+0.9*SIN(RADIANS((0+(360-(0))*5/36))) -> 3.98944 | BI8: =1.1 -> 1.1 | BJ8: =(PI()/(BI8))^2*SQRT($C$24*1000000*(PI()/64*(($C$22/1000)^4-(($C$22-2*$C$23)/1000)^4))/($C$25*(PI()/4*(($C$22/1000)^2-(($C$22-2*$C$23)/1000)^2))))*60/(2*PI()) -> 10401.629 | BK8: =$C$26 -> 5000
B9: Ángulo de giro del árbol de entrada, θ | C9: 30 | D9: ° | AA9: =30 -> 30 | AB9: =COS(RADIANS($C$6))/(1-SIN(RADIANS($C$6))^2*COS(RADIANS(AA9))^2) -> 1.0075948 | AC9: =DEGREES(ATAN2(COS(RADIANS(AA9))*COS(RADIANS($C$6)),SIN(RADIANS(AA9)))) -> 30.381255 | AD9: =COS(RADIANS($C$7))/(1-SIN(RADIANS($C$7))^2*SIN(RADIANS(AC9+$C$8))^2) -> 0.99246247 | AE9: =AB9*AD9 -> 1 | AU9: =-2.2+0.9*COS(RADIANS((0+(360-(0))*6/36))) -> -1.75 | AV9: =3.3+0.9*SIN(RADIANS((0+(360-(0))*6/36))) -> 4.0794229 | AY9: =1.8+0.9*COS(RADIANS((0+(360-(0))*6/36))) -> 2.25 | AZ9: =3.3+0.9*SIN(RADIANS((0+(360-(0))*6/36))) -> 4.0794229 | BC9: =5.8+0.9*COS(RADIANS((0+(360-(0))*6/36))) -> 6.25 | BD9: =3.3+0.9*SIN(RADIANS((0+(360-(0))*6/36))) -> 4.0794229 | BI9: =1.2 -> 1.2 | BJ9: =(PI()/(BI9))^2*SQRT($C$24*1000000*(PI()/64*(($C$22/1000)^4-(($C$22-2*$C$23)/1000)^4))/($C$25*(PI()/4*(($C$22/1000)^2-(($C$22-2*$C$23)/1000)^2))))*60/(2*PI()) -> 8740.258 | BK9: =$C$26 -> 5000
B10: Resultados | AA10: =35 -> 35 | AB10: =COS(RADIANS($C$6))/(1-SIN(RADIANS($C$6))^2*COS(RADIANS(AA10))^2) -> 1.0051453 | AC10: =DEGREES(ATAN2(COS(RADIANS(AA10))*COS(RADIANS($C$6)),SIN(RADIANS(AA10)))) -> 35.413183 | AD10: =COS(RADIANS($C$7))/(1-SIN(RADIANS($C$7))^2*SIN(RADIANS(AC10+$C$8))^2) -> 0.99488105 | AE10: =AB10*AD10 -> 1 | AU10: =-2.2+0.9*COS(RADIANS((0+(360-(0))*7/36))) -> -1.8921819 | AV10: =3.3+0.9*SIN(RADIANS((0+(360-(0))*7/36))) -> 4.1457234 | AY10: =1.8+0.9*COS(RADIANS((0+(360-(0))*7/36))) -> 2.1078181 | AZ10: =3.3+0.9*SIN(RADIANS((0+(360-(0))*7/36))) -> 4.1457234 | BC10: =5.8+0.9*COS(RADIANS((0+(360-(0))*7/36))) -> 6.1078181 | BD10: =3.3+0.9*SIN(RADIANS((0+(360-(0))*7/36))) -> 4.1457234 | BI10: =1.3 -> 1.3 | BJ10: =(PI()/(BI10))^2*SQRT($C$24*1000000*(PI()/64*(($C$22/1000)^4-(($C$22-2*$C$23)/1000)^4))/($C$25*(PI()/4*(($C$22/1000)^2-(($C$22-2*$C$23)/1000)^2))))*60/(2*PI()) -> 7447.3204 | BK10: =$C$26 -> 5000
B11: Régimen máximo del eje intermedio = n₁ / cos β₁ | C11: =$C$5/COS(RADIANS($C$6)) -> 3046.2798 | D11: min⁻¹ | AA11: =40 -> 40 | AB11: =COS(RADIANS($C$6))/(1-SIN(RADIANS($C$6))^2*COS(RADIANS(AA11))^2) -> 1.0025477 | AC11: =DEGREES(ATAN2(COS(RADIANS(AA11))*COS(RADIANS($C$6)),SIN(RADIANS(AA11)))) -> 40.432461 | AD11: =COS(RADIANS($C$7))/(1-SIN(RADIANS($C$7))^2*SIN(RADIANS(AC11+$C$8))^2) -> 0.99745873 | AE11: =AB11*AD11 -> 1 | AU11: =-2.2+0.9*COS(RADIANS((0+(360-(0))*8/36))) -> -2.0437166 | AV11: =3.3+0.9*SIN(RADIANS((0+(360-(0))*8/36))) -> 4.186327 | AY11: =1.8+0.9*COS(RADIANS((0+(360-(0))*8/36))) -> 1.9562834 | AZ11: =3.3+0.9*SIN(RADIANS((0+(360-(0))*8/36))) -> 4.186327 | BC11: =5.8+0.9*COS(RADIANS((0+(360-(0))*8/36))) -> 5.9562834 | BD11: =3.3+0.9*SIN(RADIANS((0+(360-(0))*8/36))) -> 4.186327 | BI11: =1.4 -> 1.4 | BJ11: =(PI()/(BI11))^2*SQRT($C$24*1000000*(PI()/64*(($C$22/1000)^4-(($C$22-2*$C$23)/1000)^4))/($C$25*(PI()/4*(($C$22/1000)^2-(($C$22-2*$C$23)/1000)^2))))*60/(2*PI()) -> 6421.414 | BK11: =$C$26 -> 5000
B12: Régimen mínimo del eje intermedio = n₁ · cos β₁ | C12: =$C$5*COS(RADIANS($C$6)) -> 2954.4233 | D12: min⁻¹ | AA12: =45 -> 45 | AB12: =COS(RADIANS($C$6))/(1-SIN(RADIANS($C$6))^2*COS(RADIANS(AA12))^2) -> 0.99988283 | AC12: =DEGREES(ATAN2(COS(RADIANS(AA12))*COS(RADIANS($C$6)),SIN(RADIANS(AA12)))) -> 45.438549 | AD12: =COS(RADIANS($C$7))/(1-SIN(RADIANS($C$7))^2*SIN(RADIANS(AC12+$C$8))^2) -> 1.0001172 | AE12: =AB12*AD12 -> 1 | AU12: =-2.2+0.9*COS(RADIANS((0+(360-(0))*9/36))) -> -2.2 | AV12: =3.3+0.9*SIN(RADIANS((0+(360-(0))*9/36))) -> 4.2 | AY12: =1.8+0.9*COS(RADIANS((0+(360-(0))*9/36))) -> 1.8 | AZ12: =3.3+0.9*SIN(RADIANS((0+(360-(0))*9/36))) -> 4.2 | BC12: =5.8+0.9*COS(RADIANS((0+(360-(0))*9/36))) -> 5.8 | BD12: =3.3+0.9*SIN(RADIANS((0+(360-(0))*9/36))) -> 4.2 | BI12: =1.5 -> 1.5 | BJ12: =(PI()/(BI12))^2*SQRT($C$24*1000000*(PI()/64*(($C$22/1000)^4-(($C$22-2*$C$23)/1000)^4))/($C$25*(PI()/4*(($C$22/1000)^2-(($C$22-2*$C$23)/1000)^2))))*60/(2*PI()) -> 5593.7651 | BK12: =$C$26 -> 5000
B13: Irregularidad con una junta | C13: =($C$11-$C$12)/$C$5*100 -> 3.0618859 | D13: % | AA13: =50 -> 50 | AB13: =COS(RADIANS($C$6))/(1-SIN(RADIANS($C$6))^2*COS(RADIANS(AA13))^2) -> 0.99723205 | AC13: =DEGREES(ATAN2(COS(RADIANS(AA13))*COS(RADIANS($C$6)),SIN(RADIANS(AA13)))) -> 50.431313 | AD13: =COS(RADIANS($C$7))/(1-SIN(RADIANS($C$7))^2*SIN(RADIANS(AC13+$C$8))^2) -> 1.0027756 | AE13: =AB13*AD13 -> 1 | AU13: =-2.2+0.9*COS(RADIANS((0+(360-(0))*10/36))) -> -2.3562834 | AV13: =3.3+0.9*SIN(RADIANS((0+(360-(0))*10/36))) -> 4.186327 | AY13: =1.8+0.9*COS(RADIANS((0+(360-(0))*10/36))) -> 1.6437166 | AZ13: =3.3+0.9*SIN(RADIANS((0+(360-(0))*10/36))) -> 4.186327 | BC13: =5.8+0.9*COS(RADIANS((0+(360-(0))*10/36))) -> 5.6437166 | BD13: =3.3+0.9*SIN(RADIANS((0+(360-(0))*10/36))) -> 4.186327 | BI13: =1.6 -> 1.6 | BJ13: =(PI()/(BI13))^2*SQRT($C$24*1000000*(PI()/64*(($C$22/1000)^4-(($C$22-2*$C$23)/1000)^4))/($C$25*(PI()/4*(($C$22/1000)^2-(($C$22-2*$C$23)/1000)^2))))*60/(2*PI()) -> 4916.3951 | BK13: =$C$26 -> 5000
B14: Régimen máximo de salida (dos juntas) | C14: =MAX($AE$3:$AE$75)*$C$5 -> 3000 | D14: min⁻¹ | AA14: =55 -> 55 | AB14: =COS(RADIANS($C$6))/(1-SIN(RADIANS($C$6))^2*COS(RADIANS(AA14))^2) -> 0.99467519 | AC14: =DEGREES(ATAN2(COS(RADIANS(AA14))*COS(RADIANS($C$6)),SIN(RADIANS(AA14)))) -> 55.411026 | AD14: =COS(RADIANS($C$7))/(1-SIN(RADIANS($C$7))^2*SIN(RADIANS(AC14+$C$8))^2) -> 1.0053533 | AE14: =AB14*AD14 -> 1 | AU14: =-2.2+0.9*COS(RADIANS((0+(360-(0))*11/36))) -> -2.5078181 | AV14: =3.3+0.9*SIN(RADIANS((0+(360-(0))*11/36))) -> 4.1457234 | AY14: =1.8+0.9*COS(RADIANS((0+(360-(0))*11/36))) -> 1.4921819 | AZ14: =3.3+0.9*SIN(RADIANS((0+(360-(0))*11/36))) -> 4.1457234 | BC14: =5.8+0.9*COS(RADIANS((0+(360-(0))*11/36))) -> 5.4921819 | BD14: =3.3+0.9*SIN(RADIANS((0+(360-(0))*11/36))) -> 4.1457234 | BI14: =1.7 -> 1.7 | BJ14: =(PI()/(BI14))^2*SQRT($C$24*1000000*(PI()/64*(($C$22/1000)^4-(($C$22-2*$C$23)/1000)^4))/($C$25*(PI()/4*(($C$22/1000)^2-(($C$22-2*$C$23)/1000)^2))))*60/(2*PI()) -> 4355.0074 | BK14: =$C$26 -> 5000
B15: Régimen mínimo de salida (dos juntas) | C15: =MIN($AE$3:$AE$75)*$C$5 -> 3000 | D15: min⁻¹ | AA15: =60 -> 60 | AB15: =COS(RADIANS($C$6))/(1-SIN(RADIANS($C$6))^2*COS(RADIANS(AA15))^2) -> 0.99228804 | AC15: =DEGREES(ATAN2(COS(RADIANS(AA15))*COS(RADIANS($C$6)),SIN(RADIANS(AA15)))) -> 60.378348 | AD15: =COS(RADIANS($C$7))/(1-SIN(RADIANS($C$7))^2*SIN(RADIANS(AC15+$C$8))^2) -> 1.0077719 | AE15: =AB15*AD15 -> 1 | AU15: =-2.2+0.9*COS(RADIANS((0+(360-(0))*12/36))) -> -2.65 | AV15: =3.3+0.9*SIN(RADIANS((0+(360-(0))*12/36))) -> 4.0794229 | AY15: =1.8+0.9*COS(RADIANS((0+(360-(0))*12/36))) -> 1.35 | AZ15: =3.3+0.9*SIN(RADIANS((0+(360-(0))*12/36))) -> 4.0794229 | BC15: =5.8+0.9*COS(RADIANS((0+(360-(0))*12/36))) -> 5.35 | BD15: =3.3+0.9*SIN(RADIANS((0+(360-(0))*12/36))) -> 4.0794229 | BI15: =1.8 -> 1.8 | BJ15: =(PI()/(BI15))^2*SQRT($C$24*1000000*(PI()/64*(($C$22/1000)^4-(($C$22-2*$C$23)/1000)^4))/($C$25*(PI()/4*(($C$22/1000)^2-(($C$22-2*$C$23)/1000)^2))))*60/(2*PI()) -> 3884.5591 | BK15: =$C$26 -> 5000
B16: Irregularidad con dos juntas | C16: =($C$14-$C$15)/$C$5*100 -> 1.5158245e-14 | D16: % | AA16: =65 -> 65 | AB16: =COS(RADIANS($C$6))/(1-SIN(RADIANS($C$6))^2*COS(RADIANS(AA16))^2) -> 0.99014029 | AC16: =DEGREES(ATAN2(COS(RADIANS(AA16))*COS(RADIANS($C$6)),SIN(RADIANS(AA16)))) -> 65.334306 | AD16: =COS(RADIANS($C$7))/(1-SIN(RADIANS($C$7))^2*SIN(RADIANS(AC16+$C$8))^2) -> 1.0099579 | AE16: =AB16*AD16 -> 1 | AU16: =-2.2+0.9*COS(RADIANS((0+(360-(0))*13/36))) -> -2.7785088 | AV16: =3.3+0.9*SIN(RADIANS((0+(360-(0))*13/36))) -> 3.98944 | AY16: =1.8+0.9*COS(RADIANS((0+(360-(0))*13/36))) -> 1.2214912 | AZ16: =3.3+0.9*SIN(RADIANS((0+(360-(0))*13/36))) -> 3.98944 | BC16: =5.8+0.9*COS(RADIANS((0+(360-(0))*13/36))) -> 5.2214912 | BD16: =3.3+0.9*SIN(RADIANS((0+(360-(0))*13/36))) -> 3.98944 | BI16: =1.9 -> 1.9 | BJ16: =(PI()/(BI16))^2*SQRT($C$24*1000000*(PI()/64*(($C$22/1000)^4-(($C$22-2*$C$23)/1000)^4))/($C$25*(PI()/4*(($C$22/1000)^2-(($C$22-2*$C$23)/1000)^2))))*60/(2*PI()) -> 3486.4187 | BK16: =$C$26 -> 5000
B17: Régimen instantáneo del eje intermedio | C17: =$C$5*$AH$3 -> 3022.7843 | D17: min⁻¹ | AA17: =70 -> 70 | AB17: =COS(RADIANS($C$6))/(1-SIN(RADIANS($C$6))^2*COS(RADIANS(AA17))^2) -> 0.98829377 | AC17: =DEGREES(ATAN2(COS(RADIANS(AA17))*COS(RADIANS($C$6)),SIN(RADIANS(AA17)))) -> 70.280254 | AD17: =COS(RADIANS($C$7))/(1-SIN(RADIANS($C$7))^2*SIN(RADIANS(AC17+$C$8))^2) -> 1.0118449 | AE17: =AB17*AD17 -> 1 | AU17: =-2.2+0.9*COS(RADIANS((0+(360-(0))*14/36))) -> -2.88944 | AV17: =3.3+0.9*SIN(RADIANS((0+(360-(0))*14/36))) -> 3.8785088 | AY17: =1.8+0.9*COS(RADIANS((0+(360-(0))*14/36))) -> 1.11056 | AZ17: =3.3+0.9*SIN(RADIANS((0+(360-(0))*14/36))) -> 3.8785088 | BC17: =5.8+0.9*COS(RADIANS((0+(360-(0))*14/36))) -> 5.11056 | BD17: =3.3+0.9*SIN(RADIANS((0+(360-(0))*14/36))) -> 3.8785088 | BI17: =2 -> 2 | BJ17: =(PI()/(BI17))^2*SQRT($C$24*1000000*(PI()/64*(($C$22/1000)^4-(($C$22-2*$C$23)/1000)^4))/($C$25*(PI()/4*(($C$22/1000)^2-(($C$22-2*$C$23)/1000)^2))))*60/(2*PI()) -> 3146.4929 | BK17: =$C$26 -> 5000
B18: =IF($C$16<0.05,"La doble junta compensa la irregularidad: la salida gira de forma homocinética.","La doble junta NO compensa: ángulos distintos u horquillas desfasadas producen vibración.") -> La doble junta compensa la irregularidad: la salida gira de forma homocinética. | AA18: =75 -> 75 | AB18: =COS(RADIANS($C$6))/(1-SIN(RADIANS($C$6))^2*COS(RADIANS(AA18))^2) -> 0.98680101 | AC18: =DEGREES(ATAN2(COS(RADIANS(AA18))*COS(RADIANS($C$6)),SIN(RADIANS(AA18)))) -> 75.217834 | AD18: =COS(RADIANS($C$7))/(1-SIN(RADIANS($C$7))^2*SIN(RADIANS(AC18+$C$8))^2) -> 1.0133755 | AE18: =AB18*AD18 -> 1 | AU18: =-2.2+0.9*COS(RADIANS((0+(360-(0))*15/36))) -> -2.9794229 | AV18: =3.3+0.9*SIN(RADIANS((0+(360-(0))*15/36))) -> 3.75 | AY18: =1.8+0.9*COS(RADIANS((0+(360-(0))*15/36))) -> 1.0205771 | AZ18: =3.3+0.9*SIN(RADIANS((0+(360-(0))*15/36))) -> 3.75 | BC18: =5.8+0.9*COS(RADIANS((0+(360-(0))*15/36))) -> 5.0205771 | BD18: =3.3+0.9*SIN(RADIANS((0+(360-(0))*15/36))) -> 3.75 | BI18: =2.1 -> 2.1 | BJ18: =(PI()/(BI18))^2*SQRT($C$24*1000000*(PI()/64*(($C$22/1000)^4-(($C$22-2*$C$23)/1000)^4))/($C$25*(PI()/4*(($C$22/1000)^2-(($C$22-2*$C$23)/1000)^2))))*60/(2*PI()) -> 2853.9618 | BK18: =$C$26 -> 5000
AA19: =80 -> 80 | AB19: =COS(RADIANS($C$6))/(1-SIN(RADIANS($C$6))^2*COS(RADIANS(AA19))^2) -> 0.985704 | AC19: =DEGREES(ATAN2(COS(RADIANS(AA19))*COS(RADIANS($C$6)),SIN(RADIANS(AA19)))) -> 80.148924 | AD19: =COS(RADIANS($C$7))/(1-SIN(RADIANS($C$7))^2*SIN(RADIANS(AC19+$C$8))^2) -> 1.0145033 | AE19: =AB19*AD19 -> 1 | AU19: =-2.2+0.9*COS(RADIANS((0+(360-(0))*16/36))) -> -3.0457234 | AV19: =3.3+0.9*SIN(RADIANS((0+(360-(0))*16/36))) -> 3.6078181 | AY19: =1.8+0.9*COS(RADIANS((0+(360-(0))*16/36))) -> 0.95427664 | AZ19: =3.3+0.9*SIN(RADIANS((0+(360-(0))*16/36))) -> 3.6078181 | BC19: =5.8+0.9*COS(RADIANS((0+(360-(0))*16/36))) -> 4.9542766 | BD19: =3.3+0.9*SIN(RADIANS((0+(360-(0))*16/36))) -> 3.6078181 | BI19: =2.2 -> 2.2 | BJ19: =(PI()/(BI19))^2*SQRT($C$24*1000000*(PI()/64*(($C$22/1000)^4-(($C$22-2*$C$23)/1000)^4))/($C$25*(PI()/4*(($C$22/1000)^2-(($C$22-2*$C$23)/1000)^2))))*60/(2*PI()) -> 2600.4073 | BK19: =$C$26 -> 5000
B20: Velocidad crítica del árbol tubular | AA20: =85 -> 85 | AB20: =COS(RADIANS($C$6))/(1-SIN(RADIANS($C$6))^2*COS(RADIANS(AA20))^2) -> 0.98503338 | AC20: =DEGREES(ATAN2(COS(RADIANS(AA20))*COS(RADIANS($C$6)),SIN(RADIANS(AA20)))) -> 85.075585 | AD20: =COS(RADIANS($C$7))/(1-SIN(RADIANS($C$7))^2*SIN(RADIANS(AC20+$C$8))^2) -> 1.015194 | AE20: =AB20*AD20 -> 1 | AU20: =-2.2+0.9*COS(RADIANS((0+(360-(0))*17/36))) -> -3.086327 | AV20: =3.3+0.9*SIN(RADIANS((0+(360-(0))*17/36))) -> 3.4562834 | AY20: =1.8+0.9*COS(RADIANS((0+(360-(0))*17/36))) -> 0.91367302 | AZ20: =3.3+0.9*SIN(RADIANS((0+(360-(0))*17/36))) -> 3.4562834 | BC20: =5.8+0.9*COS(RADIANS((0+(360-(0))*17/36))) -> 4.913673 | BD20: =3.3+0.9*SIN(RADIANS((0+(360-(0))*17/36))) -> 3.4562834
B21: Longitud entre apoyos, L | C21: 1.4 | D21: m | AA21: =90 -> 90 | AB21: =COS(RADIANS($C$6))/(1-SIN(RADIANS($C$6))^2*COS(RADIANS(AA21))^2) -> 0.98480775 | AC21: =DEGREES(ATAN2(COS(RADIANS(AA21))*COS(RADIANS($C$6)),SIN(RADIANS(AA21)))) -> 90 | AD21: =COS(RADIANS($C$7))/(1-SIN(RADIANS($C$7))^2*SIN(RADIANS(AC21+$C$8))^2) -> 1.0154266 | AE21: =AB21*AD21 -> 1 | AU21: =-2.2+0.9*COS(RADIANS((0+(360-(0))*18/36))) -> -3.1 | AV21: =3.3+0.9*SIN(RADIANS((0+(360-(0))*18/36))) -> 3.3 | AY21: =1.8+0.9*COS(RADIANS((0+(360-(0))*18/36))) -> 0.9 | AZ21: =3.3+0.9*SIN(RADIANS((0+(360-(0))*18/36))) -> 3.3 | BC21: =5.8+0.9*COS(RADIANS((0+(360-(0))*18/36))) -> 4.9 | BD21: =3.3+0.9*SIN(RADIANS((0+(360-(0))*18/36))) -> 3.3
B22: Diámetro exterior, D | C22: 75 | D22: mm | AA22: =95 -> 95 | AB22: =COS(RADIANS($C$6))/(1-SIN(RADIANS($C$6))^2*COS(RADIANS(AA22))^2) -> 0.98503338 | AC22: =DEGREES(ATAN2(COS(RADIANS(AA22))*COS(RADIANS($C$6)),SIN(RADIANS(AA22)))) -> 94.924415 | AD22: =COS(RADIANS($C$7))/(1-SIN(RADIANS($C$7))^2*SIN(RADIANS(AC22+$C$8))^2) -> 1.015194 | AE22: =AB22*AD22 -> 1 | AU22: =-2.2+0.9*COS(RADIANS((0+(360-(0))*19/36))) -> -3.086327 | AV22: =3.3+0.9*SIN(RADIANS((0+(360-(0))*19/36))) -> 3.1437166 | AY22: =1.8+0.9*COS(RADIANS((0+(360-(0))*19/36))) -> 0.91367302 | AZ22: =3.3+0.9*SIN(RADIANS((0+(360-(0))*19/36))) -> 3.1437166 | BC22: =5.8+0.9*COS(RADIANS((0+(360-(0))*19/36))) -> 4.913673 | BD22: =3.3+0.9*SIN(RADIANS((0+(360-(0))*19/36))) -> 3.1437166
B23: Espesor de pared, e | C23: 2 | D23: mm | AA23: =100 -> 100 | AB23: =COS(RADIANS($C$6))/(1-SIN(RADIANS($C$6))^2*COS(RADIANS(AA23))^2) -> 0.985704 | AC23: =DEGREES(ATAN2(COS(RADIANS(AA23))*COS(RADIANS($C$6)),SIN(RADIANS(AA23)))) -> 99.851076 | AD23: =COS(RADIANS($C$7))/(1-SIN(RADIANS($C$7))^2*SIN(RADIANS(AC23+$C$8))^2) -> 1.0145033 | AE23: =AB23*AD23 -> 1 | AU23: =-2.2+0.9*COS(RADIANS((0+(360-(0))*20/36))) -> -3.0457234 | AV23: =3.3+0.9*SIN(RADIANS((0+(360-(0))*20/36))) -> 2.9921819 | AY23: =1.8+0.9*COS(RADIANS((0+(360-(0))*20/36))) -> 0.95427664 | AZ23: =3.3+0.9*SIN(RADIANS((0+(360-(0))*20/36))) -> 2.9921819 | BC23: =5.8+0.9*COS(RADIANS((0+(360-(0))*20/36))) -> 4.9542766 | BD23: =3.3+0.9*SIN(RADIANS((0+(360-(0))*20/36))) -> 2.9921819
B24: Módulo de elasticidad, E | C24: 210000 | D24: MPa | AA24: =105 -> 105 | AB24: =COS(RADIANS($C$6))/(1-SIN(RADIANS($C$6))^2*COS(RADIANS(AA24))^2) -> 0.98680101 | AC24: =DEGREES(ATAN2(COS(RADIANS(AA24))*COS(RADIANS($C$6)),SIN(RADIANS(AA24)))) -> 104.78217 | AD24: =COS(RADIANS($C$7))/(1-SIN(RADIANS($C$7))^2*SIN(RADIANS(AC24+$C$8))^2) -> 1.0133755 | AE24: =AB24*AD24 -> 1 | AU24: =-2.2+0.9*COS(RADIANS((0+(360-(0))*21/36))) -> -2.9794229 | AV24: =3.3+0.9*SIN(RADIANS((0+(360-(0))*21/36))) -> 2.85 | AY24: =1.8+0.9*COS(RADIANS((0+(360-(0))*21/36))) -> 1.0205771 | AZ24: =3.3+0.9*SIN(RADIANS((0+(360-(0))*21/36))) -> 2.85 | BC24: =5.8+0.9*COS(RADIANS((0+(360-(0))*21/36))) -> 5.0205771 | BD24: =3.3+0.9*SIN(RADIANS((0+(360-(0))*21/36))) -> 2.85
B25: Densidad del material, ρ | C25: 7850 | D25: kg/m³ | AA25: =110 -> 110 | AB25: =COS(RADIANS($C$6))/(1-SIN(RADIANS($C$6))^2*COS(RADIANS(AA25))^2) -> 0.98829377 | AC25: =DEGREES(ATAN2(COS(RADIANS(AA25))*COS(RADIANS($C$6)),SIN(RADIANS(AA25)))) -> 109.71975 | AD25: =COS(RADIANS($C$7))/(1-SIN(RADIANS($C$7))^2*SIN(RADIANS(AC25+$C$8))^2) -> 1.0118449 | AE25: =AB25*AD25 -> 1 | AU25: =-2.2+0.9*COS(RADIANS((0+(360-(0))*22/36))) -> -2.88944 | AV25: =3.3+0.9*SIN(RADIANS((0+(360-(0))*22/36))) -> 2.7214912 | AY25: =1.8+0.9*COS(RADIANS((0+(360-(0))*22/36))) -> 1.11056 | AZ25: =3.3+0.9*SIN(RADIANS((0+(360-(0))*22/36))) -> 2.7214912 | BC25: =5.8+0.9*COS(RADIANS((0+(360-(0))*22/36))) -> 5.11056 | BD25: =3.3+0.9*SIN(RADIANS((0+(360-(0))*22/36))) -> 2.7214912
B26: Régimen máximo del árbol en servicio | C26: 5000 | D26: min⁻¹ | AA26: =115 -> 115 | AB26: =COS(RADIANS($C$6))/(1-SIN(RADIANS($C$6))^2*COS(RADIANS(AA26))^2) -> 0.99014029 | AC26: =DEGREES(ATAN2(COS(RADIANS(AA26))*COS(RADIANS($C$6)),SIN(RADIANS(AA26)))) -> 114.66569 | AD26: =COS(RADIANS($C$7))/(1-SIN(RADIANS($C$7))^2*SIN(RADIANS(AC26+$C$8))^2) -> 1.0099579 | AE26: =AB26*AD26 -> 1 | AU26: =-2.2+0.9*COS(RADIANS((0+(360-(0))*23/36))) -> -2.7785088 | AV26: =3.3+0.9*SIN(RADIANS((0+(360-(0))*23/36))) -> 2.61056 | AY26: =1.8+0.9*COS(RADIANS((0+(360-(0))*23/36))) -> 1.2214912 | AZ26: =3.3+0.9*SIN(RADIANS((0+(360-(0))*23/36))) -> 2.61056 | BC26: =5.8+0.9*COS(RADIANS((0+(360-(0))*23/36))) -> 5.2214912 | BD26: =3.3+0.9*SIN(RADIANS((0+(360-(0))*23/36))) -> 2.61056
B27: Momento de inercia de la sección, I | C27: =(PI()/64*(($C$22/1000)^4-(($C$22-2*$C$23)/1000)^4))*100000000 -> 30.576257 | D27: cm⁴ | AA27: =120 -> 120 | AB27: =COS(RADIANS($C$6))/(1-SIN(RADIANS($C$6))^2*COS(RADIANS(AA27))^2) -> 0.99228804 | AC27: =DEGREES(ATAN2(COS(RADIANS(AA27))*COS(RADIANS($C$6)),SIN(RADIANS(AA27)))) -> 119.62165 | AD27: =COS(RADIANS($C$7))/(1-SIN(RADIANS($C$7))^2*SIN(RADIANS(AC27+$C$8))^2) -> 1.0077719 | AE27: =AB27*AD27 -> 1 | AU27: =-2.2+0.9*COS(RADIANS((0+(360-(0))*24/36))) -> -2.65 | AV27: =3.3+0.9*SIN(RADIANS((0+(360-(0))*24/36))) -> 2.5205771 | AY27: =1.8+0.9*COS(RADIANS((0+(360-(0))*24/36))) -> 1.35 | AZ27: =3.3+0.9*SIN(RADIANS((0+(360-(0))*24/36))) -> 2.5205771 | BC27: =5.8+0.9*COS(RADIANS((0+(360-(0))*24/36))) -> 5.35 | BD27: =3.3+0.9*SIN(RADIANS((0+(360-(0))*24/36))) -> 2.5205771
B28: Velocidad crítica, n_cr | C28: =(PI()/($C$21))^2*SQRT($C$24*1000000*(PI()/64*(($C$22/1000)^4-(($C$22-2*$C$23)/1000)^4))/($C$25*(PI()/4*(($C$22/1000)^2-(($C$22-2*$C$23)/1000)^2))))*60/(2*PI()) -> 6421.414 | D28: min⁻¹ | AA28: =125 -> 125 | AB28: =COS(RADIANS($C$6))/(1-SIN(RADIANS($C$6))^2*COS(RADIANS(AA28))^2) -> 0.99467519 | AC28: =DEGREES(ATAN2(COS(RADIANS(AA28))*COS(RADIANS($C$6)),SIN(RADIANS(AA28)))) -> 124.58897 | AD28: =COS(RADIANS($C$7))/(1-SIN(RADIANS($C$7))^2*SIN(RADIANS(AC28+$C$8))^2) -> 1.0053533 | AE28: =AB28*AD28 -> 1 | AU28: =-2.2+0.9*COS(RADIANS((0+(360-(0))*25/36))) -> -2.5078181 | AV28: =3.3+0.9*SIN(RADIANS((0+(360-(0))*25/36))) -> 2.4542766 | AY28: =1.8+0.9*COS(RADIANS((0+(360-(0))*25/36))) -> 1.4921819 | AZ28: =3.3+0.9*SIN(RADIANS((0+(360-(0))*25/36))) -> 2.4542766 | BC28: =5.8+0.9*COS(RADIANS((0+(360-(0))*25/36))) -> 5.4921819 | BD28: =3.3+0.9*SIN(RADIANS((0+(360-(0))*25/36))) -> 2.4542766
B29: Margen respecto a la velocidad crítica | C29: =($C$28-$C$26)/$C$28*100 -> 22.13553 | D29: % | AA29: =130 -> 130 | AB29: =COS(RADIANS($C$6))/(1-SIN(RADIANS($C$6))^2*COS(RADIANS(AA29))^2) -> 0.99723205 | AC29: =DEGREES(ATAN2(COS(RADIANS(AA29))*COS(RADIANS($C$6)),SIN(RADIANS(AA29)))) -> 129.56869 | AD29: =COS(RADIANS($C$7))/(1-SIN(RADIANS($C$7))^2*SIN(RADIANS(AC29+$C$8))^2) -> 1.0027756 | AE29: =AB29*AD29 -> 1 | AU29: =-2.2+0.9*COS(RADIANS((0+(360-(0))*26/36))) -> -2.3562834 | AV29: =3.3+0.9*SIN(RADIANS((0+(360-(0))*26/36))) -> 2.413673 | AY29: =1.8+0.9*COS(RADIANS((0+(360-(0))*26/36))) -> 1.6437166 | AZ29: =3.3+0.9*SIN(RADIANS((0+(360-(0))*26/36))) -> 2.413673 | BC29: =5.8+0.9*COS(RADIANS((0+(360-(0))*26/36))) -> 5.6437166 | BD29: =3.3+0.9*SIN(RADIANS((0+(360-(0))*26/36))) -> 2.413673
B30: =IF($C$26<=0.7*$C$28,"Seguro: el régimen máximo queda por debajo del 70 % de la velocidad crítica.",IF($C$26<$C$28,"Margen insuficiente: el árbol trabaja cerca de la resonancia.","¡Peligro! Supera la velocidad crítica: vibración y posible rotura.")) -> Margen insuficiente: el árbol trabaja cerca de la resonancia. | AA30: =135 -> 135 | AB30: =COS(RADIANS($C$6))/(1-SIN(RADIANS($C$6))^2*COS(RADIANS(AA30))^2) -> 0.99988283 | AC30: =DEGREES(ATAN2(COS(RADIANS(AA30))*COS(RADIANS($C$6)),SIN(RADIANS(AA30)))) -> 134.56145 | AD30: =COS(RADIANS($C$7))/(1-SIN(RADIANS($C$7))^2*SIN(RADIANS(AC30+$C$8))^2) -> 1.0001172 | AE30: =AB30*AD30 -> 1 | AU30: =-2.2+0.9*COS(RADIANS((0+(360-(0))*27/36))) -> -2.2 | AV30: =3.3+0.9*SIN(RADIANS((0+(360-(0))*27/36))) -> 2.4 | AY30: =1.8+0.9*COS(RADIANS((0+(360-(0))*27/36))) -> 1.8 | AZ30: =3.3+0.9*SIN(RADIANS((0+(360-(0))*27/36))) -> 2.4 | BC30: =5.8+0.9*COS(RADIANS((0+(360-(0))*27/36))) -> 5.8 | BD30: =3.3+0.9*SIN(RADIANS((0+(360-(0))*27/36))) -> 2.4
AA31: =140 -> 140 | AB31: =COS(RADIANS($C$6))/(1-SIN(RADIANS($C$6))^2*COS(RADIANS(AA31))^2) -> 1.0025477 | AC31: =DEGREES(ATAN2(COS(RADIANS(AA31))*COS(RADIANS($C$6)),SIN(RADIANS(AA31)))) -> 139.56754 | AD31: =COS(RADIANS($C$7))/(1-SIN(RADIANS($C$7))^2*SIN(RADIANS(AC31+$C$8))^2) -> 0.99745873 | AE31: =AB31*AD31 -> 1 | AU31: =-2.2+0.9*COS(RADIANS((0+(360-(0))*28/36))) -> -2.0437166 | AV31: =3.3+0.9*SIN(RADIANS((0+(360-(0))*28/36))) -> 2.413673 | AY31: =1.8+0.9*COS(RADIANS((0+(360-(0))*28/36))) -> 1.9562834 | AZ31: =3.3+0.9*SIN(RADIANS((0+(360-(0))*28/36))) -> 2.413673 | BC31: =5.8+0.9*COS(RADIANS((0+(360-(0))*28/36))) -> 5.9562834 | BD31: =3.3+0.9*SIN(RADIANS((0+(360-(0))*28/36))) -> 2.413673
B32: Preguntas de análisis | AA32: =145 -> 145 | AB32: =COS(RADIANS($C$6))/(1-SIN(RADIANS($C$6))^2*COS(RADIANS(AA32))^2) -> 1.0051453 | AC32: =DEGREES(ATAN2(COS(RADIANS(AA32))*COS(RADIANS($C$6)),SIN(RADIANS(AA32)))) -> 144.58682 | AD32: =COS(RADIANS($C$7))/(1-SIN(RADIANS($C$7))^2*SIN(RADIANS(AC32+$C$8))^2) -> 0.99488105 | AE32: =AB32*AD32 -> 1 | AU32: =-2.2+0.9*COS(RADIANS((0+(360-(0))*29/36))) -> -1.8921819 | AV32: =3.3+0.9*SIN(RADIANS((0+(360-(0))*29/36))) -> 2.4542766 | AY32: =1.8+0.9*COS(RADIANS((0+(360-(0))*29/36))) -> 2.1078181 | AZ32: =3.3+0.9*SIN(RADIANS((0+(360-(0))*29/36))) -> 2.4542766 | BC32: =5.8+0.9*COS(RADIANS((0+(360-(0))*29/36))) -> 6.1078181 | BD32: =3.3+0.9*SIN(RADIANS((0+(360-(0))*29/36))) -> 2.4542766
B33: 1. Con β₁ = 10° y n₁ = 3000 min⁻¹ (Ejemplo 2.1), ¿cuáles son los regímenes máximo y mínimo del eje intermedio? ¿Cuántas veces por vuelta se repiten? | AA33: =150 -> 150 | AB33: =COS(RADIANS($C$6))/(1-SIN(RADIANS($C$6))^2*COS(RADIANS(AA33))^2) -> 1.0075948 | AC33: =DEGREES(ATAN2(COS(RADIANS(AA33))*COS(RADIANS($C$6)),SIN(RADIANS(AA33)))) -> 149.61874 | AD33: =COS(RADIANS($C$7))/(1-SIN(RADIANS($C$7))^2*SIN(RADIANS(AC33+$C$8))^2) -> 0.99246247 | AE33: =AB33*AD33 -> 1 | AU33: =-2.2+0.9*COS(RADIANS((0+(360-(0))*30/36))) -> -1.75 | AV33: =3.3+0.9*SIN(RADIANS((0+(360-(0))*30/36))) -> 2.5205771 | AY33: =1.8+0.9*COS(RADIANS((0+(360-(0))*30/36))) -> 2.25 | AZ33: =3.3+0.9*SIN(RADIANS((0+(360-(0))*30/36))) -> 2.5205771 | BC33: =5.8+0.9*COS(RADIANS((0+(360-(0))*30/36))) -> 6.25 | BD33: =3.3+0.9*SIN(RADIANS((0+(360-(0))*30/36))) -> 2.5205771
B34: 2. Ponga β₂ = 10° y desfase φ = 90°. ¿Qué ocurre con la irregularidad de salida? ¿Qué error de montaje representa? | AA34: =155 -> 155 | AB34: =COS(RADIANS($C$6))/(1-SIN(RADIANS($C$6))^2*COS(RADIANS(AA34))^2) -> 1.009819 | AC34: =DEGREES(ATAN2(COS(RADIANS(AA34))*COS(RADIANS($C$6)),SIN(RADIANS(AA34)))) -> 154.66239 | AD34: =COS(RADIANS($C$7))/(1-SIN(RADIANS($C$7))^2*SIN(RADIANS(AC34+$C$8))^2) -> 0.99027647 | AE34: =AB34*AD34 -> 1 | AU34: =-2.2+0.9*COS(RADIANS((0+(360-(0))*31/36))) -> -1.6214912 | AV34: =3.3+0.9*SIN(RADIANS((0+(360-(0))*31/36))) -> 2.61056 | AY34: =1.8+0.9*COS(RADIANS((0+(360-(0))*31/36))) -> 2.3785088 | AZ34: =3.3+0.9*SIN(RADIANS((0+(360-(0))*31/36))) -> 2.61056 | BC34: =5.8+0.9*COS(RADIANS((0+(360-(0))*31/36))) -> 6.3785088 | BD34: =3.3+0.9*SIN(RADIANS((0+(360-(0))*31/36))) -> 2.61056
B35: 3. Con φ = 0°, cambie β₂ a 15°. ¿La compensación es total? ¿Por qué deben ser iguales los ángulos de las dos juntas? | AA35: =160 -> 160 | AB35: =COS(RADIANS($C$6))/(1-SIN(RADIANS($C$6))^2*COS(RADIANS(AA35))^2) -> 1.0117469 | AC35: =DEGREES(ATAN2(COS(RADIANS(AA35))*COS(RADIANS($C$6)),SIN(RADIANS(AA35)))) -> 159.71644 | AD35: =COS(RADIANS($C$7))/(1-SIN(RADIANS($C$7))^2*SIN(RADIANS(AC35+$C$8))^2) -> 0.98838948 | AE35: =AB35*AD35 -> 1 | AU35: =-2.2+0.9*COS(RADIANS((0+(360-(0))*32/36))) -> -1.51056 | AV35: =3.3+0.9*SIN(RADIANS((0+(360-(0))*32/36))) -> 2.7214912 | AY35: =1.8+0.9*COS(RADIANS((0+(360-(0))*32/36))) -> 2.48944 | AZ35: =3.3+0.9*SIN(RADIANS((0+(360-(0))*32/36))) -> 2.7214912 | BC35: =5.8+0.9*COS(RADIANS((0+(360-(0))*32/36))) -> 6.48944 | BD35: =3.3+0.9*SIN(RADIANS((0+(360-(0))*32/36))) -> 2.7214912
B36: 4. Alargue el árbol a 1,9 m. ¿Qué pasa con la velocidad crítica? ¿Por qué los vehículos largos usan árboles divididos con apoyo central? | AA36: =165 -> 165 | AB36: =COS(RADIANS($C$6))/(1-SIN(RADIANS($C$6))^2*COS(RADIANS(AA36))^2) -> 1.0133162 | AC36: =DEGREES(ATAN2(COS(RADIANS(AA36))*COS(RADIANS($C$6)),SIN(RADIANS(AA36)))) -> 164.77926 | AD36: =COS(RADIANS($C$7))/(1-SIN(RADIANS($C$7))^2*SIN(RADIANS(AC36+$C$8))^2) -> 0.98685883 | AE36: =AB36*AD36 -> 1 | AU36: =-2.2+0.9*COS(RADIANS((0+(360-(0))*33/36))) -> -1.4205771 | AV36: =3.3+0.9*SIN(RADIANS((0+(360-(0))*33/36))) -> 2.85 | AY36: =1.8+0.9*COS(RADIANS((0+(360-(0))*33/36))) -> 2.5794229 | AZ36: =3.3+0.9*SIN(RADIANS((0+(360-(0))*33/36))) -> 2.85 | BC36: =5.8+0.9*COS(RADIANS((0+(360-(0))*33/36))) -> 6.5794229 | BD36: =3.3+0.9*SIN(RADIANS((0+(360-(0))*33/36))) -> 2.85
AA37: =170 -> 170 | AB37: =COS(RADIANS($C$6))/(1-SIN(RADIANS($C$6))^2*COS(RADIANS(AA37))^2) -> 1.0144755 | AC37: =DEGREES(ATAN2(COS(RADIANS(AA37))*COS(RADIANS($C$6)),SIN(RADIANS(AA37)))) -> 169.84892 | AD37: =COS(RADIANS($C$7))/(1-SIN(RADIANS($C$7))^2*SIN(RADIANS(AC37+$C$8))^2) -> 0.98573102 | AE37: =AB37*AD37 -> 1 | AU37: =-2.2+0.9*COS(RADIANS((0+(360-(0))*34/36))) -> -1.3542766 | AV37: =3.3+0.9*SIN(RADIANS((0+(360-(0))*34/36))) -> 2.9921819 | AY37: =1.8+0.9*COS(RADIANS((0+(360-(0))*34/36))) -> 2.6457234 | AZ37: =3.3+0.9*SIN(RADIANS((0+(360-(0))*34/36))) -> 2.9921819 | BC37: =5.8+0.9*COS(RADIANS((0+(360-(0))*34/36))) -> 6.6457234 | BD37: =3.3+0.9*SIN(RADIANS((0+(360-(0))*34/36))) -> 2.9921819
AA38: =175 -> 175 | AB38: =COS(RADIANS($C$6))/(1-SIN(RADIANS($C$6))^2*COS(RADIANS(AA38))^2) -> 1.0151869 | AC38: =DEGREES(ATAN2(COS(RADIANS(AA38))*COS(RADIANS($C$6)),SIN(RADIANS(AA38)))) -> 174.92327 | AD38: =COS(RADIANS($C$7))/(1-SIN(RADIANS($C$7))^2*SIN(RADIANS(AC38+$C$8))^2) -> 0.98504034 | AE38: =AB38*AD38 -> 1 | AU38: =-2.2+0.9*COS(RADIANS((0+(360-(0))*35/36))) -> -1.313673 | AV38: =3.3+0.9*SIN(RADIANS((0+(360-(0))*35/36))) -> 3.1437166 | AY38: =1.8+0.9*COS(RADIANS((0+(360-(0))*35/36))) -> 2.686327 | AZ38: =3.3+0.9*SIN(RADIANS((0+(360-(0))*35/36))) -> 3.1437166 | BC38: =5.8+0.9*COS(RADIANS((0+(360-(0))*35/36))) -> 6.686327 | BD38: =3.3+0.9*SIN(RADIANS((0+(360-(0))*35/36))) -> 3.1437166
AA39: =180 -> 180 | AB39: =COS(RADIANS($C$6))/(1-SIN(RADIANS($C$6))^2*COS(RADIANS(AA39))^2) -> 1.0154266 | AC39: =DEGREES(ATAN2(COS(RADIANS(AA39))*COS(RADIANS($C$6)),SIN(RADIANS(AA39)))) -> 180 | AD39: =COS(RADIANS($C$7))/(1-SIN(RADIANS($C$7))^2*SIN(RADIANS(AC39+$C$8))^2) -> 0.98480775 | AE39: =AB39*AD39 -> 1 | AU39: =-2.2+0.9*COS(RADIANS((0+(360-(0))*36/36))) -> -1.3 | AV39: =3.3+0.9*SIN(RADIANS((0+(360-(0))*36/36))) -> 3.3 | AY39: =1.8+0.9*COS(RADIANS((0+(360-(0))*36/36))) -> 2.7 | AZ39: =3.3+0.9*SIN(RADIANS((0+(360-(0))*36/36))) -> 3.3 | BC39: =5.8+0.9*COS(RADIANS((0+(360-(0))*36/36))) -> 6.7 | BD39: =3.3+0.9*SIN(RADIANS((0+(360-(0))*36/36))) -> 3.3
AA40: =185 -> 185 | AB40: =COS(RADIANS($C$6))/(1-SIN(RADIANS($C$6))^2*COS(RADIANS(AA40))^2) -> 1.0151869 | AC40: =DEGREES(ATAN2(COS(RADIANS(AA40))*COS(RADIANS($C$6)),SIN(RADIANS(AA40)))) -> -174.92327 | AD40: =COS(RADIANS($C$7))/(1-SIN(RADIANS($C$7))^2*SIN(RADIANS(AC40+$C$8))^2) -> 0.98504034 | AE40: =AB40*AD40 -> 1
AA41: =190 -> 190 | AB41: =COS(RADIANS($C$6))/(1-SIN(RADIANS($C$6))^2*COS(RADIANS(AA41))^2) -> 1.0144755 | AC41: =DEGREES(ATAN2(COS(RADIANS(AA41))*COS(RADIANS($C$6)),SIN(RADIANS(AA41)))) -> -169.84892 | AD41: =COS(RADIANS($C$7))/(1-SIN(RADIANS($C$7))^2*SIN(RADIANS(AC41+$C$8))^2) -> 0.98573102 | AE41: =AB41*AD41 -> 1
AA42: =195 -> 195 | AB42: =COS(RADIANS($C$6))/(1-SIN(RADIANS($C$6))^2*COS(RADIANS(AA42))^2) -> 1.0133162 | AC42: =DEGREES(ATAN2(COS(RADIANS(AA42))*COS(RADIANS($C$6)),SIN(RADIANS(AA42)))) -> -164.77926 | AD42: =COS(RADIANS($C$7))/(1-SIN(RADIANS($C$7))^2*SIN(RADIANS(AC42+$C$8))^2) -> 0.98685883 | AE42: =AB42*AD42 -> 1
AA43: =200 -> 200 | AB43: =COS(RADIANS($C$6))/(1-SIN(RADIANS($C$6))^2*COS(RADIANS(AA43))^2) -> 1.0117469 | AC43: =DEGREES(ATAN2(COS(RADIANS(AA43))*COS(RADIANS($C$6)),SIN(RADIANS(AA43)))) -> -159.71644 | AD43: =COS(RADIANS($C$7))/(1-SIN(RADIANS($C$7))^2*SIN(RADIANS(AC43+$C$8))^2) -> 0.98838948 | AE43: =AB43*AD43 -> 1
AA44: =205 -> 205 | AB44: =COS(RADIANS($C$6))/(1-SIN(RADIANS($C$6))^2*COS(RADIANS(AA44))^2) -> 1.009819 | AC44: =DEGREES(ATAN2(COS(RADIANS(AA44))*COS(RADIANS($C$6)),SIN(RADIANS(AA44)))) -> -154.66239 | AD44: =COS(RADIANS($C$7))/(1-SIN(RADIANS($C$7))^2*SIN(RADIANS(AC44+$C$8))^2) -> 0.99027647 | AE44: =AB44*AD44 -> 1
AA45: =210 -> 210 | AB45: =COS(RADIANS($C$6))/(1-SIN(RADIANS($C$6))^2*COS(RADIANS(AA45))^2) -> 1.0075948 | AC45: =DEGREES(ATAN2(COS(RADIANS(AA45))*COS(RADIANS($C$6)),SIN(RADIANS(AA45)))) -> -149.61874 | AD45: =COS(RADIANS($C$7))/(1-SIN(RADIANS($C$7))^2*SIN(RADIANS(AC45+$C$8))^2) -> 0.99246247 | AE45: =AB45*AD45 -> 1
AA46: =215 -> 215 | AB46: =COS(RADIANS($C$6))/(1-SIN(RADIANS($C$6))^2*COS(RADIANS(AA46))^2) -> 1.0051453 | AC46: =DEGREES(ATAN2(COS(RADIANS(AA46))*COS(RADIANS($C$6)),SIN(RADIANS(AA46)))) -> -144.58682 | AD46: =COS(RADIANS($C$7))/(1-SIN(RADIANS($C$7))^2*SIN(RADIANS(AC46+$C$8))^2) -> 0.99488105 | AE46: =AB46*AD46 -> 1
AA47: =220 -> 220 | AB47: =COS(RADIANS($C$6))/(1-SIN(RADIANS($C$6))^2*COS(RADIANS(AA47))^2) -> 1.0025477 | AC47: =DEGREES(ATAN2(COS(RADIANS(AA47))*COS(RADIANS($C$6)),SIN(RADIANS(AA47)))) -> -139.56754 | AD47: =COS(RADIANS($C$7))/(1-SIN(RADIANS($C$7))^2*SIN(RADIANS(AC47+$C$8))^2) -> 0.99745873 | AE47: =AB47*AD47 -> 1
AA48: =225 -> 225 | AB48: =COS(RADIANS($C$6))/(1-SIN(RADIANS($C$6))^2*COS(RADIANS(AA48))^2) -> 0.99988283 | AC48: =DEGREES(ATAN2(COS(RADIANS(AA48))*COS(RADIANS($C$6)),SIN(RADIANS(AA48)))) -> -134.56145 | AD48: =COS(RADIANS($C$7))/(1-SIN(RADIANS($C$7))^2*SIN(RADIANS(AC48+$C$8))^2) -> 1.0001172 | AE48: =AB48*AD48 -> 1
AA49: =230 -> 230 | AB49: =COS(RADIANS($C$6))/(1-SIN(RADIANS($C$6))^2*COS(RADIANS(AA49))^2) -> 0.99723205 | AC49: =DEGREES(ATAN2(COS(RADIANS(AA49))*COS(RADIANS($C$6)),SIN(RADIANS(AA49)))) -> -129.56869 | AD49: =COS(RADIANS($C$7))/(1-SIN(RADIANS($C$7))^2*SIN(RADIANS(AC49+$C$8))^2) -> 1.0027756 | AE49: =AB49*AD49 -> 1
AA50: =235 -> 235 | AB50: =COS(RADIANS($C$6))/(1-SIN(RADIANS($C$6))^2*COS(RADIANS(AA50))^2) -> 0.99467519 | AC50: =DEGREES(ATAN2(COS(RADIANS(AA50))*COS(RADIANS($C$6)),SIN(RADIANS(AA50)))) -> -124.58897 | AD50: =COS(RADIANS($C$7))/(1-SIN(RADIANS($C$7))^2*SIN(RADIANS(AC50+$C$8))^2) -> 1.0053533 | AE50: =AB50*AD50 -> 1
AA51: =240 -> 240 | AB51: =COS(RADIANS($C$6))/(1-SIN(RADIANS($C$6))^2*COS(RADIANS(AA51))^2) -> 0.99228804 | AC51: =DEGREES(ATAN2(COS(RADIANS(AA51))*COS(RADIANS($C$6)),SIN(RADIANS(AA51)))) -> -119.62165 | AD51: =COS(RADIANS($C$7))/(1-SIN(RADIANS($C$7))^2*SIN(RADIANS(AC51+$C$8))^2) -> 1.0077719 | AE51: =AB51*AD51 -> 1
AA52: =245 -> 245 | AB52: =COS(RADIANS($C$6))/(1-SIN(RADIANS($C$6))^2*COS(RADIANS(AA52))^2) -> 0.99014029 | AC52: =DEGREES(ATAN2(COS(RADIANS(AA52))*COS(RADIANS($C$6)),SIN(RADIANS(AA52)))) -> -114.66569 | AD52: =COS(RADIANS($C$7))/(1-SIN(RADIANS($C$7))^2*SIN(RADIANS(AC52+$C$8))^2) -> 1.0099579 | AE52: =AB52*AD52 -> 1
AA53: =250 -> 250 | AB53: =COS(RADIANS($C$6))/(1-SIN(RADIANS($C$6))^2*COS(RADIANS(AA53))^2) -> 0.98829377 | AC53: =DEGREES(ATAN2(COS(RADIANS(AA53))*COS(RADIANS($C$6)),SIN(RADIANS(AA53)))) -> -109.71975 | AD53: =COS(RADIANS($C$7))/(1-SIN(RADIANS($C$7))^2*SIN(RADIANS(AC53+$C$8))^2) -> 1.0118449 | AE53: =AB53*AD53 -> 1
AA54: =255 -> 255 | AB54: =COS(RADIANS($C$6))/(1-SIN(RADIANS($C$6))^2*COS(RADIANS(AA54))^2) -> 0.98680101 | AC54: =DEGREES(ATAN2(COS(RADIANS(AA54))*COS(RADIANS($C$6)),SIN(RADIANS(AA54)))) -> -104.78217 | AD54: =COS(RADIANS($C$7))/(1-SIN(RADIANS($C$7))^2*SIN(RADIANS(AC54+$C$8))^2) -> 1.0133755 | AE54: =AB54*AD54 -> 1
AA55: =260 -> 260 | AB55: =COS(RADIANS($C$6))/(1-SIN(RADIANS($C$6))^2*COS(RADIANS(AA55))^2) -> 0.985704 | AC55: =DEGREES(ATAN2(COS(RADIANS(AA55))*COS(RADIANS($C$6)),SIN(RADIANS(AA55)))) -> -99.851076 | AD55: =COS(RADIANS($C$7))/(1-SIN(RADIANS($C$7))^2*SIN(RADIANS(AC55+$C$8))^2) -> 1.0145033 | AE55: =AB55*AD55 -> 1
AA56: =265 -> 265 | AB56: =COS(RADIANS($C$6))/(1-SIN(RADIANS($C$6))^2*COS(RADIANS(AA56))^2) -> 0.98503338 | AC56: =DEGREES(ATAN2(COS(RADIANS(AA56))*COS(RADIANS($C$6)),SIN(RADIANS(AA56)))) -> -94.924415 | AD56: =COS(RADIANS($C$7))/(1-SIN(RADIANS($C$7))^2*SIN(RADIANS(AC56+$C$8))^2) -> 1.015194 | AE56: =AB56*AD56 -> 1
AA57: =270 -> 270 | AB57: =COS(RADIANS($C$6))/(1-SIN(RADIANS($C$6))^2*COS(RADIANS(AA57))^2) -> 0.98480775 | AC57: =DEGREES(ATAN2(COS(RADIANS(AA57))*COS(RADIANS($C$6)),SIN(RADIANS(AA57)))) -> -90 | AD57: =COS(RADIANS($C$7))/(1-SIN(RADIANS($C$7))^2*SIN(RADIANS(AC57+$C$8))^2) -> 1.0154266 | AE57: =AB57*AD57 -> 1
AA58: =275 -> 275 | AB58: =COS(RADIANS($C$6))/(1-SIN(RADIANS($C$6))^2*COS(RADIANS(AA58))^2) -> 0.98503338 | AC58: =DEGREES(ATAN2(COS(RADIANS(AA58))*COS(RADIANS($C$6)),SIN(RADIANS(AA58)))) -> -85.075585 | AD58: =COS(RADIANS($C$7))/(1-SIN(RADIANS($C$7))^2*SIN(RADIANS(AC58+$C$8))^2) -> 1.015194 | AE58: =AB58*AD58 -> 1
AA59: =280 -> 280 | AB59: =COS(RADIANS($C$6))/(1-SIN(RADIANS($C$6))^2*COS(RADIANS(AA59))^2) -> 0.985704 | AC59: =DEGREES(ATAN2(COS(RADIANS(AA59))*COS(RADIANS($C$6)),SIN(RADIANS(AA59)))) -> -80.148924 | AD59: =COS(RADIANS($C$7))/(1-SIN(RADIANS($C$7))^2*SIN(RADIANS(AC59+$C$8))^2) -> 1.0145033 | AE59: =AB59*AD59 -> 1
AA60: =285 -> 285 | AB60: =COS(RADIANS($C$6))/(1-SIN(RADIANS($C$6))^2*COS(RADIANS(AA60))^2) -> 0.98680101 | AC60: =DEGREES(ATAN2(COS(RADIANS(AA60))*COS(RADIANS($C$6)),SIN(RADIANS(AA60)))) -> -75.217834 | AD60: =COS(RADIANS($C$7))/(1-SIN(RADIANS($C$7))^2*SIN(RADIANS(AC60+$C$8))^2) -> 1.0133755 | AE60: =AB60*AD60 -> 1
AA61: =290 -> 290 | AB61: =COS(RADIANS($C$6))/(1-SIN(RADIANS($C$6))^2*COS(RADIANS(AA61))^2) -> 0.98829377 | AC61: =DEGREES(ATAN2(COS(RADIANS(AA61))*COS(RADIANS($C$6)),SIN(RADIANS(AA61)))) -> -70.280254 | AD61: =COS(RADIANS($C$7))/(1-SIN(RADIANS($C$7))^2*SIN(RADIANS(AC61+$C$8))^2) -> 1.0118449 | AE61: =AB61*AD61 -> 1
AA62: =295 -> 295 | AB62: =COS(RADIANS($C$6))/(1-SIN(RADIANS($C$6))^2*COS(RADIANS(AA62))^2) -> 0.99014029 | AC62: =DEGREES(ATAN2(COS(RADIANS(AA62))*COS(RADIANS($C$6)),SIN(RADIANS(AA62)))) -> -65.334306 | AD62: =COS(RADIANS($C$7))/(1-SIN(RADIANS($C$7))^2*SIN(RADIANS(AC62+$C$8))^2) -> 1.0099579 | AE62: =AB62*AD62 -> 1
AA63: =300 -> 300 | AB63: =COS(RADIANS($C$6))/(1-SIN(RADIANS($C$6))^2*COS(RADIANS(AA63))^2) -> 0.99228804 | AC63: =DEGREES(ATAN2(COS(RADIANS(AA63))*COS(RADIANS($C$6)),SIN(RADIANS(AA63)))) -> -60.378348 | AD63: =COS(RADIANS($C$7))/(1-SIN(RADIANS($C$7))^2*SIN(RADIANS(AC63+$C$8))^2) -> 1.0077719 | AE63: =AB63*AD63 -> 1
AA64: =305 -> 305 | AB64: =COS(RADIANS($C$6))/(1-SIN(RADIANS($C$6))^2*COS(RADIANS(AA64))^2) -> 0.99467519 | AC64: =DEGREES(ATAN2(COS(RADIANS(AA64))*COS(RADIANS($C$6)),SIN(RADIANS(AA64)))) -> -55.411026 | AD64: =COS(RADIANS($C$7))/(1-SIN(RADIANS($C$7))^2*SIN(RADIANS(AC64+$C$8))^2) -> 1.0053533 | AE64: =AB64*AD64 -> 1
AA65: =310 -> 310 | AB65: =COS(RADIANS($C$6))/(1-SIN(RADIANS($C$6))^2*COS(RADIANS(AA65))^2) -> 0.99723205 | AC65: =DEGREES(ATAN2(COS(RADIANS(AA65))*COS(RADIANS($C$6)),SIN(RADIANS(AA65)))) -> -50.431313 | AD65: =COS(RADIANS($C$7))/(1-SIN(RADIANS($C$7))^2*SIN(RADIANS(AC65+$C$8))^2) -> 1.0027756 | AE65: =AB65*AD65 -> 1
AA66: =315 -> 315 | AB66: =COS(RADIANS($C$6))/(1-SIN(RADIANS($C$6))^2*COS(RADIANS(AA66))^2) -> 0.99988283 | AC66: =DEGREES(ATAN2(COS(RADIANS(AA66))*COS(RADIANS($C$6)),SIN(RADIANS(AA66)))) -> -45.438549 | AD66: =COS(RADIANS($C$7))/(1-SIN(RADIANS($C$7))^2*SIN(RADIANS(AC66+$C$8))^2) -> 1.0001172 | AE66: =AB66*AD66 -> 1
AA67: =320 -> 320 | AB67: =COS(RADIANS($C$6))/(1-SIN(RADIANS($C$6))^2*COS(RADIANS(AA67))^2) -> 1.0025477 | AC67: =DEGREES(ATAN2(COS(RADIANS(AA67))*COS(RADIANS($C$6)),SIN(RADIANS(AA67)))) -> -40.432461 | AD67: =COS(RADIANS($C$7))/(1-SIN(RADIANS($C$7))^2*SIN(RADIANS(AC67+$C$8))^2) -> 0.99745873 | AE67: =AB67*AD67 -> 1
AA68: =325 -> 325 | AB68: =COS(RADIANS($C$6))/(1-SIN(RADIANS($C$6))^2*COS(RADIANS(AA68))^2) -> 1.0051453 | AC68: =DEGREES(ATAN2(COS(RADIANS(AA68))*COS(RADIANS($C$6)),SIN(RADIANS(AA68)))) -> -35.413183 | AD68: =COS(RADIANS($C$7))/(1-SIN(RADIANS($C$7))^2*SIN(RADIANS(AC68+$C$8))^2) -> 0.99488105 | AE68: =AB68*AD68 -> 1
AA69: =330 -> 330 | AB69: =COS(RADIANS($C$6))/(1-SIN(RADIANS($C$6))^2*COS(RADIANS(AA69))^2) -> 1.0075948 | AC69: =DEGREES(ATAN2(COS(RADIANS(AA69))*COS(RADIANS($C$6)),SIN(RADIANS(AA69)))) -> -30.381255 | AD69: =COS(RADIANS($C$7))/(1-SIN(RADIANS($C$7))^2*SIN(RADIANS(AC69+$C$8))^2) -> 0.99246247 | AE69: =AB69*AD69 -> 1
AA70: =335 -> 335 | AB70: =COS(RADIANS($C$6))/(1-SIN(RADIANS($C$6))^2*COS(RADIANS(AA70))^2) -> 1.009819 | AC70: =DEGREES(ATAN2(COS(RADIANS(AA70))*COS(RADIANS($C$6)),SIN(RADIANS(AA70)))) -> -25.337611 | AD70: =COS(RADIANS($C$7))/(1-SIN(RADIANS($C$7))^2*SIN(RADIANS(AC70+$C$8))^2) -> 0.99027647 | AE70: =AB70*AD70 -> 1
AA71: =340 -> 340 | AB71: =COS(RADIANS($C$6))/(1-SIN(RADIANS($C$6))^2*COS(RADIANS(AA71))^2) -> 1.0117469 | AC71: =DEGREES(ATAN2(COS(RADIANS(AA71))*COS(RADIANS($C$6)),SIN(RADIANS(AA71)))) -> -20.283559 | AD71: =COS(RADIANS($C$7))/(1-SIN(RADIANS($C$7))^2*SIN(RADIANS(AC71+$C$8))^2) -> 0.98838948 | AE71: =AB71*AD71 -> 1
AA72: =345 -> 345 | AB72: =COS(RADIANS($C$6))/(1-SIN(RADIANS($C$6))^2*COS(RADIANS(AA72))^2) -> 1.0133162 | AC72: =DEGREES(ATAN2(COS(RADIANS(AA72))*COS(RADIANS($C$6)),SIN(RADIANS(AA72)))) -> -15.220741 | AD72: =COS(RADIANS($C$7))/(1-SIN(RADIANS($C$7))^2*SIN(RADIANS(AC72+$C$8))^2) -> 0.98685883 | AE72: =AB72*AD72 -> 1
AA73: =350 -> 350 | AB73: =COS(RADIANS($C$6))/(1-SIN(RADIANS($C$6))^2*COS(RADIANS(AA73))^2) -> 1.0144755 | AC73: =DEGREES(ATAN2(COS(RADIANS(AA73))*COS(RADIANS($C$6)),SIN(RADIANS(AA73)))) -> -10.151082 | AD73: =COS(RADIANS($C$7))/(1-SIN(RADIANS($C$7))^2*SIN(RADIANS(AC73+$C$8))^2) -> 0.98573102 | AE73: =AB73*AD73 -> 1
AA74: =355 -> 355 | AB74: =COS(RADIANS($C$6))/(1-SIN(RADIANS($C$6))^2*COS(RADIANS(AA74))^2) -> 1.0151869 | AC74: =DEGREES(ATAN2(COS(RADIANS(AA74))*COS(RADIANS($C$6)),SIN(RADIANS(AA74)))) -> -5.076733 | AD74: =COS(RADIANS($C$7))/(1-SIN(RADIANS($C$7))^2*SIN(RADIANS(AC74+$C$8))^2) -> 0.98504034 | AE74: =AB74*AD74 -> 1
AA75: =360 -> 360 | AB75: =COS(RADIANS($C$6))/(1-SIN(RADIANS($C$6))^2*COS(RADIANS(AA75))^2) -> 1.0154266 | AC75: =DEGREES(ATAN2(COS(RADIANS(AA75))*COS(RADIANS($C$6)),SIN(RADIANS(AA75)))) -> -1.4255744e-14 | AD75: =COS(RADIANS($C$7))/(1-SIN(RADIANS($C$7))^2*SIN(RADIANS(AC75+$C$8))^2) -> 0.98480775 | AE75: =AB75*AD75 -> 1

Sheet U2 Diferencial
A1: U2 · Grupo reductor y diferencial | AA1: =MIN(70,DEGREES(11/$C$12)) -> 60.02415 | AU1: ="Curva a la izquierda, R = "&FIXED($C$12,1)&" m: interior "&FIXED($C$18,0)&" · exterior "&FIXED($C$19,0)&" min⁻¹" -> Curva a la izquierda, R = 10.5 m: interior 330 · exterior 377 min⁻¹
A2: Relación del grupo reductor, régimen de cada rueda en una curva y reparto de la tracción cuando las ruedas tienen distinta adherencia. Unidad 2: el conjunto diferencial, tipos de diferenciales. | AW2: Rueda | AX2: n [min⁻¹] | AY2: Diferencial | AZ2: F [N]
B3: ◄ Volver al inicio | AA3: =-$C$12+($C$12-$C$10/2)*COS(RADIANS((-$AA$1+($AA$1-(-$AA$1))*0/30))) -> -5.6035777 | AB3: =0+($C$12-$C$10/2)*SIN(RADIANS((-$AA$1+($AA$1-(-$AA$1))*0/30))) -> -8.4891135 | AC3: =-$C$12+($C$12+$C$10/2)*COS(RADIANS((-$AA$1+($AA$1-(-$AA$1))*0/30))) -> -4.9040888 | AD3: =0+($C$12+$C$10/2)*SIN(RADIANS((-$AA$1+($AA$1-(-$AA$1))*0/30))) -> -9.701844 | AE3: =-$C$12+$C$12*COS(RADIANS((-$AA$1+($AA$1-(-$AA$1))*0/30))) -> -5.2538332 | AF3: =0+$C$12*SIN(RADIANS((-$AA$1+($AA$1-(-$AA$1))*0/30))) -> -9.0954788 | AG3: =-($C$10/2+0.15) -> -0.85 | AH3: -1 | AI3: =-1*$C$10/2-0.13 -> -0.83 | AJ3: -0.35 | AK3: =1*$C$10/2-0.13 -> 0.57 | AL3: -0.35 | AM3: =-1*$C$10/2-0.13 -> -0.83 | AN3: 2.25 | AO3: =1*$C$10/2-0.13 -> 0.57 | AP3: 2.25 | AQ3: =-$C$10/2 -> -0.7 | AR3: 0 | AS3: =-$C$12 -> -10.5 | AT3: 0 | AW3: Rueda interior | AX3: =$C$18 -> 330.09136 | AY3: Abierto | AZ3: =$C$28 -> 1050
B4: Grupo reductor y diferencial (Ejemplos 2.2 y 2.3) | AA4: =-$C$12+($C$12-$C$10/2)*COS(RADIANS((-$AA$1+($AA$1-(-$AA$1))*1/30))) -> -5.0231061 | AB4: =0+($C$12-$C$10/2)*SIN(RADIANS((-$AA$1+($AA$1-(-$AA$1))*1/30))) -> -8.1267234 | AC4: =-$C$12+($C$12+$C$10/2)*COS(RADIANS((-$AA$1+($AA$1-(-$AA$1))*1/30))) -> -4.2406927 | AD4: =0+($C$12+$C$10/2)*SIN(RADIANS((-$AA$1+($AA$1-(-$AA$1))*1/30))) -> -9.2876839 | AE4: =-$C$12+$C$12*COS(RADIANS((-$AA$1+($AA$1-(-$AA$1))*1/30))) -> -4.6318994 | AF4: =0+$C$12*SIN(RADIANS((-$AA$1+($AA$1-(-$AA$1))*1/30))) -> -8.7072037 | AG4: =($C$10/2+0.15) -> 0.85 | AH4: -1 | AI4: =-1*$C$10/2+0.13 -> -0.57 | AJ4: -0.35 | AK4: =1*$C$10/2+0.13 -> 0.83 | AL4: -0.35 | AM4: =-1*$C$10/2+0.13 -> -0.57 | AN4: 2.25 | AO4: =1*$C$10/2+0.13 -> 0.83 | AP4: 2.25 | AQ4: =$C$10/2 -> 0.7 | AR4: 0 | AW4: Caja (corona) | AX4: =$C$16 -> 353.66932 | AY4: Autoblocante | AZ4: =$C$29 -> 2100
B5: Dientes del piñón de ataque | C5: 10 | AA5: =-$C$12+($C$12-$C$10/2)*COS(RADIANS((-$AA$1+($AA$1-(-$AA$1))*2/30))) -> -4.469339 | AB5: =0+($C$12-$C$10/2)*SIN(RADIANS((-$AA$1+($AA$1-(-$AA$1))*2/30))) -> -7.7247089 | AC5: =-$C$12+($C$12+$C$10/2)*COS(RADIANS((-$AA$1+($AA$1-(-$AA$1))*2/30))) -> -3.6078159 | AD5: =0+($C$12+$C$10/2)*SIN(RADIANS((-$AA$1+($AA$1-(-$AA$1))*2/30))) -> -8.8282387 | AE5: =-$C$12+$C$12*COS(RADIANS((-$AA$1+($AA$1-(-$AA$1))*2/30))) -> -4.0385774 | AF5: =0+$C$12*SIN(RADIANS((-$AA$1+($AA$1-(-$AA$1))*2/30))) -> -8.2764738 | AG5: =($C$10/2+0.15) -> 0.85 | AH5: 3.4 | AI5: =-1*$C$10/2+0.13 -> -0.57 | AJ5: 0.35 | AK5: =1*$C$10/2+0.13 -> 0.83 | AL5: 0.35 | AM5: =-1*$C$10/2+0.13 -> -0.57 | AN5: 2.95 | AO5: =1*$C$10/2+0.13 -> 0.83 | AP5: 2.95 | AW5: Rueda exterior | AX5: =$C$19 -> 377.24727 | AY5: Bloqueado | AZ5: =$C$30 -> 3325
B6: Dientes de la corona | C6: 41 | AA6: =-$C$12+($C$12-$C$10/2)*COS(RADIANS((-$AA$1+($AA$1-(-$AA$1))*3/30))) -> -3.9449762 | AB6: =0+($C$12-$C$10/2)*SIN(RADIANS((-$AA$1+($AA$1-(-$AA$1))*3/30))) -> -7.28503 | AC6: =-$C$12+($C$12+$C$10/2)*COS(RADIANS((-$AA$1+($AA$1-(-$AA$1))*3/30))) -> -3.0085442 | AD6: =0+($C$12+$C$10/2)*SIN(RADIANS((-$AA$1+($AA$1-(-$AA$1))*3/30))) -> -8.3257486 | AE6: =-$C$12+$C$12*COS(RADIANS((-$AA$1+($AA$1-(-$AA$1))*3/30))) -> -3.4767602 | AF6: =0+$C$12*SIN(RADIANS((-$AA$1+($AA$1-(-$AA$1))*3/30))) -> -7.8053893 | AG6: =-($C$10/2+0.15) -> -0.85 | AH6: 3.4 | AI6: =-1*$C$10/2-0.13 -> -0.83 | AJ6: 0.35 | AK6: =1*$C$10/2-0.13 -> 0.57 | AL6: 0.35 | AM6: =-1*$C$10/2-0.13 -> -0.83 | AN6: 2.95 | AO6: =1*$C$10/2-0.13 -> 0.57 | AP6: 2.95
B7: Par en el árbol de transmisión | C7: 300 | D7: N·m | AA7: =-$C$12+($C$12-$C$10/2)*COS(RADIANS((-$AA$1+($AA$1-(-$AA$1))*4/30))) -> -3.4525745 | AB7: =0+($C$12-$C$10/2)*SIN(RADIANS((-$AA$1+($AA$1-(-$AA$1))*4/30))) -> -6.8098307 | AC7: =-$C$12+($C$12+$C$10/2)*COS(RADIANS((-$AA$1+($AA$1-(-$AA$1))*4/30))) -> -2.4457995 | AD7: =0+($C$12+$C$10/2)*SIN(RADIANS((-$AA$1+($AA$1-(-$AA$1))*4/30))) -> -7.7826637 | AE7: =-$C$12+$C$12*COS(RADIANS((-$AA$1+($AA$1-(-$AA$1))*4/30))) -> -2.949187 | AF7: =0+$C$12*SIN(RADIANS((-$AA$1+($AA$1-(-$AA$1))*4/30))) -> -7.2962472 | AG7: =-($C$10/2+0.15) -> -0.85 | AH7: -1 | AI7: =-1*$C$10/2-0.13 -> -0.83 | AJ7: -0.35 | AK7: =1*$C$10/2-0.13 -> 0.57 | AL7: -0.35 | AM7: =-1*$C$10/2-0.13 -> -0.83 | AN7: 2.25 | AO7: =1*$C$10/2-0.13 -> 0.57 | AP7: 2.25
B8: Rendimiento del grupo | C8: 0.96 | AA8: =-$C$12+($C$12-$C$10/2)*COS(RADIANS((-$AA$1+($AA$1-(-$AA$1))*5/30))) -> -2.9945348 | AB8: =0+($C$12-$C$10/2)*SIN(RADIANS((-$AA$1+($AA$1-(-$AA$1))*5/30))) -> -6.3014278 | AC8: =-$C$12+($C$12+$C$10/2)*COS(RADIANS((-$AA$1+($AA$1-(-$AA$1))*5/30))) -> -1.9223255 | AD8: =0+($C$12+$C$10/2)*SIN(RADIANS((-$AA$1+($AA$1-(-$AA$1))*5/30))) -> -7.2016318 | AE8: =-$C$12+$C$12*COS(RADIANS((-$AA$1+($AA$1-(-$AA$1))*5/30))) -> -2.4584302 | AF8: =0+$C$12*SIN(RADIANS((-$AA$1+($AA$1-(-$AA$1))*5/30))) -> -6.7515298
B9: Radio dinámico de la rueda | C9: 0.3 | D9: m | AA9: =-$C$12+($C$12-$C$10/2)*COS(RADIANS((-$AA$1+($AA$1-(-$AA$1))*6/30))) -> -2.5730905 | AB9: =0+($C$12-$C$10/2)*SIN(RADIANS((-$AA$1+($AA$1-(-$AA$1))*6/30))) -> -5.7623004 | AC9: =-$C$12+($C$12+$C$10/2)*COS(RADIANS((-$AA$1+($AA$1-(-$AA$1))*6/30))) -> -1.4406748 | AD9: =0+($C$12+$C$10/2)*SIN(RADIANS((-$AA$1+($AA$1-(-$AA$1))*6/30))) -> -6.5854861 | AE9: =-$C$12+$C$12*COS(RADIANS((-$AA$1+($AA$1-(-$AA$1))*6/30))) -> -2.0068827 | AF9: =0+$C$12*SIN(RADIANS((-$AA$1+($AA$1-(-$AA$1))*6/30))) -> -6.1738932
B10: Vía del vehículo, b | C10: 1.4 | D10: m | AA10: =-$C$12+($C$12-$C$10/2)*COS(RADIANS((-$AA$1+($AA$1-(-$AA$1))*7/30))) -> -2.1902963 | AB10: =0+($C$12-$C$10/2)*SIN(RADIANS((-$AA$1+($AA$1-(-$AA$1))*7/30))) -> -5.1950769 | AC10: =-$C$12+($C$12+$C$10/2)*COS(RADIANS((-$AA$1+($AA$1-(-$AA$1))*7/30))) -> -1.0031958 | AD10: =0+($C$12+$C$10/2)*SIN(RADIANS((-$AA$1+($AA$1-(-$AA$1))*7/30))) -> -5.9372308 | AE10: =-$C$12+$C$12*COS(RADIANS((-$AA$1+($AA$1-(-$AA$1))*7/30))) -> -1.596746 | AF10: =0+$C$12*SIN(RADIANS((-$AA$1+($AA$1-(-$AA$1))*7/30))) -> -5.5661538
B11: Velocidad del vehículo | C11: 40 | D11: km/h | AA11: =-$C$12+($C$12-$C$10/2)*COS(RADIANS((-$AA$1+($AA$1-(-$AA$1))*8/30))) -> -1.8480187 | AB11: =0+($C$12-$C$10/2)*SIN(RADIANS((-$AA$1+($AA$1-(-$AA$1))*8/30))) -> -4.6025232 | AC11: =-$C$12+($C$12+$C$10/2)*COS(RADIANS((-$AA$1+($AA$1-(-$AA$1))*8/30))) -> -0.61202141 | AD11: =0+($C$12+$C$10/2)*SIN(RADIANS((-$AA$1+($AA$1-(-$AA$1))*8/30))) -> -5.2600266 | AE11: =-$C$12+$C$12*COS(RADIANS((-$AA$1+($AA$1-(-$AA$1))*8/30))) -> -1.2300201 | AF11: =0+$C$12*SIN(RADIANS((-$AA$1+($AA$1-(-$AA$1))*8/30))) -> -4.9312749
B12: Radio de la curva (al centro del eje), R | C12: 10.5 | D12: m | AA12: =-$C$12+($C$12-$C$10/2)*COS(RADIANS((-$AA$1+($AA$1-(-$AA$1))*9/30))) -> -1.5479267 | AB12: =0+($C$12-$C$10/2)*SIN(RADIANS((-$AA$1+($AA$1-(-$AA$1))*9/30))) -> -3.9875285 | AC12: =-$C$12+($C$12+$C$10/2)*COS(RADIANS((-$AA$1+($AA$1-(-$AA$1))*9/30))) -> -0.26905906 | AD12: =0+($C$12+$C$10/2)*SIN(RADIANS((-$AA$1+($AA$1-(-$AA$1))*9/30))) -> -4.5571754 | AE12: =-$C$12+$C$12*COS(RADIANS((-$AA$1+($AA$1-(-$AA$1))*9/30))) -> -0.90849287 | AF12: =0+$C$12*SIN(RADIANS((-$AA$1+($AA$1-(-$AA$1))*9/30))) -> -4.2723519
B13: Resultados | AA13: =-$C$12+($C$12-$C$10/2)*COS(RADIANS((-$AA$1+($AA$1-(-$AA$1))*10/30))) -> -1.2914833 | AB13: =0+($C$12-$C$10/2)*SIN(RADIANS((-$AA$1+($AA$1-(-$AA$1))*10/30))) -> -3.3530912 | AC13: =-$C$12+($C$12+$C$10/2)*COS(RADIANS((-$AA$1+($AA$1-(-$AA$1))*10/30))) -> 0.024019051 | AD13: =0+($C$12+$C$10/2)*SIN(RADIANS((-$AA$1+($AA$1-(-$AA$1))*10/30))) -> -3.8321043 | AE13: =-$C$12+$C$12*COS(RADIANS((-$AA$1+($AA$1-(-$AA$1))*10/30))) -> -0.63373214 | AF13: =0+$C$12*SIN(RADIANS((-$AA$1+($AA$1-(-$AA$1))*10/30))) -> -3.5925977
B14: Relación del grupo, i = z_corona / z_piñón | C14: =$C$6/$C$5 -> 4.1 | AA14: =-$C$12+($C$12-$C$10/2)*COS(RADIANS((-$AA$1+($AA$1-(-$AA$1))*11/30))) -> -1.0799391 | AB14: =0+($C$12-$C$10/2)*SIN(RADIANS((-$AA$1+($AA$1-(-$AA$1))*11/30))) -> -2.7023049 | AC14: =-$C$12+($C$12+$C$10/2)*COS(RADIANS((-$AA$1+($AA$1-(-$AA$1))*11/30))) -> 0.26578394 | AD14: =0+($C$12+$C$10/2)*SIN(RADIANS((-$AA$1+($AA$1-(-$AA$1))*11/30))) -> -3.0883485 | AE14: =-$C$12+$C$12*COS(RADIANS((-$AA$1+($AA$1-(-$AA$1))*11/30))) -> -0.40707756 | AF14: =0+$C$12*SIN(RADIANS((-$AA$1+($AA$1-(-$AA$1))*11/30))) -> -2.8953267
B15: Par en la corona = T · i · η | C15: =$C$7*$C$14*$C$8 -> 1180.8 | D15: N·m | AA15: =-$C$12+($C$12-$C$10/2)*COS(RADIANS((-$AA$1+($AA$1-(-$AA$1))*12/30))) -> -0.91432531 | AB15: =0+($C$12-$C$10/2)*SIN(RADIANS((-$AA$1+($AA$1-(-$AA$1))*12/30))) -> -2.0383426 | AC15: =-$C$12+($C$12+$C$10/2)*COS(RADIANS((-$AA$1+($AA$1-(-$AA$1))*12/30))) -> 0.45505679 | AD15: =0+($C$12+$C$10/2)*SIN(RADIANS((-$AA$1+($AA$1-(-$AA$1))*12/30))) -> -2.3295344 | AE15: =-$C$12+$C$12*COS(RADIANS((-$AA$1+($AA$1-(-$AA$1))*12/30))) -> -0.22963426 | AF15: =0+$C$12*SIN(RADIANS((-$AA$1+($AA$1-(-$AA$1))*12/30))) -> -2.1839385
B16: Régimen de la caja del diferencial, n_c | C16: =$C$11/(0.377*$C$9) -> 353.66932 | D16: min⁻¹ | AA16: =-$C$12+($C$12-$C$10/2)*COS(RADIANS((-$AA$1+($AA$1-(-$AA$1))*13/30))) -> -0.79544959 | AB16: =0+($C$12-$C$10/2)*SIN(RADIANS((-$AA$1+($AA$1-(-$AA$1))*13/30))) -> -1.3644418 | AC16: =-$C$12+($C$12+$C$10/2)*COS(RADIANS((-$AA$1+($AA$1-(-$AA$1))*13/30))) -> 0.59091475 | AD16: =0+($C$12+$C$10/2)*SIN(RADIANS((-$AA$1+($AA$1-(-$AA$1))*13/30))) -> -1.559362 | AE16: =-$C$12+$C$12*COS(RADIANS((-$AA$1+($AA$1-(-$AA$1))*13/30))) -> -0.10226742 | AF16: =0+$C$12*SIN(RADIANS((-$AA$1+($AA$1-(-$AA$1))*13/30))) -> -1.4619019
B17: Régimen del árbol de transmisión | C17: =$C$16*$C$14 -> 1450.0442 | D17: min⁻¹ | AA17: =-$C$12+($C$12-$C$10/2)*COS(RADIANS((-$AA$1+($AA$1-(-$AA$1))*14/30))) -> -0.72389152 | AB17: =0+($C$12-$C$10/2)*SIN(RADIANS((-$AA$1+($AA$1-(-$AA$1))*14/30))) -> -0.68388815 | AC17: =-$C$12+($C$12+$C$10/2)*COS(RADIANS((-$AA$1+($AA$1-(-$AA$1))*14/30))) -> 0.6726954 | AD17: =0+($C$12+$C$10/2)*SIN(RADIANS((-$AA$1+($AA$1-(-$AA$1))*14/30))) -> -0.78158646 | AE17: =-$C$12+$C$12*COS(RADIANS((-$AA$1+($AA$1-(-$AA$1))*14/30))) -> -0.025598058 | AF17: =0+$C$12*SIN(RADIANS((-$AA$1+($AA$1-(-$AA$1))*14/30))) -> -0.7327373
B18: Rueda interior, n₁ = n_c·(R − b/2)/R | C18: =$C$16*($C$12-$C$10/2)/$C$12 -> 330.09136 | D18: min⁻¹ | AA18: =-$C$12+($C$12-$C$10/2)*COS(RADIANS((-$AA$1+($AA$1-(-$AA$1))*15/30))) -> -0.7 | AB18: =0+($C$12-$C$10/2)*SIN(RADIANS((-$AA$1+($AA$1-(-$AA$1))*15/30))) -> 0 | AC18: =-$C$12+($C$12+$C$10/2)*COS(RADIANS((-$AA$1+($AA$1-(-$AA$1))*15/30))) -> 0.7 | AD18: =0+($C$12+$C$10/2)*SIN(RADIANS((-$AA$1+($AA$1-(-$AA$1))*15/30))) -> 0 | AE18: =-$C$12+$C$12*COS(RADIANS((-$AA$1+($AA$1-(-$AA$1))*15/30))) -> 0 | AF18: =0+$C$12*SIN(RADIANS((-$AA$1+($AA$1-(-$AA$1))*15/30))) -> 0
B19: Rueda exterior, n₂ = n_c·(R + b/2)/R | C19: =$C$16*($C$12+$C$10/2)/$C$12 -> 377.24727 | D19: min⁻¹ | AA19: =-$C$12+($C$12-$C$10/2)*COS(RADIANS((-$AA$1+($AA$1-(-$AA$1))*16/30))) -> -0.72389152 | AB19: =0+($C$12-$C$10/2)*SIN(RADIANS((-$AA$1+($AA$1-(-$AA$1))*16/30))) -> 0.68388815 | AC19: =-$C$12+($C$12+$C$10/2)*COS(RADIANS((-$AA$1+($AA$1-(-$AA$1))*16/30))) -> 0.6726954 | AD19: =0+($C$12+$C$10/2)*SIN(RADIANS((-$AA$1+($AA$1-(-$AA$1))*16/30))) -> 0.78158646 | AE19: =-$C$12+$C$12*COS(RADIANS((-$AA$1+($AA$1-(-$AA$1))*16/30))) -> -0.025598058 | AF19: =0+$C$12*SIN(RADIANS((-$AA$1+($AA$1-(-$AA$1))*16/30))) -> 0.7327373
B20: ="Comprobación: n₁ + n₂ = "&FIXED($C$18+$C$19,1)&" = 2·n_c = "&FIXED(2*$C$16,1)&" min⁻¹" -> Comprobación: n₁ + n₂ = 707.3 = 2·n_c = 707.3 min⁻¹ | AA20: =-$C$12+($C$12-$C$10/2)*COS(RADIANS((-$AA$1+($AA$1-(-$AA$1))*17/30))) -> -0.79544959 | AB20: =0+($C$12-$C$10/2)*SIN(RADIANS((-$AA$1+($AA$1-(-$AA$1))*17/30))) -> 1.3644418 | AC20: =-$C$12+($C$12+$C$10/2)*COS(RADIANS((-$AA$1+($AA$1-(-$AA$1))*17/30))) -> 0.59091475 | AD20: =0+($C$12+$C$10/2)*SIN(RADIANS((-$AA$1+($AA$1-(-$AA$1))*17/30))) -> 1.559362 | AE20: =-$C$12+$C$12*COS(RADIANS((-$AA$1+($AA$1-(-$AA$1))*17/30))) -> -0.10226742 | AF20: =0+$C$12*SIN(RADIANS((-$AA$1+($AA$1-(-$AA$1))*17/30))) -> 1.4619019
AA21: =-$C$12+($C$12-$C$10/2)*COS(RADIANS((-$AA$1+($AA$1-(-$AA$1))*18/30))) -> -0.91432531 | AB21: =0+($C$12-$C$10/2)*SIN(RADIANS((-$AA$1+($AA$1-(-$AA$1))*18/30))) -> 2.0383426 | AC21: =-$C$12+($C$12+$C$10/2)*COS(RADIANS((-$AA$1+($AA$1-(-$AA$1))*18/30))) -> 0.45505679 | AD21: =0+($C$12+$C$10/2)*SIN(RADIANS((-$AA$1+($AA$1-(-$AA$1))*18/30))) -> 2.3295344 | AE21: =-$C$12+$C$12*COS(RADIANS((-$AA$1+($AA$1-(-$AA$1))*18/30))) -> -0.22963426 | AF21: =0+$C$12*SIN(RADIANS((-$AA$1+($AA$1-(-$AA$1))*18/30))) -> 2.1839385
B22: Reparto de tracción según la adherencia de cada rueda | AA22: =-$C$12+($C$12-$C$10/2)*COS(RADIANS((-$AA$1+($AA$1-(-$AA$1))*19/30))) -> -1.0799391 | AB22: =0+($C$12-$C$10/2)*SIN(RADIANS((-$AA$1+($AA$1-(-$AA$1))*19/30))) -> 2.7023049 | AC22: =-$C$12+($C$12+$C$10/2)*COS(RADIANS((-$AA$1+($AA$1-(-$AA$1))*19/30))) -> 0.26578394 | AD22: =0+($C$12+$C$10/2)*SIN(RADIANS((-$AA$1+($AA$1-(-$AA$1))*19/30))) -> 3.0883485 | AE22: =-$C$12+$C$12*COS(RADIANS((-$AA$1+($AA$1-(-$AA$1))*19/30))) -> -0.40707756 | AF22: =0+$C$12*SIN(RADIANS((-$AA$1+($AA$1-(-$AA$1))*19/30))) -> 2.8953267
B23: Carga sobre cada rueda motriz | C23: 3500 | D23: N | AA23: =-$C$12+($C$12-$C$10/2)*COS(RADIANS((-$AA$1+($AA$1-(-$AA$1))*20/30))) -> -1.2914833 | AB23: =0+($C$12-$C$10/2)*SIN(RADIANS((-$AA$1+($AA$1-(-$AA$1))*20/30))) -> 3.3530912 | AC23: =-$C$12+($C$12+$C$10/2)*COS(RADIANS((-$AA$1+($AA$1-(-$AA$1))*20/30))) -> 0.024019051 | AD23: =0+($C$12+$C$10/2)*SIN(RADIANS((-$AA$1+($AA$1-(-$AA$1))*20/30))) -> 3.8321043 | AE23: =-$C$12+$C$12*COS(RADIANS((-$AA$1+($AA$1-(-$AA$1))*20/30))) -> -0.63373214 | AF23: =0+$C$12*SIN(RADIANS((-$AA$1+($AA$1-(-$AA$1))*20/30))) -> 3.5925977
B24: Adherencia de la rueda izquierda, μ izq. | C24: 0.8 | AA24: =-$C$12+($C$12-$C$10/2)*COS(RADIANS((-$AA$1+($AA$1-(-$AA$1))*21/30))) -> -1.5479267 | AB24: =0+($C$12-$C$10/2)*SIN(RADIANS((-$AA$1+($AA$1-(-$AA$1))*21/30))) -> 3.9875285 | AC24: =-$C$12+($C$12+$C$10/2)*COS(RADIANS((-$AA$1+($AA$1-(-$AA$1))*21/30))) -> -0.26905906 | AD24: =0+($C$12+$C$10/2)*SIN(RADIANS((-$AA$1+($AA$1-(-$AA$1))*21/30))) -> 4.5571754 | AE24: =-$C$12+$C$12*COS(RADIANS((-$AA$1+($AA$1-(-$AA$1))*21/30))) -> -0.90849287 | AF24: =0+$C$12*SIN(RADIANS((-$AA$1+($AA$1-(-$AA$1))*21/30))) -> 4.2723519
B25: Adherencia de la rueda derecha, μ der. | C25: 0.15 | AA25: =-$C$12+($C$12-$C$10/2)*COS(RADIANS((-$AA$1+($AA$1-(-$AA$1))*22/30))) -> -1.8480187 | AB25: =0+($C$12-$C$10/2)*SIN(RADIANS((-$AA$1+($AA$1-(-$AA$1))*22/30))) -> 4.6025232 | AC25: =-$C$12+($C$12+$C$10/2)*COS(RADIANS((-$AA$1+($AA$1-(-$AA$1))*22/30))) -> -0.61202141 | AD25: =0+($C$12+$C$10/2)*SIN(RADIANS((-$AA$1+($AA$1-(-$AA$1))*22/30))) -> 5.2600266 | AE25: =-$C$12+$C$12*COS(RADIANS((-$AA$1+($AA$1-(-$AA$1))*22/30))) -> -1.2300201 | AF25: =0+$C$12*SIN(RADIANS((-$AA$1+($AA$1-(-$AA$1))*22/30))) -> 4.9312749
B26: Relación de bloqueo del autoblocante (TBR) | C26: 3 | J26: Reduzca el radio de la curva (celda C12) de 60 m a 5 m: la rueda exterior recorre más camino y gira más rápido, la interior más despacio, y su promedio es siempre el régimen de la corona. | AA26: =-$C$12+($C$12-$C$10/2)*COS(RADIANS((-$AA$1+($AA$1-(-$AA$1))*23/30))) -> -2.1902963 | AB26: =0+($C$12-$C$10/2)*SIN(RADIANS((-$AA$1+($AA$1-(-$AA$1))*23/30))) -> 5.1950769 | AC26: =-$C$12+($C$12+$C$10/2)*COS(RADIANS((-$AA$1+($AA$1-(-$AA$1))*23/30))) -> -1.0031958 | AD26: =0+($C$12+$C$10/2)*SIN(RADIANS((-$AA$1+($AA$1-(-$AA$1))*23/30))) -> 5.9372308 | AE26: =-$C$12+$C$12*COS(RADIANS((-$AA$1+($AA$1-(-$AA$1))*23/30))) -> -1.596746 | AF26: =0+$C$12*SIN(RADIANS((-$AA$1+($AA$1-(-$AA$1))*23/30))) -> 5.5661538
B27: Fuerza que puede dar el motor en las ruedas | C27: =$C$15/$C$9 -> 3936 | D27: N | AA27: =-$C$12+($C$12-$C$10/2)*COS(RADIANS((-$AA$1+($AA$1-(-$AA$1))*24/30))) -> -2.5730905 | AB27: =0+($C$12-$C$10/2)*SIN(RADIANS((-$AA$1+($AA$1-(-$AA$1))*24/30))) -> 5.7623004 | AC27: =-$C$12+($C$12+$C$10/2)*COS(RADIANS((-$AA$1+($AA$1-(-$AA$1))*24/30))) -> -1.4406748 | AD27: =0+($C$12+$C$10/2)*SIN(RADIANS((-$AA$1+($AA$1-(-$AA$1))*24/30))) -> 6.5854861 | AE27: =-$C$12+$C$12*COS(RADIANS((-$AA$1+($AA$1-(-$AA$1))*24/30))) -> -2.0068827 | AF27: =0+$C$12*SIN(RADIANS((-$AA$1+($AA$1-(-$AA$1))*24/30))) -> 6.1738932
B28: Tracción total con diferencial abierto | C28: =MIN($C$27,2*MIN($C$24,$C$25)*$C$23) -> 1050 | D28: N | AA28: =-$C$12+($C$12-$C$10/2)*COS(RADIANS((-$AA$1+($AA$1-(-$AA$1))*25/30))) -> -2.9945348 | AB28: =0+($C$12-$C$10/2)*SIN(RADIANS((-$AA$1+($AA$1-(-$AA$1))*25/30))) -> 6.3014278 | AC28: =-$C$12+($C$12+$C$10/2)*COS(RADIANS((-$AA$1+($AA$1-(-$AA$1))*25/30))) -> -1.9223255 | AD28: =0+($C$12+$C$10/2)*SIN(RADIANS((-$AA$1+($AA$1-(-$AA$1))*25/30))) -> 7.2016318 | AE28: =-$C$12+$C$12*COS(RADIANS((-$AA$1+($AA$1-(-$AA$1))*25/30))) -> -2.4584302 | AF28: =0+$C$12*SIN(RADIANS((-$AA$1+($AA$1-(-$AA$1))*25/30))) -> 6.7515298
B29: Tracción total con autoblocante | C29: =MIN($C$27,($C$24+$C$25)*$C$23,MIN($C$24,$C$25)*$C$23*(1+$C$26)) -> 2100 | D29: N | AA29: =-$C$12+($C$12-$C$10/2)*COS(RADIANS((-$AA$1+($AA$1-(-$AA$1))*26/30))) -> -3.4525745 | AB29: =0+($C$12-$C$10/2)*SIN(RADIANS((-$AA$1+($AA$1-(-$AA$1))*26/30))) -> 6.8098307 | AC29: =-$C$12+($C$12+$C$10/2)*COS(RADIANS((-$AA$1+($AA$1-(-$AA$1))*26/30))) -> -2.4457995 | AD29: =0+($C$12+$C$10/2)*SIN(RADIANS((-$AA$1+($AA$1-(-$AA$1))*26/30))) -> 7.7826637 | AE29: =-$C$12+$C$12*COS(RADIANS((-$AA$1+($AA$1-(-$AA$1))*26/30))) -> -2.949187 | AF29: =0+$C$12*SIN(RADIANS((-$AA$1+($AA$1-(-$AA$1))*26/30))) -> 7.2962472
B30: Tracción total con diferencial bloqueado | C30: =MIN($C$27,($C$24+$C$25)*$C$23) -> 3325 | D30: N | AA30: =-$C$12+($C$12-$C$10/2)*COS(RADIANS((-$AA$1+($AA$1-(-$AA$1))*27/30))) -> -3.9449762 | AB30: =0+($C$12-$C$10/2)*SIN(RADIANS((-$AA$1+($AA$1-(-$AA$1))*27/30))) -> 7.28503 | AC30: =-$C$12+($C$12+$C$10/2)*COS(RADIANS((-$AA$1+($AA$1-(-$AA$1))*27/30))) -> -3.0085442 | AD30: =0+($C$12+$C$10/2)*SIN(RADIANS((-$AA$1+($AA$1-(-$AA$1))*27/30))) -> 8.3257486 | AE30: =-$C$12+$C$12*COS(RADIANS((-$AA$1+($AA$1-(-$AA$1))*27/30))) -> -3.4767602 | AF30: =0+$C$12*SIN(RADIANS((-$AA$1+($AA$1-(-$AA$1))*27/30))) -> 7.8053893
B31: =IF($C$24=$C$25,"Con la misma adherencia en las dos ruedas los tres diferenciales dan la misma tracción.","El abierto reparte el mismo par a las dos ruedas: la de menor adherencia (μ = "&FIXED(MIN($C$24,$C$25),2)&") patina y limita la tracción total a "&FIXED($C$28,0)&" N.") -> El abierto reparte el mismo par a las dos ruedas: la de menor adherencia (μ = 0.15) patina y limita la tracción total a 1,050 N. | AA31: =-$C$12+($C$12-$C$10/2)*COS(RADIANS((-$AA$1+($AA$1-(-$AA$1))*28/30))) -> -4.469339 | AB31: =0+($C$12-$C$10/2)*SIN(RADIANS((-$AA$1+($AA$1-(-$AA$1))*28/30))) -> 7.7247089 | AC31: =-$C$12+($C$12+$C$10/2)*COS(RADIANS((-$AA$1+($AA$1-(-$AA$1))*28/30))) -> -3.6078159 | AD31: =0+($C$12+$C$10/2)*SIN(RADIANS((-$AA$1+($AA$1-(-$AA$1))*28/30))) -> 8.8282387 | AE31: =-$C$12+$C$12*COS(RADIANS((-$AA$1+($AA$1-(-$AA$1))*28/30))) -> -4.0385774 | AF31: =0+$C$12*SIN(RADIANS((-$AA$1+($AA$1-(-$AA$1))*28/30))) -> 8.2764738
AA32: =-$C$12+($C$12-$C$10/2)*COS(RADIANS((-$AA$1+($AA$1-(-$AA$1))*29/30))) -> -5.0231061 | AB32: =0+($C$12-$C$10/2)*SIN(RADIANS((-$AA$1+($AA$1-(-$AA$1))*29/30))) -> 8.1267234 | AC32: =-$C$12+($C$12+$C$10/2)*COS(RADIANS((-$AA$1+($AA$1-(-$AA$1))*29/30))) -> -4.2406927 | AD32: =0+($C$12+$C$10/2)*SIN(RADIANS((-$AA$1+($AA$1-(-$AA$1))*29/30))) -> 9.2876839 | AE32: =-$C$12+$C$12*COS(RADIANS((-$AA$1+($AA$1-(-$AA$1))*29/30))) -> -4.6318994 | AF32: =0+$C$12*SIN(RADIANS((-$AA$1+($AA$1-(-$AA$1))*29/30))) -> 8.7072037
AA33: =-$C$12+($C$12-$C$10/2)*COS(RADIANS((-$AA$1+($AA$1-(-$AA$1))*30/30))) -> -5.6035777 | AB33: =0+($C$12-$C$10/2)*SIN(RADIANS((-$AA$1+($AA$1-(-$AA$1))*30/30))) -> 8.4891135 | AC33: =-$C$12+($C$12+$C$10/2)*COS(RADIANS((-$AA$1+($AA$1-(-$AA$1))*30/30))) -> -4.9040888 | AD33: =0+($C$12+$C$10/2)*SIN(RADIANS((-$AA$1+($AA$1-(-$AA$1))*30/30))) -> 9.701844 | AE33: =-$C$12+$C$12*COS(RADIANS((-$AA$1+($AA$1-(-$AA$1))*30/30))) -> -5.2538332 | AF33: =0+$C$12*SIN(RADIANS((-$AA$1+($AA$1-(-$AA$1))*30/30))) -> 9.0954788
B34: Preguntas de análisis
B35: 1. Con los datos del Ejemplo 2.2, ¿cuál es la relación del grupo y el par en la corona? Compruebe con el simulador.
B36: 2. Busque el radio de curva en que la rueda interior gira a 280 min⁻¹ y la corona a 300 min⁻¹ (Ejemplo 2.3, vía 1,40 m). ¿Coincide con su cálculo?
B37: 3. Ponga μ izq. = 0,8 y μ der. = 0,1 (una rueda en hielo). Compare la tracción de los tres diferenciales. ¿Por qué el vehículo con diferencial abierto no sale?
B38: 4. ¿Por qué no se puede circular por asfalto seco con el diferencial bloqueado en curva? Relacione su respuesta con el régimen de cada rueda.

Sheet U3 Tren epicicloidal
A1: U3 · Tren epicicloidal y caja Simpson | AA1: Datos de cálculo para los gráficos (no editar)
A2: Vista frontal del tren, nomograma de palanca y relación de transmisión según el elemento de entrada y el bloqueado (ecuación de Willis). Unidad 3: grupo mecánico de la transmisión automática, tren epicicloidal, cajas Simpson y Ravigneaux. | CB2: =$C$9*$C$12/MAX(ABS($C$12),ABS($C$13),ABS($C$14),1) -> 30 | CC2: =$C$9*$C$13/MAX(ABS($C$12),ABS($C$13),ABS($C$14),1) -> 0 | CD2: =$C$9*$C$14/MAX(ABS($C$12),ABS($C$13),ABS($C$14),1) -> 8.8235294 | CE2: =$C$9*($C$14-($C$12-$C$14)*$C$5/(($C$6-$C$5)/2))/MAX(ABS($C$12),ABS($C$13),ABS($C$14),1) -> -21.428571
B3: ◄ Volver al inicio | BZ3: Entra P, fija C, sale PS
B4: Tren epicicloidal simple (Ejemplo 3.2) | BZ4: Entra C, fijo P, sale PS | CB4: =0+$C$6*COS(RADIANS((0+(360-(0))*0/72))) -> 72 | CC4: =0+$C$6*SIN(RADIANS((0+(360-(0))*0/72))) -> 0 | CD4: =0+$C$5*COS(RADIANS((0+(360-(0))*0/36))) -> 30 | CE4: =0+$C$5*SIN(RADIANS((0+(360-(0))*0/36))) -> 0 | CF4: =(($C$5+$C$6)/2)*COS(RADIANS($CD$2+0))+(($C$6-$C$5)/2)*COS(RADIANS((0+(360-(0))*0/36))) -> 71.396439 | CG4: =(($C$5+$C$6)/2)*SIN(RADIANS($CD$2+0))+(($C$6-$C$5)/2)*SIN(RADIANS((0+(360-(0))*0/36))) -> 7.8229744 | CH4: =(($C$5+$C$6)/2)*COS(RADIANS($CD$2+120))+(($C$6-$C$5)/2)*COS(RADIANS((0+(360-(0))*0/36))) -> -10.973114 | CI4: =(($C$5+$C$6)/2)*SIN(RADIANS($CD$2+120))+(($C$6-$C$5)/2)*SIN(RADIANS((0+(360-(0))*0/36))) -> 39.733109 | CJ4: =(($C$5+$C$6)/2)*COS(RADIANS($CD$2+240))+(($C$6-$C$5)/2)*COS(RADIANS((0+(360-(0))*0/36))) -> 2.576675 | CK4: =(($C$5+$C$6)/2)*SIN(RADIANS($CD$2+240))+(($C$6-$C$5)/2)*SIN(RADIANS((0+(360-(0))*0/36))) -> -47.556084 | CL4: 0 | CM4: 0 | CN4: =0.72*$C$5*COS(RADIANS($CB$2)) -> 18.706149 | CO4: =0.72*$C$5*SIN(RADIANS($CB$2)) -> 10.8 | CP4: =0.93*$C$6*COS(RADIANS($CC$2)) -> 66.96 | CQ4: =0.93*$C$6*SIN(RADIANS($CC$2)) -> 0 | CR4: =(($C$5+$C$6)/2)*COS(RADIANS($CD$2+0))+0.65*(($C$6-$C$5)/2)*COS(RADIANS($CE$2+0)) -> 63.102866 | CS4: =(($C$5+$C$6)/2)*SIN(RADIANS($CD$2+0))+0.65*(($C$6-$C$5)/2)*SIN(RADIANS($CE$2+0)) -> 2.8360694 | CT4: 0 | CU4: =(-1.15*MAX(ABS($C$12),ABS($C$13),ABS($C$14),1)) -> -3450 | CV4: =($C$6/($C$5+$C$6)) -> 0.70588235 | CW4: =(-1.15*MAX(ABS($C$12),ABS($C$13),ABS($C$14),1)) -> -3450 | CX4: 1 | CY4: =(-1.15*MAX(ABS($C$12),ABS($C$13),ABS($C$14),1)) -> -3450 | CZ4: -0.05 | DA4: 0 | DB4: 0 | DC4: =$C$12 -> 3000
B5: Dientes del planetario, z_P | C5: 30 | BZ5: Entra PS, fija C, sale P | CB5: =0+$C$6*COS(RADIANS((0+(360-(0))*1/72))) -> 71.726018 | CC5: =0+$C$6*SIN(RADIANS((0+(360-(0))*1/72))) -> 6.2752135 | CD5: =0+$C$5*COS(RADIANS((0+(360-(0))*1/36))) -> 29.544233 | CE5: =0+$C$5*SIN(RADIANS((0+(360-(0))*1/36))) -> 5.2094453 | CF5: =(($C$5+$C$6)/2)*COS(RADIANS($CD$2+0))+(($C$6-$C$5)/2)*COS(RADIANS((0+(360-(0))*1/36))) -> 71.077402 | CG5: =(($C$5+$C$6)/2)*SIN(RADIANS($CD$2+0))+(($C$6-$C$5)/2)*SIN(RADIANS((0+(360-(0))*1/36))) -> 11.469586 | CH5: =(($C$5+$C$6)/2)*COS(RADIANS($CD$2+120))+(($C$6-$C$5)/2)*COS(RADIANS((0+(360-(0))*1/36))) -> -11.292151 | CI5: =(($C$5+$C$6)/2)*SIN(RADIANS($CD$2+120))+(($C$6-$C$5)/2)*SIN(RADIANS((0+(360-(0))*1/36))) -> 43.379721 | CJ5: =(($C$5+$C$6)/2)*COS(RADIANS($CD$2+240))+(($C$6-$C$5)/2)*COS(RADIANS((0+(360-(0))*1/36))) -> 2.2576378 | CK5: =(($C$5+$C$6)/2)*SIN(RADIANS($CD$2+240))+(($C$6-$C$5)/2)*SIN(RADIANS((0+(360-(0))*1/36))) -> -43.909472 | CL5: =(($C$5+$C$6)/2)*COS(RADIANS($CD$2+0)) -> 50.396439 | CM5: =(($C$5+$C$6)/2)*SIN(RADIANS($CD$2+0)) -> 7.8229744 | CR5: =(($C$5+$C$6)/2)*COS(RADIANS($CD$2+120))+0.65*(($C$6-$C$5)/2)*COS(RADIANS($CE$2+120)) -> -34.007541 | CS5: =(($C$5+$C$6)/2)*SIN(RADIANS($CD$2+120))+0.65*(($C$6-$C$5)/2)*SIN(RADIANS($CE$2+120)) -> 53.23065 | CT5: 0 | CU5: =(1.15*MAX(ABS($C$12),ABS($C$13),ABS($C$14),1)) -> 3450 | CV5: =($C$6/($C$5+$C$6)) -> 0.70588235 | CW5: =(1.15*MAX(ABS($C$12),ABS($C$13),ABS($C$14),1)) -> 3450 | CX5: 1 | CY5: =(1.15*MAX(ABS($C$12),ABS($C$13),ABS($C$14),1)) -> 3450 | CZ5: 1.05 | DA5: 0 | DB5: =($C$6/($C$5+$C$6)) -> 0.70588235 | DC5: =$C$14 -> 882.35294
B6: Dientes de la corona, z_C | C6: 72 | BZ6: Entra PS, fijo P, sale C | CB6: =0+$C$6*COS(RADIANS((0+(360-(0))*2/72))) -> 70.906158 | CC6: =0+$C$6*SIN(RADIANS((0+(360-(0))*2/72))) -> 12.502669 | CD6: =0+$C$5*COS(RADIANS((0+(360-(0))*2/36))) -> 28.190779 | CE6: =0+$C$5*SIN(RADIANS((0+(360-(0))*2/36))) -> 10.260604 | CF6: =(($C$5+$C$6)/2)*COS(RADIANS($CD$2+0))+(($C$6-$C$5)/2)*COS(RADIANS((0+(360-(0))*2/36))) -> 70.129984 | CG6: =(($C$5+$C$6)/2)*SIN(RADIANS($CD$2+0))+(($C$6-$C$5)/2)*SIN(RADIANS((0+(360-(0))*2/36))) -> 15.005397 | CH6: =(($C$5+$C$6)/2)*COS(RADIANS($CD$2+120))+(($C$6-$C$5)/2)*COS(RADIANS((0+(360-(0))*2/36))) -> -12.239569 | CI6: =(($C$5+$C$6)/2)*SIN(RADIANS($CD$2+120))+(($C$6-$C$5)/2)*SIN(RADIANS((0+(360-(0))*2/36))) -> 46.915532 | CJ6: =(($C$5+$C$6)/2)*COS(RADIANS($CD$2+240))+(($C$6-$C$5)/2)*COS(RADIANS((0+(360-(0))*2/36))) -> 1.3102201 | CK6: =(($C$5+$C$6)/2)*SIN(RADIANS($CD$2+240))+(($C$6-$C$5)/2)*SIN(RADIANS((0+(360-(0))*2/36))) -> -40.373661 | CL6: 0 | CM6: 0 | CR6: =(($C$5+$C$6)/2)*COS(RADIANS($CD$2+240))+0.65*(($C$6-$C$5)/2)*COS(RADIANS($CE$2+240)) -> -29.095325 | CS6: =(($C$5+$C$6)/2)*SIN(RADIANS($CD$2+240))+0.65*(($C$6-$C$5)/2)*SIN(RADIANS($CE$2+240)) -> -56.066719 | DB6: 1 | DC6: =$C$13 -> 0
B7: Régimen del elemento de entrada | C7: 3000 | D7: min⁻¹ | BZ7: Entra P, fijo PS, sale C | CB7: =0+$C$6*COS(RADIANS((0+(360-(0))*3/72))) -> 69.546659 | CC7: =0+$C$6*SIN(RADIANS((0+(360-(0))*3/72))) -> 18.634971 | CD7: =0+$C$5*COS(RADIANS((0+(360-(0))*3/36))) -> 25.980762 | CE7: =0+$C$5*SIN(RADIANS((0+(360-(0))*3/36))) -> 15 | CF7: =(($C$5+$C$6)/2)*COS(RADIANS($CD$2+0))+(($C$6-$C$5)/2)*COS(RADIANS((0+(360-(0))*3/36))) -> 68.582973 | CG7: =(($C$5+$C$6)/2)*SIN(RADIANS($CD$2+0))+(($C$6-$C$5)/2)*SIN(RADIANS((0+(360-(0))*3/36))) -> 18.322974 | CH7: =(($C$5+$C$6)/2)*COS(RADIANS($CD$2+120))+(($C$6-$C$5)/2)*COS(RADIANS((0+(360-(0))*3/36))) -> -13.786581 | CI7: =(($C$5+$C$6)/2)*SIN(RADIANS($CD$2+120))+(($C$6-$C$5)/2)*SIN(RADIANS((0+(360-(0))*3/36))) -> 50.233109 | CJ7: =(($C$5+$C$6)/2)*COS(RADIANS($CD$2+240))+(($C$6-$C$5)/2)*COS(RADIANS((0+(360-(0))*3/36))) -> -0.2367915 | CK7: =(($C$5+$C$6)/2)*SIN(RADIANS($CD$2+240))+(($C$6-$C$5)/2)*SIN(RADIANS((0+(360-(0))*3/36))) -> -37.056084 | CL7: =(($C$5+$C$6)/2)*COS(RADIANS($CD$2+120)) -> -31.973114 | CM7: =(($C$5+$C$6)/2)*SIN(RADIANS($CD$2+120)) -> 39.733109
B8: Combinación (P planetario, C corona, PS portasatélites) | C8: Entra P, fija C, sale PS | H8: =MATCH(C8,$BZ$3:$BZ$9,0) -> 1 | BZ8: Entra C, fijo PS, sale P | CB8: =0+$C$6*COS(RADIANS((0+(360-(0))*4/72))) -> 67.657869 | CC8: =0+$C$6*SIN(RADIANS((0+(360-(0))*4/72))) -> 24.62545 | CD8: =0+$C$5*COS(RADIANS((0+(360-(0))*4/36))) -> 22.981333 | CE8: =0+$C$5*SIN(RADIANS((0+(360-(0))*4/36))) -> 19.283628 | CF8: =(($C$5+$C$6)/2)*COS(RADIANS($CD$2+0))+(($C$6-$C$5)/2)*COS(RADIANS((0+(360-(0))*4/36))) -> 66.483372 | CG8: =(($C$5+$C$6)/2)*SIN(RADIANS($CD$2+0))+(($C$6-$C$5)/2)*SIN(RADIANS((0+(360-(0))*4/36))) -> 21.321514 | CH8: =(($C$5+$C$6)/2)*COS(RADIANS($CD$2+120))+(($C$6-$C$5)/2)*COS(RADIANS((0+(360-(0))*4/36))) -> -15.886181 | CI8: =(($C$5+$C$6)/2)*SIN(RADIANS($CD$2+120))+(($C$6-$C$5)/2)*SIN(RADIANS((0+(360-(0))*4/36))) -> 53.231649 | CJ8: =(($C$5+$C$6)/2)*COS(RADIANS($CD$2+240))+(($C$6-$C$5)/2)*COS(RADIANS((0+(360-(0))*4/36))) -> -2.3363917 | CK8: =(($C$5+$C$6)/2)*SIN(RADIANS($CD$2+240))+(($C$6-$C$5)/2)*SIN(RADIANS((0+(360-(0))*4/36))) -> -34.057544 | CL8: 0 | CM8: 0
B9: Ángulo girado por el elemento de entrada | C9: 30 | D9: ° | BZ9: Dos elementos unidos (directa) | CB9: =0+$C$6*COS(RADIANS((0+(360-(0))*5/72))) -> 65.254161 | CC9: =0+$C$6*SIN(RADIANS((0+(360-(0))*5/72))) -> 30.428515 | CD9: =0+$C$5*COS(RADIANS((0+(360-(0))*5/36))) -> 19.283628 | CE9: =0+$C$5*SIN(RADIANS((0+(360-(0))*5/36))) -> 22.981333 | CF9: =(($C$5+$C$6)/2)*COS(RADIANS($CD$2+0))+(($C$6-$C$5)/2)*COS(RADIANS((0+(360-(0))*5/36))) -> 63.894979 | CG9: =(($C$5+$C$6)/2)*SIN(RADIANS($CD$2+0))+(($C$6-$C$5)/2)*SIN(RADIANS((0+(360-(0))*5/36))) -> 23.909908 | CH9: =(($C$5+$C$6)/2)*COS(RADIANS($CD$2+120))+(($C$6-$C$5)/2)*COS(RADIANS((0+(360-(0))*5/36))) -> -18.474574 | CI9: =(($C$5+$C$6)/2)*SIN(RADIANS($CD$2+120))+(($C$6-$C$5)/2)*SIN(RADIANS((0+(360-(0))*5/36))) -> 55.820043 | CJ9: =(($C$5+$C$6)/2)*COS(RADIANS($CD$2+240))+(($C$6-$C$5)/2)*COS(RADIANS((0+(360-(0))*5/36))) -> -4.9247852 | CK9: =(($C$5+$C$6)/2)*SIN(RADIANS($CD$2+240))+(($C$6-$C$5)/2)*SIN(RADIANS((0+(360-(0))*5/36))) -> -31.46915 | CL9: =(($C$5+$C$6)/2)*COS(RADIANS($CD$2+240)) -> -18.423325 | CM9: =(($C$5+$C$6)/2)*SIN(RADIANS($CD$2+240)) -> -47.556084
B10: Resultados | CB10: =0+$C$6*COS(RADIANS((0+(360-(0))*6/72))) -> 62.353829 | CC10: =0+$C$6*SIN(RADIANS((0+(360-(0))*6/72))) -> 36 | CD10: =0+$C$5*COS(RADIANS((0+(360-(0))*6/36))) -> 15 | CE10: =0+$C$5*SIN(RADIANS((0+(360-(0))*6/36))) -> 25.980762 | CF10: =(($C$5+$C$6)/2)*COS(RADIANS($CD$2+0))+(($C$6-$C$5)/2)*COS(RADIANS((0+(360-(0))*6/36))) -> 60.896439 | CG10: =(($C$5+$C$6)/2)*SIN(RADIANS($CD$2+0))+(($C$6-$C$5)/2)*SIN(RADIANS((0+(360-(0))*6/36))) -> 26.009508 | CH10: =(($C$5+$C$6)/2)*COS(RADIANS($CD$2+120))+(($C$6-$C$5)/2)*COS(RADIANS((0+(360-(0))*6/36))) -> -21.473114 | CI10: =(($C$5+$C$6)/2)*SIN(RADIANS($CD$2+120))+(($C$6-$C$5)/2)*SIN(RADIANS((0+(360-(0))*6/36))) -> 57.919643 | CJ10: =(($C$5+$C$6)/2)*COS(RADIANS($CD$2+240))+(($C$6-$C$5)/2)*COS(RADIANS((0+(360-(0))*6/36))) -> -7.923325 | CK10: =(($C$5+$C$6)/2)*SIN(RADIANS($CD$2+240))+(($C$6-$C$5)/2)*SIN(RADIANS((0+(360-(0))*6/36))) -> -29.36955
B11: Relación de dientes, k = z_C / z_P | C11: =$C$6/$C$5 -> 2.4 | CB11: =0+$C$6*COS(RADIANS((0+(360-(0))*7/72))) -> 58.978947 | CC11: =0+$C$6*SIN(RADIANS((0+(360-(0))*7/72))) -> 41.297503 | CD11: =0+$C$5*COS(RADIANS((0+(360-(0))*7/36))) -> 10.260604 | CE11: =0+$C$5*SIN(RADIANS((0+(360-(0))*7/36))) -> 28.190779 | CF11: =(($C$5+$C$6)/2)*COS(RADIANS($CD$2+0))+(($C$6-$C$5)/2)*COS(RADIANS((0+(360-(0))*7/36))) -> 57.578862 | CG11: =(($C$5+$C$6)/2)*SIN(RADIANS($CD$2+0))+(($C$6-$C$5)/2)*SIN(RADIANS((0+(360-(0))*7/36))) -> 27.556519 | CH11: =(($C$5+$C$6)/2)*COS(RADIANS($CD$2+120))+(($C$6-$C$5)/2)*COS(RADIANS((0+(360-(0))*7/36))) -> -24.790691 | CI11: =(($C$5+$C$6)/2)*SIN(RADIANS($CD$2+120))+(($C$6-$C$5)/2)*SIN(RADIANS((0+(360-(0))*7/36))) -> 59.466654 | CJ11: =(($C$5+$C$6)/2)*COS(RADIANS($CD$2+240))+(($C$6-$C$5)/2)*COS(RADIANS((0+(360-(0))*7/36))) -> -11.240902 | CK11: =(($C$5+$C$6)/2)*SIN(RADIANS($CD$2+240))+(($C$6-$C$5)/2)*SIN(RADIANS((0+(360-(0))*7/36))) -> -27.822539
B12: Régimen del planetario, n_P | C12: =CHOOSE($H$8,$C$7,0,(1+$C$11)*$C$7,0,$C$7,-$C$11*$C$7,$C$7) -> 3000 | D12: min⁻¹ | CB12: =0+$C$6*COS(RADIANS((0+(360-(0))*8/72))) -> 55.1552 | CC12: =0+$C$6*SIN(RADIANS((0+(360-(0))*8/72))) -> 46.280708 | CD12: =0+$C$5*COS(RADIANS((0+(360-(0))*8/36))) -> 5.2094453 | CE12: =0+$C$5*SIN(RADIANS((0+(360-(0))*8/36))) -> 29.544233 | CF12: =(($C$5+$C$6)/2)*COS(RADIANS($CD$2+0))+(($C$6-$C$5)/2)*COS(RADIANS((0+(360-(0))*8/36))) -> 54.043051 | CG12: =(($C$5+$C$6)/2)*SIN(RADIANS($CD$2+0))+(($C$6-$C$5)/2)*SIN(RADIANS((0+(360-(0))*8/36))) -> 28.503937 | CH12: =(($C$5+$C$6)/2)*COS(RADIANS($CD$2+120))+(($C$6-$C$5)/2)*COS(RADIANS((0+(360-(0))*8/36))) -> -28.326502 | CI12: =(($C$5+$C$6)/2)*SIN(RADIANS($CD$2+120))+(($C$6-$C$5)/2)*SIN(RADIANS((0+(360-(0))*8/36))) -> 60.414072 | CJ12: =(($C$5+$C$6)/2)*COS(RADIANS($CD$2+240))+(($C$6-$C$5)/2)*COS(RADIANS((0+(360-(0))*8/36))) -> -14.776713 | CK12: =(($C$5+$C$6)/2)*SIN(RADIANS($CD$2+240))+(($C$6-$C$5)/2)*SIN(RADIANS((0+(360-(0))*8/36))) -> -26.875121
B13: Régimen de la corona, n_C | C13: =CHOOSE($H$8,0,$C$7,0,(1+$C$11)*$C$7/$C$11,-$C$7/$C$11,$C$7,$C$7) -> 0 | D13: min⁻¹ | CB13: =0+$C$6*COS(RADIANS((0+(360-(0))*9/72))) -> 50.911688 | CC13: =0+$C$6*SIN(RADIANS((0+(360-(0))*9/72))) -> 50.911688 | CD13: =0+$C$5*COS(RADIANS((0+(360-(0))*9/36))) -> 1.8377227e-15 | CE13: =0+$C$5*SIN(RADIANS((0+(360-(0))*9/36))) -> 30 | CF13: =(($C$5+$C$6)/2)*COS(RADIANS($CD$2+0))+(($C$6-$C$5)/2)*COS(RADIANS((0+(360-(0))*9/36))) -> 50.396439 | CG13: =(($C$5+$C$6)/2)*SIN(RADIANS($CD$2+0))+(($C$6-$C$5)/2)*SIN(RADIANS((0+(360-(0))*9/36))) -> 28.822974 | CH13: =(($C$5+$C$6)/2)*COS(RADIANS($CD$2+120))+(($C$6-$C$5)/2)*COS(RADIANS((0+(360-(0))*9/36))) -> -31.973114 | CI13: =(($C$5+$C$6)/2)*SIN(RADIANS($CD$2+120))+(($C$6-$C$5)/2)*SIN(RADIANS((0+(360-(0))*9/36))) -> 60.733109 | CJ13: =(($C$5+$C$6)/2)*COS(RADIANS($CD$2+240))+(($C$6-$C$5)/2)*COS(RADIANS((0+(360-(0))*9/36))) -> -18.423325 | CK13: =(($C$5+$C$6)/2)*SIN(RADIANS($CD$2+240))+(($C$6-$C$5)/2)*SIN(RADIANS((0+(360-(0))*9/36))) -> -26.556084
B14: Régimen del portasatélites, n_PS | C14: =CHOOSE($H$8,$C$7/(1+$C$11),$C$11*$C$7/(1+$C$11),$C$7,$C$7,0,0,$C$7) -> 882.35294 | D14: min⁻¹ | CB14: =0+$C$6*COS(RADIANS((0+(360-(0))*10/72))) -> 46.280708 | CC14: =0+$C$6*SIN(RADIANS((0+(360-(0))*10/72))) -> 55.1552 | CD14: =0+$C$5*COS(RADIANS((0+(360-(0))*10/36))) -> -5.2094453 | CE14: =0+$C$5*SIN(RADIANS((0+(360-(0))*10/36))) -> 29.544233 | CF14: =(($C$5+$C$6)/2)*COS(RADIANS($CD$2+0))+(($C$6-$C$5)/2)*COS(RADIANS((0+(360-(0))*10/36))) -> 46.749827 | CG14: =(($C$5+$C$6)/2)*SIN(RADIANS($CD$2+0))+(($C$6-$C$5)/2)*SIN(RADIANS((0+(360-(0))*10/36))) -> 28.503937 | CH14: =(($C$5+$C$6)/2)*COS(RADIANS($CD$2+120))+(($C$6-$C$5)/2)*COS(RADIANS((0+(360-(0))*10/36))) -> -35.619726 | CI14: =(($C$5+$C$6)/2)*SIN(RADIANS($CD$2+120))+(($C$6-$C$5)/2)*SIN(RADIANS((0+(360-(0))*10/36))) -> 60.414072 | CJ14: =(($C$5+$C$6)/2)*COS(RADIANS($CD$2+240))+(($C$6-$C$5)/2)*COS(RADIANS((0+(360-(0))*10/36))) -> -22.069937 | CK14: =(($C$5+$C$6)/2)*SIN(RADIANS($CD$2+240))+(($C$6-$C$5)/2)*SIN(RADIANS((0+(360-(0))*10/36))) -> -26.875121
B15: Régimen de salida | C15: =CHOOSE($H$8,$C$14,$C$14,$C$12,$C$13,$C$13,$C$12,$C$14) -> 882.35294 | D15: min⁻¹ | CB15: =0+$C$6*COS(RADIANS((0+(360-(0))*11/72))) -> 41.297503 | CC15: =0+$C$6*SIN(RADIANS((0+(360-(0))*11/72))) -> 58.978947 | CD15: =0+$C$5*COS(RADIANS((0+(360-(0))*11/36))) -> -10.260604 | CE15: =0+$C$5*SIN(RADIANS((0+(360-(0))*11/36))) -> 28.190779 | CF15: =(($C$5+$C$6)/2)*COS(RADIANS($CD$2+0))+(($C$6-$C$5)/2)*COS(RADIANS((0+(360-(0))*11/36))) -> 43.214016 | CG15: =(($C$5+$C$6)/2)*SIN(RADIANS($CD$2+0))+(($C$6-$C$5)/2)*SIN(RADIANS((0+(360-(0))*11/36))) -> 27.556519 | CH15: =(($C$5+$C$6)/2)*COS(RADIANS($CD$2+120))+(($C$6-$C$5)/2)*COS(RADIANS((0+(360-(0))*11/36))) -> -39.155537 | CI15: =(($C$5+$C$6)/2)*SIN(RADIANS($CD$2+120))+(($C$6-$C$5)/2)*SIN(RADIANS((0+(360-(0))*11/36))) -> 59.466654 | CJ15: =(($C$5+$C$6)/2)*COS(RADIANS($CD$2+240))+(($C$6-$C$5)/2)*COS(RADIANS((0+(360-(0))*11/36))) -> -25.605748 | CK15: =(($C$5+$C$6)/2)*SIN(RADIANS($CD$2+240))+(($C$6-$C$5)/2)*SIN(RADIANS((0+(360-(0))*11/36))) -> -27.822539
B16: Relación de transmisión, i = n_entrada / n_salida | C16: =$C$7/$C$15 -> 3.4 | CB16: =0+$C$6*COS(RADIANS((0+(360-(0))*12/72))) -> 36 | CC16: =0+$C$6*SIN(RADIANS((0+(360-(0))*12/72))) -> 62.353829 | CD16: =0+$C$5*COS(RADIANS((0+(360-(0))*12/36))) -> -15 | CE16: =0+$C$5*SIN(RADIANS((0+(360-(0))*12/36))) -> 25.980762 | CF16: =(($C$5+$C$6)/2)*COS(RADIANS($CD$2+0))+(($C$6-$C$5)/2)*COS(RADIANS((0+(360-(0))*12/36))) -> 39.896439 | CG16: =(($C$5+$C$6)/2)*SIN(RADIANS($CD$2+0))+(($C$6-$C$5)/2)*SIN(RADIANS((0+(360-(0))*12/36))) -> 26.009508 | CH16: =(($C$5+$C$6)/2)*COS(RADIANS($CD$2+120))+(($C$6-$C$5)/2)*COS(RADIANS((0+(360-(0))*12/36))) -> -42.473114 | CI16: =(($C$5+$C$6)/2)*SIN(RADIANS($CD$2+120))+(($C$6-$C$5)/2)*SIN(RADIANS((0+(360-(0))*12/36))) -> 57.919643 | CJ16: =(($C$5+$C$6)/2)*COS(RADIANS($CD$2+240))+(($C$6-$C$5)/2)*COS(RADIANS((0+(360-(0))*12/36))) -> -28.923325 | CK16: =(($C$5+$C$6)/2)*SIN(RADIANS($CD$2+240))+(($C$6-$C$5)/2)*SIN(RADIANS((0+(360-(0))*12/36))) -> -29.36955
B17: =IF($H$8=7,"Directa: el tren gira en bloque (i = 1).",IF($C$16<0,"Inversión de giro: marcha atrás.",IF($C$16>1,"Reducción: baja la velocidad y aumenta el par.","Multiplicación: sobremarcha (overdrive)."))) -> Reducción: baja la velocidad y aumenta el par. | CB17: =0+$C$6*COS(RADIANS((0+(360-(0))*13/72))) -> 30.428515 | CC17: =0+$C$6*SIN(RADIANS((0+(360-(0))*13/72))) -> 65.254161 | CD17: =0+$C$5*COS(RADIANS((0+(360-(0))*13/36))) -> -19.283628 | CE17: =0+$C$5*SIN(RADIANS((0+(360-(0))*13/36))) -> 22.981333 | CF17: =(($C$5+$C$6)/2)*COS(RADIANS($CD$2+0))+(($C$6-$C$5)/2)*COS(RADIANS((0+(360-(0))*13/36))) -> 36.897899 | CG17: =(($C$5+$C$6)/2)*SIN(RADIANS($CD$2+0))+(($C$6-$C$5)/2)*SIN(RADIANS((0+(360-(0))*13/36))) -> 23.909908 | CH17: =(($C$5+$C$6)/2)*COS(RADIANS($CD$2+120))+(($C$6-$C$5)/2)*COS(RADIANS((0+(360-(0))*13/36))) -> -45.471654 | CI17: =(($C$5+$C$6)/2)*SIN(RADIANS($CD$2+120))+(($C$6-$C$5)/2)*SIN(RADIANS((0+(360-(0))*13/36))) -> 55.820043 | CJ17: =(($C$5+$C$6)/2)*COS(RADIANS($CD$2+240))+(($C$6-$C$5)/2)*COS(RADIANS((0+(360-(0))*13/36))) -> -31.921865 | CK17: =(($C$5+$C$6)/2)*SIN(RADIANS($CD$2+240))+(($C$6-$C$5)/2)*SIN(RADIANS((0+(360-(0))*13/36))) -> -31.46915
B18: ="Willis: n_P + k·n_C = "&FIXED($C$12+$C$11*$C$13,0)&" = (1 + k)·n_PS = "&FIXED((1+$C$11)*$C$14,0) -> Willis: n_P + k·n_C = 3,000 = (1 + k)·n_PS = 3,000 | CB18: =0+$C$6*COS(RADIANS((0+(360-(0))*14/72))) -> 24.62545 | CC18: =0+$C$6*SIN(RADIANS((0+(360-(0))*14/72))) -> 67.657869 | CD18: =0+$C$5*COS(RADIANS((0+(360-(0))*14/36))) -> -22.981333 | CE18: =0+$C$5*SIN(RADIANS((0+(360-(0))*14/36))) -> 19.283628 | CF18: =(($C$5+$C$6)/2)*COS(RADIANS($CD$2+0))+(($C$6-$C$5)/2)*COS(RADIANS((0+(360-(0))*14/36))) -> 34.309506 | CG18: =(($C$5+$C$6)/2)*SIN(RADIANS($CD$2+0))+(($C$6-$C$5)/2)*SIN(RADIANS((0+(360-(0))*14/36))) -> 21.321514 | CH18: =(($C$5+$C$6)/2)*COS(RADIANS($CD$2+120))+(($C$6-$C$5)/2)*COS(RADIANS((0+(360-(0))*14/36))) -> -48.060047 | CI18: =(($C$5+$C$6)/2)*SIN(RADIANS($CD$2+120))+(($C$6-$C$5)/2)*SIN(RADIANS((0+(360-(0))*14/36))) -> 53.231649 | CJ18: =(($C$5+$C$6)/2)*COS(RADIANS($CD$2+240))+(($C$6-$C$5)/2)*COS(RADIANS((0+(360-(0))*14/36))) -> -34.510258 | CK18: =(($C$5+$C$6)/2)*SIN(RADIANS($CD$2+240))+(($C$6-$C$5)/2)*SIN(RADIANS((0+(360-(0))*14/36))) -> -34.057544
CB19: =0+$C$6*COS(RADIANS((0+(360-(0))*15/72))) -> 18.634971 | CC19: =0+$C$6*SIN(RADIANS((0+(360-(0))*15/72))) -> 69.546659 | CD19: =0+$C$5*COS(RADIANS((0+(360-(0))*15/36))) -> -25.980762 | CE19: =0+$C$5*SIN(RADIANS((0+(360-(0))*15/36))) -> 15 | CF19: =(($C$5+$C$6)/2)*COS(RADIANS($CD$2+0))+(($C$6-$C$5)/2)*COS(RADIANS((0+(360-(0))*15/36))) -> 32.209906 | CG19: =(($C$5+$C$6)/2)*SIN(RADIANS($CD$2+0))+(($C$6-$C$5)/2)*SIN(RADIANS((0+(360-(0))*15/36))) -> 18.322974 | CH19: =(($C$5+$C$6)/2)*COS(RADIANS($CD$2+120))+(($C$6-$C$5)/2)*COS(RADIANS((0+(360-(0))*15/36))) -> -50.159648 | CI19: =(($C$5+$C$6)/2)*SIN(RADIANS($CD$2+120))+(($C$6-$C$5)/2)*SIN(RADIANS((0+(360-(0))*15/36))) -> 50.233109 | CJ19: =(($C$5+$C$6)/2)*COS(RADIANS($CD$2+240))+(($C$6-$C$5)/2)*COS(RADIANS((0+(360-(0))*15/36))) -> -36.609858 | CK19: =(($C$5+$C$6)/2)*SIN(RADIANS($CD$2+240))+(($C$6-$C$5)/2)*SIN(RADIANS((0+(360-(0))*15/36))) -> -37.056084
B20: Caja Simpson de tres marchas (Ejemplo 3.3, trenes iguales) | CB20: =0+$C$6*COS(RADIANS((0+(360-(0))*16/72))) -> 12.502669 | CC20: =0+$C$6*SIN(RADIANS((0+(360-(0))*16/72))) -> 70.906158 | CD20: =0+$C$5*COS(RADIANS((0+(360-(0))*16/36))) -> -28.190779 | CE20: =0+$C$5*SIN(RADIANS((0+(360-(0))*16/36))) -> 10.260604 | CF20: =(($C$5+$C$6)/2)*COS(RADIANS($CD$2+0))+(($C$6-$C$5)/2)*COS(RADIANS((0+(360-(0))*16/36))) -> 30.662894 | CG20: =(($C$5+$C$6)/2)*SIN(RADIANS($CD$2+0))+(($C$6-$C$5)/2)*SIN(RADIANS((0+(360-(0))*16/36))) -> 15.005397 | CH20: =(($C$5+$C$6)/2)*COS(RADIANS($CD$2+120))+(($C$6-$C$5)/2)*COS(RADIANS((0+(360-(0))*16/36))) -> -51.706659 | CI20: =(($C$5+$C$6)/2)*SIN(RADIANS($CD$2+120))+(($C$6-$C$5)/2)*SIN(RADIANS((0+(360-(0))*16/36))) -> 46.915532 | CJ20: =(($C$5+$C$6)/2)*COS(RADIANS($CD$2+240))+(($C$6-$C$5)/2)*COS(RADIANS((0+(360-(0))*16/36))) -> -38.15687 | CK20: =(($C$5+$C$6)/2)*SIN(RADIANS($CD$2+240))+(($C$6-$C$5)/2)*SIN(RADIANS((0+(360-(0))*16/36))) -> -40.373661
B21: Marcha | C21: Relación | D21: Elementos aplicados | CB21: =0+$C$6*COS(RADIANS((0+(360-(0))*17/72))) -> 6.2752135 | CC21: =0+$C$6*SIN(RADIANS((0+(360-(0))*17/72))) -> 71.726018 | CD21: =0+$C$5*COS(RADIANS((0+(360-(0))*17/36))) -> -29.544233 | CE21: =0+$C$5*SIN(RADIANS((0+(360-(0))*17/36))) -> 5.2094453 | CF21: =(($C$5+$C$6)/2)*COS(RADIANS($CD$2+0))+(($C$6-$C$5)/2)*COS(RADIANS((0+(360-(0))*17/36))) -> 29.715476 | CG21: =(($C$5+$C$6)/2)*SIN(RADIANS($CD$2+0))+(($C$6-$C$5)/2)*SIN(RADIANS((0+(360-(0))*17/36))) -> 11.469586 | CH21: =(($C$5+$C$6)/2)*COS(RADIANS($CD$2+120))+(($C$6-$C$5)/2)*COS(RADIANS((0+(360-(0))*17/36))) -> -52.654077 | CI21: =(($C$5+$C$6)/2)*SIN(RADIANS($CD$2+120))+(($C$6-$C$5)/2)*SIN(RADIANS((0+(360-(0))*17/36))) -> 43.379721 | CJ21: =(($C$5+$C$6)/2)*COS(RADIANS($CD$2+240))+(($C$6-$C$5)/2)*COS(RADIANS((0+(360-(0))*17/36))) -> -39.104288 | CK21: =(($C$5+$C$6)/2)*SIN(RADIANS($CD$2+240))+(($C$6-$C$5)/2)*SIN(RADIANS((0+(360-(0))*17/36))) -> -43.909472
B22: 1ª | C22: =($C$5+2*$C$6)/$C$6 -> 2.4166667 | D22: E1 (embrague delantero) + F2 o rueda libre (portasatélites trasero) | CB22: =0+$C$6*COS(RADIANS((0+(360-(0))*18/72))) -> 4.4105344e-15 | CC22: =0+$C$6*SIN(RADIANS((0+(360-(0))*18/72))) -> 72 | CD22: =0+$C$5*COS(RADIANS((0+(360-(0))*18/36))) -> -30 | CE22: =0+$C$5*SIN(RADIANS((0+(360-(0))*18/36))) -> 3.6754454e-15 | CF22: =(($C$5+$C$6)/2)*COS(RADIANS($CD$2+0))+(($C$6-$C$5)/2)*COS(RADIANS((0+(360-(0))*18/36))) -> 29.396439 | CG22: =(($C$5+$C$6)/2)*SIN(RADIANS($CD$2+0))+(($C$6-$C$5)/2)*SIN(RADIANS((0+(360-(0))*18/36))) -> 7.8229744 | CH22: =(($C$5+$C$6)/2)*COS(RADIANS($CD$2+120))+(($C$6-$C$5)/2)*COS(RADIANS((0+(360-(0))*18/36))) -> -52.973114 | CI22: =(($C$5+$C$6)/2)*SIN(RADIANS($CD$2+120))+(($C$6-$C$5)/2)*SIN(RADIANS((0+(360-(0))*18/36))) -> 39.733109 | CJ22: =(($C$5+$C$6)/2)*COS(RADIANS($CD$2+240))+(($C$6-$C$5)/2)*COS(RADIANS((0+(360-(0))*18/36))) -> -39.423325 | CK22: =(($C$5+$C$6)/2)*SIN(RADIANS($CD$2+240))+(($C$6-$C$5)/2)*SIN(RADIANS((0+(360-(0))*18/36))) -> -47.556084
B23: 2ª | C23: =($C$5+$C$6)/$C$6 -> 1.4166667 | D23: E1 + F1 (freno del planetario común) | CB23: =0+$C$6*COS(RADIANS((0+(360-(0))*19/72))) -> -6.2752135 | CC23: =0+$C$6*SIN(RADIANS((0+(360-(0))*19/72))) -> 71.726018 | CD23: =0+$C$5*COS(RADIANS((0+(360-(0))*19/36))) -> -29.544233 | CE23: =0+$C$5*SIN(RADIANS((0+(360-(0))*19/36))) -> -5.2094453 | CF23: =(($C$5+$C$6)/2)*COS(RADIANS($CD$2+0))+(($C$6-$C$5)/2)*COS(RADIANS((0+(360-(0))*19/36))) -> 29.715476 | CG23: =(($C$5+$C$6)/2)*SIN(RADIANS($CD$2+0))+(($C$6-$C$5)/2)*SIN(RADIANS((0+(360-(0))*19/36))) -> 4.1763627 | CH23: =(($C$5+$C$6)/2)*COS(RADIANS($CD$2+120))+(($C$6-$C$5)/2)*COS(RADIANS((0+(360-(0))*19/36))) -> -52.654077 | CI23: =(($C$5+$C$6)/2)*SIN(RADIANS($CD$2+120))+(($C$6-$C$5)/2)*SIN(RADIANS((0+(360-(0))*19/36))) -> 36.086498 | CJ23: =(($C$5+$C$6)/2)*COS(RADIANS($CD$2+240))+(($C$6-$C$5)/2)*COS(RADIANS((0+(360-(0))*19/36))) -> -39.104288 | CK23: =(($C$5+$C$6)/2)*SIN(RADIANS($CD$2+240))+(($C$6-$C$5)/2)*SIN(RADIANS((0+(360-(0))*19/36))) -> -51.202695
B24: 3ª | C24: =1 -> 1 | D24: E1 + E2 (dos elementos unidos: directa) | CB24: =0+$C$6*COS(RADIANS((0+(360-(0))*20/72))) -> -12.502669 | CC24: =0+$C$6*SIN(RADIANS((0+(360-(0))*20/72))) -> 70.906158 | CD24: =0+$C$5*COS(RADIANS((0+(360-(0))*20/36))) -> -28.190779 | CE24: =0+$C$5*SIN(RADIANS((0+(360-(0))*20/36))) -> -10.260604 | CF24: =(($C$5+$C$6)/2)*COS(RADIANS($CD$2+0))+(($C$6-$C$5)/2)*COS(RADIANS((0+(360-(0))*20/36))) -> 30.662894 | CG24: =(($C$5+$C$6)/2)*SIN(RADIANS($CD$2+0))+(($C$6-$C$5)/2)*SIN(RADIANS((0+(360-(0))*20/36))) -> 0.64055139 | CH24: =(($C$5+$C$6)/2)*COS(RADIANS($CD$2+120))+(($C$6-$C$5)/2)*COS(RADIANS((0+(360-(0))*20/36))) -> -51.706659 | CI24: =(($C$5+$C$6)/2)*SIN(RADIANS($CD$2+120))+(($C$6-$C$5)/2)*SIN(RADIANS((0+(360-(0))*20/36))) -> 32.550686 | CJ24: =(($C$5+$C$6)/2)*COS(RADIANS($CD$2+240))+(($C$6-$C$5)/2)*COS(RADIANS((0+(360-(0))*20/36))) -> -38.15687 | CK24: =(($C$5+$C$6)/2)*SIN(RADIANS($CD$2+240))+(($C$6-$C$5)/2)*SIN(RADIANS((0+(360-(0))*20/36))) -> -54.738507
B25: R | C25: =-$C$6/$C$5 -> -2.4 | D25: E2 (entra por el planetario) + F2 (portasatélites trasero) | J25: Nomograma: las tres líneas verticales son el planetario (P, izquierda), el portasatélites (PS, centro) y la corona (C, derecha). La distancia P–PS es proporcional a z_C y la PS–C a z_P. Las velocidades de los tres elementos siempre quedan en una misma recta (la «palanca»). El elemento bloqueado queda en cero. | CB25: =0+$C$6*COS(RADIANS((0+(360-(0))*21/72))) -> -18.634971 | CC25: =0+$C$6*SIN(RADIANS((0+(360-(0))*21/72))) -> 69.546659 | CD25: =0+$C$5*COS(RADIANS((0+(360-(0))*21/36))) -> -25.980762 | CE25: =0+$C$5*SIN(RADIANS((0+(360-(0))*21/36))) -> -15 | CF25: =(($C$5+$C$6)/2)*COS(RADIANS($CD$2+0))+(($C$6-$C$5)/2)*COS(RADIANS((0+(360-(0))*21/36))) -> 32.209906 | CG25: =(($C$5+$C$6)/2)*SIN(RADIANS($CD$2+0))+(($C$6-$C$5)/2)*SIN(RADIANS((0+(360-(0))*21/36))) -> -2.6770256 | CH25: =(($C$5+$C$6)/2)*COS(RADIANS($CD$2+120))+(($C$6-$C$5)/2)*COS(RADIANS((0+(360-(0))*21/36))) -> -50.159648 | CI25: =(($C$5+$C$6)/2)*SIN(RADIANS($CD$2+120))+(($C$6-$C$5)/2)*SIN(RADIANS((0+(360-(0))*21/36))) -> 29.233109 | CJ25: =(($C$5+$C$6)/2)*COS(RADIANS($CD$2+240))+(($C$6-$C$5)/2)*COS(RADIANS((0+(360-(0))*21/36))) -> -36.609858 | CK25: =(($C$5+$C$6)/2)*SIN(RADIANS($CD$2+240))+(($C$6-$C$5)/2)*SIN(RADIANS((0+(360-(0))*21/36))) -> -58.056084
B26: Resaltar marcha | C26: 1ª | CB26: =0+$C$6*COS(RADIANS((0+(360-(0))*22/72))) -> -24.62545 | CC26: =0+$C$6*SIN(RADIANS((0+(360-(0))*22/72))) -> 67.657869 | CD26: =0+$C$5*COS(RADIANS((0+(360-(0))*22/36))) -> -22.981333 | CE26: =0+$C$5*SIN(RADIANS((0+(360-(0))*22/36))) -> -19.283628 | CF26: =(($C$5+$C$6)/2)*COS(RADIANS($CD$2+0))+(($C$6-$C$5)/2)*COS(RADIANS((0+(360-(0))*22/36))) -> 34.309506 | CG26: =(($C$5+$C$6)/2)*SIN(RADIANS($CD$2+0))+(($C$6-$C$5)/2)*SIN(RADIANS((0+(360-(0))*22/36))) -> -5.6755654 | CH26: =(($C$5+$C$6)/2)*COS(RADIANS($CD$2+120))+(($C$6-$C$5)/2)*COS(RADIANS((0+(360-(0))*22/36))) -> -48.060047 | CI26: =(($C$5+$C$6)/2)*SIN(RADIANS($CD$2+120))+(($C$6-$C$5)/2)*SIN(RADIANS((0+(360-(0))*22/36))) -> 26.234569 | CJ26: =(($C$5+$C$6)/2)*COS(RADIANS($CD$2+240))+(($C$6-$C$5)/2)*COS(RADIANS((0+(360-(0))*22/36))) -> -34.510258 | CK26: =(($C$5+$C$6)/2)*SIN(RADIANS($CD$2+240))+(($C$6-$C$5)/2)*SIN(RADIANS((0+(360-(0))*22/36))) -> -61.054624
CB27: =0+$C$6*COS(RADIANS((0+(360-(0))*23/72))) -> -30.428515 | CC27: =0+$C$6*SIN(RADIANS((0+(360-(0))*23/72))) -> 65.254161 | CD27: =0+$C$5*COS(RADIANS((0+(360-(0))*23/36))) -> -19.283628 | CE27: =0+$C$5*SIN(RADIANS((0+(360-(0))*23/36))) -> -22.981333 | CF27: =(($C$5+$C$6)/2)*COS(RADIANS($CD$2+0))+(($C$6-$C$5)/2)*COS(RADIANS((0+(360-(0))*23/36))) -> 36.897899 | CG27: =(($C$5+$C$6)/2)*SIN(RADIANS($CD$2+0))+(($C$6-$C$5)/2)*SIN(RADIANS((0+(360-(0))*23/36))) -> -8.2639589 | CH27: =(($C$5+$C$6)/2)*COS(RADIANS($CD$2+120))+(($C$6-$C$5)/2)*COS(RADIANS((0+(360-(0))*23/36))) -> -45.471654 | CI27: =(($C$5+$C$6)/2)*SIN(RADIANS($CD$2+120))+(($C$6-$C$5)/2)*SIN(RADIANS((0+(360-(0))*23/36))) -> 23.646176 | CJ27: =(($C$5+$C$6)/2)*COS(RADIANS($CD$2+240))+(($C$6-$C$5)/2)*COS(RADIANS((0+(360-(0))*23/36))) -> -31.921865 | CK27: =(($C$5+$C$6)/2)*SIN(RADIANS($CD$2+240))+(($C$6-$C$5)/2)*SIN(RADIANS((0+(360-(0))*23/36))) -> -63.643017
CB28: =0+$C$6*COS(RADIANS((0+(360-(0))*24/72))) -> -36 | CC28: =0+$C$6*SIN(RADIANS((0+(360-(0))*24/72))) -> 62.353829 | CD28: =0+$C$5*COS(RADIANS((0+(360-(0))*24/36))) -> -15 | CE28: =0+$C$5*SIN(RADIANS((0+(360-(0))*24/36))) -> -25.980762 | CF28: =(($C$5+$C$6)/2)*COS(RADIANS($CD$2+0))+(($C$6-$C$5)/2)*COS(RADIANS((0+(360-(0))*24/36))) -> 39.896439 | CG28: =(($C$5+$C$6)/2)*SIN(RADIANS($CD$2+0))+(($C$6-$C$5)/2)*SIN(RADIANS((0+(360-(0))*24/36))) -> -10.363559 | CH28: =(($C$5+$C$6)/2)*COS(RADIANS($CD$2+120))+(($C$6-$C$5)/2)*COS(RADIANS((0+(360-(0))*24/36))) -> -42.473114 | CI28: =(($C$5+$C$6)/2)*SIN(RADIANS($CD$2+120))+(($C$6-$C$5)/2)*SIN(RADIANS((0+(360-(0))*24/36))) -> 21.546576 | CJ28: =(($C$5+$C$6)/2)*COS(RADIANS($CD$2+240))+(($C$6-$C$5)/2)*COS(RADIANS((0+(360-(0))*24/36))) -> -28.923325 | CK28: =(($C$5+$C$6)/2)*SIN(RADIANS($CD$2+240))+(($C$6-$C$5)/2)*SIN(RADIANS((0+(360-(0))*24/36))) -> -65.742617
CB29: =0+$C$6*COS(RADIANS((0+(360-(0))*25/72))) -> -41.297503 | CC29: =0+$C$6*SIN(RADIANS((0+(360-(0))*25/72))) -> 58.978947 | CD29: =0+$C$5*COS(RADIANS((0+(360-(0))*25/36))) -> -10.260604 | CE29: =0+$C$5*SIN(RADIANS((0+(360-(0))*25/36))) -> -28.190779 | CF29: =(($C$5+$C$6)/2)*COS(RADIANS($CD$2+0))+(($C$6-$C$5)/2)*COS(RADIANS((0+(360-(0))*25/36))) -> 43.214016 | CG29: =(($C$5+$C$6)/2)*SIN(RADIANS($CD$2+0))+(($C$6-$C$5)/2)*SIN(RADIANS((0+(360-(0))*25/36))) -> -11.910571 | CH29: =(($C$5+$C$6)/2)*COS(RADIANS($CD$2+120))+(($C$6-$C$5)/2)*COS(RADIANS((0+(360-(0))*25/36))) -> -39.155537 | CI29: =(($C$5+$C$6)/2)*SIN(RADIANS($CD$2+120))+(($C$6-$C$5)/2)*SIN(RADIANS((0+(360-(0))*25/36))) -> 19.999564 | CJ29: =(($C$5+$C$6)/2)*COS(RADIANS($CD$2+240))+(($C$6-$C$5)/2)*COS(RADIANS((0+(360-(0))*25/36))) -> -25.605748 | CK29: =(($C$5+$C$6)/2)*SIN(RADIANS($CD$2+240))+(($C$6-$C$5)/2)*SIN(RADIANS((0+(360-(0))*25/36))) -> -67.289629
B30: Preguntas de análisis | CB30: =0+$C$6*COS(RADIANS((0+(360-(0))*26/72))) -> -46.280708 | CC30: =0+$C$6*SIN(RADIANS((0+(360-(0))*26/72))) -> 55.1552 | CD30: =0+$C$5*COS(RADIANS((0+(360-(0))*26/36))) -> -5.2094453 | CE30: =0+$C$5*SIN(RADIANS((0+(360-(0))*26/36))) -> -29.544233 | CF30: =(($C$5+$C$6)/2)*COS(RADIANS($CD$2+0))+(($C$6-$C$5)/2)*COS(RADIANS((0+(360-(0))*26/36))) -> 46.749827 | CG30: =(($C$5+$C$6)/2)*SIN(RADIANS($CD$2+0))+(($C$6-$C$5)/2)*SIN(RADIANS((0+(360-(0))*26/36))) -> -12.857988 | CH30: =(($C$5+$C$6)/2)*COS(RADIANS($CD$2+120))+(($C$6-$C$5)/2)*COS(RADIANS((0+(360-(0))*26/36))) -> -35.619726 | CI30: =(($C$5+$C$6)/2)*SIN(RADIANS($CD$2+120))+(($C$6-$C$5)/2)*SIN(RADIANS((0+(360-(0))*26/36))) -> 19.052146 | CJ30: =(($C$5+$C$6)/2)*COS(RADIANS($CD$2+240))+(($C$6-$C$5)/2)*COS(RADIANS((0+(360-(0))*26/36))) -> -22.069937 | CK30: =(($C$5+$C$6)/2)*SIN(RADIANS($CD$2+240))+(($C$6-$C$5)/2)*SIN(RADIANS((0+(360-(0))*26/36))) -> -68.237047
B31: 1. Con z_P = 30, z_C = 72 y 3000 min⁻¹ de entrada (Ejemplo 3.2), calcule la relación con la corona bloqueada, con el planetario bloqueado y con el portasatélites bloqueado. Compruébelo cambiando la combinación. | CB31: =0+$C$6*COS(RADIANS((0+(360-(0))*27/72))) -> -50.911688 | CC31: =0+$C$6*SIN(RADIANS((0+(360-(0))*27/72))) -> 50.911688 | CD31: =0+$C$5*COS(RADIANS((0+(360-(0))*27/36))) -> -5.513168e-15 | CE31: =0+$C$5*SIN(RADIANS((0+(360-(0))*27/36))) -> -30 | CF31: =(($C$5+$C$6)/2)*COS(RADIANS($CD$2+0))+(($C$6-$C$5)/2)*COS(RADIANS((0+(360-(0))*27/36))) -> 50.396439 | CG31: =(($C$5+$C$6)/2)*SIN(RADIANS($CD$2+0))+(($C$6-$C$5)/2)*SIN(RADIANS((0+(360-(0))*27/36))) -> -13.177026 | CH31: =(($C$5+$C$6)/2)*COS(RADIANS($CD$2+120))+(($C$6-$C$5)/2)*COS(RADIANS((0+(360-(0))*27/36))) -> -31.973114 | CI31: =(($C$5+$C$6)/2)*SIN(RADIANS($CD$2+120))+(($C$6-$C$5)/2)*SIN(RADIANS((0+(360-(0))*27/36))) -> 18.733109 | CJ31: =(($C$5+$C$6)/2)*COS(RADIANS($CD$2+240))+(($C$6-$C$5)/2)*COS(RADIANS((0+(360-(0))*27/36))) -> -18.423325 | CK31: =(($C$5+$C$6)/2)*SIN(RADIANS($CD$2+240))+(($C$6-$C$5)/2)*SIN(RADIANS((0+(360-(0))*27/36))) -> -68.556084
B32: 2. ¿Qué combinación da sobremarcha? Observe en el nomograma qué elemento queda por encima de la entrada. | CB32: =0+$C$6*COS(RADIANS((0+(360-(0))*28/72))) -> -55.1552 | CC32: =0+$C$6*SIN(RADIANS((0+(360-(0))*28/72))) -> 46.280708 | CD32: =0+$C$5*COS(RADIANS((0+(360-(0))*28/36))) -> 5.2094453 | CE32: =0+$C$5*SIN(RADIANS((0+(360-(0))*28/36))) -> -29.544233 | CF32: =(($C$5+$C$6)/2)*COS(RADIANS($CD$2+0))+(($C$6-$C$5)/2)*COS(RADIANS((0+(360-(0))*28/36))) -> 54.043051 | CG32: =(($C$5+$C$6)/2)*SIN(RADIANS($CD$2+0))+(($C$6-$C$5)/2)*SIN(RADIANS((0+(360-(0))*28/36))) -> -12.857988 | CH32: =(($C$5+$C$6)/2)*COS(RADIANS($CD$2+120))+(($C$6-$C$5)/2)*COS(RADIANS((0+(360-(0))*28/36))) -> -28.326502 | CI32: =(($C$5+$C$6)/2)*SIN(RADIANS($CD$2+120))+(($C$6-$C$5)/2)*SIN(RADIANS((0+(360-(0))*28/36))) -> 19.052146 | CJ32: =(($C$5+$C$6)/2)*COS(RADIANS($CD$2+240))+(($C$6-$C$5)/2)*COS(RADIANS((0+(360-(0))*28/36))) -> -14.776713 | CK32: =(($C$5+$C$6)/2)*SIN(RADIANS($CD$2+240))+(($C$6-$C$5)/2)*SIN(RADIANS((0+(360-(0))*28/36))) -> -68.237047
B33: 3. Con el portasatélites bloqueado, ¿en qué sentido gira la corona respecto al planetario? Obsérvelo en el nomograma y en las marcas de la vista frontal al aumentar el ángulo girado. | CB33: =0+$C$6*COS(RADIANS((0+(360-(0))*29/72))) -> -58.978947 | CC33: =0+$C$6*SIN(RADIANS((0+(360-(0))*29/72))) -> 41.297503 | CD33: =0+$C$5*COS(RADIANS((0+(360-(0))*29/36))) -> 10.260604 | CE33: =0+$C$5*SIN(RADIANS((0+(360-(0))*29/36))) -> -28.190779 | CF33: =(($C$5+$C$6)/2)*COS(RADIANS($CD$2+0))+(($C$6-$C$5)/2)*COS(RADIANS((0+(360-(0))*29/36))) -> 57.578862 | CG33: =(($C$5+$C$6)/2)*SIN(RADIANS($CD$2+0))+(($C$6-$C$5)/2)*SIN(RADIANS((0+(360-(0))*29/36))) -> -11.910571 | CH33: =(($C$5+$C$6)/2)*COS(RADIANS($CD$2+120))+(($C$6-$C$5)/2)*COS(RADIANS((0+(360-(0))*29/36))) -> -24.790691 | CI33: =(($C$5+$C$6)/2)*SIN(RADIANS($CD$2+120))+(($C$6-$C$5)/2)*SIN(RADIANS((0+(360-(0))*29/36))) -> 19.999564 | CJ33: =(($C$5+$C$6)/2)*COS(RADIANS($CD$2+240))+(($C$6-$C$5)/2)*COS(RADIANS((0+(360-(0))*29/36))) -> -11.240902 | CK33: =(($C$5+$C$6)/2)*SIN(RADIANS($CD$2+240))+(($C$6-$C$5)/2)*SIN(RADIANS((0+(360-(0))*29/36))) -> -67.289629
B34: 4. Calcule las cuatro relaciones de la caja Simpson del Ejemplo 3.3 y compare con la tabla. ¿Qué elementos se aplican en cada marcha? | CB34: =0+$C$6*COS(RADIANS((0+(360-(0))*30/72))) -> -62.353829 | CC34: =0+$C$6*SIN(RADIANS((0+(360-(0))*30/72))) -> 36 | CD34: =0+$C$5*COS(RADIANS((0+(360-(0))*30/36))) -> 15 | CE34: =0+$C$5*SIN(RADIANS((0+(360-(0))*30/36))) -> -25.980762 | CF34: =(($C$5+$C$6)/2)*COS(RADIANS($CD$2+0))+(($C$6-$C$5)/2)*COS(RADIANS((0+(360-(0))*30/36))) -> 60.896439 | CG34: =(($C$5+$C$6)/2)*SIN(RADIANS($CD$2+0))+(($C$6-$C$5)/2)*SIN(RADIANS((0+(360-(0))*30/36))) -> -10.363559 | CH34: =(($C$5+$C$6)/2)*COS(RADIANS($CD$2+120))+(($C$6-$C$5)/2)*COS(RADIANS((0+(360-(0))*30/36))) -> -21.473114 | CI34: =(($C$5+$C$6)/2)*SIN(RADIANS($CD$2+120))+(($C$6-$C$5)/2)*SIN(RADIANS((0+(360-(0))*30/36))) -> 21.546576 | CJ34: =(($C$5+$C$6)/2)*COS(RADIANS($CD$2+240))+(($C$6-$C$5)/2)*COS(RADIANS((0+(360-(0))*30/36))) -> -7.923325 | CK34: =(($C$5+$C$6)/2)*SIN(RADIANS($CD$2+240))+(($C$6-$C$5)/2)*SIN(RADIANS((0+(360-(0))*30/36))) -> -65.742617
CB35: =0+$C$6*COS(RADIANS((0+(360-(0))*31/72))) -> -65.254161 | CC35: =0+$C$6*SIN(RADIANS((0+(360-(0))*31/72))) -> 30.428515 | CD35: =0+$C$5*COS(RADIANS((0+(360-(0))*31/36))) -> 19.283628 | CE35: =0+$C$5*SIN(RADIANS((0+(360-(0))*31/36))) -> -22.981333 | CF35: =(($C$5+$C$6)/2)*COS(RADIANS($CD$2+0))+(($C$6-$C$5)/2)*COS(RADIANS((0+(360-(0))*31/36))) -> 63.894979 | CG35: =(($C$5+$C$6)/2)*SIN(RADIANS($CD$2+0))+(($C$6-$C$5)/2)*SIN(RADIANS((0+(360-(0))*31/36))) -> -8.2639589 | CH35: =(($C$5+$C$6)/2)*COS(RADIANS($CD$2+120))+(($C$6-$C$5)/2)*COS(RADIANS((0+(360-(0))*31/36))) -> -18.474574 | CI35: =(($C$5+$C$6)/2)*SIN(RADIANS($CD$2+120))+(($C$6-$C$5)/2)*SIN(RADIANS((0+(360-(0))*31/36))) -> 23.646176 | CJ35: =(($C$5+$C$6)/2)*COS(RADIANS($CD$2+240))+(($C$6-$C$5)/2)*COS(RADIANS((0+(360-(0))*31/36))) -> -4.9247852 | CK35: =(($C$5+$C$6)/2)*SIN(RADIANS($CD$2+240))+(($C$6-$C$5)/2)*SIN(RADIANS((0+(360-(0))*31/36))) -> -63.643017
CB36: =0+$C$6*COS(RADIANS((0+(360-(0))*32/72))) -> -67.657869 | CC36: =0+$C$6*SIN(RADIANS((0+(360-(0))*32/72))) -> 24.62545 | CD36: =0+$C$5*COS(RADIANS((0+(360-(0))*32/36))) -> 22.981333 | CE36: =0+$C$5*SIN(RADIANS((0+(360-(0))*32/36))) -> -19.283628 | CF36: =(($C$5+$C$6)/2)*COS(RADIANS($CD$2+0))+(($C$6-$C$5)/2)*COS(RADIANS((0+(360-(0))*32/36))) -> 66.483372 | CG36: =(($C$5+$C$6)/2)*SIN(RADIANS($CD$2+0))+(($C$6-$C$5)/2)*SIN(RADIANS((0+(360-(0))*32/36))) -> -5.6755654 | CH36: =(($C$5+$C$6)/2)*COS(RADIANS($CD$2+120))+(($C$6-$C$5)/2)*COS(RADIANS((0+(360-(0))*32/36))) -> -15.886181 | CI36: =(($C$5+$C$6)/2)*SIN(RADIANS($CD$2+120))+(($C$6-$C$5)/2)*SIN(RADIANS((0+(360-(0))*32/36))) -> 26.234569 | CJ36: =(($C$5+$C$6)/2)*COS(RADIANS($CD$2+240))+(($C$6-$C$5)/2)*COS(RADIANS((0+(360-(0))*32/36))) -> -2.3363917 | CK36: =(($C$5+$C$6)/2)*SIN(RADIANS($CD$2+240))+(($C$6-$C$5)/2)*SIN(RADIANS((0+(360-(0))*32/36))) -> -61.054624
CB37: =0+$C$6*COS(RADIANS((0+(360-(0))*33/72))) -> -69.546659 | CC37: =0+$C$6*SIN(RADIANS((0+(360-(0))*33/72))) -> 18.634971 | CD37: =0+$C$5*COS(RADIANS((0+(360-(0))*33/36))) -> 25.980762 | CE37: =0+$C$5*SIN(RADIANS((0+(360-(0))*33/36))) -> -15 | CF37: =(($C$5+$C$6)/2)*COS(RADIANS($CD$2+0))+(($C$6-$C$5)/2)*COS(RADIANS((0+(360-(0))*33/36))) -> 68.582973 | CG37: =(($C$5+$C$6)/2)*SIN(RADIANS($CD$2+0))+(($C$6-$C$5)/2)*SIN(RADIANS((0+(360-(0))*33/36))) -> -2.6770256 | CH37: =(($C$5+$C$6)/2)*COS(RADIANS($CD$2+120))+(($C$6-$C$5)/2)*COS(RADIANS((0+(360-(0))*33/36))) -> -13.786581 | CI37: =(($C$5+$C$6)/2)*SIN(RADIANS($CD$2+120))+(($C$6-$C$5)/2)*SIN(RADIANS((0+(360-(0))*33/36))) -> 29.233109 | CJ37: =(($C$5+$C$6)/2)*COS(RADIANS($CD$2+240))+(($C$6-$C$5)/2)*COS(RADIANS((0+(360-(0))*33/36))) -> -0.2367915 | CK37: =(($C$5+$C$6)/2)*SIN(RADIANS($CD$2+240))+(($C$6-$C$5)/2)*SIN(RADIANS((0+(360-(0))*33/36))) -> -58.056084
CB38: =0+$C$6*COS(RADIANS((0+(360-(0))*34/72))) -> -70.906158 | CC38: =0+$C$6*SIN(RADIANS((0+(360-(0))*34/72))) -> 12.502669 | CD38: =0+$C$5*COS(RADIANS((0+(360-(0))*34/36))) -> 28.190779 | CE38: =0+$C$5*SIN(RADIANS((0+(360-(0))*34/36))) -> -10.260604 | CF38: =(($C$5+$C$6)/2)*COS(RADIANS($CD$2+0))+(($C$6-$C$5)/2)*COS(RADIANS((0+(360-(0))*34/36))) -> 70.129984 | CG38: =(($C$5+$C$6)/2)*SIN(RADIANS($CD$2+0))+(($C$6-$C$5)/2)*SIN(RADIANS((0+(360-(0))*34/36))) -> 0.64055139 | CH38: =(($C$5+$C$6)/2)*COS(RADIANS($CD$2+120))+(($C$6-$C$5)/2)*COS(RADIANS((0+(360-(0))*34/36))) -> -12.239569 | CI38: =(($C$5+$C$6)/2)*SIN(RADIANS($CD$2+120))+(($C$6-$C$5)/2)*SIN(RADIANS((0+(360-(0))*34/36))) -> 32.550686 | CJ38: =(($C$5+$C$6)/2)*COS(RADIANS($CD$2+240))+(($C$6-$C$5)/2)*COS(RADIANS((0+(360-(0))*34/36))) -> 1.3102201 | CK38: =(($C$5+$C$6)/2)*SIN(RADIANS($CD$2+240))+(($C$6-$C$5)/2)*SIN(RADIANS((0+(360-(0))*34/36))) -> -54.738507
CB39: =0+$C$6*COS(RADIANS((0+(360-(0))*35/72))) -> -71.726018 | CC39: =0+$C$6*SIN(RADIANS((0+(360-(0))*35/72))) -> 6.2752135 | CD39: =0+$C$5*COS(RADIANS((0+(360-(0))*35/36))) -> 29.544233 | CE39: =0+$C$5*SIN(RADIANS((0+(360-(0))*35/36))) -> -5.2094453 | CF39: =(($C$5+$C$6)/2)*COS(RADIANS($CD$2+0))+(($C$6-$C$5)/2)*COS(RADIANS((0+(360-(0))*35/36))) -> 71.077402 | CG39: =(($C$5+$C$6)/2)*SIN(RADIANS($CD$2+0))+(($C$6-$C$5)/2)*SIN(RADIANS((0+(360-(0))*35/36))) -> 4.1763627 | CH39: =(($C$5+$C$6)/2)*COS(RADIANS($CD$2+120))+(($C$6-$C$5)/2)*COS(RADIANS((0+(360-(0))*35/36))) -> -11.292151 | CI39: =(($C$5+$C$6)/2)*SIN(RADIANS($CD$2+120))+(($C$6-$C$5)/2)*SIN(RADIANS((0+(360-(0))*35/36))) -> 36.086498 | CJ39: =(($C$5+$C$6)/2)*COS(RADIANS($CD$2+240))+(($C$6-$C$5)/2)*COS(RADIANS((0+(360-(0))*35/36))) -> 2.2576378 | CK39: =(($C$5+$C$6)/2)*SIN(RADIANS($CD$2+240))+(($C$6-$C$5)/2)*SIN(RADIANS((0+(360-(0))*35/36))) -> -51.202695
CB40: =0+$C$6*COS(RADIANS((0+(360-(0))*36/72))) -> -72 | CC40: =0+$C$6*SIN(RADIANS((0+(360-(0))*36/72))) -> 8.8210689e-15 | CD40: =0+$C$5*COS(RADIANS((0+(360-(0))*36/36))) -> 30 | CE40: =0+$C$5*SIN(RADIANS((0+(360-(0))*36/36))) -> -7.3508907e-15 | CF40: =(($C$5+$C$6)/2)*COS(RADIANS($CD$2+0))+(($C$6-$C$5)/2)*COS(RADIANS((0+(360-(0))*36/36))) -> 71.396439 | CG40: =(($C$5+$C$6)/2)*SIN(RADIANS($CD$2+0))+(($C$6-$C$5)/2)*SIN(RADIANS((0+(360-(0))*36/36))) -> 7.8229744 | CH40: =(($C$5+$C$6)/2)*COS(RADIANS($CD$2+120))+(($C$6-$C$5)/2)*COS(RADIANS((0+(360-(0))*36/36))) -> -10.973114 | CI40: =(($C$5+$C$6)/2)*SIN(RADIANS($CD$2+120))+(($C$6-$C$5)/2)*SIN(RADIANS((0+(360-(0))*36/36))) -> 39.733109 | CJ40: =(($C$5+$C$6)/2)*COS(RADIANS($CD$2+240))+(($C$6-$C$5)/2)*COS(RADIANS((0+(360-(0))*36/36))) -> 2.576675 | CK40: =(($C$5+$C$6)/2)*SIN(RADIANS($CD$2+240))+(($C$6-$C$5)/2)*SIN(RADIANS((0+(360-(0))*36/36))) -> -47.556084
CB41: =0+$C$6*COS(RADIANS((0+(360-(0))*37/72))) -> -71.726018 | CC41: =0+$C$6*SIN(RADIANS((0+(360-(0))*37/72))) -> -6.2752135
CB42: =0+$C$6*COS(RADIANS((0+(360-(0))*38/72))) -> -70.906158 | CC42: =0+$C$6*SIN(RADIANS((0+(360-(0))*38/72))) -> -12.502669
CB43: =0+$C$6*COS(RADIANS((0+(360-(0))*39/72))) -> -69.546659 | CC43: =0+$C$6*SIN(RADIANS((0+(360-(0))*39/72))) -> -18.634971
CB44: =0+$C$6*COS(RADIANS((0+(360-(0))*40/72))) -> -67.657869 | CC44: =0+$C$6*SIN(RADIANS((0+(360-(0))*40/72))) -> -24.62545
CB45: =0+$C$6*COS(RADIANS((0+(360-(0))*41/72))) -> -65.254161 | CC45: =0+$C$6*SIN(RADIANS((0+(360-(0))*41/72))) -> -30.428515
CB46: =0+$C$6*COS(RADIANS((0+(360-(0))*42/72))) -> -62.353829 | CC46: =0+$C$6*SIN(RADIANS((0+(360-(0))*42/72))) -> -36
CB47: =0+$C$6*COS(RADIANS((0+(360-(0))*43/72))) -> -58.978947 | CC47: =0+$C$6*SIN(RADIANS((0+(360-(0))*43/72))) -> -41.297503
CB48: =0+$C$6*COS(RADIANS((0+(360-(0))*44/72))) -> -55.1552 | CC48: =0+$C$6*SIN(RADIANS((0+(360-(0))*44/72))) -> -46.280708
CB49: =0+$C$6*COS(RADIANS((0+(360-(0))*45/72))) -> -50.911688 | CC49: =0+$C$6*SIN(RADIANS((0+(360-(0))*45/72))) -> -50.911688
CB50: =0+$C$6*COS(RADIANS((0+(360-(0))*46/72))) -> -46.280708 | CC50: =0+$C$6*SIN(RADIANS((0+(360-(0))*46/72))) -> -55.1552
CB51: =0+$C$6*COS(RADIANS((0+(360-(0))*47/72))) -> -41.297503 | CC51: =0+$C$6*SIN(RADIANS((0+(360-(0))*47/72))) -> -58.978947
CB52: =0+$C$6*COS(RADIANS((0+(360-(0))*48/72))) -> -36 | CC52: =0+$C$6*SIN(RADIANS((0+(360-(0))*48/72))) -> -62.353829
CB53: =0+$C$6*COS(RADIANS((0+(360-(0))*49/72))) -> -30.428515 | CC53: =0+$C$6*SIN(RADIANS((0+(360-(0))*49/72))) -> -65.254161
CB54: =0+$C$6*COS(RADIANS((0+(360-(0))*50/72))) -> -24.62545 | CC54: =0+$C$6*SIN(RADIANS((0+(360-(0))*50/72))) -> -67.657869
CB55: =0+$C$6*COS(RADIANS((0+(360-(0))*51/72))) -> -18.634971 | CC55: =0+$C$6*SIN(RADIANS((0+(360-(0))*51/72))) -> -69.546659
CB56: =0+$C$6*COS(RADIANS((0+(360-(0))*52/72))) -> -12.502669 | CC56: =0+$C$6*SIN(RADIANS((0+(360-(0))*52/72))) -> -70.906158
CB57: =0+$C$6*COS(RADIANS((0+(360-(0))*53/72))) -> -6.2752135 | CC57: =0+$C$6*SIN(RADIANS((0+(360-(0))*53/72))) -> -71.726018
CB58: =0+$C$6*COS(RADIANS((0+(360-(0))*54/72))) -> -1.3231603e-14 | CC58: =0+$C$6*SIN(RADIANS((0+(360-(0))*54/72))) -> -72
CB59: =0+$C$6*COS(RADIANS((0+(360-(0))*55/72))) -> 6.2752135 | CC59: =0+$C$6*SIN(RADIANS((0+(360-(0))*55/72))) -> -71.726018
CB60: =0+$C$6*COS(RADIANS((0+(360-(0))*56/72))) -> 12.502669 | CC60: =0+$C$6*SIN(RADIANS((0+(360-(0))*56/72))) -> -70.906158
CB61: =0+$C$6*COS(RADIANS((0+(360-(0))*57/72))) -> 18.634971 | CC61: =0+$C$6*SIN(RADIANS((0+(360-(0))*57/72))) -> -69.546659
CB62: =0+$C$6*COS(RADIANS((0+(360-(0))*58/72))) -> 24.62545 | CC62: =0+$C$6*SIN(RADIANS((0+(360-(0))*58/72))) -> -67.657869
CB63: =0+$C$6*COS(RADIANS((0+(360-(0))*59/72))) -> 30.428515 | CC63: =0+$C$6*SIN(RADIANS((0+(360-(0))*59/72))) -> -65.254161
CB64: =0+$C$6*COS(RADIANS((0+(360-(0))*60/72))) -> 36 | CC64: =0+$C$6*SIN(RADIANS((0+(360-(0))*60/72))) -> -62.353829
CB65: =0+$C$6*COS(RADIANS((0+(360-(0))*61/72))) -> 41.297503 | CC65: =0+$C$6*SIN(RADIANS((0+(360-(0))*61/72))) -> -58.978947
CB66: =0+$C$6*COS(RADIANS((0+(360-(0))*62/72))) -> 46.280708 | CC66: =0+$C$6*SIN(RADIANS((0+(360-(0))*62/72))) -> -55.1552
CB67: =0+$C$6*COS(RADIANS((0+(360-(0))*63/72))) -> 50.911688 | CC67: =0+$C$6*SIN(RADIANS((0+(360-(0))*63/72))) -> -50.911688
CB68: =0+$C$6*COS(RADIANS((0+(360-(0))*64/72))) -> 55.1552 | CC68: =0+$C$6*SIN(RADIANS((0+(360-(0))*64/72))) -> -46.280708
CB69: =0+$C$6*COS(RADIANS((0+(360-(0))*65/72))) -> 58.978947 | CC69: =0+$C$6*SIN(RADIANS((0+(360-(0))*65/72))) -> -41.297503
CB70: =0+$C$6*COS(RADIANS((0+(360-(0))*66/72))) -> 62.353829 | CC70: =0+$C$6*SIN(RADIANS((0+(360-(0))*66/72))) -> -36
CB71: =0+$C$6*COS(RADIANS((0+(360-(0))*67/72))) -> 65.254161 | CC71: =0+$C$6*SIN(RADIANS((0+(360-(0))*67/72))) -> -30.428515
CB72: =0+$C$6*COS(RADIANS((0+(360-(0))*68/72))) -> 67.657869 | CC72: =0+$C$6*SIN(RADIANS((0+(360-(0))*68/72))) -> -24.62545
CB73: =0+$C$6*COS(RADIANS((0+(360-(0))*69/72))) -> 69.546659 | CC73: =0+$C$6*SIN(RADIANS((0+(360-(0))*69/72))) -> -18.634971
CB74: =0+$C$6*COS(RADIANS((0+(360-(0))*70/72))) -> 70.906158 | CC74: =0+$C$6*SIN(RADIANS((0+(360-(0))*70/72))) -> -12.502669
CB75: =0+$C$6*COS(RADIANS((0+(360-(0))*71/72))) -> 71.726018 | CC75: =0+$C$6*SIN(RADIANS((0+(360-(0))*71/72))) -> -6.2752135
CB76: =0+$C$6*COS(RADIANS((0+(360-(0))*72/72))) -> 72 | CC76: =0+$C$6*SIN(RADIANS((0+(360-(0))*72/72))) -> -1.7642138e-14

Sheet U3 Convertidor
A1: U3 · Convertidor de par y circuito hidráulico | AA1: Datos de cálculo para los gráficos (no editar)
A2: Curva característica del convertidor (multiplicación de par y rendimiento), régimen de calado y punto de acoplamiento con el motor a plena carga; principio de Pascal. Unidad 3: introducción al sistema hidráulico, convertidor de par. | AA2: n | AB2: T motor | AC2: T abs calado | AD2: dif | AE2: flag | AF2: n cruce | AG2: T abs actual | AH2: dif | AI2: flag | AJ2: n cruce | AL2: ν | AM2: μ | AN2: η
B3: ◄ Volver al inicio | AA3: ='U1 Caja de cambios'!B28 -> 1000 | AB3: ='U1 Caja de cambios'!C28 -> 110 | AC3: =(AA3/$C$7)^2 -> 30.864198 | AD3: =AB3-AC3 -> 79.135802 | AE3: =IF(AND(AD3>0,AD4<=0),1,0) -> 0 | AF3: =IF(AE3=1,AA3+AD3/(AD3-AD4)*500,0) -> 0 | AG3: =(AA3/($C$7/SQRT(MAX(0.02,1-($C$8)^6))))^2 -> 30.864198 | AH3: =AB3-AG3 -> 79.135802 | AI3: =IF(AND(AH3>0,AH4<=0),1,0) -> 0 | AJ3: =IF(AI3=1,AA3+AH3/(AH3-AH4)*500,0) -> 0 | AL3: =0 -> 0 | AM3: =IF(AL3<$C$6,$C$5-($C$5-1)*AL3/$C$6,1) -> 2.2 | AN3: =AL3*AM3 -> 0 | AP3: =$C$8 -> 0 | AQ3: =$C$10 -> 2.2 | AR3: =$C$8 -> 0 | AS3: =$C$8*$C$10 -> 0 | AT3: =$C$18 -> 2092.4278 | AU3: =($C$18/$C$7)^2 -> 135.1313 | AV3: =$C$14 -> 2092.4278 | AW3: =$C$15 -> 135.1313
B4: Curva característica del convertidor | AA4: ='U1 Caja de cambios'!B29 -> 1500 | AB4: ='U1 Caja de cambios'!C29 -> 125 | AC4: =(AA4/$C$7)^2 -> 69.444444 | AD4: =AB4-AC4 -> 55.555556 | AE4: =IF(AND(AD4>0,AD5<=0),1,0) -> 0 | AF4: =IF(AE4=1,AA4+AD4/(AD4-AD5)*500,0) -> 0 | AG4: =(AA4/($C$7/SQRT(MAX(0.02,1-($C$8)^6))))^2 -> 69.444444 | AH4: =AB4-AG4 -> 55.555556 | AI4: =IF(AND(AH4>0,AH5<=0),1,0) -> 0 | AJ4: =IF(AI4=1,AA4+AH4/(AH4-AH5)*500,0) -> 0 | AL4: =0.05 -> 0.05 | AM4: =IF(AL4<$C$6,$C$5-($C$5-1)*AL4/$C$6,1) -> 2.1294118 | AN4: =AL4*AM4 -> 0.10647059
B5: Multiplicación de par en calado, μ₀ | C5: 2.2 | AA5: ='U1 Caja de cambios'!B30 -> 2000 | AB5: ='U1 Caja de cambios'!C30 -> 135 | AC5: =(AA5/$C$7)^2 -> 123.45679 | AD5: =AB5-AC5 -> 11.54321 | AE5: =IF(AND(AD5>0,AD6<=0),1,0) -> 1 | AF5: =IF(AE5=1,AA5+AD5/(AD5-AD6)*500,0) -> 2092.4278 | AG5: =(AA5/($C$7/SQRT(MAX(0.02,1-($C$8)^6))))^2 -> 123.45679 | AH5: =AB5-AG5 -> 11.54321 | AI5: =IF(AND(AH5>0,AH6<=0),1,0) -> 1 | AJ5: =IF(AI5=1,AA5+AH5/(AH5-AH6)*500,0) -> 2092.4278 | AL5: =0.1 -> 0.1 | AM5: =IF(AL5<$C$6,$C$5-($C$5-1)*AL5/$C$6,1) -> 2.0588235 | AN5: =AL5*AM5 -> 0.20588235
B6: Punto de acoplamiento, ν_c | C6: 0.85 | T6: Para simular la salida desde parado con el acelerador a fondo, aumente ν (celda C8) de 0 a 1: la turbina parte de cero (calado, μ máximo) y alcanza a la bomba. El régimen del motor sube a medida que el convertidor absorbe menos par. Después del punto de acoplamiento μ = 1 y el rendimiento cae por el deslizamiento: por eso se aplica el embrague de bloqueo. | AA6: ='U1 Caja de cambios'!B31 -> 2500 | AB6: ='U1 Caja de cambios'!C31 -> 142 | AC6: =(AA6/$C$7)^2 -> 192.90123 | AD6: =AB6-AC6 -> -50.901235 | AE6: =IF(AND(AD6>0,AD7<=0),1,0) -> 0 | AF6: =IF(AE6=1,AA6+AD6/(AD6-AD7)*500,0) -> 0 | AG6: =(AA6/($C$7/SQRT(MAX(0.02,1-($C$8)^6))))^2 -> 192.90123 | AH6: =AB6-AG6 -> -50.901235 | AI6: =IF(AND(AH6>0,AH7<=0),1,0) -> 0 | AJ6: =IF(AI6=1,AA6+AH6/(AH6-AH7)*500,0) -> 0 | AL6: =0.15 -> 0.15 | AM6: =IF(AL6<$C$6,$C$5-($C$5-1)*AL6/$C$6,1) -> 1.9882353 | AN6: =AL6*AM6 -> 0.29823529
B7: Factor de capacidad en calado, K | C7: 180 | D7: min⁻¹/√(N·m) | AA7: ='U1 Caja de cambios'!B32 -> 3000 | AB7: ='U1 Caja de cambios'!C32 -> 146 | AC7: =(AA7/$C$7)^2 -> 277.77778 | AD7: =AB7-AC7 -> -131.77778 | AE7: =IF(AND(AD7>0,AD8<=0),1,0) -> 0 | AF7: =IF(AE7=1,AA7+AD7/(AD7-AD8)*500,0) -> 0 | AG7: =(AA7/($C$7/SQRT(MAX(0.02,1-($C$8)^6))))^2 -> 277.77778 | AH7: =AB7-AG7 -> -131.77778 | AI7: =IF(AND(AH7>0,AH8<=0),1,0) -> 0 | AJ7: =IF(AI7=1,AA7+AH7/(AH7-AH8)*500,0) -> 0 | AL7: =0.2 -> 0.2 | AM7: =IF(AL7<$C$6,$C$5-($C$5-1)*AL7/$C$6,1) -> 1.9176471 | AN7: =AL7*AM7 -> 0.38352941
B8: Relación de velocidades, ν = n_turbina / n_bomba | C8: 0 | AA8: ='U1 Caja de cambios'!B33 -> 3500 | AB8: ='U1 Caja de cambios'!C33 -> 148 | AC8: =(AA8/$C$7)^2 -> 378.08642 | AD8: =AB8-AC8 -> -230.08642 | AE8: =IF(AND(AD8>0,AD9<=0),1,0) -> 0 | AF8: =IF(AE8=1,AA8+AD8/(AD8-AD9)*500,0) -> 0 | AG8: =(AA8/($C$7/SQRT(MAX(0.02,1-($C$8)^6))))^2 -> 378.08642 | AH8: =AB8-AG8 -> -230.08642 | AI8: =IF(AND(AH8>0,AH9<=0),1,0) -> 0 | AJ8: =IF(AI8=1,AA8+AH8/(AH8-AH9)*500,0) -> 0 | AL8: =0.25 -> 0.25 | AM8: =IF(AL8<$C$6,$C$5-($C$5-1)*AL8/$C$6,1) -> 1.8470588 | AN8: =AL8*AM8 -> 0.46176471
B9: Punto de funcionamiento (motor a plena carga) | AA9: ='U1 Caja de cambios'!B34 -> 4000 | AB9: ='U1 Caja de cambios'!C34 -> 147 | AC9: =(AA9/$C$7)^2 -> 493.82716 | AD9: =AB9-AC9 -> -346.82716 | AE9: =IF(AND(AD9>0,AD10<=0),1,0) -> 0 | AF9: =IF(AE9=1,AA9+AD9/(AD9-AD10)*500,0) -> 0 | AG9: =(AA9/($C$7/SQRT(MAX(0.02,1-($C$8)^6))))^2 -> 493.82716 | AH9: =AB9-AG9 -> -346.82716 | AI9: =IF(AND(AH9>0,AH10<=0),1,0) -> 0 | AJ9: =IF(AI9=1,AA9+AH9/(AH9-AH10)*500,0) -> 0 | AL9: =0.3 -> 0.3 | AM9: =IF(AL9<$C$6,$C$5-($C$5-1)*AL9/$C$6,1) -> 1.7764706 | AN9: =AL9*AM9 -> 0.53294118
B10: Multiplicación de par, μ | C10: =IF($C$8<$C$6,$C$5-($C$5-1)*$C$8/$C$6,1) -> 2.2 | AA10: ='U1 Caja de cambios'!B35 -> 4500 | AB10: ='U1 Caja de cambios'!C35 -> 144 | AC10: =(AA10/$C$7)^2 -> 625 | AD10: =AB10-AC10 -> -481 | AE10: =IF(AND(AD10>0,AD11<=0),1,0) -> 0 | AF10: =IF(AE10=1,AA10+AD10/(AD10-AD11)*500,0) -> 0 | AG10: =(AA10/($C$7/SQRT(MAX(0.02,1-($C$8)^6))))^2 -> 625 | AH10: =AB10-AG10 -> -481 | AI10: =IF(AND(AH10>0,AH11<=0),1,0) -> 0 | AJ10: =IF(AI10=1,AA10+AH10/(AH10-AH11)*500,0) -> 0 | AL10: =0.35 -> 0.35 | AM10: =IF(AL10<$C$6,$C$5-($C$5-1)*AL10/$C$6,1) -> 1.7058824 | AN10: =AL10*AM10 -> 0.59705882
B11: Rendimiento, η = μ·ν | C11: =$C$10*$C$8*100 -> 0 | D11: % | AA11: ='U1 Caja de cambios'!B36 -> 5000 | AB11: ='U1 Caja de cambios'!C36 -> 138 | AC11: =(AA11/$C$7)^2 -> 771.60494 | AD11: =AB11-AC11 -> -633.60494 | AE11: =IF(AND(AD11>0,AD12<=0),1,0) -> 0 | AF11: =IF(AE11=1,AA11+AD11/(AD11-AD12)*500,0) -> 0 | AG11: =(AA11/($C$7/SQRT(MAX(0.02,1-($C$8)^6))))^2 -> 771.60494 | AH11: =AB11-AG11 -> -633.60494 | AI11: =IF(AND(AH11>0,AH12<=0),1,0) -> 0 | AJ11: =IF(AI11=1,AA11+AH11/(AH11-AH12)*500,0) -> 0 | AL11: =0.4 -> 0.4 | AM11: =IF(AL11<$C$6,$C$5-($C$5-1)*AL11/$C$6,1) -> 1.6352941 | AN11: =AL11*AM11 -> 0.65411765
B12: Deslizamiento, s = 1 − ν | C12: =(1-$C$8)*100 -> 100 | D12: % | AA12: ='U1 Caja de cambios'!B37 -> 5500 | AB12: ='U1 Caja de cambios'!C37 -> 130 | AC12: =(AA12/$C$7)^2 -> 933.64198 | AD12: =AB12-AC12 -> -803.64198 | AE12: =IF(AND(AD12>0,AD13<=0),1,0) -> 0 | AF12: =IF(AE12=1,AA12+AD12/(AD12-AD13)*500,0) -> 0 | AG12: =(AA12/($C$7/SQRT(MAX(0.02,1-($C$8)^6))))^2 -> 933.64198 | AH12: =AB12-AG12 -> -803.64198 | AI12: =IF(AND(AH12>0,AH13<=0),1,0) -> 0 | AJ12: =IF(AI12=1,AA12+AH12/(AH12-AH13)*500,0) -> 0 | AL12: =0.45 -> 0.45 | AM12: =IF(AL12<$C$6,$C$5-($C$5-1)*AL12/$C$6,1) -> 1.5647059 | AN12: =AL12*AM12 -> 0.70411765
B13: Factor de capacidad actual, K(ν) | C13: =($C$7/SQRT(MAX(0.02,1-($C$8)^6))) -> 180 | AA13: ='U1 Caja de cambios'!B38 -> 6000 | AB13: ='U1 Caja de cambios'!C38 -> 120 | AC13: =(AA13/$C$7)^2 -> 1111.1111 | AD13: =AB13-AC13 -> -991.11111 | AE13: =IF(AND(AD13>0,AD14<=0),1,0) -> 0 | AF13: =IF(AE13=1,AA13+AD13/(AD13-AD14)*500,0) -> 0 | AG13: =(AA13/($C$7/SQRT(MAX(0.02,1-($C$8)^6))))^2 -> 1111.1111 | AH13: =AB13-AG13 -> -991.11111 | AI13: =IF(AND(AH13>0,AH14<=0),1,0) -> 0 | AJ13: =IF(AI13=1,AA13+AH13/(AH13-AH14)*500,0) -> 0 | AL13: =0.5 -> 0.5 | AM13: =IF(AL13<$C$6,$C$5-($C$5-1)*AL13/$C$6,1) -> 1.4941176 | AN13: =AL13*AM13 -> 0.74705882
B14: Régimen de la bomba (= motor) | C14: =IF(SUM($AI$3:$AI$13)>0,SUMPRODUCT($AI$3:$AI$13,$AJ$3:$AJ$13),IF($AH$3<=0,1000,6500)) -> 2092.4278 | D14: min⁻¹ | AA14: ='U1 Caja de cambios'!B39 -> 6500 | AB14: ='U1 Caja de cambios'!C39 -> 105 | AC14: =(AA14/$C$7)^2 -> 1304.0123 | AD14: =AB14-AC14 -> -1199.0123 | AG14: =(AA14/($C$7/SQRT(MAX(0.02,1-($C$8)^6))))^2 -> 1304.0123 | AH14: =AB14-AG14 -> -1199.0123 | AL14: =0.55 -> 0.55 | AM14: =IF(AL14<$C$6,$C$5-($C$5-1)*AL14/$C$6,1) -> 1.4235294 | AN14: =AL14*AM14 -> 0.78294118
B15: Par absorbido por la bomba = (n/K)² | C15: =($C$14/$C$13)^2 -> 135.1313 | D15: N·m | AL15: =0.6 -> 0.6 | AM15: =IF(AL15<$C$6,$C$5-($C$5-1)*AL15/$C$6,1) -> 1.3529412 | AN15: =AL15*AM15 -> 0.81176471
B16: Régimen de la turbina = ν · n_bomba | C16: =$C$8*$C$14 -> 0 | D16: min⁻¹ | AL16: =0.65 -> 0.65 | AM16: =IF(AL16<$C$6,$C$5-($C$5-1)*AL16/$C$6,1) -> 1.2823529 | AN16: =AL16*AM16 -> 0.83352941
B17: Par en la turbina = μ · T_bomba | C17: =$C$10*$C$15 -> 297.28887 | D17: N·m | AL17: =0.7 -> 0.7 | AM17: =IF(AL17<$C$6,$C$5-($C$5-1)*AL17/$C$6,1) -> 1.2117647 | AN17: =AL17*AM17 -> 0.84823529
