Workbook

Sheet Factores
A1: GUÍA 1 – MAGNITUDES, UNIDADES SI Y CONVERSIÓN
A2: Factores de conversión (Tabla 1 de la guía)
A4: Conversión | B4: De | C4: A | D4: Factor | E4: Fuente
A5: Longitud | B5: in | C5: mm | D5: 25.4 | E5: BIPM (2019)
A6: Volumen | B6: L | C6: cm³ | D6: 1000 | E6: BIPM (2019)
A7: Volumen | B7: cm³ | C7: m³ | D7: 1e-06 | E7: BIPM (2019)
A8: Fuerza | B8: kgf | C8: N | D8: 9.80665 | E8: BIPM (2019)
A9: Par | B9: kgf·m | C9: N·m | D9: 9.80665 | E9: BIPM (2019)
A10: Par | B10: lb·ft | C10: N·m | D10: 1.35582 | E10: BIPM (2019)
A11: Presión | B11: bar | C11: kPa | D11: 100 | E11: BIPM (2019)
A12: Presión | B12: bar | C12: psi | D12: 14.5038 | E12: BIPM (2019)
A13: Presión | B13: atm | C13: kPa | D13: 101.325 | E13: BIPM (2019)
A14: Potencia | B14: CV | C14: W | D14: 735.499 | E14: BIPM (2019)
A15: Potencia | B15: hp | C15: W | D15: 745.7 | E15: BIPM (2019)
A16: Energía | B16: kWh | C16: MJ | D16: 3.6 | E16: BIPM (2019)
A17: Energía | B17: kcal | C17: kJ | D17: 4.1868 | E17: BIPM (2019)

Sheet Conversiones
A1: Ejercicios de conversión (Tabla 3 de la guía)
A2: Ingrese el valor dado en la columna B
A3: Leyenda: celdas amarillas con texto azul = datos de entrada (editar). Texto negro = fórmulas (no editar).
A5: Nro. | B5: Valor dado | C5: Unidad | D5: Resultado 1 | E5: Unidad 1 | F5: Resultado 2 | G5: Unidad 2
A6: 1 | B6: 1298 | C6: cm³ | D6: =B6/Factores!$D$6 -> 1.298 | E6: L | F6: =B6*Factores!$D$7 -> 0.001298 | G6: m³
A7: 2 | B7: 85 | C7: CV | D7: =B7*Factores!$D$14/1000 -> 62.517415 | E7: kW | F7: =B7*Factores!$D$14/Factores!$D$15 -> 83.83722 | G7: hp
A8: 3 | B8: 110 | C8: N·m | D8: =B8/Factores!$D$9 -> 11.216878 | E8: kgf·m | F8: =B8/Factores!$D$10 -> 81.131714 | G8: lb·ft
A9: 4 | B9: 12.5 | C9: bar | D9: =B9*Factores!$D$11 -> 1250 | E9: kPa | F9: =B9*Factores!$D$12 -> 181.2975 | G9: psi
A10: 5 | B10: 180 | C10: psi | D10: =B10/Factores!$D$12 -> 12.410541 | E10: bar | F10: =B10/Factores!$D$12*100 -> 1241.0541 | G10: kPa
A11: 6 | B11: 88 | C11: °C | D11: =B11+273.15 -> 361.15 | E11: K | F11: =B11*9/5+32 -> 190.4 | G11: °F
A12: 7 | B12: 3.5 | C12: in | D12: =B12*Factores!$D$5 -> 88.9 | E12: mm | F12: =B12*Factores!$D$5/1000 -> 0.0889 | G12: m
A13: 8 | B13: 750 | C13: rpm | D13: =2*PI()*B13/60 -> 78.539816 | E13: rad/s | F13: =B13/60 -> 12.5 | G13: rev/s

Sheet Potencia
A1: Potencia a partir del par y el régimen
A2: P = M·ω; ω = 2π·n/60; P[kW] = M·n/9549
A3: Leyenda: celdas amarillas con texto azul = datos de entrada (editar). Texto negro = fórmulas (no editar).
A5: Parámetro | B5: Símbolo | C5: Valor | D5: Unidad | E5: Fuente / observación
A6: Par motor | B6: M | C6: 110 | D6: N·m | E6: Ejemplo de la guía
A7: Régimen de giro | B7: n | C7: 4000 | D7: rpm | E7: Ejemplo de la guía
A8: Potencia máxima declarada (ficha) | B8: P_ficha | D8: kW | E8: Opcional
A10: Magnitud | B10: Ecuación | C10: Valor | D10: Unidad
A11: Velocidad angular | B11: ω = 2π·n/60 | C11: =2*PI()*C7/60 -> 418.87902 | D11: rad/s
A12: Potencia | B12: P = M·ω | C12: =C6*C11 -> 46076.692 | D12: W
A13: Potencia | B13: P/1000 | C13: =C12/1000 -> 46.076692 | D13: kW
A14: Potencia (fórmula práctica) | B14: P = M·n/9549 | C14: =C6*C7/9549 -> 46.078123 | D14: kW
A15: Potencia | B15: P/0,7355 | C15: =C13/(Factores!$D$14/1000) -> 62.646846 | D15: CV
A16: Diferencia con la ficha | B16: (P − P_ficha)/P_ficha | C16: =IF(C8="","",(C13-C8)/C8*100) | D16: %

Sheet Mediciones
A1: Registro de mediciones directas (Tabla 4 de la guía)
A3: Leyenda: celdas amarillas con texto azul = datos de entrada (editar). Texto negro = fórmulas (no editar).
A5: Medición | B5: Lectura 1 | C5: Lectura 2 | D5: Lectura 3 | E5: Promedio | F5: Desv. estándar | G5: Valor SI | H5: Unidad SI
A6: Diámetro (mm) | B6: 78.02 | C6: 78 | D6: 78.04 | E6: =AVERAGE(B6:D6) -> 78.02 | F6: =STDEV(B6:D6) -> 0.02 | G6: =E6/1000 -> 0.07802 | H6: m
A7: Presión (bar) | B7: 2.5 | C7: 2.5 | D7: 2.6 | E7: =AVERAGE(B7:D7) -> 2.5333333 | F7: =STDEV(B7:D7) -> 0.057735027 | G7: =E7*100000 -> 253333.33 | H7: Pa
A8: Temperatura (°C) | B8: 22.1 | C8: 22.4 | D8: 22 | E8: =AVERAGE(B8:D8) -> 22.166667 | F8: =STDEV(B8:D8) -> 0.2081666 | G8: =E8+273.15 -> 295.31667 | H8: K
