Workbook

Sheet Propiedades
A1: GUÍA 2 – SISTEMAS TERMODINÁMICOS Y PROPIEDADES
A2: P_abs = P_man + P_atm; ρ = P_abs/(R·T)
A3: Leyenda: celdas amarillas con texto azul = datos de entrada (editar). Texto negro = fórmulas (no editar).
A5: Parámetro | B5: Símbolo | C5: Valor | D5: Unidad | E5: Fuente / observación
A6: Constante del aire | B6: R | C6: 287 | D6: J/(kg·K) | E6: Aire
A7: Altitud del lugar | B7: h | C7: 2060 | D7: m s. n. m. | E7: Loja (aproximado)
A8: Presión atmosférica estimada | B8: P_atm,est | C8: =101.325*(1-0.0000225577*C7)^5.25588 -> 78.904763 | D8: kPa | E8: Atmósfera estándar ISA (fórmula)
A10: Registro del escáner (Tabla 2 de la guía)
A11: Condición | B11: rpm | C11: MAP (kPa abs) | D11: ECT (°C) | E11: IAT (°C) | F11: P_man (kPa) | G11: Vacío (inHg) | H11: IAT (K) | I11: ρ aire (kg/m³) | J11: ECT (K)
A12: 1. Motor apagado | B12: 0 | C12: 79 | D12: 22 | E12: 21 | F12: =C12-$C$12 -> 0 | G12: =IF(F12<0,-F12*0.2953,0) -> 0 | H12: =E12+273.15 -> 294.15 | I12: =C12*1000/($C$6*H12) -> 0.93578557 | J12: =D12+273.15 -> 295.15
A13: 2. Ralentí, motor frío | B13: 850 | C13: 33 | D13: 35 | E13: 24 | F13: =C13-$C$12 -> -46 | G13: =IF(F13<0,-F13*0.2953,0) -> 13.5838 | H13: =E13+273.15 -> 297.15 | I13: =C13*1000/($C$6*H13) -> 0.3869513 | J13: =D13+273.15 -> 308.15
A14: 3. Ralentí, temperatura normal | B14: 780 | C14: 30 | D14: 90 | E14: 38 | F14: =C14-$C$12 -> -49 | G14: =IF(F14<0,-F14*0.2953,0) -> 14.4697 | H14: =E14+273.15 -> 311.15 | I14: =C14*1000/($C$6*H14) -> 0.33594606 | J14: =D14+273.15 -> 363.15
A15: 4. 2500 rpm estabilizado | B15: 2500 | C15: 26 | D15: 92 | E15: 40 | F15: =C15-$C$12 -> -53 | G15: =IF(F15<0,-F15*0.2953,0) -> 15.6509 | H15: =E15+273.15 -> 313.15 | I15: =C15*1000/($C$6*H15) -> 0.28929374 | J15: =D15+273.15 -> 365.15
A17: P_atm se toma del MAP con motor apagado (condición 1). Compárelo con la estimación ISA de la celda C8. Valores de ejemplo ilustrativos.

Sheet Altitud
A1: Presión atmosférica y densidad del aire según la altitud
A2: Atmósfera estándar ISA (T = 15 °C − 6,5 °C/km)
A4: Ciudad / altitud | B4: h (m) | C4: P_atm (kPa) | D4: T ISA (K) | E4: ρ aire (kg/m³) | F4: Pérdida de densidad (%)
A5: Nivel del mar | B5: 0 | C5: =101.325*(1-0.0000225577*B5)^5.25588 -> 101.325 | D5: =288.15-0.0065*B5 -> 288.15 | E5: =C5*1000/(Propiedades!$C$6*D5) -> 1.2252257 | F5: =(1-E5/$E$5)*100 -> 0
A6: Guayaquil | B6: 4 | C6: =101.325*(1-0.0000225577*B6)^5.25588 -> 101.27696 | D6: =288.15-0.0065*B6 -> 288.124 | E6: =C6*1000/(Propiedades!$C$6*D6) -> 1.2247553 | F6: =(1-E6/$E$5)*100 -> 0.038395507
A7: Cuenca | B7: 2550 | C7: =101.325*(1-0.0000225577*B7)^5.25588 -> 74.214525 | D7: =288.15-0.0065*B7 -> 271.575 | E7: =C7*1000/(Propiedades!$C$6*D7) -> 0.95217599 | F7: =(1-E7/$E$5)*100 -> 22.285665
A8: Loja | B8: 2060 | C8: =101.325*(1-0.0000225577*B8)^5.25588 -> 78.904763 | D8: =288.15-0.0065*B8 -> 274.76 | E8: =C8*1000/(Propiedades!$C$6*D8) -> 1.0006169 | F8: =(1-E8/$E$5)*100 -> 18.332037
A9: Quito | B9: 2850 | C9: =101.325*(1-0.0000225577*B9)^5.25588 -> 71.456205 | D9: =288.15-0.0065*B9 -> 269.625 | E9: =C9*1000/(Propiedades!$C$6*D9) -> 0.92341706 | F9: =(1-E9/$E$5)*100 -> 24.6329
A10: Riobamba | B10: 2754 | C10: =101.325*(1-0.0000225577*B10)^5.25588 -> 72.329677 | D10: =288.15-0.0065*B10 -> 270.249 | E10: =C10*1000/(Propiedades!$C$6*D10) -> 0.93254658 | F10: =(1-E10/$E$5)*100 -> 23.887771
A11: Ambato | B11: 2577 | C11: =101.325*(1-0.0000225577*B11)^5.25588 -> 73.962801 | D11: =288.15-0.0065*B11 -> 271.3995 | E11: =C11*1000/(Propiedades!$C$6*D11) -> 0.94956 | F11: =(1-E11/$E$5)*100 -> 22.499176

Sheet Graficas
