Workbook

Sheet Datos
A1: GUÍA 4 – PRIMERA LEY DE LA TERMODINÁMICA Y EFICIENCIA TÉRMICA
A2: Balance de energía del motor: ṁ_f·PCI = P_e + Q_ref + Q_esc + Q_otros
A3: Leyenda: celdas amarillas con texto azul = datos de entrada (editar). Texto negro = fórmulas (no editar).
A5: Parámetro | B5: Símbolo | C5: Valor | D5: Unidad | E5: Fuente / observación
A6: Poder calorífico inferior de la gasolina | B6: PCI | C6: 43000 | D6: kJ/kg | E6: Valor típico (Payri & Desantes, 2011)
A7: Densidad de la gasolina | B7: ρ_f | C7: 0.74 | D7: kg/L | E7: Valor típico
A8: Fracción de energía al refrigerante | B8: f_ref | C8: 0.28 | D8: — | E8: Valor orientativo (Figura 1 de la guía)
A9: Fracción de energía al escape | B9: f_esc | C9: 0.33 | D9: — | E9: Valor orientativo (Figura 1 de la guía)
A10: Factor de emisión de CO₂ | B10: FE | C10: 2.3 | D10: kg CO₂/L | E10: Aproximado para gasolina
A11: Mejora de eficiencia a evaluar | B11: Δη | C11: 0.05 | D11: — | E11: 5 puntos porcentuales

Sheet Balance
A1: Balance de energía por caso (Tabla 1 de la guía)
A2: Ingrese potencia y consumo de cada caso
A3: Leyenda: celdas amarillas con texto azul = datos de entrada (editar). Texto negro = fórmulas (no editar).
A5: Caso | B5: P_e (kW) | C5: Consumo (L/h) | D5: ṁ_f (kg/s) | E5: Energía aportada (kW) | F5: η_e (%) | G5: Q_ref (kW) | H5: Q_esc (kW) | I5: Q_otros (kW) | J5: Comprobación (kW) | K5: g_e (g/kWh)
A6: A | B6: 30 | C6: 11.5 | D6: =IF(C6="","",C6*Datos!$C$7/3600) -> 0.0023638889 | E6: =IF(D6="","",D6*Datos!$C$6) -> 101.64722 | F6: =IF(OR(E6="",B6=""),"",B6/E6*100) -> 29.513841 | G6: =IF(E6="","",Datos!$C$8*E6) -> 28.461222 | H6: =IF(E6="","",Datos!$C$9*E6) -> 33.543583 | I6: =IF(OR(E6="",B6=""),"",E6-B6-G6-H6) -> 9.6424167 | J6: =IF(I6="","",B6+G6+H6+I6) -> 101.64722 | K6: =IF(F6="","",D6*3600*1000/B6) -> 283.66667
A7: B | B7: 60 | C7: 18 | D7: =IF(C7="","",C7*Datos!$C$7/3600) -> 0.0037 | E7: =IF(D7="","",D7*Datos!$C$6) -> 159.1 | F7: =IF(OR(E7="",B7=""),"",B7/E7*100) -> 37.712131 | G7: =IF(E7="","",Datos!$C$8*E7) -> 44.548 | H7: =IF(E7="","",Datos!$C$9*E7) -> 52.503 | I7: =IF(OR(E7="",B7=""),"",E7-B7-G7-H7) -> 2.049 | J7: =IF(I7="","",B7+G7+H7+I7) -> 159.1 | K7: =IF(F7="","",D7*3600*1000/B7) -> 222
A8: C | B8: 75 | C8: 26 | D8: =IF(C8="","",C8*Datos!$C$7/3600) -> 0.0053444444 | E8: =IF(D8="","",D8*Datos!$C$6) -> 229.81111 | F8: =IF(OR(E8="",B8=""),"",B8/E8*100) -> 32.635498 | G8: =IF(E8="","",Datos!$C$8*E8) -> 64.347111 | H8: =IF(E8="","",Datos!$C$9*E8) -> 75.837667 | I8: =IF(OR(E8="",B8=""),"",E8-B8-G8-H8) -> 14.626333 | J8: =IF(I8="","",B8+G8+H8+I8) -> 229.81111 | K8: =IF(F8="","",D8*3600*1000/B8) -> 256.53333
A9: Motor lab. | D9: =IF(C9="","",C9*Datos!$C$7/3600) | E9: =IF(D9="","",D9*Datos!$C$6) | F9: =IF(OR(E9="",B9=""),"",B9/E9*100) | G9: =IF(E9="","",Datos!$C$8*E9) | H9: =IF(E9="","",Datos!$C$9*E9) | I9: =IF(OR(E9="",B9=""),"",E9-B9-G9-H9) | J9: =IF(I9="","",B9+G9+H9+I9) | K9: =IF(F9="","",D9*3600*1000/B9)
A11: Ejemplo resuelto (caso B): ṁ_f = 18·0,74/3600 = 0,0037 kg/s; energía = 0,0037·43 000 = 159,1 kW; η_e = 60/159,1 = 37,7 %.
A12: Si Q_otros resulta negativo, los porcentajes supuestos no son compatibles con la eficiencia calculada: revise f_ref y f_esc.

Sheet Parametrico
A1: Análisis paramétrico: η_e en función del consumo (P_e constante)
A2: Equivale a la Parametric Table de EES
A4: Potencia constante P_e (kW) | C4: 60
A6: Consumo (L/h) | B6: ṁ_f (kg/s) | C6: Energía aportada (kW) | D6: η_e (%) | E6: Q_ref (kW) | F6: Q_esc (kW)
A7: 12 | B7: =A7*Datos!$C$7/3600 -> 0.0024666667 | C7: =B7*Datos!$C$6 -> 106.06667 | D7: =$C$4/C7*100 -> 56.568196 | E7: =Datos!$C$8*C7 -> 29.698667 | F7: =Datos!$C$9*C7 -> 35.002
A8: 14 | B8: =A8*Datos!$C$7/3600 -> 0.0028777778 | C8: =B8*Datos!$C$6 -> 123.74444 | D8: =$C$4/C8*100 -> 48.487025 | E8: =Datos!$C$8*C8 -> 34.648444 | F8: =Datos!$C$9*C8 -> 40.835667
A9: 16 | B9: =A9*Datos!$C$7/3600 -> 0.0032888889 | C9: =B9*Datos!$C$6 -> 141.42222 | D9: =$C$4/C9*100 -> 42.426147 | E9: =Datos!$C$8*C9 -> 39.598222 | F9: =Datos!$C$9*C9 -> 46.669333
A10: 18 | B10: =A10*Datos!$C$7/3600 -> 0.0037 | C10: =B10*Datos!$C$6 -> 159.1 | D10: =$C$4/C10*100 -> 37.712131 | E10: =Datos!$C$8*C10 -> 44.548 | F10: =Datos!$C$9*C10 -> 52.503
A11: 20 | B11: =A11*Datos!$C$7/3600 -> 0.0041111111 | C11: =B11*Datos!$C$6 -> 176.77778 | D11: =$C$4/C11*100 -> 33.940918 | E11: =Datos!$C$8*C11 -> 49.497778 | F11: =Datos!$C$9*C11 -> 58.336667
A12: 22 | B12: =A12*Datos!$C$7/3600 -> 0.0045222222 | C12: =B12*Datos!$C$6 -> 194.45556 | D12: =$C$4/C12*100 -> 30.85538 | E12: =Datos!$C$8*C12 -> 54.447556 | F12: =Datos!$C$9*C12 -> 64.170333
A13: 24 | B13: =A13*Datos!$C$7/3600 -> 0.0049333333 | C13: =B13*Datos!$C$6 -> 212.13333 | D13: =$C$4/C13*100 -> 28.284098 | E13: =Datos!$C$8*C13 -> 59.397333 | F13: =Datos!$C$9*C13 -> 70.004
A14: 26 | B14: =A14*Datos!$C$7/3600 -> 0.0053444444 | C14: =B14*Datos!$C$6 -> 229.81111 | D14: =$C$4/C14*100 -> 26.108398 | E14: =Datos!$C$8*C14 -> 64.347111 | F14: =Datos!$C$9*C14 -> 75.837667
A15: 28 | B15: =A15*Datos!$C$7/3600 -> 0.0057555556 | C15: =B15*Datos!$C$6 -> 247.48889 | D15: =$C$4/C15*100 -> 24.243513 | E15: =Datos!$C$8*C15 -> 69.296889 | F15: =Datos!$C$9*C15 -> 81.671333
A16: 30 | B16: =A16*Datos!$C$7/3600 -> 0.0061666667 | C16: =B16*Datos!$C$6 -> 265.16667 | D16: =$C$4/C16*100 -> 22.627278 | E16: =Datos!$C$8*C16 -> 74.246667 | F16: =Datos!$C$9*C16 -> 87.505
A18: Nota. Con 12 L/h y 60 kW la eficiencia supera la de un motor real; se incluye para mostrar la tendencia.

Sheet CO2
A1: Emisiones de CO₂ asociadas al consumo (Tabla 3 de la guía)
A2: CO₂ = consumo · factor de emisión
A4: Caso | B4: Consumo (L/h) | C4: CO₂ (kg/h) | D4: η_e actual (%) | E4: η_e mejorada (%) | F4: Consumo mejorado (L/h) | G4: CO₂ mejorado (kg/h) | H4: CO₂ evitado (kg/h)
A5: =Balance!A6 -> A | B5: =IF(Balance!C6="","",Balance!C6) -> 11.5 | C5: =IF(B5="","",B5*Datos!$C$10) -> 26.45 | D5: =IF(Balance!F6="","",Balance!F6) -> 29.513841 | E5: =IF(D5="","",D5+Datos!$C$11*100) -> 34.513841 | F5: =IF(E5="","",Balance!B6/(E5/100)/Datos!$C$6/Datos!$C$7*3600) -> 9.8340017 | G5: =IF(F5="","",F5*Datos!$C$10) -> 22.618204 | H5: =IF(G5="","",C5-G5) -> 3.831796
A6: =Balance!A7 -> B | B6: =IF(Balance!C7="","",Balance!C7) -> 18 | C6: =IF(B6="","",B6*Datos!$C$10) -> 41.4 | D6: =IF(Balance!F7="","",Balance!F7) -> 37.712131 | E6: =IF(D6="","",D6+Datos!$C$11*100) -> 42.712131 | F6: =IF(E6="","",Balance!B7/(E6/100)/Datos!$C$6/Datos!$C$7*3600) -> 15.89287 | G6: =IF(F6="","",F6*Datos!$C$10) -> 36.553602 | H6: =IF(G6="","",C6-G6) -> 4.8463984
A7: =Balance!A8 -> C | B7: =IF(Balance!C8="","",Balance!C8) -> 26 | C7: =IF(B7="","",B7*Datos!$C$10) -> 59.8 | D7: =IF(Balance!F8="","",Balance!F8) -> 32.635498 | E7: =IF(D7="","",D7+Datos!$C$11*100) -> 37.635498 | F7: =IF(E7="","",Balance!B8/(E7/100)/Datos!$C$6/Datos!$C$7*3600) -> 22.545814 | G7: =IF(F7="","",F7*Datos!$C$10) -> 51.855373 | H7: =IF(G7="","",C7-G7) -> 7.9446272
A8: =Balance!A9 -> Motor lab. | B8: =IF(Balance!C9="","",Balance!C9) | C8: =IF(B8="","",B8*Datos!$C$10) | D8: =IF(Balance!F9="","",Balance!F9) | E8: =IF(D8="","",D8+Datos!$C$11*100) | F8: =IF(E8="","",Balance!B9/(E8/100)/Datos!$C$6/Datos!$C$7*3600) | G8: =IF(F8="","",F8*Datos!$C$10) | H8: =IF(G8="","",C8-G8)

Sheet Graficas
