Workbook

Sheet Cotas
A1: GUÍA 8 – COTAS DE DISTRIBUCIÓN Y CRUCE DE VÁLVULAS
A2: Cruce = AAA + RCE; Admisión = AAA + 180° + RCA; Escape = AAE + 180° + RCE
A3: Leyenda: celdas amarillas con texto azul = datos de entrada (editar). Texto negro = fórmulas (no editar).
A5: Cota | B5: Referencia | C5: Valor medido (°) | D5: Valor del manual (°) | E5: Diferencia (°)
A6: AAA | B6: antes del PMS | C6: 12 | D6: 10 | E6: =C6-D6 -> 2
A7: RCA | B7: después del PMI | C7: 44 | D7: 46 | E7: =C7-D7 -> -2
A8: AAE | B8: antes del PMI | C8: 48 | D8: 46 | E8: =C8-D8 -> 2
A9: RCE | B9: después del PMS | C9: 8 | D9: 10 | E9: =C9-D9 -> -2
A11: Resultados
A12: Magnitud | B12: Ecuación | C12: Medido (°) | D12: Manual (°)
A13: Cruce de válvulas | B13: AAA + RCE | C13: =C6+C9 -> 20 | D13: =D6+D9 -> 20
A14: Duración de la admisión | B14: AAA + 180 + RCA | C14: =C6+180+C7 -> 236 | D14: =D6+180+D7 -> 236
A15: Duración del escape | B15: AAE + 180 + RCE | C15: =C8+180+C9 -> 236 | D15: =D8+180+D9 -> 236
A16: Apertura de admisión (° de cigüeñal desde PMS de explosión) | B16: 360 − AAA | C16: =360-C6 -> 348 | D16: =360-D6 -> 350
A17: Cierre de admisión | B17: 540 + RCA | C17: =540+C7 -> 584 | D17: =540+D7 -> 586
A18: Apertura de escape | B18: 180 − AAE | C18: =180-C8 -> 132 | D18: =180-D8 -> 134
A19: Cierre de escape | B19: 360 + RCE | C19: =360+C9 -> 368 | D19: =360+D9 -> 370
A20: Duración de admisión en el árbol de levas | B20: Admisión/2 | C20: =C14/2 -> 118 | D20: =D14/2 -> 118
A22: Ángulos referidos a 0° = PMS al inicio de la carrera de expansión (ciclo de 720°).

Sheet Alzada
A1: Periodos de apertura de válvulas en el ciclo de 720°
A2: Aproximación senoidal de la alzada para visualizar el cruce
A3: Alzada máxima (mm) | C3: 9
A5: θ (°) | B5: Alzada admisión (mm) | C5: Alzada escape (mm)
A6: 0 | B6: =IF(AND(IF(A6<180,A6+720,A6)>=Cotas!$C$16,IF(A6<180,A6+720,A6)<=Cotas!$C$17),$C$3*SIN(PI()*(IF(A6<180,A6+720,A6)-Cotas!$C$16)/(Cotas!$C$17-Cotas!$C$16)),0) -> 0 | C6: =IF(AND(A6>=Cotas!$C$18,A6<=Cotas!$C$19),$C$3*SIN(PI()*(A6-Cotas!$C$18)/(Cotas!$C$19-Cotas!$C$18)),0) -> 0
A7: 5 | B7: =IF(AND(IF(A7<180,A7+720,A7)>=Cotas!$C$16,IF(A7<180,A7+720,A7)<=Cotas!$C$17),$C$3*SIN(PI()*(IF(A7<180,A7+720,A7)-Cotas!$C$16)/(Cotas!$C$17-Cotas!$C$16)),0) -> 0 | C7: =IF(AND(A7>=Cotas!$C$18,A7<=Cotas!$C$19),$C$3*SIN(PI()*(A7-Cotas!$C$18)/(Cotas!$C$19-Cotas!$C$18)),0) -> 0
A8: 10 | B8: =IF(AND(IF(A8<180,A8+720,A8)>=Cotas!$C$16,IF(A8<180,A8+720,A8)<=Cotas!$C$17),$C$3*SIN(PI()*(IF(A8<180,A8+720,A8)-Cotas!$C$16)/(Cotas!$C$17-Cotas!$C$16)),0) -> 0 | C8: =IF(AND(A8>=Cotas!$C$18,A8<=Cotas!$C$19),$C$3*SIN(PI()*(A8-Cotas!$C$18)/(Cotas!$C$19-Cotas!$C$18)),0) -> 0
A9: 15 | B9: =IF(AND(IF(A9<180,A9+720,A9)>=Cotas!$C$16,IF(A9<180,A9+720,A9)<=Cotas!$C$17),$C$3*SIN(PI()*(IF(A9<180,A9+720,A9)-Cotas!$C$16)/(Cotas!$C$17-Cotas!$C$16)),0) -> 0 | C9: =IF(AND(A9>=Cotas!$C$18,A9<=Cotas!$C$19),$C$3*SIN(PI()*(A9-Cotas!$C$18)/(Cotas!$C$19-Cotas!$C$18)),0) -> 0
A10: 20 | B10: =IF(AND(IF(A10<180,A10+720,A10)>=Cotas!$C$16,IF(A10<180,A10+720,A10)<=Cotas!$C$17),$C$3*SIN(PI()*(IF(A10<180,A10+720,A10)-Cotas!$C$16)/(Cotas!$C$17-Cotas!$C$16)),0) -> 0 | C10: =IF(AND(A10>=Cotas!$C$18,A10<=Cotas!$C$19),$C$3*SIN(PI()*(A10-Cotas!$C$18)/(Cotas!$C$19-Cotas!$C$18)),0) -> 0
A11: 25 | B11: =IF(AND(IF(A11<180,A11+720,A11)>=Cotas!$C$16,IF(A11<180,A11+720,A11)<=Cotas!$C$17),$C$3*SIN(PI()*(IF(A11<180,A11+720,A11)-Cotas!$C$16)/(Cotas!$C$17-Cotas!$C$16)),0) -> 0 | C11: =IF(AND(A11>=Cotas!$C$18,A11<=Cotas!$C$19),$C$3*SIN(PI()*(A11-Cotas!$C$18)/(Cotas!$C$19-Cotas!$C$18)),0) -> 0
A12: 30 | B12: =IF(AND(IF(A12<180,A12+720,A12)>=Cotas!$C$16,IF(A12<180,A12+720,A12)<=Cotas!$C$17),$C$3*SIN(PI()*(IF(A12<180,A12+720,A12)-Cotas!$C$16)/(Cotas!$C$17-Cotas!$C$16)),0) -> 0 | C12: =IF(AND(A12>=Cotas!$C$18,A12<=Cotas!$C$19),$C$3*SIN(PI()*(A12-Cotas!$C$18)/(Cotas!$C$19-Cotas!$C$18)),0) -> 0
A13: 35 | B13: =IF(AND(IF(A13<180,A13+720,A13)>=Cotas!$C$16,IF(A13<180,A13+720,A13)<=Cotas!$C$17),$C$3*SIN(PI()*(IF(A13<180,A13+720,A13)-Cotas!$C$16)/(Cotas!$C$17-Cotas!$C$16)),0) -> 0 | C13: =IF(AND(A13>=Cotas!$C$18,A13<=Cotas!$C$19),$C$3*SIN(PI()*(A13-Cotas!$C$18)/(Cotas!$C$19-Cotas!$C$18)),0) -> 0
A14: 40 | B14: =IF(AND(IF(A14<180,A14+720,A14)>=Cotas!$C$16,IF(A14<180,A14+720,A14)<=Cotas!$C$17),$C$3*SIN(PI()*(IF(A14<180,A14+720,A14)-Cotas!$C$16)/(Cotas!$C$17-Cotas!$C$16)),0) -> 0 | C14: =IF(AND(A14>=Cotas!$C$18,A14<=Cotas!$C$19),$C$3*SIN(PI()*(A14-Cotas!$C$18)/(Cotas!$C$19-Cotas!$C$18)),0) -> 0
A15: 45 | B15: =IF(AND(IF(A15<180,A15+720,A15)>=Cotas!$C$16,IF(A15<180,A15+720,A15)<=Cotas!$C$17),$C$3*SIN(PI()*(IF(A15<180,A15+720,A15)-Cotas!$C$16)/(Cotas!$C$17-Cotas!$C$16)),0) -> 0 | C15: =IF(AND(A15>=Cotas!$C$18,A15<=Cotas!$C$19),$C$3*SIN(PI()*(A15-Cotas!$C$18)/(Cotas!$C$19-Cotas!$C$18)),0) -> 0
A16: 50 | B16: =IF(AND(IF(A16<180,A16+720,A16)>=Cotas!$C$16,IF(A16<180,A16+720,A16)<=Cotas!$C$17),$C$3*SIN(PI()*(IF(A16<180,A16+720,A16)-Cotas!$C$16)/(Cotas!$C$17-Cotas!$C$16)),0) -> 0 | C16: =IF(AND(A16>=Cotas!$C$18,A16<=Cotas!$C$19),$C$3*SIN(PI()*(A16-Cotas!$C$18)/(Cotas!$C$19-Cotas!$C$18)),0) -> 0
A17: 55 | B17: =IF(AND(IF(A17<180,A17+720,A17)>=Cotas!$C$16,IF(A17<180,A17+720,A17)<=Cotas!$C$17),$C$3*SIN(PI()*(IF(A17<180,A17+720,A17)-Cotas!$C$16)/(Cotas!$C$17-Cotas!$C$16)),0) -> 0 | C17: =IF(AND(A17>=Cotas!$C$18,A17<=Cotas!$C$19),$C$3*SIN(PI()*(A17-Cotas!$C$18)/(Cotas!$C$19-Cotas!$C$18)),0) -> 0
... A150: 720 | B150: =IF(AND(IF(A150<180,A150+720,A150)>=Cotas!$C$16,IF(A150<180,A150+720,A150)<=Cotas!$C$17),$C$3*SIN(PI()*(IF(A150<180,A150+720,A150)-Cotas!$C$16)/(Cotas!$C$17-Cotas!$C$16)),0) -> 0 | C150: =IF(AND(A150>=Cotas!$C$18,A150<=Cotas!$C$19),$C$3*SIN(PI()*(A150-Cotas!$C$18)/(Cotas!$C$19-Cotas!$C$18)),0) -> 0

Sheet Graficas
