Workbook

Sheet Datos
A1: GUÍA 13 – GEOMETRÍA DEL MCIA
A2: Introducción a Motores · Mecánica Automotriz · ISTS
A3: Leyenda: celdas amarillas con texto azul = datos de entrada (editar). Texto negro = fórmulas (no editar).
A5: Parámetro | B5: Símbolo | C5: Valor | D5: Unidad | E5: Fuente / observación
A6: Diámetro nominal (manual) | B6: D_man | C6: 78 | D6: mm | E6: Manual de taller (dato de ejemplo)
A7: Carrera nominal (manual) | B7: S_man | C7: 67.5 | D7: mm | E7: Manual de taller (dato de ejemplo)
A8: Número de cilindros | B8: Z | C8: 4 | D8: — | E8: Ficha técnica
A9: Longitud de la biela (entre centros) | B9: L | C9: 131 | D9: mm | E9: Manual o medición (dato de ejemplo)
A10: Régimen de ralentí | B10: n_ral | C10: 800 | D10: rpm | E10: Manual de taller
A11: Régimen de par máximo | B11: n_M | C11: 3500 | D11: rpm | E11: Ficha técnica
A12: Régimen de potencia máxima | B12: n_P | C12: 6000 | D12: rpm | E12: Ficha técnica

Sheet Mediciones
A1: Mediciones de carrera y diámetro
A2: Registre las lecturas en las celdas amarillas (valores de ejemplo)
A3: Leyenda: celdas amarillas con texto azul = datos de entrada (editar). Texto negro = fórmulas (no editar).
A5: 1. Carrera del pistón (profundidad desde el plano del bloque)
A6: Cilindro | B6: h_PMS (mm) | C6: h_PMI (mm) | D6: S = h_PMI − h_PMS (mm)
A7: 1 | B7: 0.52 | C7: 68.04 | D7: =C7-B7 -> 67.52
A8: 2 | B8: 0.48 | C8: 67.96 | D8: =C8-B8 -> 67.48
A9: Promedio | D9: =AVERAGE(D7:D8) -> 67.5
A11: 2. Diámetro del cilindro con alexómetro
A12: Cilindro | B12: Sup. long. | C12: Sup. transv. | D12: Med. long. | E12: Med. transv. | F12: Inf. long. | G12: Inf. transv. | H12: D promedio (mm) | I12: Conicidad (mm) | J12: Ovalización máx. (mm)
A13: 1 | B13: 78.03 | C13: 78.05 | D13: 78.02 | E13: 78.03 | F13: 78.01 | G13: 78.02 | H13: =AVERAGE(B13:G13) -> 78.026667 | I13: =AVERAGE(B13:C13)-AVERAGE(F13:G13) -> 0.025 | J13: =MAX(ABS(C13-B13),ABS(E13-D13),ABS(G13-F13)) -> 0.02
A14: 2 | B14: 78.02 | C14: 78.04 | D14: 78.02 | E14: 78.02 | F14: 78.01 | G14: 78.01 | H14: =AVERAGE(B14:G14) -> 78.02 | I14: =AVERAGE(B14:C14)-AVERAGE(F14:G14) -> 0.02 | J14: =MAX(ABS(C14-B14),ABS(E14-D14),ABS(G14-F14)) -> 0.02
A15: Promedio | H15: =AVERAGE(H13:H14) -> 78.023333
A16: Conicidad = promedio superior − promedio inferior; ovalización = mayor diferencia transversal − longitudinal en una misma altura.
A18: 3. Resultados geométricos
A19: Parámetro | B19: Símbolo | C19: Medido | D19: Manual | E19: Unidad | F19: Error (%)
A20: Carrera | B20: S | C20: =D9 -> 67.5 | D20: =Datos!C7 -> 67.5 | E20: mm | F20: =IF(D20=0,"",(C20-D20)/D20*100) -> 0
A21: Diámetro | B21: D | C21: =H15 -> 78.023333 | D21: =Datos!C6 -> 78 | E21: mm | F21: =IF(D21=0,"",(C21-D21)/D21*100) -> 0.02991453
A22: Relación carrera/diámetro | B22: S/D | C22: =C20/C21 -> 0.86512582 | D22: =D20/D21 -> 0.86538462 | E22: — | F22: =IF(D22=0,"",(C22-D22)/D22*100) -> -0.029905584
A23: Radio de la manivela | B23: r = S/2 | C23: =C20/2 -> 33.75 | D23: =D20/2 -> 33.75 | E23: mm | F23: =IF(D23=0,"",(C23-D23)/D23*100) -> 0
A24: Área del pistón | B24: A_P = π·D²/4 | C24: =PI()*(C21/10)^2/4 -> 47.812217 | D24: =PI()*(D21/10)^2/4 -> 47.783624 | E24: cm² | F24: =IF(D24=0,"",(C24-D24)/D24*100) -> 0.059838009
A25: Volumen del cilindro | B25: V_C = A_P·S | C25: =C24*C20/10 -> 322.73246 | D25: =D24*D20/10 -> 322.53946 | E25: cm³ | F25: =IF(D25=0,"",(C25-D25)/D25*100) -> 0.059838009
A26: Cilindrada | B26: V_C·Z | C26: =C25*Datos!$C$8 -> 1290.9299 | D26: =D25*Datos!$C$8 -> 1290.1579 | E26: cm³ | F26: =IF(D26=0,"",(C26-D26)/D26*100) -> 0.059838009
A27: Relación biela–manivela | B27: λ = r/L | C27: =C23/Datos!$C$9 -> 0.25763359 | D27: =D23/Datos!$C$9 -> 0.25763359 | E27: — | F27: =IF(D27=0,"",(C27-D27)/D27*100) -> 0
A29: Clasificación del motor | C29: =IF(C22<0.97,"Supercuadrado",IF(C22<=1.03,"Cuadrado","Carrera larga")) -> Supercuadrado
A30: Criterio: S/D < 0,97 supercuadrado; 0,97 a 1,03 cuadrado; > 1,03 carrera larga.
A32: 4. Velocidad media del pistón c_m = 2·S·n/60
A33: Condición | B33: n (rpm) | C33: S (m) | D33: c_m (m/s) | E33: Valoración
A34: Ralentí | B34: =Datos!C10 -> 800 | C34: =$C$20/1000 -> 0.0675 | D34: =2*C34*B34/60 -> 1.8 | E34: =IF(D34>20,"Elevada (> 20 m/s)",IF(D34>=14,"Normal a potencia máxima","Baja")) -> Baja
A35: Par máximo | B35: =Datos!C11 -> 3500 | C35: =$C$20/1000 -> 0.0675 | D35: =2*C35*B35/60 -> 7.875 | E35: =IF(D35>20,"Elevada (> 20 m/s)",IF(D35>=14,"Normal a potencia máxima","Baja")) -> Baja
A36: Potencia máxima | B36: =Datos!C12 -> 6000 | C36: =$C$20/1000 -> 0.0675 | D36: =2*C36*B36/60 -> 13.5 | E36: =IF(D36>20,"Elevada (> 20 m/s)",IF(D36>=14,"Normal a potencia máxima","Baja")) -> Baja

Sheet Biela_manivela
A1: Posición y velocidad del pistón en función del ángulo del cigüeñal
A2: x = r(1 − cos θ) + L − √(L² − r²·sen²θ); v ≈ r·ω·(sen θ + (r/2L)·sen 2θ)
A3: Régimen para la velocidad (rpm) | C3: =Datos!C12 -> 6000 | D3: (vinculado a potencia máxima; puede escribir otro valor)
A5: θ (°) | B5: x (mm) | C5: v (m/s) | D5: Posición | F5: Velocidad máxima (m/s) | G5: =MAX(C6:C42) -> 21.817869
A6: 0 | B6: =Mediciones!$C$23*(1-COS(RADIANS(A6)))+Datos!$C$9-SQRT(Datos!$C$9^2-(Mediciones!$C$23*SIN(RADIANS(A6)))^2) -> 0 | C6: =Mediciones!$C$23/1000*(2*PI()*$C$3/60)*(SIN(RADIANS(A6))+Mediciones!$C$23/(2*Datos!$C$9)*SIN(RADIANS(2*A6))) -> 0 | D6: =IF(A6=0,"PMS",IF(A6=180,"PMI",IF(A6=360,"PMS",""))) -> PMS | F6: Ángulo de v máx. (°) | G6: =INDEX(A6:A42,MATCH(G5,C6:C42,0)) -> 80
A7: 10 | B7: =Mediciones!$C$23*(1-COS(RADIANS(A7)))+Datos!$C$9-SQRT(Datos!$C$9^2-(Mediciones!$C$23*SIN(RADIANS(A7)))^2) -> 0.64389918 | C7: =Mediciones!$C$23/1000*(2*PI()*$C$3/60)*(SIN(RADIANS(A7))+Mediciones!$C$23/(2*Datos!$C$9)*SIN(RADIANS(2*A7))) -> 4.6166216 | D7: =IF(A7=0,"PMS",IF(A7=180,"PMI",IF(A7=360,"PMS",""))) | F7: x a 90° (mm) | G7: =B15 -> 38.172208
A8: 20 | B8: =Mediciones!$C$23*(1-COS(RADIANS(A8)))+Datos!$C$9-SQRT(Datos!$C$9^2-(Mediciones!$C$23*SIN(RADIANS(A8)))^2) -> 2.5449338 | C8: =Mediciones!$C$23/1000*(2*PI()*$C$3/60)*(SIN(RADIANS(A8))+Mediciones!$C$23/(2*Datos!$C$9)*SIN(RADIANS(2*A8))) -> 9.0086689 | D8: =IF(A8=0,"PMS",IF(A8=180,"PMI",IF(A8=360,"PMS",""))) | F8: Mitad de carrera r (mm) | G8: =Mediciones!C23 -> 33.75
A9: 30 | B9: =Mediciones!$C$23*(1-COS(RADIANS(A9)))+Datos!$C$9-SQRT(Datos!$C$9^2-(Mediciones!$C$23*SIN(RADIANS(A9)))^2) -> 5.613081 | C9: =Mediciones!$C$23/1000*(2*PI()*$C$3/60)*(SIN(RADIANS(A9))+Mediciones!$C$23/(2*Datos!$C$9)*SIN(RADIANS(2*A9))) -> 12.968559 | D9: =IF(A9=0,"PMS",IF(A9=180,"PMI",IF(A9=360,"PMS","")))
A10: 40 | B10: =Mediciones!$C$23*(1-COS(RADIANS(A10)))+Datos!$C$9-SQRT(Datos!$C$9^2-(Mediciones!$C$23*SIN(RADIANS(A10)))^2) -> 9.7047975 | C10: =Mediciones!$C$23/1000*(2*PI()*$C$3/60)*(SIN(RADIANS(A10))+Mediciones!$C$23/(2*Datos!$C$9)*SIN(RADIANS(2*A10))) -> 16.32095 | D10: =IF(A10=0,"PMS",IF(A10=180,"PMI",IF(A10=360,"PMS","")))
A11: 50 | B11: =Mediciones!$C$23*(1-COS(RADIANS(A11)))+Datos!$C$9-SQRT(Datos!$C$9^2-(Mediciones!$C$23*SIN(RADIANS(A11)))^2) -> 14.632514 | C11: =Mediciones!$C$23/1000*(2*PI()*$C$3/60)*(SIN(RADIANS(A11))+Mediciones!$C$23/(2*Datos!$C$9)*SIN(RADIANS(2*A11))) -> 18.934704 | D11: =IF(A11=0,"PMS",IF(A11=180,"PMI",IF(A11=360,"PMS","")))
A12: 60 | B12: =Mediciones!$C$23*(1-COS(RADIANS(A12)))+Datos!$C$9-SQRT(Datos!$C$9^2-(Mediciones!$C$23*SIN(RADIANS(A12)))^2) -> 20.177298 | C12: =Mediciones!$C$23/1000*(2*PI()*$C$3/60)*(SIN(RADIANS(A12))+Mediciones!$C$23/(2*Datos!$C$9)*SIN(RADIANS(2*A12))) -> 20.730403 | D12: =IF(A12=0,"PMS",IF(A12=180,"PMI",IF(A12=360,"PMS","")))
A13: 70 | B13: =Mediciones!$C$23*(1-COS(RADIANS(A13)))+Datos!$C$9-SQRT(Datos!$C$9^2-(Mediciones!$C$23*SIN(RADIANS(A13)))^2) -> 26.103781 | C13: =Mediciones!$C$23/1000*(2*PI()*$C$3/60)*(SIN(RADIANS(A13))+Mediciones!$C$23/(2*Datos!$C$9)*SIN(RADIANS(2*A13))) -> 21.682762 | D13: =IF(A13=0,"PMS",IF(A13=180,"PMI",IF(A13=360,"PMS","")))
A14: 80 | B14: =Mediciones!$C$23*(1-COS(RADIANS(A14)))+Datos!$C$9-SQRT(Datos!$C$9^2-(Mediciones!$C$23*SIN(RADIANS(A14)))^2) -> 32.175979 | C14: =Mediciones!$C$23/1000*(2*PI()*$C$3/60)*(SIN(RADIANS(A14))+Mediciones!$C$23/(2*Datos!$C$9)*SIN(RADIANS(2*A14))) -> 21.817869 | D14: =IF(A14=0,"PMS",IF(A14=180,"PMI",IF(A14=360,"PMS","")))
A15: 90 | B15: =Mediciones!$C$23*(1-COS(RADIANS(A15)))+Datos!$C$9-SQRT(Datos!$C$9^2-(Mediciones!$C$23*SIN(RADIANS(A15)))^2) -> 38.172208 | C15: =Mediciones!$C$23/1000*(2*PI()*$C$3/60)*(SIN(RADIANS(A15))+Mediciones!$C$23/(2*Datos!$C$9)*SIN(RADIANS(2*A15))) -> 21.20575 | D15: =IF(A15=0,"PMS",IF(A15=180,"PMI",IF(A15=360,"PMS","")))
A16: 100 | B16: =Mediciones!$C$23*(1-COS(RADIANS(A16)))+Datos!$C$9-SQRT(Datos!$C$9^2-(Mediciones!$C$23*SIN(RADIANS(A16)))^2) -> 43.897231 | C16: =Mediciones!$C$23/1000*(2*PI()*$C$3/60)*(SIN(RADIANS(A16))+Mediciones!$C$23/(2*Datos!$C$9)*SIN(RADIANS(2*A16))) -> 19.949306 | D16: =IF(A16=0,"PMS",IF(A16=180,"PMI",IF(A16=360,"PMS","")))
A17: 110 | B17: =Mediciones!$C$23*(1-COS(RADIANS(A17)))+Datos!$C$9-SQRT(Datos!$C$9^2-(Mediciones!$C$23*SIN(RADIANS(A17)))^2) -> 49.190141 | C17: =Mediciones!$C$23/1000*(2*PI()*$C$3/60)*(SIN(RADIANS(A17))+Mediciones!$C$23/(2*Datos!$C$9)*SIN(RADIANS(2*A17))) -> 18.171012 | D17: =IF(A17=0,"PMS",IF(A17=180,"PMI",IF(A17=360,"PMS","")))
A18: 120 | B18: =Mediciones!$C$23*(1-COS(RADIANS(A18)))+Datos!$C$9-SQRT(Datos!$C$9^2-(Mediciones!$C$23*SIN(RADIANS(A18)))^2) -> 53.927298 | C18: =Mediciones!$C$23/1000*(2*PI()*$C$3/60)*(SIN(RADIANS(A18))+Mediciones!$C$23/(2*Datos!$C$9)*SIN(RADIANS(2*A18))) -> 15.999034 | D18: =IF(A18=0,"PMS",IF(A18=180,"PMI",IF(A18=360,"PMS","")))
A19: 130 | B19: =Mediciones!$C$23*(1-COS(RADIANS(A19)))+Datos!$C$9-SQRT(Datos!$C$9^2-(Mediciones!$C$23*SIN(RADIANS(A19)))^2) -> 58.020678 | C19: =Mediciones!$C$23/1000*(2*PI()*$C$3/60)*(SIN(RADIANS(A19))+Mediciones!$C$23/(2*Datos!$C$9)*SIN(RADIANS(2*A19))) -> 13.55439 | D19: =IF(A19=0,"PMS",IF(A19=180,"PMI",IF(A19=360,"PMS","")))
A20: 140 | B20: =Mediciones!$C$23*(1-COS(RADIANS(A20)))+Datos!$C$9-SQRT(Datos!$C$9^2-(Mediciones!$C$23*SIN(RADIANS(A20)))^2) -> 61.412797 | C20: =Mediciones!$C$23/1000*(2*PI()*$C$3/60)*(SIN(RADIANS(A20))+Mediciones!$C$23/(2*Datos!$C$9)*SIN(RADIANS(2*A20))) -> 10.940637 | D20: =IF(A20=0,"PMS",IF(A20=180,"PMI",IF(A20=360,"PMS","")))
... A42: 360 | B42: =Mediciones!$C$23*(1-COS(RADIANS(A42)))+Datos!$C$9-SQRT(Datos!$C$9^2-(Mediciones!$C$23*SIN(RADIANS(A42)))^2) -> 0 | C42: =Mediciones!$C$23/1000*(2*PI()*$C$3/60)*(SIN(RADIANS(A42))+Mediciones!$C$23/(2*Datos!$C$9)*SIN(RADIANS(2*A42))) -> -6.5320368e-15 | D42: =IF(A42=0,"PMS",IF(A42=180,"PMI",IF(A42=360,"PMS",""))) -> PMS

Sheet Graficas
