Workbook

Sheet Calculos
A1: GUÍA 14 – CILINDRADA Y RELACIÓN DE COMPRESIÓN
A2: Ecuaciones de la guía original: A_P, V_C, V_CC, R_c, V_u, V_T, V_j, R_cj
A3: Leyenda: celdas amarillas con texto azul = datos de entrada (editar). Texto negro = fórmulas (no editar).
A5: 1. Datos de entrada
A6: Parámetro | B6: Símbolo | C6: Valor | D6: Unidad | E6: Fuente / observación
A7: Diámetro del cilindro | B7: D | C7: 7.8 | D7: cm | E7: Guía 13 (dato de ejemplo)
A8: Carrera del pistón | B8: S | C8: 6.75 | D8: cm | E8: Guía 13 (dato de ejemplo)
A9: Número de cilindros | B9: Z | C9: 4 | D9: — | E9: Ficha técnica
A10: Relación de compresión del fabricante | B10: R_c | C10: 9.5 | D10: — | E10: Manual de taller
A11: Espesor del empaque | B11: E_j | C11: 1.2 | D11: mm | E11: Medición con calibrador
A12: Relación de calores específicos | B12: γ | C12: 1.4 | D12: — | E12: Aire (para η Otto ideal)
A14: 2. Cálculo sin considerar el empaque
A15: Parámetro | B15: Ecuación | C15: Valor | D15: Unidad | E15: Descripción
A16: Área del pistón | B16: A_P = π·D²/4 | C16: =PI()*C7^2/4 -> 47.783624 | D16: cm² | E16: Área de la cabeza del pistón
A17: Volumen del cilindro | B17: V_C = A_P·S | C17: =C16*C8 -> 322.53946 | D17: cm³ | E17: Cilindrada unitaria
A18: Volumen de la cámara de combustión | B18: V_CC = V_C/(R_c − 1) | C18: =C17/(C10-1) -> 37.945819 | D18: cm³ | E18: Con R_c del fabricante
A19: Relación de compresión (comprobación) | B19: R_c = (V_C + V_CC)/V_CC | C19: =(C17+C18)/C18 -> 9.5 | D19: — | E19: Debe coincidir con R_c
A20: Volumen unitario | B20: V_u = V_C + V_CC | C20: =C17+C18 -> 360.48528 | D20: cm³ | E20: Cilindro + cámara
A21: Volumen total | B21: V_T = V_u·Z | C21: =C20*C9 -> 1441.9411 | D21: cm³ | E21: Incluye las cámaras
A22: Cilindrada comercial | B22: V_C·Z | C22: =C17*C9 -> 1290.1579 | D22: cm³ | E22: Volumen desplazado por los pistones
A23: Eficiencia Otto ideal | B23: η = 1 − 1/R_c^(γ−1) | C23: =(1-1/C19^(C12-1))*100 -> 59.364037 | D23: % | E23: Referencia (Guía 6)
A25: 3. Cálculo considerando el empaque de culata
A26: Parámetro | B26: Ecuación | C26: Valor | D26: Unidad | E26: Descripción
A27: Espesor del empaque | B27: E_j (cm) | C27: =C11/10 -> 0.12 | D27: cm | E27: Conversión mm → cm
A28: Volumen del empaque | B28: V_j = (V_u/S)·E_j | C28: =C20/C8*C27 -> 6.4086273 | D28: cm³ | E28: Volumen añadido por el empaque
A29: Relación de compresión con empaque | B29: R_cj = (V_C + V_CC + V_j)/(V_CC + V_j) | C29: =(C17+C18+C28)/(C18+C28) -> 8.2718631 | D29: — | E29: Relación efectiva
A30: Volumen unitario con empaque | B30: V_u = V_C + V_CC + V_j | C30: =C17+C18+C28 -> 366.89391 | D30: cm³
A31: Volumen total con empaque | B31: V_T = V_u·Z | C31: =C30*C9 -> 1467.5756 | D31: cm³
A32: Eficiencia Otto ideal con empaque | B32: η = 1 − 1/R_cj^(γ−1) | C32: =(1-1/C29^(C12-1))*100 -> 57.050445 | D32: %
A33: Variación de R_c por el empaque | B33: (R_cj − R_c)/R_c | C33: =(C29-C19)/C19*100 -> -12.927757 | D33: %

Sheet Bureta
A1: Volumen de la cámara medido con bureta
A2: Compare con V_CC calculado
A3: Leyenda: celdas amarillas con texto azul = datos de entrada (editar). Texto negro = fórmulas (no editar).
A5: Cámara | B5: Nivel inicial (mL) | C5: Nivel final (mL) | D5: Volumen medido (cm³) | E5: V_CC calculado (cm³) | F5: Diferencia (%) | G5: R_c con V_CC medido
A6: 1 | B6: 50 | C6: 12.2 | D6: =B6-C6 -> 37.8 | E6: =Calculos!$C$18 -> 37.945819 | F6: =(D6-E6)/E6*100 -> -0.38428282 | G6: =(Calculos!$C$17+D6)/D6 -> 9.53279
A7: 2 | B7: 50 | C7: 12 | D7: =B7-C7 -> 38 | E7: =Calculos!$C$18 -> 37.945819 | F7: =(D7-E7)/E7*100 -> 0.14278446 | G7: =(Calculos!$C$17+D7)/D7 -> 9.4878806
A8: 3 | B8: 50 | C8: 12.4 | D8: =B8-C8 -> 37.6 | E8: =Calculos!$C$18 -> 37.945819 | F8: =(D8-E8)/E8*100 -> -0.91135011 | G8: =(Calculos!$C$17+D8)/D8 -> 9.5781772
A9: Promedio | D9: =AVERAGE(D6:D8) -> 37.8 | E9: =AVERAGE(E6:E8) -> 37.945819 | F9: =AVERAGE(F6:F8) -> -0.38428282 | G9: =AVERAGE(G6:G8) -> 9.5329493
A11: Las lecturas de ejemplo son ilustrativas. Si la bureta se vacía al llenar la cámara, volumen = nivel inicial − nivel final.

Sheet Empaque
A1: Influencia del espesor del empaque
A2: Tabla paramétrica: modifique los espesores en la columna A si lo desea
A4: E_j (mm) | B4: V_j (cm³) | C4: R_cj | D4: V_u (cm³) | E4: V_T (cm³) | F4: η Otto ideal (%)
A5: 0.4 | B5: =Calculos!$C$20/Calculos!$C$8*A5/10 -> 2.1362091 | C5: =(Calculos!$C$17+Calculos!$C$18+B5)/(Calculos!$C$18+B5) -> 9.0469846 | D5: =Calculos!$C$17+Calculos!$C$18+B5 -> 362.62149 | E5: =D5*Calculos!$C$9 -> 1450.486 | F5: =(1-1/C5^(Calculos!$C$12-1))*100 -> 58.562031
A6: 0.6 | B6: =Calculos!$C$20/Calculos!$C$8*A6/10 -> 3.2043136 | C6: =(Calculos!$C$17+Calculos!$C$18+B6)/(Calculos!$C$18+B6) -> 8.8381148 | D6: =Calculos!$C$17+Calculos!$C$18+B6 -> 363.6896 | E6: =D6*Calculos!$C$9 -> 1454.7584 | F6: =(1-1/C6^(Calculos!$C$12-1))*100 -> 58.173055
A7: 0.8 | B7: =Calculos!$C$20/Calculos!$C$8*A7/10 -> 4.2724182 | C7: =(Calculos!$C$17+Calculos!$C$18+B7)/(Calculos!$C$18+B7) -> 8.6398136 | D7: =Calculos!$C$17+Calculos!$C$18+B7 -> 364.7577 | E7: =D7*Calculos!$C$9 -> 1459.0308 | F7: =(1-1/C7^(Calculos!$C$12-1))*100 -> 57.791662
A8: 1 | B8: =Calculos!$C$20/Calculos!$C$8*A8/10 -> 5.3405227 | C8: =(Calculos!$C$17+Calculos!$C$18+B8)/(Calculos!$C$18+B8) -> 8.4512987 | D8: =Calculos!$C$17+Calculos!$C$18+B8 -> 365.82581 | E8: =D8*Calculos!$C$9 -> 1463.3032 | F8: =(1-1/C8^(Calculos!$C$12-1))*100 -> 57.417553
A9: 1.2 | B9: =Calculos!$C$20/Calculos!$C$8*A9/10 -> 6.4086273 | C9: =(Calculos!$C$17+Calculos!$C$18+B9)/(Calculos!$C$18+B9) -> 8.2718631 | D9: =Calculos!$C$17+Calculos!$C$18+B9 -> 366.89391 | E9: =D9*Calculos!$C$9 -> 1467.5756 | F9: =(1-1/C9^(Calculos!$C$12-1))*100 -> 57.050445
A10: 1.4 | B10: =Calculos!$C$20/Calculos!$C$8*A10/10 -> 7.4767318 | C10: =(Calculos!$C$17+Calculos!$C$18+B10)/(Calculos!$C$18+B10) -> 8.1008663 | D10: =Calculos!$C$17+Calculos!$C$18+B10 -> 367.96201 | E10: =D10*Calculos!$C$9 -> 1471.8481 | F10: =(1-1/C10^(Calculos!$C$12-1))*100 -> 56.690077
A11: 1.6 | B11: =Calculos!$C$20/Calculos!$C$8*A11/10 -> 8.5448363 | C11: =(Calculos!$C$17+Calculos!$C$18+B11)/(Calculos!$C$18+B11) -> 7.9377267 | D11: =Calculos!$C$17+Calculos!$C$18+B11 -> 369.03012 | E11: =D11*Calculos!$C$9 -> 1476.1205 | F11: =(1-1/C11^(Calculos!$C$12-1))*100 -> 56.336199
A12: 1.8 | B12: =Calculos!$C$20/Calculos!$C$8*A12/10 -> 9.6129409 | C12: =(Calculos!$C$17+Calculos!$C$18+B12)/(Calculos!$C$18+B12) -> 7.7819149 | D12: =Calculos!$C$17+Calculos!$C$18+B12 -> 370.09822 | E12: =D12*Calculos!$C$9 -> 1480.3929 | F12: =(1-1/C12^(Calculos!$C$12-1))*100 -> 55.988577
A13: 2 | B13: =Calculos!$C$20/Calculos!$C$8*A13/10 -> 10.681045 | C13: =(Calculos!$C$17+Calculos!$C$18+B13)/(Calculos!$C$18+B13) -> 7.632948 | D13: =Calculos!$C$17+Calculos!$C$18+B13 -> 371.16633 | E13: =D13*Calculos!$C$9 -> 1484.6653 | F13: =(1-1/C13^(Calculos!$C$12-1))*100 -> 55.646992

Sheet Graficas
