Workbook

Sheet Parametros
A1: GUÍA 15 – CURVAS CARACTERÍSTICAS DEL MOTOR
A2: Introducción a Motores · Carrera de Mecánica Automotriz · ISTS
A4: Leyenda
A5: Celdas amarillas con texto azul: datos que el estudiante debe ingresar o modificar.
A6: Texto negro: fórmulas calculadas automáticamente (no editar).
A8: Parámetro | B8: Símbolo | C8: Valor | D8: Unidad | E8: Fuente / observación
A9: Diámetro del cilindro | B9: D | C9: 8 | D9: cm | E9: Dato de ejemplo (motor 1,6 L); reemplazar con Guía 13
A10: Carrera del pistón | B10: S | C10: 7.96 | D10: cm | E10: Dato de ejemplo; reemplazar con Guía 13
A11: Número de cilindros | B11: Z | C11: 4 | D11: — | E11: Ficha técnica
A12: Área del pistón | B12: A_P | C12: =PI()*C9^2/4 -> 50.265482 | D12: cm² | E12: A_P = π·D²/4 (guía original)
A13: Volumen del cilindro | B13: V_C | C13: =C12*C10 -> 400.11324 | D13: cm³ | E13: V_C = A_P·S (guía original)
A14: Cilindrada | B14: V_C·Z | C14: =C13*C11 -> 1600.453 | D14: cm³ | E14: Volumen desplazado por los pistones
A15: Poder calorífico inferior | B15: PCI | C15: 43000 | D15: kJ/kg | E15: Gasolina, valor típico (Payri & Desantes, 2011)
A16: Densidad del combustible | B16: ρ_f | C16: 0.74 | D16: kg/L | E16: Gasolina, valor típico
A17: Constante de potencia | B17: k | C17: 9549 | D17: — | E17: P[kW] = M[N·m]·n[rpm]/9549
A18: Equivalencia CV | B18: 1 CV | C18: 0.7355 | D18: kW | E18: Caballo de vapor métrico
A19: Tiempos del motor | B19: i | C19: 4 | D19: — | E19: 4 = cuatro tiempos (usa 4π en pme); 2 = dos tiempos (usa 2π)

Sheet Curvas
A1: Datos de ensayo y cálculo de parámetros característicos
A2: Ingrese en las columnas A a C los datos del dinamómetro o del fabricante (celdas amarillas). Fila 5 = ejemplo de la guía.
A4: n (rpm) | B4: M (N·m) | C4: g_e (g/kWh) | D4: P_e (kW) | E4: P_e (CV) | F4: pme (bar) | G4: η_e (%) | H4: ṁ_f (kg/h) | I4: Consumo (L/h) | J4: ω (rad/s) | L4: Parámetros característicos
A5: 1500 | B5: 98 | C5: 330 | D5: =IF(OR(A5="",B5=""),"",B5*A5/Parametros!$C$17) -> 15.394282 | E5: =IF(D5="","",D5/Parametros!$C$18) -> 20.930363 | F5: =IF(B5="","",Parametros!$C$19*PI()*B5/(Parametros!$C$14*0.000001)/100000) -> 7.6947236 | G5: =IF(OR(C5="",C5=0),"",3600000/(C5*Parametros!$C$15)*100) -> 25.369979 | H5: =IF(OR(C5="",D5=""),"",C5*D5/1000) -> 5.0801131 | I5: =IF(H5="","",H5/Parametros!$C$16) -> 6.8650177 | J5: =IF(A5="","",2*PI()*A5/60) -> 157.07963 | L5: Par máximo (N·m) | M5: =MAX(B5:B16) -> 116 | N5: =INDEX(A5:A16,MATCH(M5,B5:B16,0)) -> 3500
A6: 2000 | B6: 106 | C6: 300 | D6: =IF(OR(A6="",B6=""),"",B6*A6/Parametros!$C$17) -> 22.201278 | E6: =IF(D6="","",D6/Parametros!$C$18) -> 30.185286 | F6: =IF(B6="","",Parametros!$C$19*PI()*B6/(Parametros!$C$14*0.000001)/100000) -> 8.3228643 | G6: =IF(OR(C6="",C6=0),"",3600000/(C6*Parametros!$C$15)*100) -> 27.906977 | H6: =IF(OR(C6="",D6=""),"",C6*D6/1000) -> 6.6603833 | I6: =IF(H6="","",H6/Parametros!$C$16) -> 9.000518 | J6: =IF(A6="","",2*PI()*A6/60) -> 209.43951 | L6: Potencia máxima (kW) | M6: =MAX(D5:D16) -> 56.550424 | N6: =INDEX(A5:A16,MATCH(M6,D5:D16,0)) -> 6000
A7: 2500 | B7: 112 | C7: 285 | D7: =IF(OR(A7="",B7=""),"",B7*A7/Parametros!$C$17) -> 29.322442 | E7: =IF(D7="","",D7/Parametros!$C$18) -> 39.867358 | F7: =IF(B7="","",Parametros!$C$19*PI()*B7/(Parametros!$C$14*0.000001)/100000) -> 8.7939698 | G7: =IF(OR(C7="",C7=0),"",3600000/(C7*Parametros!$C$15)*100) -> 29.375765 | H7: =IF(OR(C7="",D7=""),"",C7*D7/1000) -> 8.356896 | I7: =IF(H7="","",H7/Parametros!$C$16) -> 11.293103 | J7: =IF(A7="","",2*PI()*A7/60) -> 261.79939 | L7: Potencia máxima (CV) | M7: =M6/Parametros!$C$18 -> 76.887048 | N7: =N6 -> 6000
A8: 3000 | B8: 115 | C8: 275 | D8: =IF(OR(A8="",B8=""),"",B8*A8/Parametros!$C$17) -> 36.129438 | E8: =IF(D8="","",D8/Parametros!$C$18) -> 49.122281 | F8: =IF(B8="","",Parametros!$C$19*PI()*B8/(Parametros!$C$14*0.000001)/100000) -> 9.0295226 | G8: =IF(OR(C8="",C8=0),"",3600000/(C8*Parametros!$C$15)*100) -> 30.443975 | H8: =IF(OR(C8="",D8=""),"",C8*D8/1000) -> 9.9355954 | I8: =IF(H8="","",H8/Parametros!$C$16) -> 13.42648 | J8: =IF(A8="","",2*PI()*A8/60) -> 314.15927 | L8: Consumo específico mínimo (g/kWh) | M8: =MIN(C5:C16) -> 270 | N8: =INDEX(A5:A16,MATCH(M8,C5:C16,0)) -> 3500
A9: 3500 | B9: 116 | C9: 270 | D9: =IF(OR(A9="",B9=""),"",B9*A9/Parametros!$C$17) -> 42.517541 | E9: =IF(D9="","",D9/Parametros!$C$18) -> 57.80767 | F9: =IF(B9="","",Parametros!$C$19*PI()*B9/(Parametros!$C$14*0.000001)/100000) -> 9.1080402 | G9: =IF(OR(C9="",C9=0),"",3600000/(C9*Parametros!$C$15)*100) -> 31.007752 | H9: =IF(OR(C9="",D9=""),"",C9*D9/1000) -> 11.479736 | I9: =IF(H9="","",H9/Parametros!$C$16) -> 15.513157 | J9: =IF(A9="","",2*PI()*A9/60) -> 366.51914 | L9: Rendimiento efectivo máximo (%) | M9: =MAX(G5:G16) -> 31.007752 | N9: =N8 -> 3500
A10: 4000 | B10: 114 | C10: 272 | D10: =IF(OR(A10="",B10=""),"",B10*A10/Parametros!$C$17) -> 47.753691 | E10: =IF(D10="","",D10/Parametros!$C$18) -> 64.926841 | F10: =IF(B10="","",Parametros!$C$19*PI()*B10/(Parametros!$C$14*0.000001)/100000) -> 8.951005 | G10: =IF(OR(C10="",C10=0),"",3600000/(C10*Parametros!$C$15)*100) -> 30.779754 | H10: =IF(OR(C10="",D10=""),"",C10*D10/1000) -> 12.989004 | I10: =IF(H10="","",H10/Parametros!$C$16) -> 17.552708 | J10: =IF(A10="","",2*PI()*A10/60) -> 418.87902 | L10: pme máxima (bar) | M10: =MAX(F5:F16) -> 9.1080402 | N10: =N5 -> 3500
A11: 4500 | B11: 110 | C11: 280 | D11: =IF(OR(A11="",B11=""),"",B11*A11/Parametros!$C$17) -> 51.837889 | E11: =IF(D11="","",D11/Parametros!$C$18) -> 70.479794 | F11: =IF(B11="","",Parametros!$C$19*PI()*B11/(Parametros!$C$14*0.000001)/100000) -> 8.6369347 | G11: =IF(OR(C11="",C11=0),"",3600000/(C11*Parametros!$C$15)*100) -> 29.900332 | H11: =IF(OR(C11="",D11=""),"",C11*D11/1000) -> 14.514609 | I11: =IF(H11="","",H11/Parametros!$C$16) -> 19.614336 | J11: =IF(A11="","",2*PI()*A11/60) -> 471.2389 | L11: Par a potencia máxima (N·m) | M11: =INDEX(B5:B16,MATCH(M6,D5:D16,0)) -> 90 | N11: =N6 -> 6000
A12: 5000 | B12: 105 | C12: 292 | D12: =IF(OR(A12="",B12=""),"",B12*A12/Parametros!$C$17) -> 54.979579 | E12: =IF(D12="","",D12/Parametros!$C$18) -> 74.751297 | F12: =IF(B12="","",Parametros!$C$19*PI()*B12/(Parametros!$C$14*0.000001)/100000) -> 8.2443467 | G12: =IF(OR(C12="",C12=0),"",3600000/(C12*Parametros!$C$15)*100) -> 28.671551 | H12: =IF(OR(C12="",D12=""),"",C12*D12/1000) -> 16.054037 | I12: =IF(H12="","",H12/Parametros!$C$16) -> 21.694645 | J12: =IF(A12="","",2*PI()*A12/60) -> 523.59878 | L12: Elasticidad de par | M12: =M5/M11 -> 1.2888889 | N12: —
A13: 5500 | B13: 98 | C13: 310 | D13: =IF(OR(A13="",B13=""),"",B13*A13/Parametros!$C$17) -> 56.445701 | E13: =IF(D13="","",D13/Parametros!$C$18) -> 76.744665 | F13: =IF(B13="","",Parametros!$C$19*PI()*B13/(Parametros!$C$14*0.000001)/100000) -> 7.6947236 | G13: =IF(OR(C13="",C13=0),"",3600000/(C13*Parametros!$C$15)*100) -> 27.006752 | H13: =IF(OR(C13="",D13=""),"",C13*D13/1000) -> 17.498167 | I13: =IF(H13="","",H13/Parametros!$C$16) -> 23.646172 | J13: =IF(A13="","",2*PI()*A13/60) -> 575.95865 | L13: Elasticidad de régimen | M13: =N6/N5 -> 1.7142857 | N13: —
A14: 6000 | B14: 90 | C14: 335 | D14: =IF(OR(A14="",B14=""),"",B14*A14/Parametros!$C$17) -> 56.550424 | E14: =IF(D14="","",D14/Parametros!$C$18) -> 76.887048 | F14: =IF(B14="","",Parametros!$C$19*PI()*B14/(Parametros!$C$14*0.000001)/100000) -> 7.0665829 | G14: =IF(OR(C14="",C14=0),"",3600000/(C14*Parametros!$C$15)*100) -> 24.991322 | H14: =IF(OR(C14="",D14=""),"",C14*D14/1000) -> 18.944392 | I14: =IF(H14="","",H14/Parametros!$C$16) -> 25.60053 | J14: =IF(A14="","",2*PI()*A14/60) -> 628.31853 | L14: Rango de utilización óptima (rpm) | M14: =N5&" – "&N6 -> 3500 – 6000 | N14: —
D15: =IF(OR(A15="",B15=""),"",B15*A15/Parametros!$C$17) | E15: =IF(D15="","",D15/Parametros!$C$18) | F15: =IF(B15="","",Parametros!$C$19*PI()*B15/(Parametros!$C$14*0.000001)/100000) | G15: =IF(OR(C15="",C15=0),"",3600000/(C15*Parametros!$C$15)*100) | H15: =IF(OR(C15="",D15=""),"",C15*D15/1000) | I15: =IF(H15="","",H15/Parametros!$C$16) | J15: =IF(A15="","",2*PI()*A15/60)
D16: =IF(OR(A16="",B16=""),"",B16*A16/Parametros!$C$17) | E16: =IF(D16="","",D16/Parametros!$C$18) | F16: =IF(B16="","",Parametros!$C$19*PI()*B16/(Parametros!$C$14*0.000001)/100000) | G16: =IF(OR(C16="",C16=0),"",3600000/(C16*Parametros!$C$15)*100) | H16: =IF(OR(C16="",D16=""),"",C16*D16/1000) | I16: =IF(H16="","",H16/Parametros!$C$16) | J16: =IF(A16="","",2*PI()*A16/60) | L16: Nota. Datos ilustrativos de la Guía 15; sustitúyalos por los del dinamómetro del laboratorio.

Sheet Graficas
A1: Curvas características del motor

Sheet Analisis
A1: Preguntas de análisis (responder en el informe)
A3: 1. ¿En qué rango de régimen conviene cambiar de marcha para una conducción económica? Justifique con la curva de consumo específico.
A4: 2. Explique por qué la potencia sigue aumentando aunque el par ya disminuya.
A5: 3. Interprete la elasticidad de par y de régimen obtenidas.
A6: 4. Estime la potencia máxima del motor en Loja (79 kPa) si a nivel del mar (101,3 kPa) es la calculada, suponiendo motor atmosférico y misma temperatura.
A9: Potencia estimada en Loja (kW) | B9: =Curvas!M6*79/101.3 -> 44.101515 | C9: Aproximación por relación de densidades (misma temperatura).
