Workbook

Sheet Motor
A1: ESPECIFICACIONES DEL FABRICANTE – MOTOR ASIGNADO
A3: Motor asignado (elija de la lista): | C3: Daihatsu CB-20
A4: Las celdas verdes de las demás hojas toman el «Valor aplicado» de esta tabla. Cuando el manual da un límite de servicio, el máximo/mínimo es ese límite. Si el manual del motor no especifica el dato, se aplica el valor orientativo y la columna «Origen» lo indica.
A6: Comprobación | B6: Unidad | C6: Daihatsu CB-20 | D6: Nissan A14 | E6: Hyundai G4EC | F6: Chevrolet Monza 2.0 | G6: Valor orientativo | H6: Valor aplicado | I6: Origen | J6: Fuente en el manual
A7: Ovalización/conicidad máx. de muñones y muñequillas | B7: mm | C7: 0.01 | D7: 0.005 | E7: 0.005 | F7: 0.004 | G7: 0.01 | H7: =IF(ISNUMBER(INDEX($C7:$F7,MATCH($C$3,$C$6:$F$6,0))),INDEX($C7:$F7,MATCH($C$3,$C$6:$F$6,0)),IF(INDEX($C7:$F7,MATCH($C$3,$C$6:$F$6,0))<>"","",IF($G7="","",$G7))) | I7: =IF(ISNUMBER(INDEX($C7:$F7,MATCH($C$3,$C$6:$F$6,0))),"Manual",IF(INDEX($C7:$F7,MATCH($C$3,$C$6:$F$6,0))<>"","No aplica a este motor",IF($G7="","Sin dato","Orientativo: el manual no lo especifica"))) | J7: Daihatsu Type CB, pp. 13-5 a 13-9 (col. CB-23/CB-61, mismo bloque y culata); Haynes p. 20; Hyundai Accent LC 1.6 DOHC (familia Alpha), EM General Information; GM Monza, pp. 6Z-01 a 6Z-03
A8: Diámetro nominal del cilindro | B8: mm | C8: 76 | D8: 76 | E8: 75.5 | F8: 86 | G8: 78 | H8: =IF(ISNUMBER(INDEX($C8:$F8,MATCH($C$3,$C$6:$F$6,0))),INDEX($C8:$F8,MATCH($C$3,$C$6:$F$6,0)),IF(INDEX($C8:$F8,MATCH($C$3,$C$6:$F$6,0))<>"","",IF($G8="","",$G8))) | I8: =IF(ISNUMBER(INDEX($C8:$F8,MATCH($C$3,$C$6:$F$6,0))),"Manual",IF(INDEX($C8:$F8,MATCH($C$3,$C$6:$F$6,0))<>"","No aplica a este motor",IF($G8="","Sin dato","Orientativo: el manual no lo especifica"))) | J8: CB-20: G10 p. 13; A14: Haynes p. 18; G4EC: dato del motor; Monza p. 6Z-01
A9: Ovalización y conicidad máx. del cilindro | B9: mm | C9: 0.1 | D9: 0.015 | E9: 0.01 | F9: 0.127 | G9: 0.05 | H9: =IF(ISNUMBER(INDEX($C9:$F9,MATCH($C$3,$C$6:$F$6,0))),INDEX($C9:$F9,MATCH($C$3,$C$6:$F$6,0)),IF(INDEX($C9:$F9,MATCH($C$3,$C$6:$F$6,0))<>"","",IF($G9="","",$G9))) | I9: =IF(ISNUMBER(INDEX($C9:$F9,MATCH($C$3,$C$6:$F$6,0))),"Manual",IF(INDEX($C9:$F9,MATCH($C$3,$C$6:$F$6,0))<>"","No aplica a este motor",IF($G9="","Sin dato","Orientativo: el manual no lo especifica"))) | J9: Daihatsu Type CB, pp. 13-5 a 13-9 (col. CB-23/CB-61, mismo bloque y culata); Haynes p. 19; Hyundai Accent LC 1.6 DOHC (familia Alpha), EM General Information; GM Monza, pp. 6Z-01 a 6Z-03
A10: Alabeo máx. del plano de junta de la culata | B10: mm | C10: 0.1 | E10: 0.1 | G10: 0.05 | H10: =IF(ISNUMBER(INDEX($C10:$F10,MATCH($C$3,$C$6:$F$6,0))),INDEX($C10:$F10,MATCH($C$3,$C$6:$F$6,0)),IF(INDEX($C10:$F10,MATCH($C$3,$C$6:$F$6,0))<>"","",IF($G10="","",$G10))) | I10: =IF(ISNUMBER(INDEX($C10:$F10,MATCH($C$3,$C$6:$F$6,0))),"Manual",IF(INDEX($C10:$F10,MATCH($C$3,$C$6:$F$6,0))<>"","No aplica a este motor",IF($G10="","Sin dato","Orientativo: el manual no lo especifica"))) | J10: CB p. 13-5; Hyundai: límite 0,10
A11: Alabeo máx. del plano superior del bloque | B11: mm | C11: 0.1 | D11: 0.1 | G11: 0.05 | H11: =IF(ISNUMBER(INDEX($C11:$F11,MATCH($C$3,$C$6:$F$6,0))),INDEX($C11:$F11,MATCH($C$3,$C$6:$F$6,0)),IF(INDEX($C11:$F11,MATCH($C$3,$C$6:$F$6,0))<>"","",IF($G11="","",$G11))) | I11: =IF(ISNUMBER(INDEX($C11:$F11,MATCH($C$3,$C$6:$F$6,0))),"Manual",IF(INDEX($C11:$F11,MATCH($C$3,$C$6:$F$6,0))<>"","No aplica a este motor",IF($G11="","Sin dato","Orientativo: el manual no lo especifica"))) | J11: CB p. 13-7; Haynes p. 19
A13: Fuentes: Daihatsu Motor Co. (1987), Workshop manual Type CB engine; Daihatsu Motor Sales (1979), Technical information Charade (CB-20); Jones (1988), Haynes Datsun Sunny (A14); Hyundai Motor Company (2001), Accent LC G 1.6 DOHC (familia Alpha, como el G4EC); General Motors do Brasil (1990), Monza: Manual de reparações. Conversiones: 1 kg/cm² = 0,980665 bar; 1 kg·m = 9,80665 N·m.

Sheet Munones
A1: SFM GUÍA 3 – METROLOGÍA DE PRECISIÓN
A2: Conicidad = D_sup − D_inf; Ovalización = D_transv − D_long
A3: Leyenda: celdas amarillas con texto azul = datos de entrada (editar). Texto negro = fórmulas (no editar). Celdas verdes = especificación del fabricante del motor elegido en la hoja «Motor» (no editar).
A4: Límite de conicidad/ovalización de muñones (mm) | E4: =Motor!$H$7
A6: Muñón | B6: Plano A, pos. 1 | C6: Plano A, pos. 2 | D6: Plano B, pos. 1 | E6: Plano B, pos. 2 | F6: Diámetro mín. | G6: Conicidad | H6: Ovalización | I6: Estado
A7: 1 | F7: =IF(COUNTA(B7,C7,D7,E7)=0,"",MIN(B7:E7)) | G7: =IF(COUNTA(B7,C7,D7,E7)=0,"",MAX(ABS(B7-C7),ABS(D7-E7))) | H7: =IF(COUNTA(B7,C7,D7,E7)=0,"",MAX(ABS(B7-D7),ABS(C7-E7))) | I7: =IF(COUNTA(B7,C7,D7,E7)=0,"",IF(MAX(G7:H7)<=$E$4,"Dentro de tolerancia","Rectificar"))
A8: 2 | F8: =IF(COUNTA(B8,C8,D8,E8)=0,"",MIN(B8:E8)) | G8: =IF(COUNTA(B8,C8,D8,E8)=0,"",MAX(ABS(B8-C8),ABS(D8-E8))) | H8: =IF(COUNTA(B8,C8,D8,E8)=0,"",MAX(ABS(B8-D8),ABS(C8-E8))) | I8: =IF(COUNTA(B8,C8,D8,E8)=0,"",IF(MAX(G8:H8)<=$E$4,"Dentro de tolerancia","Rectificar"))
A9: 3 | F9: =IF(COUNTA(B9,C9,D9,E9)=0,"",MIN(B9:E9)) | G9: =IF(COUNTA(B9,C9,D9,E9)=0,"",MAX(ABS(B9-C9),ABS(D9-E9))) | H9: =IF(COUNTA(B9,C9,D9,E9)=0,"",MAX(ABS(B9-D9),ABS(C9-E9))) | I9: =IF(COUNTA(B9,C9,D9,E9)=0,"",IF(MAX(G9:H9)<=$E$4,"Dentro de tolerancia","Rectificar"))
A10: 4 | F10: =IF(COUNTA(B10,C10,D10,E10)=0,"",MIN(B10:E10)) | G10: =IF(COUNTA(B10,C10,D10,E10)=0,"",MAX(ABS(B10-C10),ABS(D10-E10))) | H10: =IF(COUNTA(B10,C10,D10,E10)=0,"",MAX(ABS(B10-D10),ABS(C10-E10))) | I10: =IF(COUNTA(B10,C10,D10,E10)=0,"",IF(MAX(G10:H10)<=$E$4,"Dentro de tolerancia","Rectificar"))
A11: 5 | F11: =IF(COUNTA(B11,C11,D11,E11)=0,"",MIN(B11:E11)) | G11: =IF(COUNTA(B11,C11,D11,E11)=0,"",MAX(ABS(B11-C11),ABS(D11-E11))) | H11: =IF(COUNTA(B11,C11,D11,E11)=0,"",MAX(ABS(B11-D11),ABS(C11-E11))) | I11: =IF(COUNTA(B11,C11,D11,E11)=0,"",IF(MAX(G11:H11)<=$E$4,"Dentro de tolerancia","Rectificar"))

Sheet Cilindros
A1: Medición de cilindros con alexómetro
A2: Valores en mm
A3: Leyenda: celdas amarillas con texto azul = datos de entrada (editar). Texto negro = fórmulas (no editar). Celdas verdes = especificación del fabricante del motor elegido en la hoja «Motor» (no editar).
A4: Diámetro nominal (mm) | D4: =Motor!$H$8
A5: Límite de conicidad/ovalización (mm) | D5: =Motor!$H$9
A7: Cilindro | B7: Sup. long. | C7: Sup. transv. | D7: Med. long. | E7: Med. transv. | F7: Inf. long. | G7: Inf. transv. | H7: Conicidad | I7: Ovalización | J7: Desgaste máx. | K7: Estado
A8: 1 | H8: =IF(COUNTA(B8,C8,F8,G8)=0,"",MAX(B8:C8)-MAX(F8:G8)) | I8: =IF(COUNTA(B8,C8,D8,E8,F8,G8)=0,"",MAX(C8-B8,E8-D8,G8-F8)) | J8: =IF(COUNTA(B8,C8,D8,E8,F8,G8)=0,"",MAX(B8:G8)-$D$4) | K8: =IF(COUNTA(B8,C8,D8,E8,F8,G8)=0,"",IF(MAX(H8:I8)<=$D$5,"Dentro de tolerancia","Rectificar"))
A9: 2 | H9: =IF(COUNTA(B9,C9,F9,G9)=0,"",MAX(B9:C9)-MAX(F9:G9)) | I9: =IF(COUNTA(B9,C9,D9,E9,F9,G9)=0,"",MAX(C9-B9,E9-D9,G9-F9)) | J9: =IF(COUNTA(B9,C9,D9,E9,F9,G9)=0,"",MAX(B9:G9)-$D$4) | K9: =IF(COUNTA(B9,C9,D9,E9,F9,G9)=0,"",IF(MAX(H9:I9)<=$D$5,"Dentro de tolerancia","Rectificar"))
A10: 3 | H10: =IF(COUNTA(B10,C10,F10,G10)=0,"",MAX(B10:C10)-MAX(F10:G10)) | I10: =IF(COUNTA(B10,C10,D10,E10,F10,G10)=0,"",MAX(C10-B10,E10-D10,G10-F10)) | J10: =IF(COUNTA(B10,C10,D10,E10,F10,G10)=0,"",MAX(B10:G10)-$D$4) | K10: =IF(COUNTA(B10,C10,D10,E10,F10,G10)=0,"",IF(MAX(H10:I10)<=$D$5,"Dentro de tolerancia","Rectificar"))
A11: 4 | H11: =IF(COUNTA(B11,C11,F11,G11)=0,"",MAX(B11:C11)-MAX(F11:G11)) | I11: =IF(COUNTA(B11,C11,D11,E11,F11,G11)=0,"",MAX(C11-B11,E11-D11,G11-F11)) | J11: =IF(COUNTA(B11,C11,D11,E11,F11,G11)=0,"",MAX(B11:G11)-$D$4) | K11: =IF(COUNTA(B11,C11,D11,E11,F11,G11)=0,"",IF(MAX(H11:I11)<=$D$5,"Dentro de tolerancia","Rectificar"))

Sheet Planitud
A1: Planitud de la culata y del bloque
A2: Galga máxima que entra bajo la regla
A3: Leyenda: celdas amarillas con texto azul = datos de entrada (editar). Texto negro = fórmulas (no editar). Celdas verdes = especificación del fabricante del motor elegido en la hoja «Motor» (no editar).
A4: Límite de planitud de la culata (mm) | C4: =Motor!$H$10
A5: Límite de planitud del bloque (mm) | C5: =Motor!$H$11
A6: Posición | B6: Culata (mm) | C6: Bloque (mm) | D6: Estado culata | E6: Estado bloque
A7: Longitudinal izquierda | D7: =IF(COUNTA(B7)=0,"",IF(B7<=$C$4,"Correcto","Planificar")) | E7: =IF(COUNTA(C7)=0,"",IF(C7<=$C$5,"Correcto","Planificar"))
A8: Longitudinal central | D8: =IF(COUNTA(B8)=0,"",IF(B8<=$C$4,"Correcto","Planificar")) | E8: =IF(COUNTA(C8)=0,"",IF(C8<=$C$5,"Correcto","Planificar"))
A9: Longitudinal derecha | D9: =IF(COUNTA(B9)=0,"",IF(B9<=$C$4,"Correcto","Planificar")) | E9: =IF(COUNTA(C9)=0,"",IF(C9<=$C$5,"Correcto","Planificar"))
A10: Transversal | D10: =IF(COUNTA(B10)=0,"",IF(B10<=$C$4,"Correcto","Planificar")) | E10: =IF(COUNTA(C10)=0,"",IF(C10<=$C$5,"Correcto","Planificar"))
A11: Diagonal 1 | D11: =IF(COUNTA(B11)=0,"",IF(B11<=$C$4,"Correcto","Planificar")) | E11: =IF(COUNTA(C11)=0,"",IF(C11<=$C$5,"Correcto","Planificar"))
A12: Diagonal 2 | D12: =IF(COUNTA(B12)=0,"",IF(B12<=$C$4,"Correcto","Planificar")) | E12: =IF(COUNTA(C12)=0,"",IF(C12<=$C$5,"Correcto","Planificar"))
A13: Máximo | B13: =IF(COUNTA(B7,B8,B9,B10,B11,B12)=0,"",MAX(B7:B12)) | C13: =IF(COUNTA(C7,C8,C9,C10,C11,C12)=0,"",MAX(C7:C12))

Sheet Graficas
