Workbook

Sheet Motor
A1: ESPECIFICACIONES DEL FABRICANTE – MOTOR ASIGNADO
A3: Motor asignado (elija de la lista): | C3: Daihatsu CB-20
A4: Las celdas verdes de las demás hojas toman el «Valor aplicado» de esta tabla. Cuando el manual da un límite de servicio, el máximo/mínimo es ese límite. Si el manual del motor no especifica el dato, se aplica el valor orientativo y la columna «Origen» lo indica.
A6: Comprobación | B6: Unidad | C6: Daihatsu CB-20 | D6: Nissan A14 | E6: Hyundai G4EC | F6: Chevrolet Monza 2.0 | G6: Valor orientativo | H6: Valor aplicado | I6: Origen | J6: Fuente en el manual
A7: Presión de la bomba de combustible – mín. | B7: bar | D7: 0.206 | E7: N/A (inyección) | F7: 0.25 | G7: 0.2 | H7: =IF(ISNUMBER(INDEX($C7:$F7,MATCH($C$3,$C$6:$F$6,0))),INDEX($C7:$F7,MATCH($C$3,$C$6:$F$6,0)),IF(INDEX($C7:$F7,MATCH($C$3,$C$6:$F$6,0))<>"","",IF($G7="","",$G7))) | I7: =IF(ISNUMBER(INDEX($C7:$F7,MATCH($C$3,$C$6:$F$6,0))),"Manual",IF(INDEX($C7:$F7,MATCH($C$3,$C$6:$F$6,0))<>"","No aplica a este motor",IF($G7="","Sin dato","Orientativo: el manual no lo especifica"))) | J7: Haynes p. 43 (0,21–0,27 kgf/cm²); Monza p. 6Z-02 (25–33 kPa)
A8: Presión de la bomba de combustible – máx. | B8: bar | D8: 0.265 | E8: N/A (inyección) | F8: 0.33 | G8: 0.4 | H8: =IF(ISNUMBER(INDEX($C8:$F8,MATCH($C$3,$C$6:$F$6,0))),INDEX($C8:$F8,MATCH($C$3,$C$6:$F$6,0)),IF(INDEX($C8:$F8,MATCH($C$3,$C$6:$F$6,0))<>"","",IF($G8="","",$G8))) | I8: =IF(ISNUMBER(INDEX($C8:$F8,MATCH($C$3,$C$6:$F$6,0))),"Manual",IF(INDEX($C8:$F8,MATCH($C$3,$C$6:$F$6,0))<>"","No aplica a este motor",IF($G8="","Sin dato","Orientativo: el manual no lo especifica"))) | J8: Haynes p. 43; Monza p. 6Z-02
A9: Caudal mínimo de la bomba de combustible | B9: L/h | E9: N/A (inyección) | F9: 42 | G9: 20 | H9: =IF(ISNUMBER(INDEX($C9:$F9,MATCH($C$3,$C$6:$F$6,0))),INDEX($C9:$F9,MATCH($C$3,$C$6:$F$6,0)),IF(INDEX($C9:$F9,MATCH($C$3,$C$6:$F$6,0))<>"","",IF($G9="","",$G9))) | I9: =IF(ISNUMBER(INDEX($C9:$F9,MATCH($C$3,$C$6:$F$6,0))),"Manual",IF(INDEX($C9:$F9,MATCH($C$3,$C$6:$F$6,0))<>"","No aplica a este motor",IF($G9="","Sin dato","Orientativo: el manual no lo especifica"))) | J9: Monza p. 6Z-02 (0,7 L/min a 2500 rpm)
A11: Fuentes: Daihatsu Motor Co. (1987), Workshop manual Type CB engine; Daihatsu Motor Sales (1979), Technical information Charade (CB-20); Jones (1988), Haynes Datsun Sunny (A14); Hyundai Motor Company (2001), Accent LC G 1.6 DOHC (familia Alpha, como el G4EC); General Motors do Brasil (1990), Monza: Manual de reparações. Conversiones: 1 kg/cm² = 0,980665 bar; 1 kg·m = 9,80665 N·m.

Sheet Mezcla
A1: SFM GUÍA 5 – SISTEMA DE ALIMENTACIÓN DE AIRE Y COMBUSTIBLE
A2: A/C = ṁ_aire/ṁ_comb; λ = (A/C)/(A/C)_esteq; L/h = mL/t·3,6
A3: Leyenda: celdas amarillas con texto azul = datos de entrada (editar). Texto negro = fórmulas (no editar). Celdas verdes = especificación del fabricante del motor elegido en la hoja «Motor» (no editar).
A5: Parámetro | B5: Símbolo | C5: Valor | D5: Unidad | E5: Observación
A6: Relación estequiométrica de la gasolina | B6: AC_e | C6: 14.7 | D6: kg/kg | E6: Valor típico
A7: Densidad de la gasolina | B7: ρ_f | C7: 0.74 | D7: kg/L | E7: Valor típico
A8: Presión atmosférica a nivel del mar | B8: P0 | C8: 101.325 | D8: kPa | E8: Referencia
A9: Presión atmosférica local | B9: P_loc | C9: 79 | D9: kPa | E9: Loja (aprox.)
A10: Temperatura del aire a nivel del mar | B10: T0 | C10: 25 | D10: °C | E10: Referencia de ajuste del carburador
A11: Temperatura del aire local | B11: T_loc | C11: 18 | D11: °C | E11: Loja (aprox.)
A12: Constante del aire | B12: R | C12: 287 | D12: J/(kg·K)
A14: 1. Relación aire/combustible y factor lambda (ejercicios)
A15: Caso | B15: Aire (kg/h) | C15: Combustible (kg/h) | D15: A/C | E15: λ | F15: Tipo de mezcla | G15: Uso típico
A16: Arranque en frío | B16: 60 | C16: 7.5 | D16: =IF(OR(B16="",C16=""),"",B16/C16) | E16: =IF(D16="","",D16/$C$6) | F16: =IF(E16="","",IF(E16<0.97,"Rica",IF(E16<=1.03,"Estequiométrica","Pobre"))) | G16: =IF(E16="","",IF(E16<0.8,"Arranque en frío / aceleración",IF(E16<0.97,"Ralentí o potencia máxima",IF(E16<=1.03,"Catalizador de tres vías","Economía en carga parcial"))))
A17: Ralentí | B17: 12 | C17: 0.92 | D17: =IF(OR(B17="",C17=""),"",B17/C17) | E17: =IF(D17="","",D17/$C$6) | F17: =IF(E17="","",IF(E17<0.97,"Rica",IF(E17<=1.03,"Estequiométrica","Pobre"))) | G17: =IF(E17="","",IF(E17<0.8,"Arranque en frío / aceleración",IF(E17<0.97,"Ralentí o potencia máxima",IF(E17<=1.03,"Catalizador de tres vías","Economía en carga parcial"))))
A18: Carga parcial | B18: 120 | C18: 7.9 | D18: =IF(OR(B18="",C18=""),"",B18/C18) | E18: =IF(D18="","",D18/$C$6) | F18: =IF(E18="","",IF(E18<0.97,"Rica",IF(E18<=1.03,"Estequiométrica","Pobre"))) | G18: =IF(E18="","",IF(E18<0.8,"Arranque en frío / aceleración",IF(E18<0.97,"Ralentí o potencia máxima",IF(E18<=1.03,"Catalizador de tres vías","Economía en carga parcial"))))
A19: Plena carga | B19: 300 | C19: 23.5 | D19: =IF(OR(B19="",C19=""),"",B19/C19) | E19: =IF(D19="","",D19/$C$6) | F19: =IF(E19="","",IF(E19<0.97,"Rica",IF(E19<=1.03,"Estequiométrica","Pobre"))) | G19: =IF(E19="","",IF(E19<0.8,"Arranque en frío / aceleración",IF(E19<0.97,"Ralentí o potencia máxima",IF(E19<=1.03,"Catalizador de tres vías","Economía en carga parcial"))))
A20: Motor del laboratorio | D20: =IF(OR(B20="",C20=""),"",B20/C20) | E20: =IF(D20="","",D20/$C$6) | F20: =IF(E20="","",IF(E20<0.97,"Rica",IF(E20<=1.03,"Estequiométrica","Pobre"))) | G20: =IF(E20="","",IF(E20<0.8,"Arranque en frío / aceleración",IF(E20<0.97,"Ralentí o potencia máxima",IF(E20<=1.03,"Catalizador de tres vías","Economía en carga parcial"))))
A22: 2. Efecto de la altitud sobre la mezcla de un carburador
A23: Magnitud | B23: Ecuación | C23: Valor | D23: Unidad
A24: Densidad del aire a nivel del mar | B24: ρ0 = P0/(R·T0) | C24: =C8*1000/(C12*(C10+273.15)) | D24: kg/m³
A25: Densidad del aire local | B25: ρ = P/(R·T) | C25: =C9*1000/(C12*(C11+273.15)) | D25: kg/m³
A26: Relación de densidades | B26: ρ/ρ0 | C26: =C25/C24 | D26: —
A27: Factor de variación de A/C (carburador) | B27: √(ρ/ρ0) | C27: =SQRT(C26) | D27: —
A28: λ en Loja si a nivel del mar λ = 1 | B28: λ_loc = λ0·√(ρ/ρ0) | C28: =1*C27 | D28: —
A29: Enriquecimiento de la mezcla | B29: (1 − √(ρ/ρ0))·100 | C29: =(1-C27)*100 | D29: %
A30: Pérdida de masa de aire (potencia atmosférica) | B30: (1 − ρ/ρ0)·100 | C30: =(1-C26)*100 | D30: %
A32: En el carburador el caudal de aire y de gasolina dependen de la depresión del difusor; la relación A/C varía aproximadamente con √ρ_aire, por eso la mezcla se enriquece en altura.

Sheet Bomba
A1: Comprobación de la bomba de combustible y los filtros
A2: Caudal = volumen/tiempo
A3: Leyenda: celdas amarillas con texto azul = datos de entrada (editar). Texto negro = fórmulas (no editar). Celdas verdes = especificación del fabricante del motor elegido en la hoja «Motor» (no editar).
A5: Comprobación | B5: Medido | C5: Especificación mín. | D5: Especificación máx. | E5: Unidad | F5: Resultado
A6: Presión de la bomba en ralentí | C6: =Motor!$H$7 | D6: =Motor!$H$8 | E6: bar | F6: =IF(COUNTA(B6)=0,"",IF(AND(B6>=C6,B6<=D6),"Correcto","Fuera de especificación"))
A7: Presión a 2000 rpm | C7: =Motor!$H$7 | D7: =Motor!$H$8 | E7: bar | F7: =IF(COUNTA(B7)=0,"",IF(AND(B7>=C7,B7<=D7),"Correcto","Fuera de especificación"))
A8: Caída de presión en 1 min (motor apagado) | C8: 0 | D8: 0.05 | E8: bar | F8: =IF(COUNTA(B8)=0,"",IF(AND(B8>=C8,B8<=D8),"Correcto","Fuera de especificación"))
A9: Volumen recogido | E9: mL
A10: Tiempo de medición | E10: s
A11: Caudal de la bomba | B11: =IF(COUNTA(B9,B10)=0,"",B9/B10*3.6) | C11: =Motor!$H$9 | E11: L/h | F11: =IF(COUNTA(B9,B10)=0,"",IF(B11>=C11,"Correcto","Caudal insuficiente"))
A12: Caudal másico | B12: =IF(COUNTA(B9,B10)=0,"",B11*Mezcla!$C$7) | E12: kg/h
A13: Caudal para el consumo máximo del motor | B13: 12 | E13: L/h | F13: =IF(COUNTA(B9,B10)=0,"",IF(B11>=1.5*B13,"Margen suficiente (≥ 1,5 veces)","Margen insuficiente"))
A15: Filtro | B15: Estado (Bueno / Saturado / Dañado) | C15: Acción
A16: Filtro de aire | C16: =IF(COUNTA(B16)=0,"",IF(B16="Bueno","Mantener",IF(B16="Saturado","Limpiar o sustituir","Sustituir")))
A17: Filtro de combustible | C17: =IF(COUNTA(B17)=0,"",IF(B17="Bueno","Mantener",IF(B17="Saturado","Limpiar o sustituir","Sustituir")))
A18: Malla de entrada del carburador | C18: =IF(COUNTA(B18)=0,"",IF(B18="Bueno","Mantener",IF(B18="Saturado","Limpiar o sustituir","Sustituir")))
A20: Especificaciones orientativas para bombas mecánicas de carburador; use las del manual del vehículo.

Sheet Graficas
