Workbook

Sheet Motor
A1: ESPECIFICACIONES DEL FABRICANTE – MOTOR ASIGNADO
A3: Motor asignado (elija de la lista): | C3: Daihatsu CB-20
A4: Las celdas verdes de las demás hojas toman el «Valor aplicado» de esta tabla. Cuando el manual da un límite de servicio, el máximo/mínimo es ese límite. Si el manual del motor no especifica el dato, se aplica el valor orientativo y la columna «Origen» lo indica.
A6: Comprobación | B6: Unidad | C6: Daihatsu CB-20 | D6: Nissan A14 | E6: Hyundai G4EC | F6: Chevrolet Monza 2.0 | G6: Valor orientativo | H6: Valor aplicado | I6: Origen | J6: Fuente en el manual
A7: Altura mínima de la leva de admisión | B7: mm | C7: 39.8 | E7: 42.9484 | G7: 35.3 | H7: =IF(ISNUMBER(INDEX($C7:$F7,MATCH($C$3,$C$6:$F$6,0))),INDEX($C7:$F7,MATCH($C$3,$C$6:$F$6,0)),IF(INDEX($C7:$F7,MATCH($C$3,$C$6:$F$6,0))<>"","",IF($G7="","",$G7))) | I7: =IF(ISNUMBER(INDEX($C7:$F7,MATCH($C$3,$C$6:$F$6,0))),"Manual",IF(INDEX($C7:$F7,MATCH($C$3,$C$6:$F$6,0))<>"","No aplica a este motor",IF($G7="","Sin dato","Orientativo: el manual no lo especifica"))) | J7: CB (límite, CB-23); Hyundai (mín.)
A8: Altura mínima de la leva de escape | B8: mm | C8: 39.8 | E8: 43.3489 | G8: 35.1 | H8: =IF(ISNUMBER(INDEX($C8:$F8,MATCH($C$3,$C$6:$F$6,0))),INDEX($C8:$F8,MATCH($C$3,$C$6:$F$6,0)),IF(INDEX($C8:$F8,MATCH($C$3,$C$6:$F$6,0))<>"","",IF($G8="","",$G8))) | I8: =IF(ISNUMBER(INDEX($C8:$F8,MATCH($C$3,$C$6:$F$6,0))),"Manual",IF(INDEX($C8:$F8,MATCH($C$3,$C$6:$F$6,0))<>"","No aplica a este motor",IF($G8="","Sin dato","Orientativo: el manual no lo especifica"))) | J8: CB (límite, CB-23); Hyundai (mín.)
A9: Diámetro de los apoyos del árbol de levas – mín. | B9: mm | G9: 25.95 | H9: =IF(ISNUMBER(INDEX($C9:$F9,MATCH($C$3,$C$6:$F$6,0))),INDEX($C9:$F9,MATCH($C$3,$C$6:$F$6,0)),IF(INDEX($C9:$F9,MATCH($C$3,$C$6:$F$6,0))<>"","",IF($G9="","",$G9))) | I9: =IF(ISNUMBER(INDEX($C9:$F9,MATCH($C$3,$C$6:$F$6,0))),"Manual",IF(INDEX($C9:$F9,MATCH($C$3,$C$6:$F$6,0))<>"","No aplica a este motor",IF($G9="","Sin dato","Orientativo: el manual no lo especifica"))) | J9: No consta en los manuales disponibles
A10: Diámetro de los apoyos del árbol de levas – máx. | B10: mm | G10: 25.98 | H10: =IF(ISNUMBER(INDEX($C10:$F10,MATCH($C$3,$C$6:$F$6,0))),INDEX($C10:$F10,MATCH($C$3,$C$6:$F$6,0)),IF(INDEX($C10:$F10,MATCH($C$3,$C$6:$F$6,0))<>"","",IF($G10="","",$G10))) | I10: =IF(ISNUMBER(INDEX($C10:$F10,MATCH($C$3,$C$6:$F$6,0))),"Manual",IF(INDEX($C10:$F10,MATCH($C$3,$C$6:$F$6,0))<>"","No aplica a este motor",IF($G10="","Sin dato","Orientativo: el manual no lo especifica"))) | J10: No consta en los manuales disponibles
A11: Juego axial del árbol de levas – mín. | B11: mm | D11: 0.01 | E11: 0.1 | F11: 0.04 | G11: 0.05 | H11: =IF(ISNUMBER(INDEX($C11:$F11,MATCH($C$3,$C$6:$F$6,0))),INDEX($C11:$F11,MATCH($C$3,$C$6:$F$6,0)),IF(INDEX($C11:$F11,MATCH($C$3,$C$6:$F$6,0))<>"","",IF($G11="","",$G11))) | I11: =IF(ISNUMBER(INDEX($C11:$F11,MATCH($C$3,$C$6:$F$6,0))),"Manual",IF(INDEX($C11:$F11,MATCH($C$3,$C$6:$F$6,0))<>"","No aplica a este motor",IF($G11="","Sin dato","Orientativo: el manual no lo especifica"))) | J11: Haynes p. 19; Hyundai; Monza
A12: Juego axial del árbol de levas – máx. | B12: mm | D12: 0.05 | E12: 0.2 | F12: 0.16 | G12: 0.2 | H12: =IF(ISNUMBER(INDEX($C12:$F12,MATCH($C$3,$C$6:$F$6,0))),INDEX($C12:$F12,MATCH($C$3,$C$6:$F$6,0)),IF(INDEX($C12:$F12,MATCH($C$3,$C$6:$F$6,0))<>"","",IF($G12="","",$G12))) | I12: =IF(ISNUMBER(INDEX($C12:$F12,MATCH($C$3,$C$6:$F$6,0))),"Manual",IF(INDEX($C12:$F12,MATCH($C$3,$C$6:$F$6,0))<>"","No aplica a este motor",IF($G12="","Sin dato","Orientativo: el manual no lo especifica"))) | J12: Haynes p. 19; Hyundai; Monza
A13: Alabeo máx. del árbol de levas | B13: mm | C13: 0.03 | D13: 0.015 | F13: 0.04 | G13: 0.03 | H13: =IF(ISNUMBER(INDEX($C13:$F13,MATCH($C$3,$C$6:$F$6,0))),INDEX($C13:$F13,MATCH($C$3,$C$6:$F$6,0)),IF(INDEX($C13:$F13,MATCH($C$3,$C$6:$F$6,0))<>"","",IF($G13="","",$G13))) | I13: =IF(ISNUMBER(INDEX($C13:$F13,MATCH($C$3,$C$6:$F$6,0))),"Manual",IF(INDEX($C13:$F13,MATCH($C$3,$C$6:$F$6,0))<>"","No aplica a este motor",IF($G13="","Sin dato","Orientativo: el manual no lo especifica"))) | J13: CB; Haynes p. 19; Monza
A14: Longitud libre del muelle (límite o nominal) | B14: mm | C14: 42 | D14: 46.5 | E14: 44 | G14: 44 | H14: =IF(ISNUMBER(INDEX($C14:$F14,MATCH($C$3,$C$6:$F$6,0))),INDEX($C14:$F14,MATCH($C$3,$C$6:$F$6,0)),IF(INDEX($C14:$F14,MATCH($C$3,$C$6:$F$6,0))<>"","",IF($G14="","",$G14))) | I14: =IF(ISNUMBER(INDEX($C14:$F14,MATCH($C$3,$C$6:$F$6,0))),"Manual",IF(INDEX($C14:$F14,MATCH($C$3,$C$6:$F$6,0))<>"","No aplica a este motor",IF($G14="","Sin dato","Orientativo: el manual no lo especifica"))) | J14: CB límite 42 (nominal 43,3); Haynes p. 19 y Hyundai: longitud nominal
A15: Perpendicularidad máx. del muelle | B15: mm | C15: 1.5 | G15: 1.5 | H15: =IF(ISNUMBER(INDEX($C15:$F15,MATCH($C$3,$C$6:$F$6,0))),INDEX($C15:$F15,MATCH($C$3,$C$6:$F$6,0)),IF(INDEX($C15:$F15,MATCH($C$3,$C$6:$F$6,0))<>"","",IF($G15="","",$G15))) | I15: =IF(ISNUMBER(INDEX($C15:$F15,MATCH($C$3,$C$6:$F$6,0))),"Manual",IF(INDEX($C15:$F15,MATCH($C$3,$C$6:$F$6,0))<>"","No aplica a este motor",IF($G15="","Sin dato","Orientativo: el manual no lo especifica"))) | J15: CB (Hyundai la expresa en grados: 1,5°)
A16: Holgura vástago–guía máx. – admisión | B16: mm | C16: 0.09 | D16: 0.045 | E16: 0.1 | F16: 0.042 | G16: 0.07 | H16: =IF(ISNUMBER(INDEX($C16:$F16,MATCH($C$3,$C$6:$F$6,0))),INDEX($C16:$F16,MATCH($C$3,$C$6:$F$6,0)),IF(INDEX($C16:$F16,MATCH($C$3,$C$6:$F$6,0))<>"","",IF($G16="","",$G16))) | I16: =IF(ISNUMBER(INDEX($C16:$F16,MATCH($C$3,$C$6:$F$6,0))),"Manual",IF(INDEX($C16:$F16,MATCH($C$3,$C$6:$F$6,0))<>"","No aplica a este motor",IF($G16="","Sin dato","Orientativo: el manual no lo especifica"))) | J16: CB y Hyundai: límite; Haynes p. 19 y Monza: máx. del rango
A17: Holgura vástago–guía máx. – escape | B17: mm | C17: 0.1 | D17: 0.07 | E17: 0.15 | F17: 0.06 | G17: 0.09 | H17: =IF(ISNUMBER(INDEX($C17:$F17,MATCH($C$3,$C$6:$F$6,0))),INDEX($C17:$F17,MATCH($C$3,$C$6:$F$6,0)),IF(INDEX($C17:$F17,MATCH($C$3,$C$6:$F$6,0))<>"","",IF($G17="","",$G17))) | I17: =IF(ISNUMBER(INDEX($C17:$F17,MATCH($C$3,$C$6:$F$6,0))),"Manual",IF(INDEX($C17:$F17,MATCH($C$3,$C$6:$F$6,0))<>"","No aplica a este motor",IF($G17="","Sin dato","Orientativo: el manual no lo especifica"))) | J17: CB y Hyundai: límite; Haynes p. 19 y Monza: máx. del rango
A18: Holgura de válvulas – admisión | B18: mm | C18: 0.2 | D18: 0.25 | E18: N/A (taqués hidráulicos) | F18: N/A (taqués hidráulicos) | G18: 0.2 | H18: =IF(ISNUMBER(INDEX($C18:$F18,MATCH($C$3,$C$6:$F$6,0))),INDEX($C18:$F18,MATCH($C$3,$C$6:$F$6,0)),IF(INDEX($C18:$F18,MATCH($C$3,$C$6:$F$6,0))<>"","",IF($G18="","",$G18))) | I18: =IF(ISNUMBER(INDEX($C18:$F18,MATCH($C$3,$C$6:$F$6,0))),"Manual",IF(INDEX($C18:$F18,MATCH($C$3,$C$6:$F$6,0))<>"","No aplica a este motor",IF($G18="","Sin dato","Orientativo: el manual no lo especifica"))) | J18: CB-20: G10 p. 13 (en caliente); A14: Haynes p. 18 (en frío). Hyundai y Monza: taqués hidráulicos, sin ajuste
A19: Holgura de válvulas – escape | B19: mm | C19: 0.2 | D19: 0.25 | E19: N/A (taqués hidráulicos) | F19: N/A (taqués hidráulicos) | G19: 0.3 | H19: =IF(ISNUMBER(INDEX($C19:$F19,MATCH($C$3,$C$6:$F$6,0))),INDEX($C19:$F19,MATCH($C$3,$C$6:$F$6,0)),IF(INDEX($C19:$F19,MATCH($C$3,$C$6:$F$6,0))<>"","",IF($G19="","",$G19))) | I19: =IF(ISNUMBER(INDEX($C19:$F19,MATCH($C$3,$C$6:$F$6,0))),"Manual",IF(INDEX($C19:$F19,MATCH($C$3,$C$6:$F$6,0))<>"","No aplica a este motor",IF($G19="","Sin dato","Orientativo: el manual no lo especifica"))) | J19: CB-20: G10 p. 13 (en caliente); A14: Haynes p. 18 (en frío)
A21: Fuentes: Daihatsu Motor Co. (1987), Workshop manual Type CB engine; Daihatsu Motor Sales (1979), Technical information Charade (CB-20); Jones (1988), Haynes Datsun Sunny (A14); Hyundai Motor Company (2001), Accent LC G 1.6 DOHC (familia Alpha, como el G4EC); General Motors do Brasil (1990), Monza: Manual de reparações. Conversiones: 1 kg/cm² = 0,980665 bar; 1 kg·m = 9,80665 N·m.

Sheet Arbol_levas
A1: SFM GUÍA 10 – ELEMENTOS DE LA DISTRIBUCIÓN
A2: Alzada = altura de leva − diámetro del círculo base
A3: Leyenda: celdas amarillas con texto azul = datos de entrada (editar). Texto negro = fórmulas (no editar). Celdas verdes = especificación del fabricante del motor elegido en la hoja «Motor» (no editar).
A5: Leva / apoyo | B5: Altura de leva (mm) | C5: Círculo base (mm) | D5: Alzada (mm) | E5: Altura mín. (mm) | F5: Estado
A6: 1 Admisión | D6: =IF(COUNTA(B6,C6)=0,"",B6-C6) | E6: =Motor!$H$7 | F6: =IF(COUNTA(B6)=0,"",IF(B6>=E6,"Correcto","Desgastada: sustituir árbol"))
A7: 1 Escape | D7: =IF(COUNTA(B7,C7)=0,"",B7-C7) | E7: =Motor!$H$8 | F7: =IF(COUNTA(B7)=0,"",IF(B7>=E7,"Correcto","Desgastada: sustituir árbol"))
A8: 2 Admisión | D8: =IF(COUNTA(B8,C8)=0,"",B8-C8) | E8: =Motor!$H$7 | F8: =IF(COUNTA(B8)=0,"",IF(B8>=E8,"Correcto","Desgastada: sustituir árbol"))
A9: 2 Escape | D9: =IF(COUNTA(B9,C9)=0,"",B9-C9) | E9: =Motor!$H$8 | F9: =IF(COUNTA(B9)=0,"",IF(B9>=E9,"Correcto","Desgastada: sustituir árbol"))
A10: 3 Admisión | D10: =IF(COUNTA(B10,C10)=0,"",B10-C10) | E10: =Motor!$H$7 | F10: =IF(COUNTA(B10)=0,"",IF(B10>=E10,"Correcto","Desgastada: sustituir árbol"))
A11: 3 Escape | D11: =IF(COUNTA(B11,C11)=0,"",B11-C11) | E11: =Motor!$H$8 | F11: =IF(COUNTA(B11)=0,"",IF(B11>=E11,"Correcto","Desgastada: sustituir árbol"))
A12: 4 Admisión | D12: =IF(COUNTA(B12,C12)=0,"",B12-C12) | E12: =Motor!$H$7 | F12: =IF(COUNTA(B12)=0,"",IF(B12>=E12,"Correcto","Desgastada: sustituir árbol"))
A13: 4 Escape | D13: =IF(COUNTA(B13,C13)=0,"",B13-C13) | E13: =Motor!$H$8 | F13: =IF(COUNTA(B13)=0,"",IF(B13>=E13,"Correcto","Desgastada: sustituir árbol"))
A15: Comprobación | B15: Medido (mm) | C15: Mín. (mm) | D15: Máx. (mm) | E15: Estado
A16: Diámetro apoyo 1 | C16: =Motor!$H$9 | D16: =Motor!$H$10 | E16: =IF(COUNTA(B16)=0,"",IF(AND(B16>=C16,B16<=D16),"Correcto","Fuera de tolerancia"))
A17: Diámetro apoyo central | C17: =Motor!$H$9 | D17: =Motor!$H$10 | E17: =IF(COUNTA(B17)=0,"",IF(AND(B17>=C17,B17<=D17),"Correcto","Fuera de tolerancia"))
A18: Juego axial del árbol | C18: =Motor!$H$11 | D18: =Motor!$H$12 | E18: =IF(COUNTA(B18)=0,"",IF(AND(B18>=C18,B18<=D18),"Correcto","Fuera de tolerancia"))
A19: Alabeo (reloj comparador) | C19: 0 | D19: =Motor!$H$13 | E19: =IF(COUNTA(B19)=0,"",IF(AND(B19>=C19,B19<=D19),"Correcto","Fuera de tolerancia"))
A21: Valores de ejemplo orientativos: use las especificaciones del manual del motor.

Sheet Valvulas
A1: Válvulas, guías y muelles
A3: Leyenda: celdas amarillas con texto azul = datos de entrada (editar). Texto negro = fórmulas (no editar). Celdas verdes = especificación del fabricante del motor elegido en la hoja «Motor» (no editar).
A4: Longitud libre mínima del muelle (mm) | D4: =Motor!$H$14
A5: Perpendicularidad máxima (mm) | D5: =Motor!$H$15
A6: Holgura vástago–guía máxima admisión / escape (mm) | D6: =Motor!$H$16 | E6: =Motor!$H$17
A8: Válvula | B8: Longitud libre (mm) | C8: Perpendicularidad (mm) | D8: Ø vástago (mm) | E8: Holgura en guía (mm) | F8: Muelle | G8: Guía
A9: 1 adm. | F9: =IF(COUNTA(B9,C9)=0,"",IF(AND(B9>=$D$4,C9<=$D$5),"Correcto","Sustituir muelle")) | G9: =IF(COUNTA(E9)=0,"",IF(E9<=IF(ISNUMBER(SEARCH("adm",A9)),$D$6,$E$6),"Correcta","Guía desgastada"))
A10: 1 esc. | F10: =IF(COUNTA(B10,C10)=0,"",IF(AND(B10>=$D$4,C10<=$D$5),"Correcto","Sustituir muelle")) | G10: =IF(COUNTA(E10)=0,"",IF(E10<=IF(ISNUMBER(SEARCH("adm",A10)),$D$6,$E$6),"Correcta","Guía desgastada"))
A11: 2 adm. | F11: =IF(COUNTA(B11,C11)=0,"",IF(AND(B11>=$D$4,C11<=$D$5),"Correcto","Sustituir muelle")) | G11: =IF(COUNTA(E11)=0,"",IF(E11<=IF(ISNUMBER(SEARCH("adm",A11)),$D$6,$E$6),"Correcta","Guía desgastada"))
A12: 2 esc. | F12: =IF(COUNTA(B12,C12)=0,"",IF(AND(B12>=$D$4,C12<=$D$5),"Correcto","Sustituir muelle")) | G12: =IF(COUNTA(E12)=0,"",IF(E12<=IF(ISNUMBER(SEARCH("adm",A12)),$D$6,$E$6),"Correcta","Guía desgastada"))
A13: 3 adm. | F13: =IF(COUNTA(B13,C13)=0,"",IF(AND(B13>=$D$4,C13<=$D$5),"Correcto","Sustituir muelle")) | G13: =IF(COUNTA(E13)=0,"",IF(E13<=IF(ISNUMBER(SEARCH("adm",A13)),$D$6,$E$6),"Correcta","Guía desgastada"))
A14: 3 esc. | F14: =IF(COUNTA(B14,C14)=0,"",IF(AND(B14>=$D$4,C14<=$D$5),"Correcto","Sustituir muelle")) | G14: =IF(COUNTA(E14)=0,"",IF(E14<=IF(ISNUMBER(SEARCH("adm",A14)),$D$6,$E$6),"Correcta","Guía desgastada"))
A15: 4 adm. | F15: =IF(COUNTA(B15,C15)=0,"",IF(AND(B15>=$D$4,C15<=$D$5),"Correcto","Sustituir muelle")) | G15: =IF(COUNTA(E15)=0,"",IF(E15<=IF(ISNUMBER(SEARCH("adm",A15)),$D$6,$E$6),"Correcta","Guía desgastada"))
A16: 4 esc. | F16: =IF(COUNTA(B16,C16)=0,"",IF(AND(B16>=$D$4,C16<=$D$5),"Correcto","Sustituir muelle")) | G16: =IF(COUNTA(E16)=0,"",IF(E16<=IF(ISNUMBER(SEARCH("adm",A16)),$D$6,$E$6),"Correcta","Guía desgastada"))

Sheet Holgura_valvulas
A1: Holgura de válvulas y cálculo de pastillas (taqués de vaso)
A2: Pastilla nueva = pastilla actual + (holgura medida − holgura nominal)
A3: Leyenda: celdas amarillas con texto azul = datos de entrada (editar). Texto negro = fórmulas (no editar). Celdas verdes = especificación del fabricante del motor elegido en la hoja «Motor» (no editar).
A4: Holgura nominal admisión / escape (mm) | D4: =Motor!$H$18 | E4: =Motor!$H$19
A5: Tolerancia ± (mm) | D5: 0.03
A6: Incremento entre pastillas disponibles (mm) | D6: 0.05
A8: Válvula | B8: Holgura medida (mm) | C8: Pastilla actual (mm) | D8: Estado | E8: Pastilla calculada (mm) | F8: Pastilla a montar (mm) | G8: Holgura resultante (mm)
A9: 1 adm. | D9: =IF(AND(COUNTA($B9)>0,OR($D$4="",$E$4="")),"No aplica: taqués hidráulicos",IF(COUNTA(B9)=0,"",IF(ABS(B9-IF(ISNUMBER(SEARCH("adm",A9)),$D$4,$E$4))<=$D$5,"Correcta",IF(B9<IF(ISNUMBER(SEARCH("adm",A9)),$D$4,$E$4),"Insuficiente: pastilla más delgada","Excesiva: pastilla más gruesa")))) | E9: =IF(AND(COUNTA($B9)>0,OR($D$4="",$E$4="")),"",IF(COUNTA(B9,C9)=0,"",C9+(B9-IF(ISNUMBER(SEARCH("adm",A9)),$D$4,$E$4)))) | F9: =IF(AND(COUNTA($B9)>0,OR($D$4="",$E$4="")),"",IF(COUNTA(B9,C9)=0,"",IF(ABS(B9-IF(ISNUMBER(SEARCH("adm",A9)),$D$4,$E$4))<=$D$5,C9,FLOOR(E9/$D$6+0.0001,1)*$D$6))) | G9: =IF(AND(COUNTA($B9)>0,OR($D$4="",$E$4="")),"",IF(COUNTA(B9,C9)=0,"",B9+(C9-F9)))
A10: 1 esc. | D10: =IF(AND(COUNTA($B10)>0,OR($D$4="",$E$4="")),"No aplica: taqués hidráulicos",IF(COUNTA(B10)=0,"",IF(ABS(B10-IF(ISNUMBER(SEARCH("adm",A10)),$D$4,$E$4))<=$D$5,"Correcta",IF(B10<IF(ISNUMBER(SEARCH("adm",A10)),$D$4,$E$4),"Insuficiente: pastilla más delgada","Excesiva: pastilla más gruesa")))) | E10: =IF(AND(COUNTA($B10)>0,OR($D$4="",$E$4="")),"",IF(COUNTA(B10,C10)=0,"",C10+(B10-IF(ISNUMBER(SEARCH("adm",A10)),$D$4,$E$4)))) | F10: =IF(AND(COUNTA($B10)>0,OR($D$4="",$E$4="")),"",IF(COUNTA(B10,C10)=0,"",IF(ABS(B10-IF(ISNUMBER(SEARCH("adm",A10)),$D$4,$E$4))<=$D$5,C10,FLOOR(E10/$D$6+0.0001,1)*$D$6))) | G10: =IF(AND(COUNTA($B10)>0,OR($D$4="",$E$4="")),"",IF(COUNTA(B10,C10)=0,"",B10+(C10-F10)))
A11: 2 adm. | D11: =IF(AND(COUNTA($B11)>0,OR($D$4="",$E$4="")),"No aplica: taqués hidráulicos",IF(COUNTA(B11)=0,"",IF(ABS(B11-IF(ISNUMBER(SEARCH("adm",A11)),$D$4,$E$4))<=$D$5,"Correcta",IF(B11<IF(ISNUMBER(SEARCH("adm",A11)),$D$4,$E$4),"Insuficiente: pastilla más delgada","Excesiva: pastilla más gruesa")))) | E11: =IF(AND(COUNTA($B11)>0,OR($D$4="",$E$4="")),"",IF(COUNTA(B11,C11)=0,"",C11+(B11-IF(ISNUMBER(SEARCH("adm",A11)),$D$4,$E$4)))) | F11: =IF(AND(COUNTA($B11)>0,OR($D$4="",$E$4="")),"",IF(COUNTA(B11,C11)=0,"",IF(ABS(B11-IF(ISNUMBER(SEARCH("adm",A11)),$D$4,$E$4))<=$D$5,C11,FLOOR(E11/$D$6+0.0001,1)*$D$6))) | G11: =IF(AND(COUNTA($B11)>0,OR($D$4="",$E$4="")),"",IF(COUNTA(B11,C11)=0,"",B11+(C11-F11)))
A12: 2 esc. | D12: =IF(AND(COUNTA($B12)>0,OR($D$4="",$E$4="")),"No aplica: taqués hidráulicos",IF(COUNTA(B12)=0,"",IF(ABS(B12-IF(ISNUMBER(SEARCH("adm",A12)),$D$4,$E$4))<=$D$5,"Correcta",IF(B12<IF(ISNUMBER(SEARCH("adm",A12)),$D$4,$E$4),"Insuficiente: pastilla más delgada","Excesiva: pastilla más gruesa")))) | E12: =IF(AND(COUNTA($B12)>0,OR($D$4="",$E$4="")),"",IF(COUNTA(B12,C12)=0,"",C12+(B12-IF(ISNUMBER(SEARCH("adm",A12)),$D$4,$E$4)))) | F12: =IF(AND(COUNTA($B12)>0,OR($D$4="",$E$4="")),"",IF(COUNTA(B12,C12)=0,"",IF(ABS(B12-IF(ISNUMBER(SEARCH("adm",A12)),$D$4,$E$4))<=$D$5,C12,FLOOR(E12/$D$6+0.0001,1)*$D$6))) | G12: =IF(AND(COUNTA($B12)>0,OR($D$4="",$E$4="")),"",IF(COUNTA(B12,C12)=0,"",B12+(C12-F12)))
A13: 3 adm. | D13: =IF(AND(COUNTA($B13)>0,OR($D$4="",$E$4="")),"No aplica: taqués hidráulicos",IF(COUNTA(B13)=0,"",IF(ABS(B13-IF(ISNUMBER(SEARCH("adm",A13)),$D$4,$E$4))<=$D$5,"Correcta",IF(B13<IF(ISNUMBER(SEARCH("adm",A13)),$D$4,$E$4),"Insuficiente: pastilla más delgada","Excesiva: pastilla más gruesa")))) | E13: =IF(AND(COUNTA($B13)>0,OR($D$4="",$E$4="")),"",IF(COUNTA(B13,C13)=0,"",C13+(B13-IF(ISNUMBER(SEARCH("adm",A13)),$D$4,$E$4)))) | F13: =IF(AND(COUNTA($B13)>0,OR($D$4="",$E$4="")),"",IF(COUNTA(B13,C13)=0,"",IF(ABS(B13-IF(ISNUMBER(SEARCH("adm",A13)),$D$4,$E$4))<=$D$5,C13,FLOOR(E13/$D$6+0.0001,1)*$D$6))) | G13: =IF(AND(COUNTA($B13)>0,OR($D$4="",$E$4="")),"",IF(COUNTA(B13,C13)=0,"",B13+(C13-F13)))
A14: 3 esc. | D14: =IF(AND(COUNTA($B14)>0,OR($D$4="",$E$4="")),"No aplica: taqués hidráulicos",IF(COUNTA(B14)=0,"",IF(ABS(B14-IF(ISNUMBER(SEARCH("adm",A14)),$D$4,$E$4))<=$D$5,"Correcta",IF(B14<IF(ISNUMBER(SEARCH("adm",A14)),$D$4,$E$4),"Insuficiente: pastilla más delgada","Excesiva: pastilla más gruesa")))) | E14: =IF(AND(COUNTA($B14)>0,OR($D$4="",$E$4="")),"",IF(COUNTA(B14,C14)=0,"",C14+(B14-IF(ISNUMBER(SEARCH("adm",A14)),$D$4,$E$4)))) | F14: =IF(AND(COUNTA($B14)>0,OR($D$4="",$E$4="")),"",IF(COUNTA(B14,C14)=0,"",IF(ABS(B14-IF(ISNUMBER(SEARCH("adm",A14)),$D$4,$E$4))<=$D$5,C14,FLOOR(E14/$D$6+0.0001,1)*$D$6))) | G14: =IF(AND(COUNTA($B14)>0,OR($D$4="",$E$4="")),"",IF(COUNTA(B14,C14)=0,"",B14+(C14-F14)))
A15: 4 adm. | D15: =IF(AND(COUNTA($B15)>0,OR($D$4="",$E$4="")),"No aplica: taqués hidráulicos",IF(COUNTA(B15)=0,"",IF(ABS(B15-IF(ISNUMBER(SEARCH("adm",A15)),$D$4,$E$4))<=$D$5,"Correcta",IF(B15<IF(ISNUMBER(SEARCH("adm",A15)),$D$4,$E$4),"Insuficiente: pastilla más delgada","Excesiva: pastilla más gruesa")))) | E15: =IF(AND(COUNTA($B15)>0,OR($D$4="",$E$4="")),"",IF(COUNTA(B15,C15)=0,"",C15+(B15-IF(ISNUMBER(SEARCH("adm",A15)),$D$4,$E$4)))) | F15: =IF(AND(COUNTA($B15)>0,OR($D$4="",$E$4="")),"",IF(COUNTA(B15,C15)=0,"",IF(ABS(B15-IF(ISNUMBER(SEARCH("adm",A15)),$D$4,$E$4))<=$D$5,C15,FLOOR(E15/$D$6+0.0001,1)*$D$6))) | G15: =IF(AND(COUNTA($B15)>0,OR($D$4="",$E$4="")),"",IF(COUNTA(B15,C15)=0,"",B15+(C15-F15)))
A16: 4 esc. | D16: =IF(AND(COUNTA($B16)>0,OR($D$4="",$E$4="")),"No aplica: taqués hidráulicos",IF(COUNTA(B16)=0,"",IF(ABS(B16-IF(ISNUMBER(SEARCH("adm",A16)),$D$4,$E$4))<=$D$5,"Correcta",IF(B16<IF(ISNUMBER(SEARCH("adm",A16)),$D$4,$E$4),"Insuficiente: pastilla más delgada","Excesiva: pastilla más gruesa")))) | E16: =IF(AND(COUNTA($B16)>0,OR($D$4="",$E$4="")),"",IF(COUNTA(B16,C16)=0,"",C16+(B16-IF(ISNUMBER(SEARCH("adm",A16)),$D$4,$E$4)))) | F16: =IF(AND(COUNTA($B16)>0,OR($D$4="",$E$4="")),"",IF(COUNTA(B16,C16)=0,"",IF(ABS(B16-IF(ISNUMBER(SEARCH("adm",A16)),$D$4,$E$4))<=$D$5,C16,FLOOR(E16/$D$6+0.0001,1)*$D$6))) | G16: =IF(AND(COUNTA($B16)>0,OR($D$4="",$E$4="")),"",IF(COUNTA(B16,C16)=0,"",B16+(C16-F16)))
A18: Se elige la pastilla disponible inmediatamente inferior a la calculada, para no quedar con holgura insuficiente. Verifique que la holgura resultante esté dentro de la tolerancia.

Sheet Graficas
