Workbook

Sheet Motor
A1: ESPECIFICACIONES DEL FABRICANTE – MOTOR ASIGNADO
A3: Motor asignado (elija de la lista): | C3: Daihatsu CB-20
A4: Las celdas verdes de las demás hojas toman el «Valor aplicado» de esta tabla. Cuando el manual da un límite de servicio, el máximo/mínimo es ese límite. Si el manual del motor no especifica el dato, se aplica el valor orientativo y la columna «Origen» lo indica.
A6: Comprobación | B6: Unidad | C6: Daihatsu CB-20 | D6: Nissan A14 | E6: Hyundai G4EC | F6: Chevrolet Monza 2.0 | G6: Valor orientativo | H6: Valor aplicado | I6: Origen | J6: Fuente en el manual
A7: Presión de aceite en ralentí – mín. | B7: bar | D7: 0.78 | E7: 0.9 | G7: 0.8 | H7: =IF(ISNUMBER(INDEX($C7:$F7,MATCH($C$3,$C$6:$F$6,0))),INDEX($C7:$F7,MATCH($C$3,$C$6:$F$6,0)),IF(INDEX($C7:$F7,MATCH($C$3,$C$6:$F$6,0))<>"","",IF($G7="","",$G7))) | I7: =IF(ISNUMBER(INDEX($C7:$F7,MATCH($C$3,$C$6:$F$6,0))),"Manual",IF(INDEX($C7:$F7,MATCH($C$3,$C$6:$F$6,0))<>"","No aplica a este motor",IF($G7="","Sin dato","Orientativo: el manual no lo especifica"))) | J7: A14 > 0,8 kg/cm² (Nissan B310 p. EL-5); Hyundai: 90–147 kPa en ralentí
A8: Presión de aceite en ralentí – máx. | B8: bar | E8: 1.47 | H8: =IF(ISNUMBER(INDEX($C8:$F8,MATCH($C$3,$C$6:$F$6,0))),INDEX($C8:$F8,MATCH($C$3,$C$6:$F$6,0)),IF(INDEX($C8:$F8,MATCH($C$3,$C$6:$F$6,0))<>"","",IF($G8="","",$G8))) | I8: =IF(ISNUMBER(INDEX($C8:$F8,MATCH($C$3,$C$6:$F$6,0))),"Manual",IF(INDEX($C8:$F8,MATCH($C$3,$C$6:$F$6,0))<>"","No aplica a este motor",IF($G8="","Sin dato","Orientativo: el manual no lo especifica"))) | J8: Hyundai
A9: Presión de aceite a 1500 rpm – mín. | B9: bar | F9: 2.82 | H9: =IF(ISNUMBER(INDEX($C9:$F9,MATCH($C$3,$C$6:$F$6,0))),INDEX($C9:$F9,MATCH($C$3,$C$6:$F$6,0)),IF(INDEX($C9:$F9,MATCH($C$3,$C$6:$F$6,0))<>"","",IF($G9="","",$G9))) | I9: =IF(ISNUMBER(INDEX($C9:$F9,MATCH($C$3,$C$6:$F$6,0))),"Manual",IF(INDEX($C9:$F9,MATCH($C$3,$C$6:$F$6,0))<>"","No aplica a este motor",IF($G9="","Sin dato","Orientativo: el manual no lo especifica"))) | J9: Monza: 282–324 kPa a 1400 rpm
A10: Presión de aceite a 1500 rpm – máx. | B10: bar | F10: 3.24 | H10: =IF(ISNUMBER(INDEX($C10:$F10,MATCH($C$3,$C$6:$F$6,0))),INDEX($C10:$F10,MATCH($C$3,$C$6:$F$6,0)),IF(INDEX($C10:$F10,MATCH($C$3,$C$6:$F$6,0))<>"","",IF($G10="","",$G10))) | I10: =IF(ISNUMBER(INDEX($C10:$F10,MATCH($C$3,$C$6:$F$6,0))),"Manual",IF(INDEX($C10:$F10,MATCH($C$3,$C$6:$F$6,0))<>"","No aplica a este motor",IF($G10="","Sin dato","Orientativo: el manual no lo especifica"))) | J10: Monza: a 1400 rpm
A11: Presión de aceite a 2000 rpm – mín. | B11: bar | G11: 2 | H11: =IF(ISNUMBER(INDEX($C11:$F11,MATCH($C$3,$C$6:$F$6,0))),INDEX($C11:$F11,MATCH($C$3,$C$6:$F$6,0)),IF(INDEX($C11:$F11,MATCH($C$3,$C$6:$F$6,0))<>"","",IF($G11="","",$G11))) | I11: =IF(ISNUMBER(INDEX($C11:$F11,MATCH($C$3,$C$6:$F$6,0))),"Manual",IF(INDEX($C11:$F11,MATCH($C$3,$C$6:$F$6,0))<>"","No aplica a este motor",IF($G11="","Sin dato","Orientativo: el manual no lo especifica"))) | J11: No consta en los manuales disponibles
A12: Presión de aceite a 3000 rpm – mín. | B12: bar | D12: 3.73 | F12: 3.65 | G12: 3 | H12: =IF(ISNUMBER(INDEX($C12:$F12,MATCH($C$3,$C$6:$F$6,0))),INDEX($C12:$F12,MATCH($C$3,$C$6:$F$6,0)),IF(INDEX($C12:$F12,MATCH($C$3,$C$6:$F$6,0))<>"","",IF($G12="","",$G12))) | I12: =IF(ISNUMBER(INDEX($C12:$F12,MATCH($C$3,$C$6:$F$6,0))),"Manual",IF(INDEX($C12:$F12,MATCH($C$3,$C$6:$F$6,0))<>"","No aplica a este motor",IF($G12="","Sin dato","Orientativo: el manual no lo especifica"))) | J12: A14 3,8–5,2 kg/cm² (Nissan B310 p. EL-5); Monza: 365–407 kPa a 3000 rpm
A13: Presión de aceite a 3000 rpm – máx. | B13: bar | D13: 5.1 | F13: 4.07 | G13: 4.5 | H13: =IF(ISNUMBER(INDEX($C13:$F13,MATCH($C$3,$C$6:$F$6,0))),INDEX($C13:$F13,MATCH($C$3,$C$6:$F$6,0)),IF(INDEX($C13:$F13,MATCH($C$3,$C$6:$F$6,0))<>"","",IF($G13="","",$G13))) | I13: =IF(ISNUMBER(INDEX($C13:$F13,MATCH($C$3,$C$6:$F$6,0))),"Manual",IF(INDEX($C13:$F13,MATCH($C$3,$C$6:$F$6,0))<>"","No aplica a este motor",IF($G13="","Sin dato","Orientativo: el manual no lo especifica"))) | J13: A14 (Nissan B310 p. EL-5); Monza
A14: Presión de aceite a 4000 rpm – mín. | B14: bar | G14: 3.5 | H14: =IF(ISNUMBER(INDEX($C14:$F14,MATCH($C$3,$C$6:$F$6,0))),INDEX($C14:$F14,MATCH($C$3,$C$6:$F$6,0)),IF(INDEX($C14:$F14,MATCH($C$3,$C$6:$F$6,0))<>"","",IF($G14="","",$G14))) | I14: =IF(ISNUMBER(INDEX($C14:$F14,MATCH($C$3,$C$6:$F$6,0))),"Manual",IF(INDEX($C14:$F14,MATCH($C$3,$C$6:$F$6,0))<>"","No aplica a este motor",IF($G14="","Sin dato","Orientativo: el manual no lo especifica"))) | J14: No consta en los manuales disponibles
A15: Presión de aceite a 4000 rpm – máx. | B15: bar | G15: 5 | H15: =IF(ISNUMBER(INDEX($C15:$F15,MATCH($C$3,$C$6:$F$6,0))),INDEX($C15:$F15,MATCH($C$3,$C$6:$F$6,0)),IF(INDEX($C15:$F15,MATCH($C$3,$C$6:$F$6,0))<>"","",IF($G15="","",$G15))) | I15: =IF(ISNUMBER(INDEX($C15:$F15,MATCH($C$3,$C$6:$F$6,0))),"Manual",IF(INDEX($C15:$F15,MATCH($C$3,$C$6:$F$6,0))<>"","No aplica a este motor",IF($G15="","Sin dato","Orientativo: el manual no lo especifica"))) | J15: No consta en los manuales disponibles
A16: Capacidad de aceite | B16: L | C16: 2.9 | D16: 3.2 | G16: 3.8 | H16: =IF(ISNUMBER(INDEX($C16:$F16,MATCH($C$3,$C$6:$F$6,0))),INDEX($C16:$F16,MATCH($C$3,$C$6:$F$6,0)),IF(INDEX($C16:$F16,MATCH($C$3,$C$6:$F$6,0))<>"","",IF($G16="","",$G16))) | I16: =IF(ISNUMBER(INDEX($C16:$F16,MATCH($C$3,$C$6:$F$6,0))),"Manual",IF(INDEX($C16:$F16,MATCH($C$3,$C$6:$F$6,0))<>"","No aplica a este motor",IF($G16="","Sin dato","Orientativo: el manual no lo especifica"))) | J16: CB-20: G10 p. 13; Haynes p. 18 (con filtro)
A17: Bomba de aceite: juego entre rotores/engranajes máx. | B17: mm | C17: 0.25 | D17: 0.2 | E17: 0.069 | F17: 0.45 | G17: 0.2 | H17: =IF(ISNUMBER(INDEX($C17:$F17,MATCH($C$3,$C$6:$F$6,0))),INDEX($C17:$F17,MATCH($C$3,$C$6:$F$6,0)),IF(INDEX($C17:$F17,MATCH($C$3,$C$6:$F$6,0))<>"","",IF($G17="","",$G17))) | I17: =IF(ISNUMBER(INDEX($C17:$F17,MATCH($C$3,$C$6:$F$6,0))),"Manual",IF(INDEX($C17:$F17,MATCH($C$3,$C$6:$F$6,0))<>"","No aplica a este motor",IF($G17="","Sin dato","Orientativo: el manual no lo especifica"))) | J17: CB p. 7-3 (límite); A14 límite (Nissan B310 p. EL-5); Hyundai; Monza (engranaje–media luna)
A18: Bomba de aceite: juego rotor–cuerpo máx. | B18: mm | C18: 0.3 | D18: 0.5 | E18: 0.18 | F18: 0.19 | G18: 0.2 | H18: =IF(ISNUMBER(INDEX($C18:$F18,MATCH($C$3,$C$6:$F$6,0))),INDEX($C18:$F18,MATCH($C$3,$C$6:$F$6,0)),IF(INDEX($C18:$F18,MATCH($C$3,$C$6:$F$6,0))<>"","",IF($G18="","",$G18))) | I18: =IF(ISNUMBER(INDEX($C18:$F18,MATCH($C$3,$C$6:$F$6,0))),"Manual",IF(INDEX($C18:$F18,MATCH($C$3,$C$6:$F$6,0))<>"","No aplica a este motor",IF($G18="","Sin dato","Orientativo: el manual no lo especifica"))) | J18: CB p. 7-4 (límite); Hyundai; Monza
A19: Bomba de aceite: juego lateral máx. | B19: mm | C19: 0.2 | D19: 0.2 | E19: 0.09 | F19: 0.1 | G19: 0.1 | H19: =IF(ISNUMBER(INDEX($C19:$F19,MATCH($C$3,$C$6:$F$6,0))),INDEX($C19:$F19,MATCH($C$3,$C$6:$F$6,0)),IF(INDEX($C19:$F19,MATCH($C$3,$C$6:$F$6,0))<>"","",IF($G19="","",$G19))) | I19: =IF(ISNUMBER(INDEX($C19:$F19,MATCH($C$3,$C$6:$F$6,0))),"Manual",IF(INDEX($C19:$F19,MATCH($C$3,$C$6:$F$6,0))<>"","No aplica a este motor",IF($G19="","Sin dato","Orientativo: el manual no lo especifica"))) | J19: CB p. 7-3 (límite); Hyundai; Monza
A20: Longitud libre mín. del muelle de la válvula de alivio | B20: mm | D20: 43.49 | E20: 46.6 | G20: 45 | H20: =IF(ISNUMBER(INDEX($C20:$F20,MATCH($C$3,$C$6:$F$6,0))),INDEX($C20:$F20,MATCH($C$3,$C$6:$F$6,0)),IF(INDEX($C20:$F20,MATCH($C$3,$C$6:$F$6,0))<>"","",IF($G20="","",$G20))) | I20: =IF(ISNUMBER(INDEX($C20:$F20,MATCH($C$3,$C$6:$F$6,0))),"Manual",IF(INDEX($C20:$F20,MATCH($C$3,$C$6:$F$6,0))<>"","No aplica a este motor",IF($G20="","Sin dato","Orientativo: el manual no lo especifica"))) | J20: A14 (Nissan B310 p. EL-5, nominal); Hyundai
A22: Fuentes: Daihatsu Motor Co. (1987), Workshop manual Type CB engine; Daihatsu Motor Sales (1979), Technical information Charade (CB-20); Jones (1988), Haynes Datsun Sunny (A14); Hyundai Motor Company (2001), Accent LC G 1.6 DOHC (familia Alpha, como el G4EC); General Motors do Brasil (1990), Monza: Manual de reparações. Conversiones: 1 kg/cm² = 0,980665 bar; 1 kg·m = 9,80665 N·m.

Sheet Presion
A1: SFM GUÍA 13 – SISTEMA DE LUBRICACIÓN
A2: Presión de aceite frente al régimen y a la especificación
A3: Leyenda: celdas amarillas con texto azul = datos de entrada (editar). Texto negro = fórmulas (no editar). Celdas verdes = especificación del fabricante del motor elegido en la hoja «Motor» (no editar).
A5: Régimen (rpm) | B5: Temperatura (°C) | C5: Presión medida (bar) | D5: Especificación mín. (bar) | E5: Especificación máx. (bar) | F5: Presión (kPa) | G5: Presión (psi) | H5: Diagnóstico
A6: 800 | B6: 90 | D6: =Motor!$H$7 | E6: =Motor!$H$8 | F6: =IF(COUNTA(C6)=0,"",C6*100) | G6: =IF(COUNTA(C6)=0,"",C6*14.5038) | H6: =IF(COUNTA(C6)=0,"",IF(AND(D6="",E6=""),"—",IF(AND(D6<>"",C6<D6),"Baja: holguras, bomba, tamiz o aceite",IF(AND(E6<>"",C6>E6),"Alta: válvula limitadora o viscosidad","Correcta"))))
A7: 1500 | B7: 90 | D7: =Motor!$H$9 | E7: =Motor!$H$10 | F7: =IF(COUNTA(C7)=0,"",C7*100) | G7: =IF(COUNTA(C7)=0,"",C7*14.5038) | H7: =IF(COUNTA(C7)=0,"",IF(AND(D7="",E7=""),"—",IF(AND(D7<>"",C7<D7),"Baja: holguras, bomba, tamiz o aceite",IF(AND(E7<>"",C7>E7),"Alta: válvula limitadora o viscosidad","Correcta"))))
A8: 2000 | B8: 90 | D8: =Motor!$H$11 | F8: =IF(COUNTA(C8)=0,"",C8*100) | G8: =IF(COUNTA(C8)=0,"",C8*14.5038) | H8: =IF(COUNTA(C8)=0,"",IF(AND(D8="",E8=""),"—",IF(AND(D8<>"",C8<D8),"Baja: holguras, bomba, tamiz o aceite",IF(AND(E8<>"",C8>E8),"Alta: válvula limitadora o viscosidad","Correcta"))))
A9: 2500 | B9: 90 | F9: =IF(COUNTA(C9)=0,"",C9*100) | G9: =IF(COUNTA(C9)=0,"",C9*14.5038) | H9: =IF(COUNTA(C9)=0,"",IF(AND(D9="",E9=""),"—",IF(AND(D9<>"",C9<D9),"Baja: holguras, bomba, tamiz o aceite",IF(AND(E9<>"",C9>E9),"Alta: válvula limitadora o viscosidad","Correcta"))))
A10: 3000 | B10: 90 | D10: =Motor!$H$12 | E10: =Motor!$H$13 | F10: =IF(COUNTA(C10)=0,"",C10*100) | G10: =IF(COUNTA(C10)=0,"",C10*14.5038) | H10: =IF(COUNTA(C10)=0,"",IF(AND(D10="",E10=""),"—",IF(AND(D10<>"",C10<D10),"Baja: holguras, bomba, tamiz o aceite",IF(AND(E10<>"",C10>E10),"Alta: válvula limitadora o viscosidad","Correcta"))))
A11: 3500 | B11: 90 | F11: =IF(COUNTA(C11)=0,"",C11*100) | G11: =IF(COUNTA(C11)=0,"",C11*14.5038) | H11: =IF(COUNTA(C11)=0,"",IF(AND(D11="",E11=""),"—",IF(AND(D11<>"",C11<D11),"Baja: holguras, bomba, tamiz o aceite",IF(AND(E11<>"",C11>E11),"Alta: válvula limitadora o viscosidad","Correcta"))))
A12: 4000 | B12: 90 | D12: =Motor!$H$14 | E12: =Motor!$H$15 | F12: =IF(COUNTA(C12)=0,"",C12*100) | G12: =IF(COUNTA(C12)=0,"",C12*14.5038) | H12: =IF(COUNTA(C12)=0,"",IF(AND(D12="",E12=""),"—",IF(AND(D12<>"",C12<D12),"Baja: holguras, bomba, tamiz o aceite",IF(AND(E12<>"",C12>E12),"Alta: válvula limitadora o viscosidad","Correcta"))))
A14: Mida con el aceite a temperatura de funcionamiento. Especificaciones de ejemplo: use las del manual del motor.
A16: Manocontacto: presión de conmutación (bar) | D16: 0.4
A17: ¿El testigo se apaga al arrancar? (Sí/No)
A18: Estado del manocontacto | D18: =IF(COUNTA(D17)=0,"",IF(D17="Sí","Correcto","Revisar manocontacto o presión"))

Sheet Aceite
A1: Selección del grado de viscosidad SAE
A2: Temperatura mínima orientativa de arranque según el grado W (SAE J300)
A3: Leyenda: celdas amarillas con texto azul = datos de entrada (editar). Texto negro = fórmulas (no editar). Celdas verdes = especificación del fabricante del motor elegido en la hoja «Motor» (no editar).
A5: Grado W | B5: Temperatura mínima de arranque (°C) | D5: Grado del aceite a utilizar (W) | G5: 15W
A6: 0W | B6: -35 | D6: Temperatura mínima del lugar (°C) | G6: 2
A7: 5W | B7: -30 | D7: Temperatura mínima admisible del grado (°C) | G7: =INDEX(B6:B11,MATCH(G5,A6:A11,0))
A8: 10W | B8: -25 | D8: ¿Grado adecuado para el clima? | G8: =IF(G6>=G7,"Sí","No: elegir un grado W menor")
A9: 15W | B9: -20
A10: 20W | B10: -15 | D10: Capacidad de aceite con filtro (L) | G10: =Motor!$H$16
A11: 25W | B11: -10 | D11: Aceite añadido (L)
D12: Diferencia (L) | G12: =IF(COUNTA(G11)=0,"",G11-G10)
A14: Tabla orientativa; el fabricante del vehículo prevalece (SAE, API/ACEA y capacidad).

Sheet Bomba
A1: Juegos de la bomba de aceite
A3: Leyenda: celdas amarillas con texto azul = datos de entrada (editar). Texto negro = fórmulas (no editar). Celdas verdes = especificación del fabricante del motor elegido en la hoja «Motor» (no editar).
A5: Comprobación | B5: Medido (mm) | C5: Límite máx. (mm) | D5: Límite mín. (mm) | E5: Estado
A6: Juego entre rotores o engranajes | C6: =Motor!$H$17 | E6: =IF(COUNTA(B6)=0,"",IF(AND(OR(C6="",B6<=C6),OR(D6="",B6>=D6)),"Correcto","Sustituir bomba o componente"))
A7: Juego rotor–cuerpo | C7: =Motor!$H$18 | E7: =IF(COUNTA(B7)=0,"",IF(AND(OR(C7="",B7<=C7),OR(D7="",B7>=D7)),"Correcto","Sustituir bomba o componente"))
A8: Juego lateral | C8: =Motor!$H$19 | E8: =IF(COUNTA(B8)=0,"",IF(AND(OR(C8="",B8<=C8),OR(D8="",B8>=D8)),"Correcto","Sustituir bomba o componente"))
A9: Longitud libre del muelle limitador | D9: =Motor!$H$20 | E9: =IF(COUNTA(B9)=0,"",IF(AND(OR(C9="",B9<=C9),OR(D9="",B9>=D9)),"Correcto","Sustituir bomba o componente"))

Sheet Graficas

Sheet Intercambiador
A1: Verificación del intercambiador aceite–agua (práctica 16 del cuaderno)
A2: Prueba neumática sumergido en agua caliente
A3: Leyenda: celdas amarillas con texto azul = datos de entrada (editar). Texto negro = fórmulas (no editar). Celdas verdes = especificación del fabricante del motor elegido en la hoja «Motor» (no editar).
A5: Comprobación | B5: Valor | C5: Criterio mín. | D5: Criterio máx. | E5: Resultado
A6: Máxima presión de engrase del manual (bar) | B6: 5 | C6: 4 | D6: 6 | E6: =IF(AND(OR(C6="",B6>=C6),OR(D6="",B6<=D6)),"Correcto","Ajustar condición de prueba")
A7: Presión de prueba aplicada (bar) | E7: =IF(COUNTA(B7)=0,"",IF(ABS(B7-B6)<=0.2,"Correcto","Ajustar a la máxima presión de engrase"))
A8: Temperatura del agua (°C) | C8: 85 | D8: 95 | E8: =IF(COUNTA(B8)=0,"",IF(AND(OR(C8="",B8>=C8),OR(D8="",B8<=D8)),"Correcto","Ajustar condición de prueba"))
A9: Tiempo de observación (min) | C9: 2 | E9: =IF(COUNTA(B9)=0,"",IF(AND(OR(C9="",B9>=C9),OR(D9="",B9<=D9)),"Correcto","Ajustar condición de prueba"))
A11: ¿Aparecen burbujas? (Sí/No)
A12: ¿Hay pasta marrón bajo el tapón de aceite? (Sí/No)
A13: ¿Burbujas en el vaso de expansión con el motor en marcha? (Sí/No)
A15: Diagnóstico del intercambiador | B15: =IF(COUNTA(B11)=0,"",IF(B11="Sí","Sustituir intercambiador (comunicación aceite–agua)","Intercambiador estanco"))
A16: Diagnóstico de la mezcla aceite–refrigerante | B16: =IF(COUNTA(B11,B12,B13)=0,"",IF(B12="No","Sin mezcla de fluidos",IF(B11="Sí","Causa: intercambiador. Cambiar aceite, filtro y refrigerante",IF(B13="Sí","Probable junta de culata: verificar (Guía 11)","Revisar otras causas antes de levantar la culata"))))
