Workbook

Sheet Motor
A1: ESPECIFICACIONES DEL FABRICANTE – MOTOR ASIGNADO
A3: Motor asignado (elija de la lista): | C3: Daihatsu CB-20
A4: Las celdas verdes de las demás hojas toman el «Valor aplicado» de esta tabla. Cuando el manual da un límite de servicio, el máximo/mínimo es ese límite. Si el manual del motor no especifica el dato, se aplica el valor orientativo y la columna «Origen» lo indica.
A6: Comprobación | B6: Unidad | C6: Daihatsu CB-20 | D6: Nissan A14 | E6: Hyundai G4EC | F6: Chevrolet Monza 2.0 | G6: Valor orientativo | H6: Valor aplicado | I6: Origen | J6: Fuente en el manual
A7: Apertura de la válvula de la tapa del radiador – mín. | B7: bar | C7: 0.74 | E7: 0.81 | F7: 1.2 | G7: 0.95 | H7: =IF(ISNUMBER(INDEX($C7:$F7,MATCH($C$3,$C$6:$F$6,0))),INDEX($C7:$F7,MATCH($C$3,$C$6:$F$6,0)),IF(INDEX($C7:$F7,MATCH($C$3,$C$6:$F$6,0))<>"","",IF($G7="","",$G7))) | I7: =IF(ISNUMBER(INDEX($C7:$F7,MATCH($C$3,$C$6:$F$6,0))),"Manual",IF(INDEX($C7:$F7,MATCH($C$3,$C$6:$F$6,0))<>"","No aplica a este motor",IF($G7="","Sin dato","Orientativo: el manual no lo especifica"))) | J7: CB 0,75–1,05 kg/cm²; Hyundai 0,83–1,1 kg/cm²; Monza 120–135 kPa. A14: 0,9 kgf/cm² nominal (Haynes p. 37)
A8: Apertura de la válvula de la tapa del radiador – máx. | B8: bar | C8: 1.03 | E8: 1.08 | F8: 1.35 | G8: 1.25 | H8: =IF(ISNUMBER(INDEX($C8:$F8,MATCH($C$3,$C$6:$F$6,0))),INDEX($C8:$F8,MATCH($C$3,$C$6:$F$6,0)),IF(INDEX($C8:$F8,MATCH($C$3,$C$6:$F$6,0))<>"","",IF($G8="","",$G8))) | I8: =IF(ISNUMBER(INDEX($C8:$F8,MATCH($C$3,$C$6:$F$6,0))),"Manual",IF(INDEX($C8:$F8,MATCH($C$3,$C$6:$F$6,0))<>"","No aplica a este motor",IF($G8="","Sin dato","Orientativo: el manual no lo especifica"))) | J8: CB; Hyundai; Monza
A9: Termostato: inicio de apertura | B9: °C | C9: 82 | D9: 82 | E9: 82 | F9: 92 | G9: 88 | H9: =IF(ISNUMBER(INDEX($C9:$F9,MATCH($C$3,$C$6:$F$6,0))),INDEX($C9:$F9,MATCH($C$3,$C$6:$F$6,0)),IF(INDEX($C9:$F9,MATCH($C$3,$C$6:$F$6,0))<>"","",IF($G9="","",$G9))) | I9: =IF(ISNUMBER(INDEX($C9:$F9,MATCH($C$3,$C$6:$F$6,0))),"Manual",IF(INDEX($C9:$F9,MATCH($C$3,$C$6:$F$6,0))<>"","No aplica a este motor",IF($G9="","Sin dato","Orientativo: el manual no lo especifica"))) | J9: CB 80,5–83,5 °C (p. 8-3, punto medio); Haynes p. 37; Hyundai; Monza p. 6C-02
A10: Termostato: apertura total | B10: °C | C10: 95 | D10: 95 | E10: 95 | F10: 103 | G10: 100 | H10: =IF(ISNUMBER(INDEX($C10:$F10,MATCH($C$3,$C$6:$F$6,0))),INDEX($C10:$F10,MATCH($C$3,$C$6:$F$6,0)),IF(INDEX($C10:$F10,MATCH($C$3,$C$6:$F$6,0))<>"","",IF($G10="","",$G10))) | I10: =IF(ISNUMBER(INDEX($C10:$F10,MATCH($C$3,$C$6:$F$6,0))),"Manual",IF(INDEX($C10:$F10,MATCH($C$3,$C$6:$F$6,0))<>"","No aplica a este motor",IF($G10="","Sin dato","Orientativo: el manual no lo especifica"))) | J10: CB: 8 mm de carrera a 95 °C (p. 8-3); Haynes p. 37; Hyundai; Monza p. 6C-02
A11: Electroventilador: conexión | B11: °C | C11: 92 | F11: 91.5 | G11: 95 | H11: =IF(ISNUMBER(INDEX($C11:$F11,MATCH($C$3,$C$6:$F$6,0))),INDEX($C11:$F11,MATCH($C$3,$C$6:$F$6,0)),IF(INDEX($C11:$F11,MATCH($C$3,$C$6:$F$6,0))<>"","",IF($G11="","",$G11))) | I11: =IF(ISNUMBER(INDEX($C11:$F11,MATCH($C$3,$C$6:$F$6,0))),"Manual",IF(INDEX($C11:$F11,MATCH($C$3,$C$6:$F$6,0))<>"","No aplica a este motor",IF($G11="","Sin dato","Orientativo: el manual no lo especifica"))) | J11: CB termocontacto 92 ± 3 °C (p. 8-4); Monza 90–93 °C (punto medio)
A12: Electroventilador: desconexión | B12: °C | C12: 87 | F12: 87.5 | G12: 90 | H12: =IF(ISNUMBER(INDEX($C12:$F12,MATCH($C$3,$C$6:$F$6,0))),INDEX($C12:$F12,MATCH($C$3,$C$6:$F$6,0)),IF(INDEX($C12:$F12,MATCH($C$3,$C$6:$F$6,0))<>"","",IF($G12="","",$G12))) | I12: =IF(ISNUMBER(INDEX($C12:$F12,MATCH($C$3,$C$6:$F$6,0))),"Manual",IF(INDEX($C12:$F12,MATCH($C$3,$C$6:$F$6,0))<>"","No aplica a este motor",IF($G12="","Sin dato","Orientativo: el manual no lo especifica"))) | J12: CB termocontacto 87 ± 2 °C (p. 8-4); Monza 85–90 °C (punto medio)
A14: Fuentes: Daihatsu Motor Co. (1987), Workshop manual Type CB engine; Daihatsu Motor Sales (1979), Technical information Charade (CB-20); Jones (1988), Haynes Datsun Sunny (A14); Hyundai Motor Company (2001), Accent LC G 1.6 DOHC (familia Alpha, como el G4EC); General Motors do Brasil (1990), Monza: Manual de reparações. Conversiones: 1 kg/cm² = 0,980665 bar; 1 kg·m = 9,80665 N·m.

Sheet Refrigerante
A1: SFM GUÍA 14 – SISTEMA DE REFRIGERACIÓN
A2: Punto de congelación por interpolación; ebullición ≈ T_eb,local + ΔT_glicol + 25 °C/bar
A3: Leyenda: celdas amarillas con texto azul = datos de entrada (editar). Texto negro = fórmulas (no editar). Celdas verdes = especificación del fabricante del motor elegido en la hoja «Motor» (no editar).
A5: Concentración de etilenglicol (%) | B5: Punto de congelación (°C) | C5: Aumento de ebullición a 1 atm (°C)
A6: 0 | B6: 0 | C6: 0
A7: 10 | B7: -3.5 | C7: 0.5
A8: 20 | B8: -8 | C8: 1
A9: 30 | B9: -15 | C9: 2
A10: 40 | B10: -24 | C10: 3
A11: 50 | B11: -37 | C11: 6
A12: 60 | B12: -52 | C12: 8
A13: Tabla orientativa para mezclas agua–etilenglicol; consulte la ficha técnica del refrigerante utilizado.
A15: Magnitud | B15: Ecuación / criterio | C15: Valor | D15: Unidad
A16: Concentración medida (refractómetro) | B16: Dato | D16: %
A17: Índice de la tabla | B17: MATCH | C17: =IF(COUNTA(C16)=0,"",MATCH(C16,A6:A12,1)) | D17: —
A18: Punto de congelación de la mezcla | B18: Interpolación lineal | C18: =IF(COUNTA(C16)=0,"",IF(C16>=60,B12,INDEX(B6:B12,C17)+(C16-INDEX(A6:A12,C17))*(INDEX(B6:B12,C17+1)-INDEX(B6:B12,C17))/(INDEX(A6:A12,C17+1)-INDEX(A6:A12,C17)))) | D18: °C
A19: Temperatura mínima esperada en la zona | B19: Dato | C19: 0 | D19: °C
A20: ¿Protección suficiente? (margen 10 °C) | B20: T_cong ≤ T_mín − 10 | C20: =IF(COUNTA(C16)=0,"",IF(C18<=C19-10,"Sí","No: aumentar concentración")) | D20: —
A21: Altitud del lugar | B21: Dato | C21: 2060 | D21: m
A22: Ebullición del agua a la altitud | B22: T_eb ≈ 100 − h/300 | C22: =100-C21/300 | D22: °C
A23: Aumento de ebullición por glicol | B23: Interpolación | C23: =IF(COUNTA(C16)=0,"",IF(C16>=60,C12,INDEX(C6:C12,C17)+(C16-INDEX(A6:A12,C17))*(INDEX(C6:C12,C17+1)-INDEX(C6:C12,C17))/(INDEX(A6:A12,C17+1)-INDEX(A6:A12,C17)))) | D23: °C
A24: Presión de tarado del tapón | B24: Dato | C24: 1.1 | D24: bar
A25: Punto de ebullición en el circuito presurizado | B25: T_eb + ΔT_glicol + 25·P_tapón | C25: =IF(COUNTA(C16)=0,"",C22+C23+25*C24) | D25: °C
A27: Estimaciones orientativas (≈ 1 °C menos de ebullición cada 300 m y ≈ 25 °C más por bar de sobrepresión).

Sheet Estanqueidad
A1: Prueba de estanqueidad y del tapón
A3: Leyenda: celdas amarillas con texto azul = datos de entrada (editar). Texto negro = fórmulas (no editar). Celdas verdes = especificación del fabricante del motor elegido en la hoja «Motor» (no editar).
A5: Comprobación | B5: Medido | C5: Especificación mín. | D5: Especificación máx. | E5: Unidad | F5: Resultado
A6: Presión inicial de la prueba | E6: bar
A7: Presión a los 2 min | E7: bar
A8: Caída de presión en 2 min | B8: =IF(COUNTA(B6,B7)=0,"",B6-B7) | C8: 0 | D8: 0.1 | E8: bar | F8: =IF(COUNTA(B6,B7)=0,"",IF(AND(B8>=C8,B8<=D8),"Correcto","Fuera de especificación"))
A9: Apertura de la válvula del tapón | C9: =Motor!$H$7 | D9: =Motor!$H$8 | E9: bar | F9: =IF(COUNTA(B9)=0,"",IF(AND(B9>=C9,B9<=D9),"Correcto","Fuera de especificación"))
A10: Nivel en el vaso de expansión (entre marcas: Sí/No) | E10: — | F10: =IF(COUNTA(B10)=0,"",IF(B10="Sí","Correcto","Corregir nivel"))

Sheet Termostato
A1: Termostato, electroventilador y termocontacto
A3: Leyenda: celdas amarillas con texto azul = datos de entrada (editar). Texto negro = fórmulas (no editar). Celdas verdes = especificación del fabricante del motor elegido en la hoja «Motor» (no editar).
A5: Componente | B5: Medido (°C) | C5: Especificado (°C) | D5: Tolerancia ± (°C) | E5: Diferencia (°C) | F5: Estado
A6: Termostato: inicio de apertura | C6: =Motor!$H$9 | D6: 2 | E6: =IF(COUNTA(B6)=0,"",B6-C6) | F6: =IF(COUNTA(B6)=0,"",IF(ABS(E6)<=D6,"Correcto",IF(E6>0,"Actúa tarde: sustituir","Actúa pronto: sustituir")))
A7: Termostato: apertura total | C7: =Motor!$H$10 | D7: 3 | E7: =IF(COUNTA(B7)=0,"",B7-C7) | F7: =IF(COUNTA(B7)=0,"",IF(ABS(E7)<=D7,"Correcto",IF(E7>0,"Actúa tarde: sustituir","Actúa pronto: sustituir")))
A8: Electroventilador: activación | C8: =Motor!$H$11 | D8: 3 | E8: =IF(COUNTA(B8)=0,"",B8-C8) | F8: =IF(COUNTA(B8)=0,"",IF(ABS(E8)<=D8,"Correcto",IF(E8>0,"Actúa tarde: sustituir","Actúa pronto: sustituir")))
A9: Electroventilador: desactivación | C9: =Motor!$H$12 | D9: 3 | E9: =IF(COUNTA(B9)=0,"",B9-C9) | F9: =IF(COUNTA(B9)=0,"",IF(ABS(E9)<=D9,"Correcto",IF(E9>0,"Actúa tarde: sustituir","Actúa pronto: sustituir")))
A10: Termocontacto: cierre | C10: 95 | D10: 2 | E10: =IF(COUNTA(B10)=0,"",B10-C10) | F10: =IF(COUNTA(B10)=0,"",IF(ABS(E10)<=D10,"Correcto",IF(E10>0,"Actúa tarde: sustituir","Actúa pronto: sustituir")))
A11: Termocontacto: apertura | C11: 88 | D11: 2 | E11: =IF(COUNTA(B11)=0,"",B11-C11) | F11: =IF(COUNTA(B11)=0,"",IF(ABS(E11)<=D11,"Correcto",IF(E11>0,"Actúa tarde: sustituir","Actúa pronto: sustituir")))
A13: Tiempo (min) | B13: T manguera superior (°C) | C13: T manguera inferior (°C) | D13: ΔT radiador (°C) | E13: Eficacia del radiador
A14: 0 | D14: =IF(COUNTA(B14,C14)=0,"",B14-C14) | E14: =IF(COUNTA(B14,C14)=0,"",IF(B14<80,"Termostato cerrado",IF(D14<5,"Radiador obstruido (ΔT bajo)",IF(D14>25,"Circulación deficiente (ΔT alto)","Correcta"))))
A15: 3 | D15: =IF(COUNTA(B15,C15)=0,"",B15-C15) | E15: =IF(COUNTA(B15,C15)=0,"",IF(B15<80,"Termostato cerrado",IF(D15<5,"Radiador obstruido (ΔT bajo)",IF(D15>25,"Circulación deficiente (ΔT alto)","Correcta"))))
A16: 6 | D16: =IF(COUNTA(B16,C16)=0,"",B16-C16) | E16: =IF(COUNTA(B16,C16)=0,"",IF(B16<80,"Termostato cerrado",IF(D16<5,"Radiador obstruido (ΔT bajo)",IF(D16>25,"Circulación deficiente (ΔT alto)","Correcta"))))
A17: 9 | D17: =IF(COUNTA(B17,C17)=0,"",B17-C17) | E17: =IF(COUNTA(B17,C17)=0,"",IF(B17<80,"Termostato cerrado",IF(D17<5,"Radiador obstruido (ΔT bajo)",IF(D17>25,"Circulación deficiente (ΔT alto)","Correcta"))))
A18: 12 | D18: =IF(COUNTA(B18,C18)=0,"",B18-C18) | E18: =IF(COUNTA(B18,C18)=0,"",IF(B18<80,"Termostato cerrado",IF(D18<5,"Radiador obstruido (ΔT bajo)",IF(D18>25,"Circulación deficiente (ΔT alto)","Correcta"))))
A19: 15 | D19: =IF(COUNTA(B19,C19)=0,"",B19-C19) | E19: =IF(COUNTA(B19,C19)=0,"",IF(B19<80,"Termostato cerrado",IF(D19<5,"Radiador obstruido (ΔT bajo)",IF(D19>25,"Circulación deficiente (ΔT alto)","Correcta"))))
A21: Criterios de ΔT del radiador orientativos (con termostato abierto).

Sheet Graficas
