Workbook

Sheet Motor
A1: ESPECIFICACIONES DEL FABRICANTE – MOTOR ASIGNADO
A3: Motor asignado (elija de la lista): | C3: Daihatsu CB-20
A4: Las celdas verdes de las demás hojas toman el «Valor aplicado» de esta tabla. Cuando el manual da un límite de servicio, el máximo/mínimo es ese límite. Si el manual del motor no especifica el dato, se aplica el valor orientativo y la columna «Origen» lo indica.
A6: Comprobación | B6: Unidad | C6: Daihatsu CB-20 | D6: Nissan A14 | E6: Hyundai G4EC | F6: Chevrolet Monza 2.0 | G6: Valor orientativo | H6: Valor aplicado | I6: Origen | J6: Fuente en el manual
A7: Alabeo máx. del plano superior del bloque | B7: mm | C7: 0.1 | D7: 0.1 | G7: 0.05 | H7: =IF(ISNUMBER(INDEX($C7:$F7,MATCH($C$3,$C$6:$F$6,0))),INDEX($C7:$F7,MATCH($C$3,$C$6:$F$6,0)),IF(INDEX($C7:$F7,MATCH($C$3,$C$6:$F$6,0))<>"","",IF($G7="","",$G7))) | I7: =IF(ISNUMBER(INDEX($C7:$F7,MATCH($C$3,$C$6:$F$6,0))),"Manual",IF(INDEX($C7:$F7,MATCH($C$3,$C$6:$F$6,0))<>"","No aplica a este motor",IF($G7="","Sin dato","Orientativo: el manual no lo especifica"))) | J7: CB p. 13-7; Haynes p. 19
A8: Diámetro nominal del cilindro | B8: mm | C8: 76 | D8: 76 | E8: 75.5 | F8: 86 | G8: 78 | H8: =IF(ISNUMBER(INDEX($C8:$F8,MATCH($C$3,$C$6:$F$6,0))),INDEX($C8:$F8,MATCH($C$3,$C$6:$F$6,0)),IF(INDEX($C8:$F8,MATCH($C$3,$C$6:$F$6,0))<>"","",IF($G8="","",$G8))) | I8: =IF(ISNUMBER(INDEX($C8:$F8,MATCH($C$3,$C$6:$F$6,0))),"Manual",IF(INDEX($C8:$F8,MATCH($C$3,$C$6:$F$6,0))<>"","No aplica a este motor",IF($G8="","Sin dato","Orientativo: el manual no lo especifica"))) | J8: CB-20: G10 p. 13; A14: Haynes p. 18; G4EC: dato del motor; Monza p. 6Z-01
A9: Desgaste máximo del cilindro | B9: mm | D9: 0.2 | G9: 0.1 | H9: =IF(ISNUMBER(INDEX($C9:$F9,MATCH($C$3,$C$6:$F$6,0))),INDEX($C9:$F9,MATCH($C$3,$C$6:$F$6,0)),IF(INDEX($C9:$F9,MATCH($C$3,$C$6:$F$6,0))<>"","",IF($G9="","",$G9))) | I9: =IF(ISNUMBER(INDEX($C9:$F9,MATCH($C$3,$C$6:$F$6,0))),"Manual",IF(INDEX($C9:$F9,MATCH($C$3,$C$6:$F$6,0))<>"","No aplica a este motor",IF($G9="","Sin dato","Orientativo: el manual no lo especifica"))) | J9: Haynes p. 19
A10: Ovalización y conicidad máx. del cilindro | B10: mm | C10: 0.1 | D10: 0.015 | E10: 0.01 | F10: 0.127 | G10: 0.05 | H10: =IF(ISNUMBER(INDEX($C10:$F10,MATCH($C$3,$C$6:$F$6,0))),INDEX($C10:$F10,MATCH($C$3,$C$6:$F$6,0)),IF(INDEX($C10:$F10,MATCH($C$3,$C$6:$F$6,0))<>"","",IF($G10="","",$G10))) | I10: =IF(ISNUMBER(INDEX($C10:$F10,MATCH($C$3,$C$6:$F$6,0))),"Manual",IF(INDEX($C10:$F10,MATCH($C$3,$C$6:$F$6,0))<>"","No aplica a este motor",IF($G10="","Sin dato","Orientativo: el manual no lo especifica"))) | J10: Daihatsu Type CB, pp. 13-5 a 13-9 (col. CB-23/CB-61, mismo bloque y culata); Haynes p. 19; Hyundai Accent LC 1.6 DOHC (familia Alpha), EM General Information; GM Monza, pp. 6Z-01 a 6Z-03
A11: Holgura pistón–cilindro nominal (punto medio del rango del manual) | B11: mm | C11: 0.045 | E11: 0.035 | F11: 0.02 | G11: 0.04 | H11: =IF(ISNUMBER(INDEX($C11:$F11,MATCH($C$3,$C$6:$F$6,0))),INDEX($C11:$F11,MATCH($C$3,$C$6:$F$6,0)),IF(INDEX($C11:$F11,MATCH($C$3,$C$6:$F$6,0))<>"","",IF($G11="","",$G11))) | I11: =IF(ISNUMBER(INDEX($C11:$F11,MATCH($C$3,$C$6:$F$6,0))),"Manual",IF(INDEX($C11:$F11,MATCH($C$3,$C$6:$F$6,0))<>"","No aplica a este motor",IF($G11="","Sin dato","Orientativo: el manual no lo especifica"))) | J11: CB 0,035–0,055; Hyundai 0,025–0,045; Monza 0,010–0,030
A13: Fuentes: Daihatsu Motor Co. (1987), Workshop manual Type CB engine; Daihatsu Motor Sales (1979), Technical information Charade (CB-20); Jones (1988), Haynes Datsun Sunny (A14); Hyundai Motor Company (2001), Accent LC G 1.6 DOHC (familia Alpha, como el G4EC); General Motors do Brasil (1990), Monza: Manual de reparações. Conversiones: 1 kg/cm² = 0,980665 bar; 1 kg·m = 9,80665 N·m.

Sheet Planitud
A1: SFM GUÍA 15 – BLOQUE MOTOR
A2: Planitud, alojamientos de bancada y cilindros
A3: Leyenda: celdas amarillas con texto azul = datos de entrada (editar). Texto negro = fórmulas (no editar). Celdas verdes = especificación del fabricante del motor elegido en la hoja «Motor» (no editar).
A4: Límite de planitud del plano superior (mm) | D4: =Motor!$H$7
A6: Posición | B6: Galga máxima (mm) | C6: Estado
A7: Longitudinal izquierda | C7: =IF(COUNTA(B7)=0,"",IF(B7<=$D$4,"Correcto","Planificar"))
A8: Longitudinal central | C8: =IF(COUNTA(B8)=0,"",IF(B8<=$D$4,"Correcto","Planificar"))
A9: Longitudinal derecha | C9: =IF(COUNTA(B9)=0,"",IF(B9<=$D$4,"Correcto","Planificar"))
A10: Transversal | C10: =IF(COUNTA(B10)=0,"",IF(B10<=$D$4,"Correcto","Planificar"))
A11: Diagonal 1 | C11: =IF(COUNTA(B11)=0,"",IF(B11<=$D$4,"Correcto","Planificar"))
A12: Diagonal 2 | C12: =IF(COUNTA(B12)=0,"",IF(B12<=$D$4,"Correcto","Planificar"))
A13: Máximo | B13: =IF(COUNTA(B7,B8,B9,B10,B11,B12)=0,"",MAX(B7:B12)) | C13: =IF(COUNTA(B7,B8,B9,B10,B11,B12)=0,"",IF(B13<=$D$4,"Plano superior aceptable","Requiere planificado"))

Sheet Bancadas
A1: Alojamientos de bancada (sombreretes apretados al par)
A2: Ovalización = máx − mín en una profundidad; conicidad = diferencia de promedios entre profundidades
A3: Leyenda: celdas amarillas con texto azul = datos de entrada (editar). Texto negro = fórmulas (no editar). Celdas verdes = especificación del fabricante del motor elegido en la hoja «Motor» (no editar).
A4: Diámetro nominal (mm) | D4: 58 | F4: Límite ovalización/conicidad (mm) | I4: 0.01
A5: Tolerancia de diámetro (+ mm) | D5: 0.019
A7: Apoyo | B7: A 0° | C7: A 120° | D7: A 240° | E7: B 0° | F7: B 120° | G7: B 240° | H7: Ø promedio | I7: Ovalización | J7: Conicidad | K7: Estado
A8: 1 | H8: =IF(COUNTA(B8,C8,D8,E8,F8,G8)=0,"",AVERAGE(B8:G8)) | I8: =IF(COUNTA(B8,C8,D8,E8,F8,G8)=0,"",ROUND(MAX(MAX(B8:D8)-MIN(B8:D8),MAX(E8:G8)-MIN(E8:G8)),3)) | J8: =IF(COUNTA(B8,C8,D8,E8,F8,G8)=0,"",ROUND(ABS(AVERAGE(B8:D8)-AVERAGE(E8:G8)),4)) | K8: =IF(COUNTA(B8,C8,D8,E8,F8,G8)=0,"",IF(AND(MAX(B8:G8)<=$D$4+$D$5,MIN(B8:G8)>=$D$4,I8<=$I$4,J8<=$I$4),"Correcto","Mandrinar (taller especializado)"))
A9: 2 | H9: =IF(COUNTA(B9,C9,D9,E9,F9,G9)=0,"",AVERAGE(B9:G9)) | I9: =IF(COUNTA(B9,C9,D9,E9,F9,G9)=0,"",ROUND(MAX(MAX(B9:D9)-MIN(B9:D9),MAX(E9:G9)-MIN(E9:G9)),3)) | J9: =IF(COUNTA(B9,C9,D9,E9,F9,G9)=0,"",ROUND(ABS(AVERAGE(B9:D9)-AVERAGE(E9:G9)),4)) | K9: =IF(COUNTA(B9,C9,D9,E9,F9,G9)=0,"",IF(AND(MAX(B9:G9)<=$D$4+$D$5,MIN(B9:G9)>=$D$4,I9<=$I$4,J9<=$I$4),"Correcto","Mandrinar (taller especializado)"))
A10: 3 | H10: =IF(COUNTA(B10,C10,D10,E10,F10,G10)=0,"",AVERAGE(B10:G10)) | I10: =IF(COUNTA(B10,C10,D10,E10,F10,G10)=0,"",ROUND(MAX(MAX(B10:D10)-MIN(B10:D10),MAX(E10:G10)-MIN(E10:G10)),3)) | J10: =IF(COUNTA(B10,C10,D10,E10,F10,G10)=0,"",ROUND(ABS(AVERAGE(B10:D10)-AVERAGE(E10:G10)),4)) | K10: =IF(COUNTA(B10,C10,D10,E10,F10,G10)=0,"",IF(AND(MAX(B10:G10)<=$D$4+$D$5,MIN(B10:G10)>=$D$4,I10<=$I$4,J10<=$I$4),"Correcto","Mandrinar (taller especializado)"))
A11: 4 | H11: =IF(COUNTA(B11,C11,D11,E11,F11,G11)=0,"",AVERAGE(B11:G11)) | I11: =IF(COUNTA(B11,C11,D11,E11,F11,G11)=0,"",ROUND(MAX(MAX(B11:D11)-MIN(B11:D11),MAX(E11:G11)-MIN(E11:G11)),3)) | J11: =IF(COUNTA(B11,C11,D11,E11,F11,G11)=0,"",ROUND(ABS(AVERAGE(B11:D11)-AVERAGE(E11:G11)),4)) | K11: =IF(COUNTA(B11,C11,D11,E11,F11,G11)=0,"",IF(AND(MAX(B11:G11)<=$D$4+$D$5,MIN(B11:G11)>=$D$4,I11<=$I$4,J11<=$I$4),"Correcto","Mandrinar (taller especializado)"))
A12: 5 | H12: =IF(COUNTA(B12,C12,D12,E12,F12,G12)=0,"",AVERAGE(B12:G12)) | I12: =IF(COUNTA(B12,C12,D12,E12,F12,G12)=0,"",ROUND(MAX(MAX(B12:D12)-MIN(B12:D12),MAX(E12:G12)-MIN(E12:G12)),3)) | J12: =IF(COUNTA(B12,C12,D12,E12,F12,G12)=0,"",ROUND(ABS(AVERAGE(B12:D12)-AVERAGE(E12:G12)),4)) | K12: =IF(COUNTA(B12,C12,D12,E12,F12,G12)=0,"",IF(AND(MAX(B12:G12)<=$D$4+$D$5,MIN(B12:G12)>=$D$4,I12<=$I$4,J12<=$I$4),"Correcto","Mandrinar (taller especializado)"))
A13: Alineación | H13: =IF(COUNTA(B8,C8,D8,E8,F8,G8,B9,C9,D9,E9,F9,G9,B10,C10,D10,E10,F10,G10,B11,C11,D11,E11,F11,G11,B12,C12,D12,E12,F12,G12)=0,"",MAX(H8:H12)-MIN(H8:H12)) | I13: mm (dispersión de Ø)

Sheet Cilindros
A1: Cilindros: desgaste, conicidad, ovalización y decisión de reparación
A3: Leyenda: celdas amarillas con texto azul = datos de entrada (editar). Texto negro = fórmulas (no editar). Celdas verdes = especificación del fabricante del motor elegido en la hoja «Motor» (no editar).
A4: Diámetro nominal (mm) | D4: =Motor!$H$8
A5: Límite de desgaste (mm) | D5: =Motor!$H$9
A6: Límite de conicidad/ovalización (mm) | D6: =Motor!$H$10
A7: Holgura pistón–cilindro nominal (mm) | D7: =Motor!$H$11
A8: Incremento de sobremedida (mm) | D8: 0.25
A10: Cilindro | B10: Sup. long. | C10: Sup. transv. | D10: Med. long. | E10: Med. transv. | F10: Inf. long. | G10: Inf. transv. | H10: Ø máx. | I10: Desgaste | J10: Conicidad | K10: Ovalización | L10: Decisión | M10: Sobremedida necesaria (mm)
A11: 1 | H11: =IF(COUNTA(B11,C11,D11,E11,F11,G11)=0,"",MAX(B11:G11)) | I11: =IF(COUNTA(B11,C11,D11,E11,F11,G11)=0,"",ROUND(H11-$D$4,3)) | J11: =IF(COUNTA(B11,C11,F11,G11)=0,"",ROUND(MAX(B11:C11)-MAX(F11:G11),3)) | K11: =IF(COUNTA(B11,C11,D11,E11,F11,G11)=0,"",ROUND(MAX(C11-B11,E11-D11,G11-F11),3)) | L11: =IF(COUNTA(B11,C11,D11,E11,F11,G11)=0,"",IF(AND(I11<=$D$5,J11<=$D$6,K11<=$D$6),"Bruñido y segmentos nuevos","Rectificar a sobremedida")) | M11: =IF(COUNTA(B11,C11,D11,E11,F11,G11)=0,"",IF(L11="Bruñido y segmentos nuevos",0,CEILING(I11+0.02,$D$8)))
A12: 2 | H12: =IF(COUNTA(B12,C12,D12,E12,F12,G12)=0,"",MAX(B12:G12)) | I12: =IF(COUNTA(B12,C12,D12,E12,F12,G12)=0,"",ROUND(H12-$D$4,3)) | J12: =IF(COUNTA(B12,C12,F12,G12)=0,"",ROUND(MAX(B12:C12)-MAX(F12:G12),3)) | K12: =IF(COUNTA(B12,C12,D12,E12,F12,G12)=0,"",ROUND(MAX(C12-B12,E12-D12,G12-F12),3)) | L12: =IF(COUNTA(B12,C12,D12,E12,F12,G12)=0,"",IF(AND(I12<=$D$5,J12<=$D$6,K12<=$D$6),"Bruñido y segmentos nuevos","Rectificar a sobremedida")) | M12: =IF(COUNTA(B12,C12,D12,E12,F12,G12)=0,"",IF(L12="Bruñido y segmentos nuevos",0,CEILING(I12+0.02,$D$8)))
A13: 3 | H13: =IF(COUNTA(B13,C13,D13,E13,F13,G13)=0,"",MAX(B13:G13)) | I13: =IF(COUNTA(B13,C13,D13,E13,F13,G13)=0,"",ROUND(H13-$D$4,3)) | J13: =IF(COUNTA(B13,C13,F13,G13)=0,"",ROUND(MAX(B13:C13)-MAX(F13:G13),3)) | K13: =IF(COUNTA(B13,C13,D13,E13,F13,G13)=0,"",ROUND(MAX(C13-B13,E13-D13,G13-F13),3)) | L13: =IF(COUNTA(B13,C13,D13,E13,F13,G13)=0,"",IF(AND(I13<=$D$5,J13<=$D$6,K13<=$D$6),"Bruñido y segmentos nuevos","Rectificar a sobremedida")) | M13: =IF(COUNTA(B13,C13,D13,E13,F13,G13)=0,"",IF(L13="Bruñido y segmentos nuevos",0,CEILING(I13+0.02,$D$8)))
A14: 4 | H14: =IF(COUNTA(B14,C14,D14,E14,F14,G14)=0,"",MAX(B14:G14)) | I14: =IF(COUNTA(B14,C14,D14,E14,F14,G14)=0,"",ROUND(H14-$D$4,3)) | J14: =IF(COUNTA(B14,C14,F14,G14)=0,"",ROUND(MAX(B14:C14)-MAX(F14:G14),3)) | K14: =IF(COUNTA(B14,C14,D14,E14,F14,G14)=0,"",ROUND(MAX(C14-B14,E14-D14,G14-F14),3)) | L14: =IF(COUNTA(B14,C14,D14,E14,F14,G14)=0,"",IF(AND(I14<=$D$5,J14<=$D$6,K14<=$D$6),"Bruñido y segmentos nuevos","Rectificar a sobremedida")) | M14: =IF(COUNTA(B14,C14,D14,E14,F14,G14)=0,"",IF(L14="Bruñido y segmentos nuevos",0,CEILING(I14+0.02,$D$8)))
A16: Motor | L16: =IF(COUNTA(B11,C11,D11,E11,F11,G11,B12,C12,D12,E12,F12,G12,B13,C13,D13,E13,F13,G13,B14,C14,D14,E14,F14,G14)=0,"",IF(COUNTIF(L11:L14,"Rectificar a sobremedida")>0,"Rectificar TODOS los cilindros","Bruñido general")) | M16: =IF(COUNTA(B11,C11,D11,E11,F11,G11,B12,C12,D12,E12,F12,G12,B13,C13,D13,E13,F13,G13,B14,C14,D14,E14,F14,G14)=0,"",MAX(M11:M14))
A17: Diámetro final de mecanizado (mm) | M17: =IF(COUNTA(B11,C11,D11,E11,F11,G11,B12,C12,D12,E12,F12,G12,B13,C13,D13,E13,F13,G13,B14,C14,D14,E14,F14,G14)=0,"",D4+M16+D7)
A19: La sobremedida se elige como el menor escalón que elimina el desgaste más 0,02 mm de material para el mecanizado; todos los cilindros se rectifican a la misma sobremedida.

Sheet Graficas

Sheet Camisas
A1: Camisas húmedas: sobresaliente y selección de juntas (práctica 10 del cuaderno)
A2: Ejemplo Renault J8S 2.2 D: sobresaliente 0,04–0,12 mm; diferencia entre camisas consecutivas ≤ 0,04 mm
A3: Leyenda: celdas amarillas con texto azul = datos de entrada (editar). Texto negro = fórmulas (no editar). Celdas verdes = especificación del fabricante del motor elegido en la hoja «Motor» (no editar).
A4: Sobresaliente mínimo (mm) | E4: 0.04
A5: Sobresaliente máximo (mm) | E5: 0.12
A6: Diferencia máxima entre camisas consecutivas (mm) | E6: 0.04
A7: Sobresaliente objetivo (mm) | E7: 0.08
A9: Color | B9: Espesor de junta (mm)
A10: Azul | B10: 0.08
A11: Roja | B11: 0.1
A12: Verde | B12: 0.12
A14: Camisa | B14: Junta montada (mm) | C14: Lectura A (mm) | D14: Lectura B (mm) | E14: Sobresaliente (mm) | F14: Diferencia con la anterior (mm) | G14: Estado | H14: Junta recomendada (mm) | I14: Color recomendado
A15: 1 | B15: 0.08 | C15: 0.03 | D15: 0.03 | E15: =ROUND(AVERAGE(C15:D15),3) | F15: ="—" | G15: =IF(OR(E15<$E$4,E15>$E$5),"Sobresaliente fuera de rango",IF(AND(ISNUMBER(F15),F15>$E$6),"Diferencia excesiva: reordenar","Correcto")) | H15: =IF(AND(E15>=$E$4,E15<=$E$5),B15,IF(B15+$E$7-E15<=($B$10+$B$11)/2,$B$10,IF(B15+$E$7-E15<=($B$11+$B$12)/2,$B$11,$B$12))) | I15: =INDEX($A$10:$A$12,MATCH(H15,$B$10:$B$12,0))
A16: 2 | B16: 0.08 | C16: 0.06 | D16: 0.07 | E16: =ROUND(AVERAGE(C16:D16),3) | F16: =ROUND(ABS(E16-E15),3) | G16: =IF(OR(E16<$E$4,E16>$E$5),"Sobresaliente fuera de rango",IF(AND(ISNUMBER(F16),F16>$E$6),"Diferencia excesiva: reordenar","Correcto")) | H16: =IF(AND(E16>=$E$4,E16<=$E$5),B16,IF(B16+$E$7-E16<=($B$10+$B$11)/2,$B$10,IF(B16+$E$7-E16<=($B$11+$B$12)/2,$B$11,$B$12))) | I16: =INDEX($A$10:$A$12,MATCH(H16,$B$10:$B$12,0))
A17: 3 | B17: 0.08 | C17: 0.09 | D17: 0.08 | E17: =ROUND(AVERAGE(C17:D17),3) | F17: =ROUND(ABS(E17-E16),3) | G17: =IF(OR(E17<$E$4,E17>$E$5),"Sobresaliente fuera de rango",IF(AND(ISNUMBER(F17),F17>$E$6),"Diferencia excesiva: reordenar","Correcto")) | H17: =IF(AND(E17>=$E$4,E17<=$E$5),B17,IF(B17+$E$7-E17<=($B$10+$B$11)/2,$B$10,IF(B17+$E$7-E17<=($B$11+$B$12)/2,$B$11,$B$12))) | I17: =INDEX($A$10:$A$12,MATCH(H17,$B$10:$B$12,0))
A18: 4 | B18: 0.08 | C18: 0.13 | D18: 0.12 | E18: =ROUND(AVERAGE(C18:D18),3) | F18: =ROUND(ABS(E18-E17),3) | G18: =IF(OR(E18<$E$4,E18>$E$5),"Sobresaliente fuera de rango",IF(AND(ISNUMBER(F18),F18>$E$6),"Diferencia excesiva: reordenar","Correcto")) | H18: =IF(AND(E18>=$E$4,E18<=$E$5),B18,IF(B18+$E$7-E18<=($B$10+$B$11)/2,$B$10,IF(B18+$E$7-E18<=($B$11+$B$12)/2,$B$11,$B$12))) | I18: =INDEX($A$10:$A$12,MATCH(H18,$B$10:$B$12,0))
A20: Junta recomendada: la de espesor más cercano al que llevaría el sobresaliente al valor objetivo (sobresaliente nuevo ≈ medido + diferencia de espesores). Tras cambiar la junta, vuelva a medir.
