Workbook

Sheet Motor
A1: ESPECIFICACIONES DEL FABRICANTE – MOTOR ASIGNADO
A3: Motor asignado (elija de la lista): | C3: Daihatsu CB-20
A4: Las celdas verdes de las demás hojas toman el «Valor aplicado» de esta tabla. Cuando el manual da un límite de servicio, el máximo/mínimo es ese límite. Si el manual del motor no especifica el dato, se aplica el valor orientativo y la columna «Origen» lo indica.
A6: Comprobación | B6: Unidad | C6: Daihatsu CB-20 | D6: Nissan A14 | E6: Hyundai G4EC | F6: Chevrolet Monza 2.0 | G6: Valor orientativo | H6: Valor aplicado | I6: Origen | J6: Fuente en el manual
A7: Ø nominal (máx.) del muñón de bancada | B7: mm | C7: 42 | D7: 49.964 | E7: 50 | F7: 57.995 | G7: 54.985 | H7: =IF(ISNUMBER(INDEX($C7:$F7,MATCH($C$3,$C$6:$F$6,0))),INDEX($C7:$F7,MATCH($C$3,$C$6:$F$6,0)),IF(INDEX($C7:$F7,MATCH($C$3,$C$6:$F$6,0))<>"","",IF($G7="","",$G7))) | I7: =IF(ISNUMBER(INDEX($C7:$F7,MATCH($C$3,$C$6:$F$6,0))),"Manual",IF(INDEX($C7:$F7,MATCH($C$3,$C$6:$F$6,0))<>"","No aplica a este motor",IF($G7="","Sin dato","Orientativo: el manual no lo especifica"))) | J7: Daihatsu Type CB, pp. 13-5 a 13-9 (col. CB-23/CB-61, mismo bloque y culata); Haynes p. 20; Hyundai (nominal); GM Monza, pp. 6Z-01 a 6Z-03
A8: Ø mínimo del muñón de bancada | B8: mm | C8: 41.976 | D8: 49.951 | F8: 57.982 | G8: 54.97 | H8: =IF(ISNUMBER(INDEX($C8:$F8,MATCH($C$3,$C$6:$F$6,0))),INDEX($C8:$F8,MATCH($C$3,$C$6:$F$6,0)),IF(INDEX($C8:$F8,MATCH($C$3,$C$6:$F$6,0))<>"","",IF($G8="","",$G8))) | I8: =IF(ISNUMBER(INDEX($C8:$F8,MATCH($C$3,$C$6:$F$6,0))),"Manual",IF(INDEX($C8:$F8,MATCH($C$3,$C$6:$F$6,0))<>"","No aplica a este motor",IF($G8="","Sin dato","Orientativo: el manual no lo especifica"))) | J8: Daihatsu Type CB, pp. 13-5 a 13-9 (col. CB-23/CB-61, mismo bloque y culata); Haynes p. 20; GM Monza, pp. 6Z-01 a 6Z-03
A9: Ø nominal (máx.) de la muñequilla | B9: mm | C9: 40 | D9: 44.974 | E9: 45 | F9: 48.987 | G9: 44.985 | H9: =IF(ISNUMBER(INDEX($C9:$F9,MATCH($C$3,$C$6:$F$6,0))),INDEX($C9:$F9,MATCH($C$3,$C$6:$F$6,0)),IF(INDEX($C9:$F9,MATCH($C$3,$C$6:$F$6,0))<>"","",IF($G9="","",$G9))) | I9: =IF(ISNUMBER(INDEX($C9:$F9,MATCH($C$3,$C$6:$F$6,0))),"Manual",IF(INDEX($C9:$F9,MATCH($C$3,$C$6:$F$6,0))<>"","No aplica a este motor",IF($G9="","Sin dato","Orientativo: el manual no lo especifica"))) | J9: Daihatsu Type CB, pp. 13-5 a 13-9 (col. CB-23/CB-61, mismo bloque y culata); Haynes p. 20; Hyundai (nominal); GM Monza, pp. 6Z-01 a 6Z-03
A10: Ø mínimo de la muñequilla | B10: mm | C10: 39.976 | D10: 44.961 | F10: 48.971 | G10: 44.97 | H10: =IF(ISNUMBER(INDEX($C10:$F10,MATCH($C$3,$C$6:$F$6,0))),INDEX($C10:$F10,MATCH($C$3,$C$6:$F$6,0)),IF(INDEX($C10:$F10,MATCH($C$3,$C$6:$F$6,0))<>"","",IF($G10="","",$G10))) | I10: =IF(ISNUMBER(INDEX($C10:$F10,MATCH($C$3,$C$6:$F$6,0))),"Manual",IF(INDEX($C10:$F10,MATCH($C$3,$C$6:$F$6,0))<>"","No aplica a este motor",IF($G10="","Sin dato","Orientativo: el manual no lo especifica"))) | J10: Daihatsu Type CB, pp. 13-5 a 13-9 (col. CB-23/CB-61, mismo bloque y culata); Haynes p. 20; GM Monza, pp. 6Z-01 a 6Z-03
A11: Ovalización/conicidad máx. de muñones y muñequillas | B11: mm | C11: 0.01 | D11: 0.005 | E11: 0.005 | F11: 0.004 | G11: 0.008 | H11: =IF(ISNUMBER(INDEX($C11:$F11,MATCH($C$3,$C$6:$F$6,0))),INDEX($C11:$F11,MATCH($C$3,$C$6:$F$6,0)),IF(INDEX($C11:$F11,MATCH($C$3,$C$6:$F$6,0))<>"","",IF($G11="","",$G11))) | I11: =IF(ISNUMBER(INDEX($C11:$F11,MATCH($C$3,$C$6:$F$6,0))),"Manual",IF(INDEX($C11:$F11,MATCH($C$3,$C$6:$F$6,0))<>"","No aplica a este motor",IF($G11="","Sin dato","Orientativo: el manual no lo especifica"))) | J11: Daihatsu Type CB, pp. 13-5 a 13-9 (col. CB-23/CB-61, mismo bloque y culata); Haynes p. 20; Hyundai Accent LC 1.6 DOHC (familia Alpha), EM General Information; GM Monza, pp. 6Z-01 a 6Z-03
A12: Holgura de aceite de cojinetes – mín. | B12: mm | C12: 0.02 | D12: 0.02 | E12: 0.018 | F12: 0.015 | G12: 0.02 | H12: =IF(ISNUMBER(INDEX($C12:$F12,MATCH($C$3,$C$6:$F$6,0))),INDEX($C12:$F12,MATCH($C$3,$C$6:$F$6,0)),IF(INDEX($C12:$F12,MATCH($C$3,$C$6:$F$6,0))<>"","",IF($G12="","",$G12))) | I12: =IF(ISNUMBER(INDEX($C12:$F12,MATCH($C$3,$C$6:$F$6,0))),"Manual",IF(INDEX($C12:$F12,MATCH($C$3,$C$6:$F$6,0))<>"","No aplica a este motor",IF($G12="","Sin dato","Orientativo: el manual no lo especifica"))) | J12: CB; A14 y Hyundai: cojinete de biela; Monza: bancada
A13: Holgura de aceite de cojinetes – máx. | B13: mm | C13: 0.07 | D13: 0.1 | E13: 0.036 | F13: 0.041 | G13: 0.06 | H13: =IF(ISNUMBER(INDEX($C13:$F13,MATCH($C$3,$C$6:$F$6,0))),INDEX($C13:$F13,MATCH($C$3,$C$6:$F$6,0)),IF(INDEX($C13:$F13,MATCH($C$3,$C$6:$F$6,0))<>"","",IF($G13="","",$G13))) | I13: =IF(ISNUMBER(INDEX($C13:$F13,MATCH($C$3,$C$6:$F$6,0))),"Manual",IF(INDEX($C13:$F13,MATCH($C$3,$C$6:$F$6,0))<>"","No aplica a este motor",IF($G13="","Sin dato","Orientativo: el manual no lo especifica"))) | J13: CB: límite; A14: desgaste máx. (Haynes p. 20); Hyundai; Monza
A14: Juego axial del cigüeñal – mín. | B14: mm | C14: 0.02 | D14: 0.05 | E14: 0.05 | F14: 0.07 | G14: 0.05 | H14: =IF(ISNUMBER(INDEX($C14:$F14,MATCH($C$3,$C$6:$F$6,0))),INDEX($C14:$F14,MATCH($C$3,$C$6:$F$6,0)),IF(INDEX($C14:$F14,MATCH($C$3,$C$6:$F$6,0))<>"","",IF($G14="","",$G14))) | I14: =IF(ISNUMBER(INDEX($C14:$F14,MATCH($C$3,$C$6:$F$6,0))),"Manual",IF(INDEX($C14:$F14,MATCH($C$3,$C$6:$F$6,0))<>"","No aplica a este motor",IF($G14="","Sin dato","Orientativo: el manual no lo especifica"))) | J14: Daihatsu Type CB, pp. 13-5 a 13-9 (col. CB-23/CB-61, mismo bloque y culata); Haynes p. 20; Hyundai; Monza
A15: Juego axial del cigüeñal – máx. | B15: mm | C15: 0.3 | D15: 0.3 | E15: 0.175 | F15: 0.302 | G15: 0.25 | H15: =IF(ISNUMBER(INDEX($C15:$F15,MATCH($C$3,$C$6:$F$6,0))),INDEX($C15:$F15,MATCH($C$3,$C$6:$F$6,0)),IF(INDEX($C15:$F15,MATCH($C$3,$C$6:$F$6,0))<>"","",IF($G15="","",$G15))) | I15: =IF(ISNUMBER(INDEX($C15:$F15,MATCH($C$3,$C$6:$F$6,0))),"Manual",IF(INDEX($C15:$F15,MATCH($C$3,$C$6:$F$6,0))<>"","No aplica a este motor",IF($G15="","Sin dato","Orientativo: el manual no lo especifica"))) | J15: CB y A14: límite; Hyundai; Monza
A16: Juego entre puntas 1.er segmento – mín. | B16: mm | C16: 0.2 | D16: 0.2 | E16: 0.2 | F16: 0.2 | G16: 0.2 | H16: =IF(ISNUMBER(INDEX($C16:$F16,MATCH($C$3,$C$6:$F$6,0))),INDEX($C16:$F16,MATCH($C$3,$C$6:$F$6,0)),IF(INDEX($C16:$F16,MATCH($C$3,$C$6:$F$6,0))<>"","",IF($G16="","",$G16))) | I16: =IF(ISNUMBER(INDEX($C16:$F16,MATCH($C$3,$C$6:$F$6,0))),"Manual",IF(INDEX($C16:$F16,MATCH($C$3,$C$6:$F$6,0))<>"","No aplica a este motor",IF($G16="","Sin dato","Orientativo: el manual no lo especifica"))) | J16: Daihatsu Type CB, pp. 13-5 a 13-9 (col. CB-23/CB-61, mismo bloque y culata); Haynes p. 20; Hyundai; Monza
A17: Juego entre puntas 1.er segmento – máx. | B17: mm | C17: 0.7 | D17: 0.35 | E17: 1 | F17: 0.4 | G17: 0.5 | H17: =IF(ISNUMBER(INDEX($C17:$F17,MATCH($C$3,$C$6:$F$6,0))),INDEX($C17:$F17,MATCH($C$3,$C$6:$F$6,0)),IF(INDEX($C17:$F17,MATCH($C$3,$C$6:$F$6,0))<>"","",IF($G17="","",$G17))) | I17: =IF(ISNUMBER(INDEX($C17:$F17,MATCH($C$3,$C$6:$F$6,0))),"Manual",IF(INDEX($C17:$F17,MATCH($C$3,$C$6:$F$6,0))<>"","No aplica a este motor",IF($G17="","Sin dato","Orientativo: el manual no lo especifica"))) | J17: CB y Hyundai: límite
A18: Juego entre puntas 2.º segmento – mín. | B18: mm | C18: 0.2 | D18: 0.15 | E18: 0.37 | F18: 0.2 | G18: 0.35 | H18: =IF(ISNUMBER(INDEX($C18:$F18,MATCH($C$3,$C$6:$F$6,0))),INDEX($C18:$F18,MATCH($C$3,$C$6:$F$6,0)),IF(INDEX($C18:$F18,MATCH($C$3,$C$6:$F$6,0))<>"","",IF($G18="","",$G18))) | I18: =IF(ISNUMBER(INDEX($C18:$F18,MATCH($C$3,$C$6:$F$6,0))),"Manual",IF(INDEX($C18:$F18,MATCH($C$3,$C$6:$F$6,0))<>"","No aplica a este motor",IF($G18="","Sin dato","Orientativo: el manual no lo especifica"))) | J18: Ídem
A19: Juego entre puntas 2.º segmento – máx. | B19: mm | C19: 0.7 | D19: 0.3 | E19: 1 | F19: 0.4 | G19: 0.65 | H19: =IF(ISNUMBER(INDEX($C19:$F19,MATCH($C$3,$C$6:$F$6,0))),INDEX($C19:$F19,MATCH($C$3,$C$6:$F$6,0)),IF(INDEX($C19:$F19,MATCH($C$3,$C$6:$F$6,0))<>"","",IF($G19="","",$G19))) | I19: =IF(ISNUMBER(INDEX($C19:$F19,MATCH($C$3,$C$6:$F$6,0))),"Manual",IF(INDEX($C19:$F19,MATCH($C$3,$C$6:$F$6,0))<>"","No aplica a este motor",IF($G19="","Sin dato","Orientativo: el manual no lo especifica"))) | J19: CB y Hyundai: límite
A20: Juego entre puntas rascador – mín. | B20: mm | C20: 0.2 | D20: 0.3 | E20: 0.2 | F20: 0.38 | G20: 0.2 | H20: =IF(ISNUMBER(INDEX($C20:$F20,MATCH($C$3,$C$6:$F$6,0))),INDEX($C20:$F20,MATCH($C$3,$C$6:$F$6,0)),IF(INDEX($C20:$F20,MATCH($C$3,$C$6:$F$6,0))<>"","",IF($G20="","",$G20))) | I20: =IF(ISNUMBER(INDEX($C20:$F20,MATCH($C$3,$C$6:$F$6,0))),"Manual",IF(INDEX($C20:$F20,MATCH($C$3,$C$6:$F$6,0))<>"","No aplica a este motor",IF($G20="","Sin dato","Orientativo: el manual no lo especifica"))) | J20: Ídem
A21: Juego entre puntas rascador – máx. | B21: mm | C21: 1.1 | D21: 0.9 | E21: 1 | F21: 1.4 | G21: 0.7 | H21: =IF(ISNUMBER(INDEX($C21:$F21,MATCH($C$3,$C$6:$F$6,0))),INDEX($C21:$F21,MATCH($C$3,$C$6:$F$6,0)),IF(INDEX($C21:$F21,MATCH($C$3,$C$6:$F$6,0))<>"","",IF($G21="","",$G21))) | I21: =IF(ISNUMBER(INDEX($C21:$F21,MATCH($C$3,$C$6:$F$6,0))),"Manual",IF(INDEX($C21:$F21,MATCH($C$3,$C$6:$F$6,0))<>"","No aplica a este motor",IF($G21="","Sin dato","Orientativo: el manual no lo especifica"))) | J21: CB y Hyundai: límite
A22: Juego en la ranura (1.er segmento) – mín. | B22: mm | C22: 0.03 | D22: 0.04 | E22: 0.04 | F22: 0.06 | G22: 0.02 | H22: =IF(ISNUMBER(INDEX($C22:$F22,MATCH($C$3,$C$6:$F$6,0))),INDEX($C22:$F22,MATCH($C$3,$C$6:$F$6,0)),IF(INDEX($C22:$F22,MATCH($C$3,$C$6:$F$6,0))<>"","",IF($G22="","",$G22))) | I22: =IF(ISNUMBER(INDEX($C22:$F22,MATCH($C$3,$C$6:$F$6,0))),"Manual",IF(INDEX($C22:$F22,MATCH($C$3,$C$6:$F$6,0))<>"","No aplica a este motor",IF($G22="","Sin dato","Orientativo: el manual no lo especifica"))) | J22: Ídem
A23: Juego en la ranura (1.er segmento) – máx. | B23: mm | C23: 0.12 | D23: 0.07 | E23: 0.1 | F23: 0.092 | G23: 0.08 | H23: =IF(ISNUMBER(INDEX($C23:$F23,MATCH($C$3,$C$6:$F$6,0))),INDEX($C23:$F23,MATCH($C$3,$C$6:$F$6,0)),IF(INDEX($C23:$F23,MATCH($C$3,$C$6:$F$6,0))<>"","",IF($G23="","",$G23))) | I23: =IF(ISNUMBER(INDEX($C23:$F23,MATCH($C$3,$C$6:$F$6,0))),"Manual",IF(INDEX($C23:$F23,MATCH($C$3,$C$6:$F$6,0))<>"","No aplica a este motor",IF($G23="","Sin dato","Orientativo: el manual no lo especifica"))) | J23: CB y Hyundai: límite
A24: Holgura pistón–cilindro – mín. | B24: mm | C24: 0.035 | E24: 0.025 | F24: 0.01 | G24: 0.02 | H24: =IF(ISNUMBER(INDEX($C24:$F24,MATCH($C$3,$C$6:$F$6,0))),INDEX($C24:$F24,MATCH($C$3,$C$6:$F$6,0)),IF(INDEX($C24:$F24,MATCH($C$3,$C$6:$F$6,0))<>"","",IF($G24="","",$G24))) | I24: =IF(ISNUMBER(INDEX($C24:$F24,MATCH($C$3,$C$6:$F$6,0))),"Manual",IF(INDEX($C24:$F24,MATCH($C$3,$C$6:$F$6,0))<>"","No aplica a este motor",IF($G24="","Sin dato","Orientativo: el manual no lo especifica"))) | J24: CB; Hyundai; Monza (falda)
A25: Holgura pistón–cilindro – máx. | B25: mm | C25: 0.12 | E25: 0.045 | F25: 0.03 | G25: 0.06 | H25: =IF(ISNUMBER(INDEX($C25:$F25,MATCH($C$3,$C$6:$F$6,0))),INDEX($C25:$F25,MATCH($C$3,$C$6:$F$6,0)),IF(INDEX($C25:$F25,MATCH($C$3,$C$6:$F$6,0))<>"","",IF($G25="","",$G25))) | I25: =IF(ISNUMBER(INDEX($C25:$F25,MATCH($C$3,$C$6:$F$6,0))),"Manual",IF(INDEX($C25:$F25,MATCH($C$3,$C$6:$F$6,0))<>"","No aplica a este motor",IF($G25="","Sin dato","Orientativo: el manual no lo especifica"))) | J25: CB: límite; Hyundai; Monza
A27: Fuentes: Daihatsu Motor Co. (1987), Workshop manual Type CB engine; Daihatsu Motor Sales (1979), Technical information Charade (CB-20); Jones (1988), Haynes Datsun Sunny (A14); Hyundai Motor Company (2001), Accent LC G 1.6 DOHC (familia Alpha, como el G4EC); General Motors do Brasil (1990), Monza: Manual de reparações. Conversiones: 1 kg/cm² = 0,980665 bar; 1 kg·m = 9,80665 N·m.

Sheet Cigueñal
A1: SFM GUÍA 16 – TREN ALTERNATIVO
A2: Diámetros, conicidad, ovalización y holguras con hilo calibrado
A3: Leyenda: celdas amarillas con texto azul = datos de entrada (editar). Texto negro = fórmulas (no editar). Celdas verdes = especificación del fabricante del motor elegido en la hoja «Motor» (no editar).
A4: Ø nominal muñón de bancada (mm) | D4: =Motor!$H$7
A5: Ø mínimo muñón de bancada (mm) | D5: =Motor!$H$8
A6: Ø nominal muñequilla de biela (mm) | D6: =Motor!$H$9
A7: Ø mínimo muñequilla de biela (mm) | D7: =Motor!$H$10
A8: Límite conicidad/ovalización (mm) | D8: =Motor!$H$11
A9: Holgura de aceite mín. (mm) | D9: =Motor!$H$12
A10: Holgura de aceite máx. (mm) | D10: =Motor!$H$13
A12: Muñón | B12: Plano A pos.1 | C12: Plano A pos.2 | D12: Plano B pos.1 | E12: Plano B pos.2 | F12: Ø mín. | G12: Conicidad | H12: Ovalización | I12: Holgura hilo calibrado | J12: Estado
A13: Bancada 1 | F13: =IF(COUNTA(B13,C13,D13,E13)=0,"",MIN(B13:E13)) | G13: =IF(COUNTA(B13,C13,D13,E13)=0,"",ROUND(MAX(ABS(B13-C13),ABS(D13-E13)),3)) | H13: =IF(COUNTA(B13,C13,D13,E13)=0,"",ROUND(MAX(ABS(B13-D13),ABS(C13-E13)),3)) | J13: =IF(COUNTA(B13,C13,D13,E13,I13)=0,"",IF(F13<$D$5,"Rectificar cigüeñal",IF(MAX(G13:H13)>$D$8,"Rectificar cigüeñal",IF(I13>$D$10,"Holgura excesiva: cojinetes",IF(I13<$D$9,"Holgura insuficiente","Correcto")))))
A14: Bancada 2 | F14: =IF(COUNTA(B14,C14,D14,E14)=0,"",MIN(B14:E14)) | G14: =IF(COUNTA(B14,C14,D14,E14)=0,"",ROUND(MAX(ABS(B14-C14),ABS(D14-E14)),3)) | H14: =IF(COUNTA(B14,C14,D14,E14)=0,"",ROUND(MAX(ABS(B14-D14),ABS(C14-E14)),3)) | J14: =IF(COUNTA(B14,C14,D14,E14,I14)=0,"",IF(F14<$D$5,"Rectificar cigüeñal",IF(MAX(G14:H14)>$D$8,"Rectificar cigüeñal",IF(I14>$D$10,"Holgura excesiva: cojinetes",IF(I14<$D$9,"Holgura insuficiente","Correcto")))))
A15: Bancada 3 | F15: =IF(COUNTA(B15,C15,D15,E15)=0,"",MIN(B15:E15)) | G15: =IF(COUNTA(B15,C15,D15,E15)=0,"",ROUND(MAX(ABS(B15-C15),ABS(D15-E15)),3)) | H15: =IF(COUNTA(B15,C15,D15,E15)=0,"",ROUND(MAX(ABS(B15-D15),ABS(C15-E15)),3)) | J15: =IF(COUNTA(B15,C15,D15,E15,I15)=0,"",IF(F15<$D$5,"Rectificar cigüeñal",IF(MAX(G15:H15)>$D$8,"Rectificar cigüeñal",IF(I15>$D$10,"Holgura excesiva: cojinetes",IF(I15<$D$9,"Holgura insuficiente","Correcto")))))
A16: Bancada 4 | F16: =IF(COUNTA(B16,C16,D16,E16)=0,"",MIN(B16:E16)) | G16: =IF(COUNTA(B16,C16,D16,E16)=0,"",ROUND(MAX(ABS(B16-C16),ABS(D16-E16)),3)) | H16: =IF(COUNTA(B16,C16,D16,E16)=0,"",ROUND(MAX(ABS(B16-D16),ABS(C16-E16)),3)) | J16: =IF(COUNTA(B16,C16,D16,E16,I16)=0,"",IF(F16<$D$5,"Rectificar cigüeñal",IF(MAX(G16:H16)>$D$8,"Rectificar cigüeñal",IF(I16>$D$10,"Holgura excesiva: cojinetes",IF(I16<$D$9,"Holgura insuficiente","Correcto")))))
A17: Bancada 5 | F17: =IF(COUNTA(B17,C17,D17,E17)=0,"",MIN(B17:E17)) | G17: =IF(COUNTA(B17,C17,D17,E17)=0,"",ROUND(MAX(ABS(B17-C17),ABS(D17-E17)),3)) | H17: =IF(COUNTA(B17,C17,D17,E17)=0,"",ROUND(MAX(ABS(B17-D17),ABS(C17-E17)),3)) | J17: =IF(COUNTA(B17,C17,D17,E17,I17)=0,"",IF(F17<$D$5,"Rectificar cigüeñal",IF(MAX(G17:H17)>$D$8,"Rectificar cigüeñal",IF(I17>$D$10,"Holgura excesiva: cojinetes",IF(I17<$D$9,"Holgura insuficiente","Correcto")))))
A18: Biela 1 | F18: =IF(COUNTA(B18,C18,D18,E18)=0,"",MIN(B18:E18)) | G18: =IF(COUNTA(B18,C18,D18,E18)=0,"",ROUND(MAX(ABS(B18-C18),ABS(D18-E18)),3)) | H18: =IF(COUNTA(B18,C18,D18,E18)=0,"",ROUND(MAX(ABS(B18-D18),ABS(C18-E18)),3)) | J18: =IF(COUNTA(B18,C18,D18,E18,I18)=0,"",IF(F18<$D$7,"Rectificar cigüeñal",IF(MAX(G18:H18)>$D$8,"Rectificar cigüeñal",IF(I18>$D$10,"Holgura excesiva: cojinetes",IF(I18<$D$9,"Holgura insuficiente","Correcto")))))
A19: Biela 2 | F19: =IF(COUNTA(B19,C19,D19,E19)=0,"",MIN(B19:E19)) | G19: =IF(COUNTA(B19,C19,D19,E19)=0,"",ROUND(MAX(ABS(B19-C19),ABS(D19-E19)),3)) | H19: =IF(COUNTA(B19,C19,D19,E19)=0,"",ROUND(MAX(ABS(B19-D19),ABS(C19-E19)),3)) | J19: =IF(COUNTA(B19,C19,D19,E19,I19)=0,"",IF(F19<$D$7,"Rectificar cigüeñal",IF(MAX(G19:H19)>$D$8,"Rectificar cigüeñal",IF(I19>$D$10,"Holgura excesiva: cojinetes",IF(I19<$D$9,"Holgura insuficiente","Correcto")))))
A20: Biela 3 | F20: =IF(COUNTA(B20,C20,D20,E20)=0,"",MIN(B20:E20)) | G20: =IF(COUNTA(B20,C20,D20,E20)=0,"",ROUND(MAX(ABS(B20-C20),ABS(D20-E20)),3)) | H20: =IF(COUNTA(B20,C20,D20,E20)=0,"",ROUND(MAX(ABS(B20-D20),ABS(C20-E20)),3)) | J20: =IF(COUNTA(B20,C20,D20,E20,I20)=0,"",IF(F20<$D$7,"Rectificar cigüeñal",IF(MAX(G20:H20)>$D$8,"Rectificar cigüeñal",IF(I20>$D$10,"Holgura excesiva: cojinetes",IF(I20<$D$9,"Holgura insuficiente","Correcto")))))
A21: Biela 4 | F21: =IF(COUNTA(B21,C21,D21,E21)=0,"",MIN(B21:E21)) | G21: =IF(COUNTA(B21,C21,D21,E21)=0,"",ROUND(MAX(ABS(B21-C21),ABS(D21-E21)),3)) | H21: =IF(COUNTA(B21,C21,D21,E21)=0,"",ROUND(MAX(ABS(B21-D21),ABS(C21-E21)),3)) | J21: =IF(COUNTA(B21,C21,D21,E21,I21)=0,"",IF(F21<$D$7,"Rectificar cigüeñal",IF(MAX(G21:H21)>$D$8,"Rectificar cigüeñal",IF(I21>$D$10,"Holgura excesiva: cojinetes",IF(I21<$D$9,"Holgura insuficiente","Correcto")))))
A23: Comprobación | B23: Medido (mm) | C23: Mín. (mm) | D23: Máx. (mm) | E23: Estado
A24: Juego axial del cigüeñal | C24: =Motor!$H$14 | D24: =Motor!$H$15 | E24: =IF(COUNTA(B24)=0,"",IF(AND(B24>=C24,B24<=D24),"Correcto","Sustituir arandelas/cojinete axial"))

Sheet Segmentos
A1: Segmentos y holgura pistón–cilindro
A3: Leyenda: celdas amarillas con texto azul = datos de entrada (editar). Texto negro = fórmulas (no editar). Celdas verdes = especificación del fabricante del motor elegido en la hoja «Motor» (no editar).
A4: Límites | B4: Mín. (mm) | C4: Máx. (mm)
A5: Juego entre puntas 1.er segmento | B5: =Motor!$H$16 | C5: =Motor!$H$17
A6: Juego entre puntas 2.º segmento | B6: =Motor!$H$18 | C6: =Motor!$H$19
A7: Juego entre puntas rascador | B7: =Motor!$H$20 | C7: =Motor!$H$21
A8: Juego en ranura | B8: =Motor!$H$22 | C8: =Motor!$H$23
A9: Holgura pistón–cilindro | B9: =Motor!$H$24 | C9: =Motor!$H$25
A11: Cilindro | B11: Puntas 1.º | C11: Puntas 2.º | D11: Puntas rascador | E11: Juego en ranura | F11: Ø cilindro (mm) | G11: Ø pistón (mm) | H11: Holgura pistón–cil. | I11: Segmentos | J11: Pistón
A12: 1 | H12: =IF(COUNTA(F12,G12)=0,"",ROUND(F12-G12,3)) | I12: =IF(COUNTA(B12,C12,D12,E12)=0,"",IF(AND(B12>=$B$5,B12<=$C$5,C12>=$B$6,C12<=$C$6,D12>=$B$7,D12<=$C$7,E12>=$B$8,E12<=$C$8),"Correctos","Sustituir segmentos")) | J12: =IF(COUNTA(F12,G12)=0,"",IF(AND(H12>=$B$9,H12<=$C$9),"Holgura correcta",IF(H12>$C$9,"Holgura excesiva","Holgura insuficiente")))
A13: 2 | H13: =IF(COUNTA(F13,G13)=0,"",ROUND(F13-G13,3)) | I13: =IF(COUNTA(B13,C13,D13,E13)=0,"",IF(AND(B13>=$B$5,B13<=$C$5,C13>=$B$6,C13<=$C$6,D13>=$B$7,D13<=$C$7,E13>=$B$8,E13<=$C$8),"Correctos","Sustituir segmentos")) | J13: =IF(COUNTA(F13,G13)=0,"",IF(AND(H13>=$B$9,H13<=$C$9),"Holgura correcta",IF(H13>$C$9,"Holgura excesiva","Holgura insuficiente")))
A14: 3 | H14: =IF(COUNTA(F14,G14)=0,"",ROUND(F14-G14,3)) | I14: =IF(COUNTA(B14,C14,D14,E14)=0,"",IF(AND(B14>=$B$5,B14<=$C$5,C14>=$B$6,C14<=$C$6,D14>=$B$7,D14<=$C$7,E14>=$B$8,E14<=$C$8),"Correctos","Sustituir segmentos")) | J14: =IF(COUNTA(F14,G14)=0,"",IF(AND(H14>=$B$9,H14<=$C$9),"Holgura correcta",IF(H14>$C$9,"Holgura excesiva","Holgura insuficiente")))
A15: 4 | H15: =IF(COUNTA(F15,G15)=0,"",ROUND(F15-G15,3)) | I15: =IF(COUNTA(B15,C15,D15,E15)=0,"",IF(AND(B15>=$B$5,B15<=$C$5,C15>=$B$6,C15<=$C$6,D15>=$B$7,D15<=$C$7,E15>=$B$8,E15<=$C$8),"Correctos","Sustituir segmentos")) | J15: =IF(COUNTA(F15,G15)=0,"",IF(AND(H15>=$B$9,H15<=$C$9),"Holgura correcta",IF(H15>$C$9,"Holgura excesiva","Holgura insuficiente")))
A17: Ø cilindro: diámetro medido en la dirección transversal a la altura indicada por el fabricante (Guía 15). Límites orientativos: use los del manual.

Sheet Graficas

Sheet Retenes_rodamientos
A1: Selección de retenes y montaje de rodamientos (práctica 7 del cuaderno)
A3: Leyenda: celdas amarillas con texto azul = datos de entrada (editar). Texto negro = fórmulas (no editar). Celdas verdes = especificación del fabricante del motor elegido en la hoja «Motor» (no editar).
A4: Temperatura de trabajo del retén (°C): | D4: 130
A5: Elastómero | B5: Código | C5: Resistencia al aceite | D5: Resistencia a la abrasión | E5: T máx. (°C) | F5: T mín. (°C) | G5: ¿Apto para la temperatura de trabajo?
A6: Nitrilo | B6: S | C6: Muy buena | D6: Excelente | E6: 121 | F6: -45 | G6: =IF(AND($D$4<=E6,$D$4>=F6),"Sí","No")
A7: Poliacrílico | B7: N | C7: Muy buena | D7: Aceptable | E7: 150 | F7: -30 | G7: =IF(AND($D$4<=E7,$D$4>=F7),"Sí","No")
A8: Silicona | B8: H | C8: Aceptable | D8: Pobre | E8: 178 | F8: -62 | G8: =IF(AND($D$4<=E8,$D$4>=F8),"Sí","No")
A9: Fluorado | B9: V | C9: Excelente | D9: Buena | E9: 250 | F9: -40 | G9: =IF(AND($D$4<=E9,$D$4>=F9),"Sí","No")
A10: Cuero | B10: L | C10: Buena | D10: Excelente | E10: 93 | F10: -45 | G10: =IF(AND($D$4<=E10,$D$4>=F10),"Sí","No")
A11: Datos de la tabla de características de retenes del cuaderno (Escudero et al., 2024, p. 60). Los retenes de teflón no se lubrican.
A13: Rodamiento | B13: Método de montaje | C13: Temperatura de calentamiento (°C) | D13: ¿Tiene protecciones laterales? (Sí/No) | E13: Evaluación
A14: Rodamiento del tensor | B14: Frío | D14: Sí | E14: =IF(B14="Frío","Montaje con casquillo y prensa sobre el aro con interferencia",IF(D14="Sí","No calentar: rodamiento con protecciones",IF(C14>120,"Temperatura excesiva (máx. 120 °C)",IF(C14>80,"Admisible, pero preferible ≤ 80 °C","Correcto (50–80 °C)"))))
A15: Rodamiento de la bomba de agua | B15: Caliente | C15: 95 | D15: No | E15: =IF(B15="Frío","Montaje con casquillo y prensa sobre el aro con interferencia",IF(D15="Sí","No calentar: rodamiento con protecciones",IF(C15>120,"Temperatura excesiva (máx. 120 °C)",IF(C15>80,"Admisible, pero preferible ≤ 80 °C","Correcto (50–80 °C)"))))
A16: Rodamiento piloto del cigüeñal | B16: Caliente | C16: 130 | D16: No | E16: =IF(B16="Frío","Montaje con casquillo y prensa sobre el aro con interferencia",IF(D16="Sí","No calentar: rodamiento con protecciones",IF(C16>120,"Temperatura excesiva (máx. 120 °C)",IF(C16>80,"Admisible, pero preferible ≤ 80 °C","Correcto (50–80 °C)"))))
A17: Rodamiento del alternador | B17: Caliente | C17: 80 | D17: Sí | E17: =IF(B17="Frío","Montaje con casquillo y prensa sobre el aro con interferencia",IF(D17="Sí","No calentar: rodamiento con protecciones",IF(C17>120,"Temperatura excesiva (máx. 120 °C)",IF(C17>80,"Admisible, pero preferible ≤ 80 °C","Correcto (50–80 °C)"))))
