Workbook

Sheet Motor
A1: ESPECIFICACIONES DEL FABRICANTE – MOTOR ASIGNADO
A3: Motor asignado (elija de la lista): | C3: Daihatsu CB-20
A4: Las celdas verdes de las demás hojas toman el «Valor aplicado» de esta tabla. Cuando el manual da un límite de servicio, el máximo/mínimo es ese límite. Si el manual del motor no especifica el dato, se aplica el valor orientativo y la columna «Origen» lo indica.
A6: Comprobación | B6: Unidad | C6: Daihatsu CB-20 | D6: Nissan A14 | E6: Hyundai G4EC | F6: Chevrolet Monza 2.0 | G6: Valor orientativo | H6: Valor aplicado | I6: Origen | J6: Fuente en el manual
A7: Capacidad de aceite | B7: L | C7: 2.9 | D7: 3.2 | G7: 4 | H7: =IF(ISNUMBER(INDEX($C7:$F7,MATCH($C$3,$C$6:$F$6,0))),INDEX($C7:$F7,MATCH($C$3,$C$6:$F$6,0)),IF(INDEX($C7:$F7,MATCH($C$3,$C$6:$F$6,0))<>"","",IF($G7="","",$G7))) | I7: =IF(ISNUMBER(INDEX($C7:$F7,MATCH($C$3,$C$6:$F$6,0))),"Manual",IF(INDEX($C7:$F7,MATCH($C$3,$C$6:$F$6,0))<>"","No aplica a este motor",IF($G7="","Sin dato","Orientativo: el manual no lo especifica"))) | J7: CB-20: G10 p. 13; Haynes p. 18 (con filtro)
A8: Par del tapón de vaciado – mín. | B8: N·m | C8: 24.5 | D8: 19.6 | E8: 35 | H8: =IF(ISNUMBER(INDEX($C8:$F8,MATCH($C$3,$C$6:$F$6,0))),INDEX($C8:$F8,MATCH($C$3,$C$6:$F$6,0)),IF(INDEX($C8:$F8,MATCH($C$3,$C$6:$F$6,0))<>"","",IF($G8="","",$G8))) | I8: =IF(ISNUMBER(INDEX($C8:$F8,MATCH($C$3,$C$6:$F$6,0))),"Manual",IF(INDEX($C8:$F8,MATCH($C$3,$C$6:$F$6,0))<>"","No aplica a este motor",IF($G8="","Sin dato","Orientativo: el manual no lo especifica"))) | J8: CB p. 13-12 (2,5–3,5 kg·m); Haynes p. 20 (2,0–3,0 kgf·m); Hyundai
A9: Par del tapón de vaciado – máx. | B9: N·m | C9: 34.3 | D9: 29.4 | E9: 45 | H9: =IF(ISNUMBER(INDEX($C9:$F9,MATCH($C$3,$C$6:$F$6,0))),INDEX($C9:$F9,MATCH($C$3,$C$6:$F$6,0)),IF(INDEX($C9:$F9,MATCH($C$3,$C$6:$F$6,0))<>"","",IF($G9="","",$G9))) | I9: =IF(ISNUMBER(INDEX($C9:$F9,MATCH($C$3,$C$6:$F$6,0))),"Manual",IF(INDEX($C9:$F9,MATCH($C$3,$C$6:$F$6,0))<>"","No aplica a este motor",IF($G9="","Sin dato","Orientativo: el manual no lo especifica"))) | J9: Ídem
A10: Par de apriete del filtro de aceite – mín. | B10: N·m | E10: 12 | H10: =IF(ISNUMBER(INDEX($C10:$F10,MATCH($C$3,$C$6:$F$6,0))),INDEX($C10:$F10,MATCH($C$3,$C$6:$F$6,0)),IF(INDEX($C10:$F10,MATCH($C$3,$C$6:$F$6,0))<>"","",IF($G10="","",$G10))) | I10: =IF(ISNUMBER(INDEX($C10:$F10,MATCH($C$3,$C$6:$F$6,0))),"Manual",IF(INDEX($C10:$F10,MATCH($C$3,$C$6:$F$6,0))<>"","No aplica a este motor",IF($G10="","Sin dato","Orientativo: el manual no lo especifica"))) | J10: Hyundai
A11: Par de apriete del filtro de aceite – máx. | B11: N·m | E11: 16 | H11: =IF(ISNUMBER(INDEX($C11:$F11,MATCH($C$3,$C$6:$F$6,0))),INDEX($C11:$F11,MATCH($C$3,$C$6:$F$6,0)),IF(INDEX($C11:$F11,MATCH($C$3,$C$6:$F$6,0))<>"","",IF($G11="","",$G11))) | I11: =IF(ISNUMBER(INDEX($C11:$F11,MATCH($C$3,$C$6:$F$6,0))),"Manual",IF(INDEX($C11:$F11,MATCH($C$3,$C$6:$F$6,0))<>"","No aplica a este motor",IF($G11="","Sin dato","Orientativo: el manual no lo especifica"))) | J11: Hyundai
A13: Fuentes: Daihatsu Motor Co. (1987), Workshop manual Type CB engine; Daihatsu Motor Sales (1979), Technical information Charade (CB-20); Jones (1988), Haynes Datsun Sunny (A14); Hyundai Motor Company (2001), Accent LC G 1.6 DOHC (familia Alpha, como el G4EC); General Motors do Brasil (1990), Monza: Manual de reparações. Conversiones: 1 kg/cm² = 0,980665 bar; 1 kg·m = 9,80665 N·m.

Sheet Plan
A1: SFM GUÍA 18 – PLAN DE MANTENIMIENTO PREVENTIVO DEL MOTOR
A2: Próximo servicio = última realización + intervalo (lo que ocurra primero: km o meses)
A3: Leyenda: celdas amarillas con texto azul = datos de entrada (editar). Texto negro = fórmulas (no editar). Celdas verdes = especificación del fabricante del motor elegido en la hoja «Motor» (no editar).
A4: Kilometraje actual (km)
A5: Fecha de la revisión | D5: =DATE(2026,10,15)
A6: Tipo de servicio (Normal/Severo) | D6: Severo
A7: Factor de reducción en servicio severo | D7: 0.5
A8: Aviso anticipado (km) | D8: 1000
A10: Operación | B10: Intervalo normal (km) | C10: Intervalo normal (meses) | D10: Intervalo aplicado (km) | E10: Intervalo aplicado (meses) | F10: Última realización (km) | G10: Última realización (fecha) | H10: Próxima (km) | I10: Próxima (fecha) | J10: Km restantes | K10: Estado
A11: Aceite y filtro de aceite | B11: 10000 | C11: 12 | D11: =IF($D$6="Severo",B11*$D$7,B11) | E11: =IF($D$6="Severo",ROUND(C11*$D$7,0),C11) | H11: =IF(COUNTA(F11)=0,"",F11+D11) | I11: =IF(COUNTA(G11)=0,"",EDATE(G11,E11)) | J11: =IF(COUNTA(D4,F11)=0,"",H11-$D$4) | K11: =IF(COUNTA(D4,F11,G11)=0,"",IF(OR(J11<=0,I11<=$D$5),"VENCIDO",IF(OR(J11<=$D$8,I11-$D$5<=30),"Próximo","Al día")))
A12: Filtro de aire | B12: 20000 | C12: 24 | D12: =IF($D$6="Severo",B12*$D$7,B12) | E12: =IF($D$6="Severo",ROUND(C12*$D$7,0),C12) | H12: =IF(COUNTA(F12)=0,"",F12+D12) | I12: =IF(COUNTA(G12)=0,"",EDATE(G12,E12)) | J12: =IF(COUNTA(D4,F12)=0,"",H12-$D$4) | K12: =IF(COUNTA(D4,F12,G12)=0,"",IF(OR(J12<=0,I12<=$D$5),"VENCIDO",IF(OR(J12<=$D$8,I12-$D$5<=30),"Próximo","Al día")))
A13: Filtro de combustible | B13: 40000 | C13: 24 | D13: =IF($D$6="Severo",B13*$D$7,B13) | E13: =IF($D$6="Severo",ROUND(C13*$D$7,0),C13) | H13: =IF(COUNTA(F13)=0,"",F13+D13) | I13: =IF(COUNTA(G13)=0,"",EDATE(G13,E13)) | J13: =IF(COUNTA(D4,F13)=0,"",H13-$D$4) | K13: =IF(COUNTA(D4,F13,G13)=0,"",IF(OR(J13<=0,I13<=$D$5),"VENCIDO",IF(OR(J13<=$D$8,I13-$D$5<=30),"Próximo","Al día")))
A14: Bujías | B14: 40000 | C14: 48 | D14: =IF($D$6="Severo",B14*$D$7,B14) | E14: =IF($D$6="Severo",ROUND(C14*$D$7,0),C14) | H14: =IF(COUNTA(F14)=0,"",F14+D14) | I14: =IF(COUNTA(G14)=0,"",EDATE(G14,E14)) | J14: =IF(COUNTA(D4,F14)=0,"",H14-$D$4) | K14: =IF(COUNTA(D4,F14,G14)=0,"",IF(OR(J14<=0,I14<=$D$5),"VENCIDO",IF(OR(J14<=$D$8,I14-$D$5<=30),"Próximo","Al día")))
A15: Refrigerante | B15: 60000 | C15: 48 | D15: =IF($D$6="Severo",B15*$D$7,B15) | E15: =IF($D$6="Severo",ROUND(C15*$D$7,0),C15) | H15: =IF(COUNTA(F15)=0,"",F15+D15) | I15: =IF(COUNTA(G15)=0,"",EDATE(G15,E15)) | J15: =IF(COUNTA(D4,F15)=0,"",H15-$D$4) | K15: =IF(COUNTA(D4,F15,G15)=0,"",IF(OR(J15<=0,I15<=$D$5),"VENCIDO",IF(OR(J15<=$D$8,I15-$D$5<=30),"Próximo","Al día")))
A16: Correa de accesorios | B16: 60000 | C16: 48 | D16: =IF($D$6="Severo",B16*$D$7,B16) | E16: =IF($D$6="Severo",ROUND(C16*$D$7,0),C16) | H16: =IF(COUNTA(F16)=0,"",F16+D16) | I16: =IF(COUNTA(G16)=0,"",EDATE(G16,E16)) | J16: =IF(COUNTA(D4,F16)=0,"",H16-$D$4) | K16: =IF(COUNTA(D4,F16,G16)=0,"",IF(OR(J16<=0,I16<=$D$5),"VENCIDO",IF(OR(J16<=$D$8,I16-$D$5<=30),"Próximo","Al día")))
A17: Correa de distribución (kit) | B17: 90000 | C17: 60 | D17: =IF($D$6="Severo",B17*$D$7,B17) | E17: =IF($D$6="Severo",ROUND(C17*$D$7,0),C17) | H17: =IF(COUNTA(F17)=0,"",F17+D17) | I17: =IF(COUNTA(G17)=0,"",EDATE(G17,E17)) | J17: =IF(COUNTA(D4,F17)=0,"",H17-$D$4) | K17: =IF(COUNTA(D4,F17,G17)=0,"",IF(OR(J17<=0,I17<=$D$5),"VENCIDO",IF(OR(J17<=$D$8,I17-$D$5<=30),"Próximo","Al día")))
A18: Holgura de válvulas | B18: 40000 | C18: 48 | D18: =IF($D$6="Severo",B18*$D$7,B18) | E18: =IF($D$6="Severo",ROUND(C18*$D$7,0),C18) | H18: =IF(COUNTA(F18)=0,"",F18+D18) | I18: =IF(COUNTA(G18)=0,"",EDATE(G18,E18)) | J18: =IF(COUNTA(D4,F18)=0,"",H18-$D$4) | K18: =IF(COUNTA(D4,F18,G18)=0,"",IF(OR(J18<=0,I18<=$D$5),"VENCIDO",IF(OR(J18<=$D$8,I18-$D$5<=30),"Próximo","Al día")))
A20: Operaciones vencidas | D20: =IF(COUNTA(D4,F11,G11,F12,G12,F13,G13,F14,G14,F15,G15,F16,G16,F17,G17,F18,G18)=0,"",COUNTIF(K11:K18,"VENCIDO"))
A22: Intervalos de referencia de la guía, aplicables al Daihatsu CB-20 y al Hyundai G4EC (sus manuales disponibles no traen plan). Para el Nissan A14 y el Chevrolet Monza use los del manual (Guía 18, procedimiento).

Sheet Cambio_aceite
A1: Registro del cambio de aceite y filtro
A3: Leyenda: celdas amarillas con texto azul = datos de entrada (editar). Texto negro = fórmulas (no editar). Celdas verdes = especificación del fabricante del motor elegido en la hoja «Motor» (no editar).
A5: Dato | B5: Especificación | C5: Realizado | D5: Resultado
A6: Viscosidad SAE | B6: 5W-30 | D6: =IF(COUNTA(C6)=0,"",IF(B6=C6,"Correcto","Revisar: difiere de la especificación"))
A7: Calidad API / ACEA | B7: API SP | D7: =IF(COUNTA(C7)=0,"",IF(B7=C7,"Correcto","Revisar: difiere de la especificación"))
A8: Capacidad con filtro (L) | B8: =Motor!$H$7 | D8: =IF(COUNTA(C8)=0,"",IF(B8=C8,"Correcto","Revisar: difiere de la especificación"))
A9: Par del tapón de vaciado (N·m) | B9: =IF(Motor!$H$8="","n.e.",TEXT(Motor!$H$8,"0")&"–"&TEXT(Motor!$H$9,"0")) | D9: =IF(COUNTA(C9)=0,"",IF(C9="","",IF(Motor!$H$8="","Sin especificación del manual",IF(AND(C9>=Motor!$H$8,C9<=Motor!$H$9),"Correcto","Revisar: fuera del rango del manual"))))
A10: Par del filtro (N·m) | B10: =IF(Motor!$H$10="","n.e.",TEXT(Motor!$H$10,"0")&"–"&TEXT(Motor!$H$11,"0")) | D10: =IF(COUNTA(C10)=0,"",IF(C10="","",IF(Motor!$H$10="","Sin especificación: apretar a mano según el filtro",IF(AND(C10>=Motor!$H$10,C10<=Motor!$H$11),"Correcto","Revisar: fuera del rango del manual"))))
A12: Próximo cambio de aceite (km) | C12: =Plan!H11
A13: Próximo cambio de aceite (fecha) | C13: =Plan!I11
A15: Una calidad API inferior a la especificada (p. ej., SN en lugar de SP) no cumple la especificación del fabricante.

Sheet Graficas
