Workbook

Sheet Cálculos
A1: Práctica 21 — Fuente de alimentación regulable con LM317: cálculos
A2: Celdas amarillas con texto azul = datos de entrada (se pueden cambiar). El resto son fórmulas.
A4: Datos de entrada
A5: Tensión eficaz del secundario, V_ef (V) | B5: 12 | C5: Placa del transformador
A6: Caída por diodo, V_D (V) | B6: 0.8 | C6: 1N4007: 0,7–1,0 V según corriente
A7: Frecuencia de red, f (Hz) | B7: 60 | C7: Ecuador: 60 Hz
A8: Capacidad del filtro C1 + C2 (µF) | B8: 4400 | C8: 2 × 2200 µF
A9: Corriente de carga para el rizado, I_L (A) | B9: 0.1 | C9: Ejemplo de la guía
A10: R1 (Ω) | B10: 1000 | C10: Guía: 1 kΩ
A11: Tensión de referencia V_REF (V) | B11: 1.25 | C11: Texas Instruments (2025): 1,20–1,30 V
A12: Corriente del terminal ADJ, I_ADJ (µA) | B12: 50 | C12: Texas Instruments (2025): 50–100 µA
A13: Diferencia mínima entrada-salida (V) | B13: 2 | C13: ≈ 2 V con corrientes pequeñas; 3 V recomendado
A14: Caída en el LED, V_LED (V) | B14: 2 | C14: LED rojo 1,8–2,2 V
A15: R4 original (Ω) | B15: 330 | C15: Guía de origen
A16: R4 corregida (Ω) | B16: 1000 | C16: Guía ISTS
A18: Etapas de la fuente
A19: Tensión de pico del secundario, Vp = √2·V_ef (V) [ec. 1] | B19: =SQRT(2)*$B$5 -> 16.970563
A20: Tensión máxima en C1, Vcc = Vp − 2·V_D (V) [ec. 2] | B20: =B19-2*$B$6 -> 15.370563
A21: Rizado de pico a pico, Vr = I_L/(2·f·C) (V) [ec. 3] | B21: =$B$9/(2*$B$7*$B$8*0.000001) -> 0.18939394
A22: Tensión mínima en C1 (valle) (V) | B22: =B20-B21 -> 15.181169
A23: Tensión máxima regulable = Vmín − diferencia mínima (V) | B23: =B22-$B$13 -> 13.181169
A24: Corriente del LED con R4 original (mA) [ec. 7] | B24: =(B20-$B$14)/$B$15*1000 -> 40.516857 | C24: =IF(B24>20,"Excede 20 mA: LED en riesgo","Dentro de margen") -> Excede 20 mA: LED en riesgo
A25: Potencia en R4 original (W) | B25: =(B20-$B$14)^2/$B$15 -> 0.54173318
A26: Corriente del LED con R4 corregida (mA) [ec. 7] | B26: =(B20-$B$14)/$B$16*1000 -> 13.370563 | C26: =IF(B26>20,"Excede 20 mA","Dentro de margen (≤ 20 mA)") -> Dentro de margen (≤ 20 mA)
A27: Potencia en R4 corregida (W) | B27: =(B20-$B$14)^2/$B$16 -> 0.17877195
A28: Tensión de pico si se usa 12-0-12 V por los extremos (V) | B28: =SQRT(2)*2*$B$5-2*$B$6 -> 32.341125 | C28: =IF(B28>25,"Supera los 25 V de los condensadores","Correcto") -> Supera los 25 V de los condensadores
A31: Tabla 3 — Tensión de salida en función de R2 (R3 = 0 Ω)
A32: R2 (kΩ) | B32: Vout ec. (5) (V) | C32: Vout ec. (4) (V) | D32: Vout esperada (V) | E32: ¿Alcanzable?
A33: 0 | B33: =$B$11*(1+A33*1000/$B$10) -> 1.25 | C33: =$B$11*(1+A33*1000/$B$10)+$B$12*0.000001*A33*1000 -> 1.25 | D33: =MIN(C33,$B$23) -> 1.25 | E33: =IF(C33<=$B$23,"Sí","No (limitada)") -> Sí
A34: 1 | B34: =$B$11*(1+A34*1000/$B$10) -> 2.5 | C34: =$B$11*(1+A34*1000/$B$10)+$B$12*0.000001*A34*1000 -> 2.55 | D34: =MIN(C34,$B$23) -> 2.55 | E34: =IF(C34<=$B$23,"Sí","No (limitada)") -> Sí
A35: 2 | B35: =$B$11*(1+A35*1000/$B$10) -> 3.75 | C35: =$B$11*(1+A35*1000/$B$10)+$B$12*0.000001*A35*1000 -> 3.85 | D35: =MIN(C35,$B$23) -> 3.85 | E35: =IF(C35<=$B$23,"Sí","No (limitada)") -> Sí
A36: 3 | B36: =$B$11*(1+A36*1000/$B$10) -> 5 | C36: =$B$11*(1+A36*1000/$B$10)+$B$12*0.000001*A36*1000 -> 5.15 | D36: =MIN(C36,$B$23) -> 5.15 | E36: =IF(C36<=$B$23,"Sí","No (limitada)") -> Sí
A37: 4 | B37: =$B$11*(1+A37*1000/$B$10) -> 6.25 | C37: =$B$11*(1+A37*1000/$B$10)+$B$12*0.000001*A37*1000 -> 6.45 | D37: =MIN(C37,$B$23) -> 6.45 | E37: =IF(C37<=$B$23,"Sí","No (limitada)") -> Sí
A38: 5 | B38: =$B$11*(1+A38*1000/$B$10) -> 7.5 | C38: =$B$11*(1+A38*1000/$B$10)+$B$12*0.000001*A38*1000 -> 7.75 | D38: =MIN(C38,$B$23) -> 7.75 | E38: =IF(C38<=$B$23,"Sí","No (limitada)") -> Sí
A39: 6 | B39: =$B$11*(1+A39*1000/$B$10) -> 8.75 | C39: =$B$11*(1+A39*1000/$B$10)+$B$12*0.000001*A39*1000 -> 9.05 | D39: =MIN(C39,$B$23) -> 9.05 | E39: =IF(C39<=$B$23,"Sí","No (limitada)") -> Sí
A40: 7 | B40: =$B$11*(1+A40*1000/$B$10) -> 10 | C40: =$B$11*(1+A40*1000/$B$10)+$B$12*0.000001*A40*1000 -> 10.35 | D40: =MIN(C40,$B$23) -> 10.35 | E40: =IF(C40<=$B$23,"Sí","No (limitada)") -> Sí
A41: 8 | B41: =$B$11*(1+A41*1000/$B$10) -> 11.25 | C41: =$B$11*(1+A41*1000/$B$10)+$B$12*0.000001*A41*1000 -> 11.65 | D41: =MIN(C41,$B$23) -> 11.65 | E41: =IF(C41<=$B$23,"Sí","No (limitada)") -> Sí
A42: 9 | B42: =$B$11*(1+A42*1000/$B$10) -> 12.5 | C42: =$B$11*(1+A42*1000/$B$10)+$B$12*0.000001*A42*1000 -> 12.95 | D42: =MIN(C42,$B$23) -> 12.95 | E42: =IF(C42<=$B$23,"Sí","No (limitada)") -> Sí
A43: 10 | B43: =$B$11*(1+A43*1000/$B$10) -> 13.75 | C43: =$B$11*(1+A43*1000/$B$10)+$B$12*0.000001*A43*1000 -> 14.25 | D43: =MIN(C43,$B$23) -> 13.181169 | E43: =IF(C43<=$B$23,"Sí","No (limitada)") -> No (limitada)
A45: Nota. «Vout esperada» limita el valor calculado a la tensión máxima regulable (B23).

Sheet Memoria de cálculo
A1: Memoria de cálculo de la fuente (Tabla 3 de la guía)
A2: Celdas amarillas con texto azul = datos de diseño. Toma V_ef, V_D, f, C, R1 y V_REF de la hoja Cálculos.
A4: Datos de diseño
A5: Corriente máxima de salida, I_L (A) | B5: 0.5 | D5: Limitada por el transformador de 1 A
A6: Rizado de diseño, Vr (V) | B6: 1 | D6: Criterio de diseño
A7: Factor corriente eficaz / continua del secundario | B7: 1.8 | D7: Filtro por condensador: 1,6 a 1,8
A8: Diferencia mínima entrada-salida, V_do (V) | B8: 2 | D8: LM317 con corrientes moderadas
A9: Temperatura de unión de diseño, T_J (°C) | B9: 110 | D9: Máximo del LM317: 125 °C
A10: Temperatura ambiente, T_A (°C) | B10: 30 | D10: Taller
A11: Resistencia térmica unión-cápsula, θ_JC (°C/W) | B11: 5 | D11: TO-220, valor típico; confirmar en la hoja de datos
A12: Resistencia térmica cápsula-disipador, θ_CS (°C/W) | B12: 1 | D12: Con mica y pasta térmica
A13: Tensión de red (V) | B13: 120
A14: Tensión de salida para rendimiento y R2, V_OUT (V) | B14: 5 | D14: Cambie a 12 V para el segundo caso
A16: Resultados
A17: Parámetro | B17: Valor | C17: Ecuación | D17: Componente / comentario
A18: Tensión de pico del secundario (V) | B18: =Cálculos!B19 -> 16.970563 | C18: (1) | D18: TR1 12 V CA
A19: Potencia aparente del transformador (VA) | B19: =Cálculos!$B$5*$B$7*$B$5 -> 10.8 | C19: (8) | D19: =IF(B19<=12,"TR1 de 12 VA suficiente","Aumentar TR1") -> TR1 de 12 VA suficiente
A20: Tensión máxima en C1 (V) | B20: =Cálculos!B20 -> 15.370563 | C20: (2) | D20: —
A21: Corriente media por diodo (A) | B21: =$B$5/2 -> 0.25 | C21: (9) | D21: =IF(B21<1,"1N4007 adecuado (1 A)","Usar diodo de mayor corriente") -> 1N4007 adecuado (1 A)
A22: Tensión inversa por diodo (V) | B22: =B18 -> 16.970563 | C22: (10) | D22: 1N4007: 1000 V
A23: Capacidad mínima del filtro (µF) | B23: =$B$5/(2*Cálculos!$B$7*$B$6)*1000000 -> 4166.6667 | C23: (11) | D23: =IF(Cálculos!$B$8>=B23,"C1+C2 suficiente","Aumentar capacidad") -> C1+C2 suficiente
A24: Rizado real con C1+C2 (V) | B24: =$B$5/(2*Cálculos!$B$7*Cálculos!$B$8*0.000001) -> 0.9469697 | C24: (3) | D24: —
A25: Tensión nominal mínima de los condensadores (V) | B25: =1.25*B18 -> 21.213203 | C25: — | D25: =IF(B25<=25,"25 V suficiente","Usar 35 V o más") -> 25 V suficiente
A26: Tensión máxima de salida a I_L (V) | B26: =B20-B24-$B$8 -> 12.423593 | C26: (12) | D26: —
A27: R2 para V_OUT (kΩ) | B27: =Cálculos!$B$10*($B$14/Cálculos!$B$11-1)/1000 -> 3 | C27: (13) | D27: Potenciómetro 10 kΩ
A28: Potencia en R4 (W) | B28: =(B20-Cálculos!$B$14)^2/Cálculos!$B$16 -> 0.17877195 | C28: (14) | D28: =IF(B28<0.25,"¼ W basta; se usa ½ W","½ W") -> ¼ W basta; se usa ½ W
A29: Tensión media en C1 (V) | B29: =B20-B24/2 -> 14.897078 | C29: — | D29: —
A30: Potencia máxima en U1, salida 1,25 V (W) | B30: =(B29-Cálculos!$B$11)*$B$5 -> 6.8235389 | C30: (6) | D30: LM317T con disipador
A31: Resistencia térmica máxima del disipador (°C/W) | B31: =($B$9-$B$10)/B30-$B$11-$B$12 -> 5.7241215 | C31: (15) | D31: =IF(B31<=0,"Imposible: reducir corriente","Disipador ≤ "&TEXT(B31,"0.0")&" °C/W") -> Disipador ≤ 5.7 °C/W
A32: Corriente nominal del primario (A) | B32: =B19/$B$13 -> 0.09 | C32: (16) | D32: Fusible lento 0,5 A (5–6 veces I1)
A33: Nota. θ_JC es un valor típico del encapsulado TO-220; confirme el valor en la hoja de datos del fabricante del integrado que se use. | B33: =$B$14/B29*100 -> 33.563629 | C33: (17) | D33: —

Sheet Registro
A1: Registro de mediciones — Tablas 6 y 7 de la guía
A2: Ingrese en las celdas amarillas los valores medidos; el cálculo y el error se obtienen automáticamente.
A4: R2 nominal (kΩ) | B4: R2 medido (kΩ) | C4: Vout calculado (V) | D4: Vout medido (V) | E4: Error (%) [ec. 18]
A5: 0 | C5: =IF(B5="","",Cálculos!$B$11*(1+B5*1000/Cálculos!$B$10)) | E5: =IF(OR(C5="",D5=""),"",ABS(D5-C5)/C5*100)
A6: 1 | C6: =IF(B6="","",Cálculos!$B$11*(1+B6*1000/Cálculos!$B$10)) | E6: =IF(OR(C6="",D6=""),"",ABS(D6-C6)/C6*100)
A7: 2 | C7: =IF(B7="","",Cálculos!$B$11*(1+B7*1000/Cálculos!$B$10)) | E7: =IF(OR(C7="",D7=""),"",ABS(D7-C7)/C7*100)
A8: 3 | C8: =IF(B8="","",Cálculos!$B$11*(1+B8*1000/Cálculos!$B$10)) | E8: =IF(OR(C8="",D8=""),"",ABS(D8-C8)/C8*100)
A9: 4 | C9: =IF(B9="","",Cálculos!$B$11*(1+B9*1000/Cálculos!$B$10)) | E9: =IF(OR(C9="",D9=""),"",ABS(D9-C9)/C9*100)
A10: 5 | C10: =IF(B10="","",Cálculos!$B$11*(1+B10*1000/Cálculos!$B$10)) | E10: =IF(OR(C10="",D10=""),"",ABS(D10-C10)/C10*100)
A11: 6 | C11: =IF(B11="","",Cálculos!$B$11*(1+B11*1000/Cálculos!$B$10)) | E11: =IF(OR(C11="",D11=""),"",ABS(D11-C11)/C11*100)
A12: 7 | C12: =IF(B12="","",Cálculos!$B$11*(1+B12*1000/Cálculos!$B$10)) | E12: =IF(OR(C12="",D12=""),"",ABS(D12-C12)/C12*100)
A13: 8 | C13: =IF(B13="","",Cálculos!$B$11*(1+B13*1000/Cálculos!$B$10)) | E13: =IF(OR(C13="",D13=""),"",ABS(D13-C13)/C13*100)
A14: 9 | C14: =IF(B14="","",Cálculos!$B$11*(1+B14*1000/Cálculos!$B$10)) | E14: =IF(OR(C14="",D14=""),"",ABS(D14-C14)/C14*100)
A15: 10 | C15: =IF(B15="","",Cálculos!$B$11*(1+B15*1000/Cálculos!$B$10)) | E15: =IF(OR(C15="",D15=""),"",ABS(D15-C15)/C15*100)
A18: Regulación con carga (Tabla 7)
A19: Vout ajustada (V) | B19: Vout sin carga (V) | C19: Vout con carga (V) | D19: R carga (Ω) | E19: I carga (A) | F19: Tensión en C1 con carga (V) | G19: Regulación (%) [ec. 19] | H19: P_D de U1 (W) [ec. 6]
A20: 5 | D20: 100 | E20: =IF(C20="","",C20/D20) | G20: =IF(OR(B20="",C20=""),"",(B20-C20)/C20*100) | H20: =IF(OR(F20="",C20=""),"",(F20-C20)*E20)
A21: 12 | D21: 100 | E21: =IF(C21="","",C21/D21) | G21: =IF(OR(B21="",C21=""),"",(B21-C21)/C21*100) | H21: =IF(OR(F21="",C21=""),"",(F21-C21)*E21)
A23: Ejemplo de referencia: con 12 V y 100 Ω circulan 0,12 A; si C1 queda en 15 V, el LM317 disipa (15 − 12) × 0,12 = 0,36 W.
