Workbook

Sheet Instrucciones
A1: Práctica 7: encendido convencional por ruptor (SZ)
A2: Libro de cálculo de apoyo a la guía de clase práctica — Electricidad Automotriz, ISTS
A4: Uso:
A5: 1. Escriba sus medidas SOLO en las celdas de fondo amarillo y texto azul de "Datos". Los valores que traen son un ejemplo.
A6: 2. "Calculos" aplica las ecuaciones (1) a (6) de la guía; "Cierre_regimen", "Oscilacion_LC" y "Avance" generan tablas y gráficas de doble eje.
A7: 3. "Registro" reproduce las tablas de registro de la guía.
A9: Convención de colores: azul con fondo amarillo = dato de entrada; negro = fórmula.
A10: Fuentes: Bosch (s. f.), Bosch (2008), Alonso Pérez (1998), Minga González (s. f.). L1 es una estimación didáctica (τ ≈ 8 ms/5 con 3 Ω).

Sheet Datos
A1: Dato | B1: Símbolo | C1: Valor | D1: Unidad | E1: Origen / comentario
A2: Tensión de batería | B2: U_B | C2: 12 | D2: V
A3: Resistencia del primario | B3: R1 | C3: 3 | D3: Ω | E3: Bobinas E/K ≈ 3 Ω
A4: Resistencia del prerresistor (0 si no hay) | B4: RV | C4: 0 | D4: Ω
A5: Inductancia del primario | B5: L1 | C5: 4.8 | D5: mH | E5: Estimación
A6: Capacidad del condensador | B6: C | C6: 0.25 | D6: µF | E6: 0,2 – 0,3 µF (Alonso, 1998)
A7: Número de cilindros | B7: z | C7: 4 | D7: —
A8: Ángulo de cierre medido a ralentí | B8: ac1 | C8: 50 | D8: ° distribuidor
A9: Ángulo de cierre medido a 1 500 | B9: ac2 | C9: 50 | D9: ° distribuidor
A10: Ángulo de cierre medido a 2 500 | B10: ac3 | C10: 50 | D10: ° distribuidor
A11: Régimen de ralentí | B11: n1 | C11: 800 | D11: r. p. m.
A12: Régimen 2 | B12: n2 | C12: 1500 | D12: r. p. m.
A13: Régimen 3 | B13: n3 | C13: 2500 | D13: r. p. m.
A14: Régimen 4 | B14: n4 | C14: 3500 | D14: r. p. m.
A15: Avance total medido a n1 | B15: av1 | C15: 10 | D15: ° cigüeñal | E15: Lámpara estroboscópica
A16: Avance total medido a n2 | B16: av2 | C16: 16 | D16: ° cigüeñal
A17: Avance total medido a n3 | B17: av3 | C17: 24 | D17: ° cigüeñal
A18: Avance total medido a n4 | B18: av4 | C18: 30 | D18: ° cigüeñal
A19: Tensión exigida con bujías nuevas | B19: U0 | C19: 10 | D19: kV
A20: Separación nueva | B20: s0 | C20: 0.7 | D20: mm
A21: Separación medida | B21: s | C21: 0.9 | D21: mm
A22: Aumento por mm | B22: k | C22: 10 | D22: kV/mm | E22: Bosch: 1 kV cada 0,1 mm
A23: Resistencia del cable más desfavorable | B23: Rc | C23: 4.5 | D23: kΩ
A24: Longitud de ese cable | B24: lc | C24: 0.5 | D24: m

Sheet Calculos
A1: Ec. | B1: Magnitud | C1: Fórmula | D1: Resultado | E1: Unidad | F1: Referencia / interpretación
A2: (1) | B2: Ángulo disponible | C2: αz = 360/z | D2: =360/Datos!$C$7 -> 90 | E2: ° | F2: 4 cil.: 90°
A3: (1) | B3: Porcentaje de cierre a ralentí | C3: DC = αc/αz·100 | D3: =Datos!$C$8/D2*100 -> 55.555556 | E3: % | F3: 48°–54° → 53–60 %
A4: (2) | B4: Intervalo entre chispas a ralentí | C4: Tz = 120/(n·z) | D4: =120000/(Datos!$C$11*Datos!$C$7) -> 37.5 | E4: ms
A5: (2) | B5: Tiempo de carga a ralentí | C5: tc = DC·Tz | D5: =D3/100*D4 -> 20.833333 | E5: ms
A6: (2) | B6: Tiempo de carga a 6 000 r. p. m. | C6: tc = DC·120/(6000·z) | D6: =D3/100*120000/(6000*Datos!$C$7) -> 2.7777778 | E6: ms | F6: Bobina 3 Ω necesita ≈ 8 ms
A7: (3) | B7: Corriente del primario | C7: I1 = U_B/(R1+RV) | D7: =Datos!$C$2/(Datos!$C$3+Datos!$C$4) -> 4 | E7: A
A8: (3) | B8: Constante de tiempo | C8: τ = L1/(R1+RV) | D8: =Datos!$C$5/(Datos!$C$3+Datos!$C$4) -> 1.6 | E8: ms
A9: (3) | B9: Corriente al final del cierre a 6 000 | C9: i = I1(1−e^(−tc/τ)) | D9: =D7*(1-EXP(-D6/D8)) -> 3.2951828 | E9: A
A10: (3) | B10: Energía a 6 000 respecto a la máxima | C10: (i/I1)² | D10: =(D9/D7)^2*100 -> 67.863934 | E10: %
A11: (4) | B11: Frecuencia de oscilación bobina-condensador | C11: f = 1/(2π√(L1·C)) | D11: =1/(2*PI()*SQRT(Datos!$C$5/1000*Datos!$C$6/1000000))/1000 -> 4.5944075 | E11: kHz | F11: ≈ 4,6 kHz
A12: (4) | B12: Periodo de oscilación | C12: T = 1/f | D12: =1/D11 -> 0.21765592 | E12: ms | F12: 3–5 oscilaciones ≈ 0,7–1,1 ms
A13: (5) | B13: Avance a ralentí en tiempo | C13: tav = αav/(6·n) | D13: =Datos!$C$15/(6*Datos!$C$11)*1000 -> 2.0833333 | E13: ms | F13: ≈ 2 ms de combustión
A14: (6) | B14: Tensión exigida por la bujía | C14: Ud = U0 + k(s − s0) | D14: =Datos!$C$19+Datos!$C$22*(Datos!$C$21-Datos!$C$20) -> 12 | E14: kV
A15: (6) | B15: Resistencia por metro del cable | C15: r = R/ℓ | D15: =Datos!$C$23/Datos!$C$24 -> 9 | E15: kΩ/m | F15: CS: 9–23 kΩ/m (Bosch)

Sheet Cierre_regimen
A1: n (r. p. m.) | B1: Tz (ms) | C1: tc (ms) | D1: Energía disponible (%)
A2: 500 | B2: =120000/(A2*Datos!$C$7) -> 60 | C2: =Calculos!$D$3/100*B2 -> 33.333333 | D2: =100*(1-EXP(-C2/Calculos!$D$8))^2 -> 100
A3: 750 | B3: =120000/(A3*Datos!$C$7) -> 40 | C3: =Calculos!$D$3/100*B3 -> 22.222222 | D3: =100*(1-EXP(-C3/Calculos!$D$8))^2 -> 99.999814
A4: 1000 | B4: =120000/(A4*Datos!$C$7) -> 30 | C4: =Calculos!$D$3/100*B4 -> 16.666667 | D4: =100*(1-EXP(-C4/Calculos!$D$8))^2 -> 99.994014
A5: 1250 | B5: =120000/(A5*Datos!$C$7) -> 24 | C5: =Calculos!$D$3/100*B5 -> 13.333333 | D5: =100*(1-EXP(-C5/Calculos!$D$8))^2 -> 99.951932
A6: 1500 | B6: =120000/(A6*Datos!$C$7) -> 20 | C6: =Calculos!$D$3/100*B6 -> 11.111111 | D6: =100*(1-EXP(-C6/Calculos!$D$8))^2 -> 99.807298
A7: 1750 | B7: =120000/(A7*Datos!$C$7) -> 17.142857 | C7: =Calculos!$D$3/100*B7 -> 9.5238095 | D7: =100*(1-EXP(-C7/Calculos!$D$8))^2 -> 99.480747
A8: 2000 | B8: =120000/(A8*Datos!$C$7) -> 15 | C8: =Calculos!$D$3/100*B8 -> 8.3333333 | D8: =100*(1-EXP(-C8/Calculos!$D$8))^2 -> 98.908836
A9: 2250 | B9: =120000/(A9*Datos!$C$7) -> 13.333333 | C9: =Calculos!$D$3/100*B9 -> 7.4074074 | D9: =100*(1-EXP(-C9/Calculos!$D$8))^2 -> 98.057848
A10: 2500 | B10: =120000/(A10*Datos!$C$7) -> 12 | C10: =Calculos!$D$3/100*B10 -> 6.6666667 | D10: =100*(1-EXP(-C10/Calculos!$D$8))^2 -> 96.923266
A11: 2750 | B11: =120000/(A11*Datos!$C$7) -> 10.909091 | C11: =Calculos!$D$3/100*B11 -> 6.0606061 | D11: =100*(1-EXP(-C11/Calculos!$D$8))^2 -> 95.522557
A12: 3000 | B12: =120000/(A12*Datos!$C$7) -> 10 | C12: =Calculos!$D$3/100*B12 -> 5.5555556 | D12: =100*(1-EXP(-C12/Calculos!$D$8))^2 -> 93.886806
A13: 3250 | B13: =120000/(A13*Datos!$C$7) -> 9.2307692 | C13: =Calculos!$D$3/100*B13 -> 5.1282051 | D13: =100*(1-EXP(-C13/Calculos!$D$8))^2 -> 92.05372
... A28: 7000 | B28: =120000/(A28*Datos!$C$7) -> 4.2857143 | C28: =Calculos!$D$3/100*B28 -> 2.3809524 | D28: =100*(1-EXP(-C28/Calculos!$D$8))^2 -> 59.938201

Sheet Oscilacion_LC
A1: C (µF) | B1: f (kHz) | C1: T (ms)
A2: 0.15 | B2: =1/(2*PI()*SQRT(Datos!$C$5/1000*A2/1000000))/1000 -> 5.9313545 | C2: =1/B2 -> 0.16859555
A3: 0.175 | B3: =1/(2*PI()*SQRT(Datos!$C$5/1000*A3/1000000))/1000 -> 5.4913672 | C3: =1/B3 -> 0.18210401
A4: 0.2 | B4: =1/(2*PI()*SQRT(Datos!$C$5/1000*A4/1000000))/1000 -> 5.1367037 | C4: =1/B4 -> 0.19467738
A5: 0.225 | B5: =1/(2*PI()*SQRT(Datos!$C$5/1000*A5/1000000))/1000 -> 4.8429307 | C5: =1/B5 -> 0.20648654
A6: 0.25 | B6: =1/(2*PI()*SQRT(Datos!$C$5/1000*A6/1000000))/1000 -> 4.5944075 | C6: =1/B6 -> 0.21765592
A7: 0.275 | B7: =1/(2*PI()*SQRT(Datos!$C$5/1000*A7/1000000))/1000 -> 4.3805956 | C7: =1/B7 -> 0.22827946
A8: 0.3 | B8: =1/(2*PI()*SQRT(Datos!$C$5/1000*A8/1000000))/1000 -> 4.194101 | C8: =1/B8 -> 0.23843012
A9: 0.325 | B9: =1/(2*PI()*SQRT(Datos!$C$5/1000*A9/1000000))/1000 -> 4.0295619 | C9: =1/B9 -> 0.24816594
A10: 0.35 | B10: =1/(2*PI()*SQRT(Datos!$C$5/1000*A10/1000000))/1000 -> 3.882983 | C10: =1/B10 -> 0.25753396
A11: 0.375 | B11: =1/(2*PI()*SQRT(Datos!$C$5/1000*A11/1000000))/1000 -> 3.751318 | C11: =1/B11 -> 0.26657298
A12: 0.4 | B12: =1/(2*PI()*SQRT(Datos!$C$5/1000*A12/1000000))/1000 -> 3.632198 | C12: =1/B12 -> 0.27531539
A13: 0.425 | B13: =1/(2*PI()*SQRT(Datos!$C$5/1000*A13/1000000))/1000 -> 3.5237497 | C13: =1/B13 -> 0.2837886
A14: 0.45 | B14: =1/(2*PI()*SQRT(Datos!$C$5/1000*A14/1000000))/1000 -> 3.4244691 | C14: =1/B14 -> 0.29201606

Sheet Avance
A1: n (r. p. m.) | B1: Avance total (° cig.) | C1: Avance centrífugo (°) | D1: tav (ms)
A2: =Datos!$C$11 -> 800 | B2: =Datos!$C$15 -> 10 | C2: =B2-Datos!$C$15 -> 0 | D2: =B2/(6*A2)*1000 -> 2.0833333
A3: =Datos!$C$12 -> 1500 | B3: =Datos!$C$16 -> 16 | C3: =B3-Datos!$C$15 -> 6 | D3: =B3/(6*A3)*1000 -> 1.7777778
A4: =Datos!$C$13 -> 2500 | B4: =Datos!$C$17 -> 24 | C4: =B4-Datos!$C$15 -> 14 | D4: =B4/(6*A4)*1000 -> 1.6
A5: =Datos!$C$14 -> 3500 | B5: =Datos!$C$18 -> 30 | C5: =B5-Datos!$C$15 -> 20 | D5: =B5/(6*A5)*1000 -> 1.4285714

Sheet Registro
A1: Régimen (r. p. m.) | B1: αc medido (°) | C1: αz (°) | D1: DC (%) | E1: Tz (ms) | F1: tc (ms) | G1: i(tc) (A)
A2: =Datos!$C$11 -> 800 | B2: =Datos!$C$8 -> 50 | C2: =360/Datos!$C$7 -> 90 | D2: =B2/C2*100 -> 55.555556 | E2: =120000/(A2*Datos!$C$7) -> 37.5 | F2: =D2/100*E2 -> 20.833333 | G2: =Calculos!$D$7*(1-EXP(-F2/Calculos!$D$8)) -> 3.9999911
A3: =Datos!$C$12 -> 1500 | B3: =Datos!$C$9 -> 50 | C3: =360/Datos!$C$7 -> 90 | D3: =B3/C3*100 -> 55.555556 | E3: =120000/(A3*Datos!$C$7) -> 20 | F3: =D3/100*E3 -> 11.111111 | G3: =Calculos!$D$7*(1-EXP(-F3/Calculos!$D$8)) -> 3.9961441
A4: =Datos!$C$13 -> 2500 | B4: =Datos!$C$10 -> 50 | C4: =360/Datos!$C$7 -> 90 | D4: =B4/C4*100 -> 55.555556 | E4: =120000/(A4*Datos!$C$7) -> 12 | F4: =D4/100*E4 -> 6.6666667 | G4: =Calculos!$D$7*(1-EXP(-F4/Calculos!$D$8)) -> 3.9379846
