Workbook

Sheet Instrucciones
A1: Práctica 8 — Parte 1: encendido transistorizado por generador inductivo (TSZ-i)
A2: Libro de cálculo de apoyo a la guía de clase práctica — Electricidad Automotriz, ISTS
A4: Uso:
A5: 1. Escriba sus medidas SOLO en las celdas de fondo amarillo y texto azul de la hoja "Datos". Los valores que traen son un ejemplo realista y deben reemplazarse.
A6: 2. La hoja "Calculos" aplica las ecuaciones (1) a (16) de la guía, con el mismo número de ecuación.
A7: 3. "Carga_bobina", "Cierre_regimen" y "Secundario" generan tablas y gráficas de doble eje que se actualizan solas.
A8: 4. "Registro" reproduce la tabla de registro de ángulo de cierre y frecuencia de la guía, lista para copiar.
A10: Convención de colores: azul con fondo amarillo = dato de entrada; negro = fórmula.
A11: Fuentes: Bosch (2008), Bosch (s. f.), Minga González (s. f.), Alonso Pérez (1998), Crouse (1996). Véase la bibliografía de la guía.
A12: La inductancia del primario es una estimación didáctica (τ ≈ tiempo de formación / 5); si dispone de medidor LCR, escriba el valor medido.

Sheet Datos
A1: Dato | B1: Símbolo | C1: Valor | D1: Unidad | E1: Origen / comentario
A2: Tensión de batería | B2: U_B | C2: 12 | D2: V | E2: Medida con el multímetro
A3: Resistencia del primario de la bobina | B3: R1 | C3: 1.5 | D3: Ω | E3: Medida entre bornes 15 y 1 (KW ≈ 1,2–1,6 Ω)
A4: Resistencia del prerresistor (0 si no existe) | B4: RV | C4: 1.5 | D4: Ω | E4: Medida entre sus terminales
A5: Inductancia del primario | B5: L1 | C5: 4.8 | D5: mH | E5: Estimación: τ = 8 ms/5 con 3 Ω (Bosch, s. f.); sustituir por medida LCR
A6: Número de cilindros | B6: z | C6: 4 | D6: — | E6: Motor del laboratorio
A7: Porcentaje de cierre fijo del ruptor (comparación) | B7: DC_r | C7: 60 | D7: % | E7: Valor típico de un encendido por platinos
A8: Régimen 1 (ralentí) | B8: n1 | C8: 800 | D8: r. p. m. | E8: Tacómetro
A9: Ángulo de cierre medido a n1 | B9: αc1 | C9: 30 | D9: ° distribuidor | E9: Medidor de dwell (ejemplo)
A10: Régimen 2 | B10: n2 | C10: 1000 | D10: r. p. m.
A11: Ángulo de cierre medido a n2 | B11: αc2 | C11: 33 | D11: ° distribuidor | E11: Bosch: 29–37° (4 cil.)
A12: Régimen 3 | B12: n3 | C12: 2000 | D12: r. p. m.
A13: Ángulo de cierre medido a n3 | B13: αc3 | C13: 42 | D13: ° distribuidor
A14: Régimen 4 | B14: n4 | C14: 3000 | D14: r. p. m.
A15: Ángulo de cierre medido a n4 | B15: αc4 | C15: 51 | D15: ° distribuidor | E15: Bosch: 45–58° (4 cil.)
A16: Tensión exigida con bujías nuevas | B16: U0 | C16: 10 | D16: kV | E16: Bosch (2008): ≈ 10 kV
A17: Separación de electrodos nueva | B17: s0 | C17: 0.7 | D17: mm | E17: Manual del vehículo
A18: Separación de electrodos medida | B18: s | C18: 0.9 | D18: mm | E18: Galga de bujías
A19: Aumento de tensión por mm de desgaste | B19: k | C19: 10 | D19: kV/mm | E19: Bosch (2008): 1 kV por cada 0,1 mm
A20: Tensión máxima de la bobina | B20: Umax | C20: 28 | D20: kV | E20: E 24 · K 26 · KW 28–34 kV
A21: Espiras del primario | B21: N1 | C21: 350 | D21: — | E21: Bosch (2008)
A22: Espiras del secundario | B22: N2 | C22: 20000 | D22: — | E22: Bosch (2008)
A23: Pico de autoinducción del primario | B23: U1 | C23: 350 | D23: V | E23: Osciloscopio, canal del borne 1
A25: Cables de alta tensión
A26: Cable | B26: Longitud ℓ (m) | C26: Resistencia R (kΩ) | D26: Tipo (CS/TS) | E26: Comentario
A27: Bobina | B27: 0.45 | C27: 6.3 | D27: CS | E27: Ejemplo: reemplazar por la medida
A28: Cilindro 1 | B28: 0.4 | C28: 5.8 | D28: CS | E28: Ejemplo: reemplazar por la medida
A29: Cilindro 2 | B29: 0.48 | C29: 7.1 | D29: CS | E29: Ejemplo: reemplazar por la medida
A30: Cilindro 3 | B30: 0.55 | C30: 8 | D30: CS | E30: Ejemplo: reemplazar por la medida
A31: Cilindro 4 | B31: 0.62 | C31: 16.5 | D31: CS | E31: Ejemplo: reemplazar por la medida

Sheet Calculos
A1: Ec. | B1: Magnitud | C1: Fórmula | D1: Resultado | E1: Unidad | F1: Referencia / interpretación
A2: (1) | B2: Corriente del primario con los datos medidos | C2: I1 = U_B/(R1+RV) | D2: =Datos!$C$2/(Datos!$C$3+Datos!$C$4) -> 4 | E2: A | F2: E y K: ≈ 4 A · KW con prerresistor: ≈ 4 A
A3: (1) | B3: Corriente del primario sin prerresistor | C3: I1 = U_B/R1 | D3: =Datos!$C$2/Datos!$C$3 -> 8 | E3: A | F3: KW sin prerresistor: ≈ 8 A
A4: (2) | B4: Potencia en el prerresistor mientras conduce | C4: P_V = I1²·RV | D4: =D2^2*Datos!$C$4 -> 24 | E4: W | F4: 4 A y 1,5 Ω → 24 W
A5: (2) | B5: Potencia en el primario mientras conduce | C5: P_1 = I1²·R1 | D5: =D2^2*Datos!$C$3 -> 24 | E5: W
A6: (3) | B6: Potencia media en el prerresistor a n2 | C6: P̄_V = P_V·αc/αz | D6: =D4*Datos!$C$11/D12 -> 8.8 | E6: W | F6: Con 50 % de cierre ≈ 12 W
A7: (4) | B7: Constante de tiempo con los datos medidos | C7: τ = L1/(R1+RV) | D7: =Datos!$C$5/(Datos!$C$3+Datos!$C$4) -> 1.6 | E7: ms | F7: Bobina E de 3 Ω: ≈ 1,6 ms
A8: (5) | B8: Corriente al final del cierre a n2 | C8: i = I1(1−e^(−tc/τ)) | D8: =D2*(1-EXP(-D13/D7)) -> 3.9958668 | E8: A
A9: (6) | B9: Energía almacenada a n2 | C9: W = ½·L1·i² | D9: =0.5*Datos!$C$5*D8^2 -> 38.320684 | E9: mJ | F9: mH·A² = mJ
A10: (6) | B10: Energía máxima posible | C10: W = ½·L1·I1² | D10: =0.5*Datos!$C$5*D2^2 -> 38.4 | E10: mJ
A11: (7) | B11: Intervalo entre chispas a n2 | C11: Tz = 120/(n·z) | D11: =120000/(Datos!$C$10*Datos!$C$6) -> 30 | E11: ms | F11: 4 cil. a 1 000 r. p. m.: 30 ms
A12: (8) | B12: Ángulo por chispa | C12: αz = 360/z | D12: =360/Datos!$C$6 -> 90 | E12: ° | F12: 4 cil.: 90°
A13: (9) | B13: Tiempo de carga a n2 | C13: tc = (αc/αz)·Tz | D13: =Datos!$C$11/D12*D11 -> 11 | E13: ms | F13: 29–37° → 9,7–12,3 ms
A14: (10) | B14: Porcentaje de cierre a n2 | C14: DC = αc/αz·100 | D14: =Datos!$C$11/D12*100 -> 36.666667 | E14: % | F14: 32–41 % a 1 000 r. p. m.
A15: (11) | B15: Chispas por minuto a n4 | C15: Nch = n·z/2 | D15: =Datos!$C$14*Datos!$C$6/2 -> 6000 | E15: chispas/min | F15: E 13 000 · K 16 000 · KW 18 000
A16: (12) | B16: Frecuencia del generador a n1 | C16: fg = n·z/120 | D16: =Datos!$C$8*Datos!$C$6/120 -> 26.666667 | E16: Hz | F16: 800 r. p. m., 4 cil.: 26,7 Hz
A17: (12) | B17: Periodo de la señal del generador a n1 | C17: Tg = 1/fg | D17: =1000/D16 -> 37.5 | E17: ms | F17: Base de tiempos ≈ Tg·2,5/10 por división
A18: (12) | B18: Base de tiempos sugerida (2,5 periodos en 10 div.) | C18: — | D18: =D17*2.5/10 -> 9.375 | E18: ms/div
A19: (13) | B19: Tensión exigida con la separación medida | C19: Ud = U0 + k(s − s0) | D19: =Datos!$C$16+Datos!$C$19*(Datos!$C$18-Datos!$C$17) -> 12 | E19: kV | F19: 0,7 → 0,9 mm: ≈ 12 kV
A20: (14) | B20: Reserva de tensión de la bobina | C20: ΔU = Umax − Ud | D20: =Datos!$C$20-D19 -> 16 | E20: kV | F20: Si ΔU ≤ 0 aparecen fallos de encendido
A21: (16) | B21: Relación de transformación | C21: m = N2/N1 | D21: =Datos!$C$22/Datos!$C$21 -> 57.142857 | E21: — | F21: ≈ 57
A22: (16) | B22: Tensión secundaria estimada en vacío | C22: U2 ≈ m·U1 | D22: =D21*Datos!$C$23/1000 -> 20 | E22: kV | F22: 350 V → ≈ 20 kV
A25: Resistencia por metro de los cables (ecuación 15)
A26: Cable | B26: ℓ (m) | C26: R (kΩ) | D26: r (kΩ/m) | E26: Tipo | F26: Conclusión (NBR 6880: 9–23 kΩ/m en cables CS)
A27: =Datos!A27 -> Bobina | B27: =Datos!B27 -> 0.45 | C27: =Datos!C27 -> 6.3 | D27: =C27/B27 -> 14 | E27: =Datos!D27 -> CS | F27: =IF(E27="TS","Comparar con el valor grabado en los terminales",IF(AND(D27>=9,D27<=23),"Dentro de norma","Fuera de norma: sustituir")) -> Dentro de norma
A28: =Datos!A28 -> Cilindro 1 | B28: =Datos!B28 -> 0.4 | C28: =Datos!C28 -> 5.8 | D28: =C28/B28 -> 14.5 | E28: =Datos!D28 -> CS | F28: =IF(E28="TS","Comparar con el valor grabado en los terminales",IF(AND(D28>=9,D28<=23),"Dentro de norma","Fuera de norma: sustituir")) -> Dentro de norma
A29: =Datos!A29 -> Cilindro 2 | B29: =Datos!B29 -> 0.48 | C29: =Datos!C29 -> 7.1 | D29: =C29/B29 -> 14.791667 | E29: =Datos!D29 -> CS | F29: =IF(E29="TS","Comparar con el valor grabado en los terminales",IF(AND(D29>=9,D29<=23),"Dentro de norma","Fuera de norma: sustituir")) -> Dentro de norma
A30: =Datos!A30 -> Cilindro 3 | B30: =Datos!B30 -> 0.55 | C30: =Datos!C30 -> 8 | D30: =C30/B30 -> 14.545455 | E30: =Datos!D30 -> CS | F30: =IF(E30="TS","Comparar con el valor grabado en los terminales",IF(AND(D30>=9,D30<=23),"Dentro de norma","Fuera de norma: sustituir")) -> Dentro de norma
A31: =Datos!A31 -> Cilindro 4 | B31: =Datos!B31 -> 0.62 | C31: =Datos!C31 -> 16.5 | D31: =C31/B31 -> 26.612903 | E31: =Datos!D31 -> CS | F31: =IF(E31="TS","Comparar con el valor grabado en los terminales",IF(AND(D31>=9,D31<=23),"Dentro de norma","Fuera de norma: sustituir")) -> Fuera de norma: sustituir

Sheet Carga_bobina
A1: t (ms) | B1: i con datos (A) | C1: W con datos (mJ) | D1: i sin prerresistor (A) | E1: W sin prerresistor (mJ) | G1: τ con datos (ms) | H1: =Datos!$C$5/(Datos!$C$3+Datos!$C$4) -> 1.6
A2: 0 | B2: =$H$3*(1-EXP(-A2/$H$1)) -> 0 | C2: =0.5*Datos!$C$5*B2^2 -> 0 | D2: =$H$4*(1-EXP(-A2/$H$2)) -> 0 | E2: =0.5*Datos!$C$5*D2^2 -> 0 | G2: τ sin prerresistor (ms) | H2: =Datos!$C$5/Datos!$C$3 -> 3.2
A3: 0.25 | B3: =$H$3*(1-EXP(-A3/$H$1)) -> 0.57861869 | C3: =0.5*Datos!$C$5*B3^2 -> 0.80351901 | D3: =$H$4*(1-EXP(-A3/$H$2)) -> 0.60120949 | E3: =0.5*Datos!$C$5*D3^2 -> 0.86748685 | G3: I final con datos (A) | H3: =Datos!$C$2/(Datos!$C$3+Datos!$C$4) -> 4
A4: 0.5 | B4: =$H$3*(1-EXP(-A4/$H$1)) -> 1.0735375 | C4: =0.5*Datos!$C$5*B4^2 -> 2.7659586 | D4: =$H$4*(1-EXP(-A4/$H$2)) -> 1.1572374 | E4: =0.5*Datos!$C$5*D4^2 -> 3.2140761 | G4: I final sin prerresistor (A) | H4: =Datos!$C$2/Datos!$C$3 -> 8
A5: 0.75 | B5: =$H$3*(1-EXP(-A5/$H$1)) -> 1.496864 | C5: =0.5*Datos!$C$5*B5^2 -> 5.3774441 | D5: =$H$4*(1-EXP(-A5/$H$2)) -> 1.6714791 | E5: =0.5*Datos!$C$5*D5^2 -> 6.7052218
A6: 1 | B6: =$H$3*(1-EXP(-A6/$H$1)) -> 1.8589543 | C6: =0.5*Datos!$C$5*B6^2 -> 8.2937065 | D6: =$H$4*(1-EXP(-A6/$H$2)) -> 2.147075 | E6: =0.5*Datos!$C$5*D6^2 -> 11.063834
A7: 1.25 | B7: =$H$3*(1-EXP(-A7/$H$1)) -> 2.1686666 | C7: =0.5*Datos!$C$5*B7^2 -> 11.287475 | D7: =$H$4*(1-EXP(-A7/$H$2)) -> 2.5869292 | E7: =0.5*Datos!$C$5*D7^2 -> 16.061287
A8: 1.5 | B8: =$H$3*(1-EXP(-A8/$H$1)) -> 2.4335775 | C8: =0.5*Datos!$C$5*B8^2 -> 14.213519 | D8: =$H$4*(1-EXP(-A8/$H$2)) -> 2.9937279 | E8: =0.5*Datos!$C$5*D8^2 -> 21.509777
A9: 1.75 | B9: =$H$3*(1-EXP(-A9/$H$1)) -> 2.6601678 | C9: =0.5*Datos!$C$5*B9^2 -> 16.983583 | D9: =$H$4*(1-EXP(-A9/$H$2)) -> 3.3699552 | E9: =0.5*Datos!$C$5*D9^2 -> 27.255835
A10: 2 | B10: =$H$3*(1-EXP(-A10/$H$1)) -> 2.8539808 | C10: =0.5*Datos!$C$5*B10^2 -> 19.548496 | D10: =$H$4*(1-EXP(-A10/$H$2)) -> 3.7179086 | E10: =0.5*Datos!$C$5*D10^2 -> 33.174826
A11: 2.25 | B11: =$H$3*(1-EXP(-A11/$H$1)) -> 3.0197578 | C11: =0.5*Datos!$C$5*B11^2 -> 21.88545 | D11: =$H$4*(1-EXP(-A11/$H$2)) -> 4.0397128 | E11: =0.5*Datos!$C$5*D11^2 -> 39.166271
A12: 2.5 | B12: =$H$3*(1-EXP(-A12/$H$1)) -> 3.1615545 | C12: =0.5*Datos!$C$5*B12^2 -> 23.989024 | D12: =$H$4*(1-EXP(-A12/$H$2)) -> 4.3373331 | E12: =0.5*Datos!$C$5*D12^2 -> 45.1499
A13: 2.75 | B13: =$H$3*(1-EXP(-A13/$H$1)) -> 3.2828395 | C13: =0.5*Datos!$C$5*B13^2 -> 25.864885 | D13: =$H$4*(1-EXP(-A13/$H$2)) -> 4.6125869 | E13: =0.5*Datos!$C$5*D13^2 -> 51.062298
A14: 3 | B14: =$H$3*(1-EXP(-A14/$H$1)) -> 3.3865801 | C14: =0.5*Datos!$C$5*B14^2 -> 27.52542 | D14: =$H$4*(1-EXP(-A14/$H$2)) -> 4.867155 | E14: =0.5*Datos!$C$5*D14^2 -> 56.854074
A15: 3.25 | B15: =$H$3*(1-EXP(-A15/$H$1)) -> 3.4753142 | C15: =0.5*Datos!$C$5*B15^2 -> 28.986741 | D15: =$H$4*(1-EXP(-A15/$H$2)) -> 5.102592 | E15: =0.5*Datos!$C$5*D15^2 -> 62.487468
A16: 3.5 | B16: =$H$3*(1-EXP(-A16/$H$1)) -> 3.5512124 | C16: =0.5*Datos!$C$5*B16^2 -> 30.266663 | D16: =$H$4*(1-EXP(-A16/$H$2)) -> 5.3203357 | E16: =0.5*Datos!$C$5*D16^2 -> 67.934332
... A62: 15 | B62: =$H$3*(1-EXP(-A62/$H$1)) -> 3.9996607 | C62: =0.5*Datos!$C$5*B62^2 -> 38.393486 | D62: =$H$4*(1-EXP(-A62/$H$2)) -> 7.9263225 | E62: =0.5*Datos!$C$5*D62^2 -> 150.78381

Sheet Cierre_regimen
A1: n (r. p. m.) | B1: Tz (ms) | C1: αc electrónico (°) | D1: tc electrónico (ms) | E1: tc ruptor (ms) | F1: Energía electrónico (%) | G1: Energía ruptor (%) | I1: Modelo αc(n): recta que pasa por las medidas a n2 y n4, limitada al 80 % de αz (ilustrativo).
A2: 500 | B2: =120000/(A2*Datos!$C$6) -> 60 | C2: =MIN(0.8*$J$3,MAX(0,Datos!$C$11+$J$2*(A2-Datos!$C$10))) -> 28.5 | D2: =C2/$J$3*B2 -> 19 | E2: =Datos!$C$7/100*B2 -> 36 | F2: =100*(1-EXP(-D2/$J$4))^2 -> 99.998608 | G2: =100*(1-EXP(-E2/$J$4))^2 -> 100 | I2: Pendiente (°/r. p. m.) | J2: =(Datos!$C$15-Datos!$C$11)/(Datos!$C$14-Datos!$C$10) -> 0.009
A3: 750 | B3: =120000/(A3*Datos!$C$6) -> 40 | C3: =MIN(0.8*$J$3,MAX(0,Datos!$C$11+$J$2*(A3-Datos!$C$10))) -> 30.75 | D3: =C3/$J$3*B3 -> 13.666667 | E3: =Datos!$C$7/100*B3 -> 24 | F3: =100*(1-EXP(-D3/$J$4))^2 -> 99.960971 | G3: =100*(1-EXP(-E3/$J$4))^2 -> 99.999939 | I3: αz (°) | J3: =360/Datos!$C$6 -> 90
A4: 1000 | B4: =120000/(A4*Datos!$C$6) -> 30 | C4: =MIN(0.8*$J$3,MAX(0,Datos!$C$11+$J$2*(A4-Datos!$C$10))) -> 33 | D4: =C4/$J$3*B4 -> 11 | E4: =Datos!$C$7/100*B4 -> 18 | F4: =100*(1-EXP(-D4/$J$4))^2 -> 99.793447 | G4: =100*(1-EXP(-E4/$J$4))^2 -> 99.997399 | I4: τ con datos (ms) | J4: =Carga_bobina!$H$1 -> 1.6
A5: 1250 | B5: =120000/(A5*Datos!$C$6) -> 24 | C5: =MIN(0.8*$J$3,MAX(0,Datos!$C$11+$J$2*(A5-Datos!$C$10))) -> 35.25 | D5: =C5/$J$3*B5 -> 9.4 | E5: =Datos!$C$7/100*B5 -> 14.4 | F5: =100*(1-EXP(-D5/$J$4))^2 -> 99.43903 | G5: =100*(1-EXP(-E5/$J$4))^2 -> 99.97532
A6: 1500 | B6: =120000/(A6*Datos!$C$6) -> 20 | C6: =MIN(0.8*$J$3,MAX(0,Datos!$C$11+$J$2*(A6-Datos!$C$10))) -> 37.5 | D6: =C6/$J$3*B6 -> 8.3333333 | E6: =Datos!$C$7/100*B6 -> 12 | F6: =100*(1-EXP(-D6/$J$4))^2 -> 98.908836 | G6: =100*(1-EXP(-E6/$J$4))^2 -> 99.889414
A7: 1750 | B7: =120000/(A7*Datos!$C$6) -> 17.142857 | C7: =MIN(0.8*$J$3,MAX(0,Datos!$C$11+$J$2*(A7-Datos!$C$10))) -> 39.75 | D7: =C7/$J$3*B7 -> 7.5714286 | E7: =Datos!$C$7/100*B7 -> 10.285714 | F7: =100*(1-EXP(-D7/$J$4))^2 -> 98.246242 | G7: =100*(1-EXP(-E7/$J$4))^2 -> 99.67731
A8: 2000 | B8: =120000/(A8*Datos!$C$6) -> 15 | C8: =MIN(0.8*$J$3,MAX(0,Datos!$C$11+$J$2*(A8-Datos!$C$10))) -> 42 | D8: =C8/$J$3*B8 -> 7 | E8: =Datos!$C$7/100*B8 -> 9 | F8: =100*(1-EXP(-D8/$J$4))^2 -> 97.498218 | G8: =100*(1-EXP(-E8/$J$4))^2 -> 99.279988
A9: 2250 | B9: =120000/(A9*Datos!$C$6) -> 13.333333 | C9: =MIN(0.8*$J$3,MAX(0,Datos!$C$11+$J$2*(A9-Datos!$C$10))) -> 44.25 | D9: =C9/$J$3*B9 -> 6.5555556 | E9: =Datos!$C$7/100*B9 -> 8 | F9: =100*(1-EXP(-D9/$J$4))^2 -> 96.703863 | G9: =100*(1-EXP(-E9/$J$4))^2 -> 98.656951
A10: 2500 | B10: =120000/(A10*Datos!$C$6) -> 12 | C10: =MIN(0.8*$J$3,MAX(0,Datos!$C$11+$J$2*(A10-Datos!$C$10))) -> 46.5 | D10: =C10/$J$3*B10 -> 6.2 | E10: =Datos!$C$7/100*B10 -> 7.2 | F10: =100*(1-EXP(-D10/$J$4))^2 -> 95.892207 | G10: =100*(1-EXP(-E10/$J$4))^2 -> 97.790542
A11: 2750 | B11: =120000/(A11*Datos!$C$6) -> 10.909091 | C11: =MIN(0.8*$J$3,MAX(0,Datos!$C$11+$J$2*(A11-Datos!$C$10))) -> 48.75 | D11: =C11/$J$3*B11 -> 5.9090909 | E11: =Datos!$C$7/100*B11 -> 6.5454545 | F11: =100*(1-EXP(-D11/$J$4))^2 -> 95.08343 | G11: =100*(1-EXP(-E11/$J$4))^2 -> 96.683165
A12: 3000 | B12: =120000/(A12*Datos!$C$6) -> 10 | C12: =MIN(0.8*$J$3,MAX(0,Datos!$C$11+$J$2*(A12-Datos!$C$10))) -> 51 | D12: =C12/$J$3*B12 -> 5.6666667 | E12: =Datos!$C$7/100*B12 -> 6 | F12: =100*(1-EXP(-D12/$J$4))^2 -> 94.290895 | G12: =100*(1-EXP(-E12/$J$4))^2 -> 95.351759
A13: 3250 | B13: =120000/(A13*Datos!$C$6) -> 9.2307692 | C13: =MIN(0.8*$J$3,MAX(0,Datos!$C$11+$J$2*(A13-Datos!$C$10))) -> 53.25 | D13: =C13/$J$3*B13 -> 5.4615385 | E13: =Datos!$C$7/100*B13 -> 5.5384615 | F13: =100*(1-EXP(-D13/$J$4))^2 -> 93.523014 | G13: =100*(1-EXP(-E13/$J$4))^2 -> 93.82219
A14: 3500 | B14: =120000/(A14*Datos!$C$6) -> 8.5714286 | C14: =MIN(0.8*$J$3,MAX(0,Datos!$C$11+$J$2*(A14-Datos!$C$10))) -> 55.5 | D14: =C14/$J$3*B14 -> 5.2857143 | E14: =Datos!$C$7/100*B14 -> 5.1428571 | F14: =100*(1-EXP(-D14/$J$4))^2 -> 92.784733 | G14: =100*(1-EXP(-E14/$J$4))^2 -> 92.12467
A15: 3750 | B15: =120000/(A15*Datos!$C$6) -> 8 | C15: =MIN(0.8*$J$3,MAX(0,Datos!$C$11+$J$2*(A15-Datos!$C$10))) -> 57.75 | D15: =C15/$J$3*B15 -> 5.1333333 | E15: =Datos!$C$7/100*B15 -> 4.8 | F15: =100*(1-EXP(-D15/$J$4))^2 -> 92.078623 | G15: =100*(1-EXP(-E15/$J$4))^2 -> 90.290462
A16: 4000 | B16: =120000/(A16*Datos!$C$6) -> 7.5 | C16: =MIN(0.8*$J$3,MAX(0,Datos!$C$11+$J$2*(A16-Datos!$C$10))) -> 60 | D16: =C16/$J$3*B16 -> 5 | E16: =Datos!$C$7/100*B16 -> 4.5 | F16: =100*(1-EXP(-D16/$J$4))^2 -> 91.405659 | G16: =100*(1-EXP(-E16/$J$4))^2 -> 88.349723
... A24: 6000 | B24: =120000/(A24*Datos!$C$6) -> 5 | C24: =MIN(0.8*$J$3,MAX(0,Datos!$C$11+$J$2*(A24-Datos!$C$10))) -> 72 | D24: =C24/$J$3*B24 -> 4 | E24: =Datos!$C$7/100*B24 -> 3 | F24: =100*(1-EXP(-D24/$J$4))^2 -> 84.256795 | G24: =100*(1-EXP(-E24/$J$4))^2 -> 71.680781

Sheet Secundario
A1: Separación s (mm) | B1: Tensión exigida Ud (kV) | C1: Reserva ΔU (kV)
A2: 0.6 | B2: =Datos!$C$16+Datos!$C$19*(A2-Datos!$C$17) -> 9 | C2: =Datos!$C$20-B2 -> 19
A3: 0.65 | B3: =Datos!$C$16+Datos!$C$19*(A3-Datos!$C$17) -> 9.5 | C3: =Datos!$C$20-B3 -> 18.5
A4: 0.7 | B4: =Datos!$C$16+Datos!$C$19*(A4-Datos!$C$17) -> 10 | C4: =Datos!$C$20-B4 -> 18
A5: 0.75 | B5: =Datos!$C$16+Datos!$C$19*(A5-Datos!$C$17) -> 10.5 | C5: =Datos!$C$20-B5 -> 17.5
A6: 0.8 | B6: =Datos!$C$16+Datos!$C$19*(A6-Datos!$C$17) -> 11 | C6: =Datos!$C$20-B6 -> 17
A7: 0.85 | B7: =Datos!$C$16+Datos!$C$19*(A7-Datos!$C$17) -> 11.5 | C7: =Datos!$C$20-B7 -> 16.5
A8: 0.9 | B8: =Datos!$C$16+Datos!$C$19*(A8-Datos!$C$17) -> 12 | C8: =Datos!$C$20-B8 -> 16
A9: 0.95 | B9: =Datos!$C$16+Datos!$C$19*(A9-Datos!$C$17) -> 12.5 | C9: =Datos!$C$20-B9 -> 15.5
A10: 1 | B10: =Datos!$C$16+Datos!$C$19*(A10-Datos!$C$17) -> 13 | C10: =Datos!$C$20-B10 -> 15
A11: 1.05 | B11: =Datos!$C$16+Datos!$C$19*(A11-Datos!$C$17) -> 13.5 | C11: =Datos!$C$20-B11 -> 14.5
A12: 1.1 | B12: =Datos!$C$16+Datos!$C$19*(A12-Datos!$C$17) -> 14 | C12: =Datos!$C$20-B12 -> 14
A13: 1.15 | B13: =Datos!$C$16+Datos!$C$19*(A13-Datos!$C$17) -> 14.5 | C13: =Datos!$C$20-B13 -> 13.5
... A18: 1.4 | B18: =Datos!$C$16+Datos!$C$19*(A18-Datos!$C$17) -> 17 | C18: =Datos!$C$20-B18 -> 11

Sheet Registro
A1: Régimen (r. p. m.) | B1: αc medido (°) | C1: αz (°) | D1: Tz (ms) | E1: tc (ms) | F1: Cierre (%) | G1: Chispas por minuto | H1: fg (Hz)
A2: =Datos!$C$8 -> 800 | B2: =Datos!$C$9 -> 30 | C2: =360/Datos!$C$6 -> 90 | D2: =120000/(A2*Datos!$C$6) -> 37.5 | E2: =B2/C2*D2 -> 12.5 | F2: =B2/C2*100 -> 33.333333 | G2: =A2*Datos!$C$6/2 -> 1600 | H2: =A2*Datos!$C$6/120 -> 26.666667
A3: =Datos!$C$10 -> 1000 | B3: =Datos!$C$11 -> 33 | C3: =360/Datos!$C$6 -> 90 | D3: =120000/(A3*Datos!$C$6) -> 30 | E3: =B3/C3*D3 -> 11 | F3: =B3/C3*100 -> 36.666667 | G3: =A3*Datos!$C$6/2 -> 2000 | H3: =A3*Datos!$C$6/120 -> 33.333333
A4: =Datos!$C$12 -> 2000 | B4: =Datos!$C$13 -> 42 | C4: =360/Datos!$C$6 -> 90 | D4: =120000/(A4*Datos!$C$6) -> 15 | E4: =B4/C4*D4 -> 7 | F4: =B4/C4*100 -> 46.666667 | G4: =A4*Datos!$C$6/2 -> 4000 | H4: =A4*Datos!$C$6/120 -> 66.666667
A5: =Datos!$C$14 -> 3000 | B5: =Datos!$C$15 -> 51 | C5: =360/Datos!$C$6 -> 90 | D5: =120000/(A5*Datos!$C$6) -> 10 | E5: =B5/C5*D5 -> 5.6666667 | F5: =B5/C5*100 -> 56.666667 | G5: =A5*Datos!$C$6/2 -> 6000 | H5: =A5*Datos!$C$6/120 -> 100
