Workbook

Sheet Instrucciones
A1: Práctica 8 — Parte 2: encendido transistorizado por efecto Hall (TZ-H)
A2: Libro de cálculo de apoyo a la guía de clase práctica — Electricidad Automotriz, ISTS
A4: Uso:
A5: 1. Escriba sus medidas SOLO en las celdas de fondo amarillo y texto azul de la hoja "Datos". Los valores que traen son un ejemplo y deben reemplazarse.
A6: 2. La hoja "Calculos" aplica las ecuaciones (1) a (12) de la guía, con el mismo número de ecuación.
A7: 3. "Carga_limitacion" y "Pantalla_regimen" generan tablas y gráficas de doble eje que se actualizan solas.
A8: 4. "Registro" reproduce la tabla de registro de la señal Hall de la guía.
A10: Convención de colores: azul con fondo amarillo = dato de entrada; negro = fórmula.
A11: Fuentes: Bosch (2008), Sánchez (2009), Pardiñas (2012), Minga González (s. f.), Alonso Pérez (1998).
A12: La inductancia de 3 mH es un valor ilustrativo; sustitúyala por la medida con un medidor LCR. U_CE se lee en el borne 1 durante el tramo de limitación.

Sheet Datos
A1: Dato | B1: Símbolo | C1: Valor | D1: Unidad | E1: Origen / comentario
A2: Tensión de batería | B2: U_B | C2: 12 | D2: V | E2: Multímetro
A3: Resistencia del primario de la bobina | B3: R1 | C3: 0.8 | D3: Ω | E3: Bornes 15-1; < 1 Ω en TZ-H (Sánchez, 2009)
A4: Inductancia del primario | B4: L1 | C4: 3 | D4: mH | E4: Valor ilustrativo; medir con LCR
A5: Corriente límite del módulo | B5: Ilim | C5: 6 | D5: A | E5: ≈ 6 A (Sánchez, 2009)
A6: Tensión del borne 1 durante la limitación | B6: UCE | C6: 5 | D6: V | E6: Osciloscopio, tramo horizontal
A7: Tiempo de cierre medido a ralentí | B7: tc | C7: 10 | D7: ms | E7: Osciloscopio o dwell convertido
A8: Número de cilindros | B8: z | C8: 4 | D8: —
A9: Anchura de la pantalla (arco exterior) | B9: b | C9: 20 | D9: mm | E9: Calibrador (ejemplo)
A10: Diámetro exterior del tambor | B10: D | C10: 36 | D10: mm | E10: Calibrador (ejemplo)
A11: Tiempo de cierre objetivo del módulo regulado | B11: tobj | C11: 4 | D11: ms | E11: Para la comparación de la hoja Pantalla_regimen
A12: Régimen 1 (ralentí) | B12: n1 | C12: 800 | D12: r. p. m.
A13: Ciclo de trabajo medido a n1 | B13: DC1 | C13: 71 | D13: % | E13: Osciloscopio
A14: Régimen 2 | B14: n2 | C14: 1000 | D14: r. p. m.
A15: Ciclo de trabajo medido a n2 | B15: DC2 | C15: 71 | D15: %
A16: Régimen 3 | B16: n3 | C16: 2000 | D16: r. p. m.
A17: Ciclo de trabajo medido a n3 | B17: DC3 | C17: 70 | D17: %
A18: Régimen 4 | B18: n4 | C18: 3000 | D18: r. p. m.
A19: Ciclo de trabajo medido a n4 | B19: DC4 | C19: 70 | D19: %
A20: Alimentación del sensor entre terminales 3 y 5 | B20: US | C20: 10.2 | D20: V | E20: Contacto dado

Sheet Calculos
A1: Ec. | B1: Magnitud | C1: Fórmula | D1: Resultado | E1: Unidad | F1: Referencia / interpretación
A2: (1) | B2: Corriente sin limitación | C2: Imáx = U_B/R1 | D2: =Datos!$C$2/Datos!$C$3 -> 15 | E2: A | F2: 0,8 Ω → 15 A
A3: (2) | B3: Constante de tiempo | C3: τ = L1/R1 | D3: =Datos!$C$4/Datos!$C$3 -> 3.75 | E3: ms
A4: (3) | B4: Tiempo hasta la limitación | C4: t_lim = −τ·ln(1 − Ilim/Imáx) | D4: =IF(Datos!$C$5<D2,-D3*LN(1-Datos!$C$5/D2),"No limita") -> 1.9155961 | E4: ms | F4: ≈ 1,9 ms en el ejemplo
A5: (4) | B5: Potencia en la etapa final al limitar | C5: P_T = UCE·Ilim | D5: =Datos!$C$6*Datos!$C$5 -> 30 | E5: W
A6: (5) | B6: Energía disipada por ciclo | C6: E_T = P_T·(tc − t_lim) | D6: =IF(ISNUMBER(D4),D5*MAX(0,Datos!$C$7-D4)/1000,0) -> 0.24253212 | E6: J
A7: (6) | B7: Frecuencia de la señal Hall a n1 | C7: f_H = n·z/120 | D7: =Datos!$C$12*Datos!$C$8/120 -> 26.666667 | E7: Hz
A8: (7) | B8: Potencia media en la etapa final a n1 | C8: P̄_T = E_T·f_H | D8: =D6*D7 -> 6.4675231 | E8: W | F8: Ejemplo ≈ 6,5 W
A9: (8) | B9: Ángulo de pantalla | C9: αp = 360·b/(π·D) | D9: =360*Datos!$C$9/(PI()*Datos!$C$10) -> 63.661977 | E9: °
A10: (9) | B10: Ciclo de trabajo geométrico | C10: DC_H = αp/αz·100 | D10: =D9/(360/Datos!$C$8)*100 -> 70.73553 | E10: % | F10: Comparar con el osciloscopio
A11: (10) | B11: Intervalo entre chispas a n1 | C11: Tz = 120/(n·z) | D11: =120000/(Datos!$C$12*Datos!$C$8) -> 37.5 | E11: ms
A12: (11) | B12: Tiempo de pantalla a n1 | C12: tp = (αp/αz)·Tz | D12: =D10/100*D11 -> 26.525824 | E12: ms
A13: (12) | B13: Caída en la alimentación del sensor | C13: ΔU_S = U_B − U_S | D13: =Datos!$C$2-Datos!$C$20 -> 1.8 | E13: V | F13: 1 – 3,5 V (Bosch, 2008)
A14: (12) | B14: Diagnóstico de la alimentación | C14: — | D14: =IF(AND(D13>=1,D13<=3.5),"Correcta","Revisar batería, conexiones y masa") -> Correcta | E14: —

Sheet Carga_limitacion
A1: t (ms) | B1: i sin limitación (A) | C1: i con limitación (A) | D1: P etapa final (W) | G1: τ (ms) | H1: =Calculos!D3 -> 3.75
A2: 0 | B2: =$H$2*(1-EXP(-A2/$H$1)) -> 0 | C2: =MIN($H$3,B2) -> 0 | D2: =IF(B2>=$H$3,$H$4*$H$3,0) -> 0 | G2: Imáx (A) | H2: =Calculos!D2 -> 15
A3: 0.25 | B3: =$H$2*(1-EXP(-A3/$H$1)) -> 0.96739522 | C3: =MIN($H$3,B3) -> 0.96739522 | D3: =IF(B3>=$H$3,$H$4*$H$3,0) -> 0 | G3: Ilim (A) | H3: =Datos!$C$5 -> 6
A4: 0.5 | B4: =$H$2*(1-EXP(-A4/$H$1)) -> 1.8724002 | C4: =MIN($H$3,B4) -> 1.8724002 | D4: =IF(B4>=$H$3,$H$4*$H$3,0) -> 0 | G4: UCE (V) | H4: =Datos!$C$6 -> 5
A5: 0.75 | B5: =$H$2*(1-EXP(-A5/$H$1)) -> 2.7190387 | C5: =MIN($H$3,B5) -> 2.7190387 | D5: =IF(B5>=$H$3,$H$4*$H$3,0) -> 0
A6: 1 | B6: =$H$2*(1-EXP(-A6/$H$1)) -> 3.5110749 | C6: =MIN($H$3,B6) -> 3.5110749 | D6: =IF(B6>=$H$3,$H$4*$H$3,0) -> 0
A7: 1.25 | B7: =$H$2*(1-EXP(-A7/$H$1)) -> 4.2520303 | C7: =MIN($H$3,B7) -> 4.2520303 | D7: =IF(B7>=$H$3,$H$4*$H$3,0) -> 0
A8: 1.5 | B8: =$H$2*(1-EXP(-A8/$H$1)) -> 4.9451993 | C8: =MIN($H$3,B8) -> 4.9451993 | D8: =IF(B8>=$H$3,$H$4*$H$3,0) -> 0
A9: 1.75 | B9: =$H$2*(1-EXP(-A9/$H$1)) -> 5.5936637 | C9: =MIN($H$3,B9) -> 5.5936637 | D9: =IF(B9>=$H$3,$H$4*$H$3,0) -> 0
A10: 2 | B10: =$H$2*(1-EXP(-A10/$H$1)) -> 6.2003067 | C10: =MIN($H$3,B10) -> 6 | D10: =IF(B10>=$H$3,$H$4*$H$3,0) -> 30
A11: 2.25 | B11: =$H$2*(1-EXP(-A11/$H$1)) -> 6.7678255 | C11: =MIN($H$3,B11) -> 6 | D11: =IF(B11>=$H$3,$H$4*$H$3,0) -> 30
A12: 2.5 | B12: =$H$2*(1-EXP(-A12/$H$1)) -> 7.2987432 | C12: =MIN($H$3,B12) -> 6 | D12: =IF(B12>=$H$3,$H$4*$H$3,0) -> 30
A13: 2.75 | B13: =$H$2*(1-EXP(-A13/$H$1)) -> 7.7954205 | C13: =MIN($H$3,B13) -> 6 | D13: =IF(B13>=$H$3,$H$4*$H$3,0) -> 30
A14: 3 | B14: =$H$2*(1-EXP(-A14/$H$1)) -> 8.2600655 | C14: =MIN($H$3,B14) -> 6 | D14: =IF(B14>=$H$3,$H$4*$H$3,0) -> 30
A15: 3.25 | B15: =$H$2*(1-EXP(-A15/$H$1)) -> 8.6947442 | C15: =MIN($H$3,B15) -> 6 | D15: =IF(B15>=$H$3,$H$4*$H$3,0) -> 30
A16: 3.5 | B16: =$H$2*(1-EXP(-A16/$H$1)) -> 9.1013892 | C16: =MIN($H$3,B16) -> 6 | D16: =IF(B16>=$H$3,$H$4*$H$3,0) -> 30
... A62: 15 | B62: =$H$2*(1-EXP(-A62/$H$1)) -> 14.725265 | C62: =MIN($H$3,B62) -> 6 | D62: =IF(B62>=$H$3,$H$4*$H$3,0) -> 30

Sheet Pantalla_regimen
A1: n (r. p. m.) | B1: Tz (ms) | C1: tp pantalla (ms) | D1: tc regulado (ms) | E1: P̄ etapa, cierre = pantalla (W) | F1: P̄ etapa, cierre regulado (W) | H1: t_lim (ms) | I1: =IF(ISNUMBER(Calculos!D4),Calculos!D4,0) -> 1.9155961
A2: 500 | B2: =120000/(A2*Datos!$C$8) -> 60 | C2: =Calculos!$D$10/100*B2 -> 42.441318 | D2: =MIN(Datos!$C$11,0.8*B2) -> 4 | E2: =Calculos!$D$5*MAX(0,C2-$I$1)/1000*A2*Datos!$C$8/120 -> 20.262861 | F2: =Calculos!$D$5*MAX(0,D2-$I$1)/1000*A2*Datos!$C$8/120 -> 1.042202
A3: 750 | B3: =120000/(A3*Datos!$C$8) -> 40 | C3: =Calculos!$D$10/100*B3 -> 28.294212 | D3: =MIN(Datos!$C$11,0.8*B3) -> 4 | E3: =Calculos!$D$5*MAX(0,C3-$I$1)/1000*A3*Datos!$C$8/120 -> 19.783962 | F3: =Calculos!$D$5*MAX(0,D3-$I$1)/1000*A3*Datos!$C$8/120 -> 1.5633029
A4: 1000 | B4: =120000/(A4*Datos!$C$8) -> 30 | C4: =Calculos!$D$10/100*B4 -> 21.220659 | D4: =MIN(Datos!$C$11,0.8*B4) -> 4 | E4: =Calculos!$D$5*MAX(0,C4-$I$1)/1000*A4*Datos!$C$8/120 -> 19.305063 | F4: =Calculos!$D$5*MAX(0,D4-$I$1)/1000*A4*Datos!$C$8/120 -> 2.0844039
A5: 1250 | B5: =120000/(A5*Datos!$C$8) -> 24 | C5: =Calculos!$D$10/100*B5 -> 16.976527 | D5: =MIN(Datos!$C$11,0.8*B5) -> 4 | E5: =Calculos!$D$5*MAX(0,C5-$I$1)/1000*A5*Datos!$C$8/120 -> 18.826164 | F5: =Calculos!$D$5*MAX(0,D5-$I$1)/1000*A5*Datos!$C$8/120 -> 2.6055049
A6: 1500 | B6: =120000/(A6*Datos!$C$8) -> 20 | C6: =Calculos!$D$10/100*B6 -> 14.147106 | D6: =MIN(Datos!$C$11,0.8*B6) -> 4 | E6: =Calculos!$D$5*MAX(0,C6-$I$1)/1000*A6*Datos!$C$8/120 -> 18.347265 | F6: =Calculos!$D$5*MAX(0,D6-$I$1)/1000*A6*Datos!$C$8/120 -> 3.1266059
A7: 1750 | B7: =120000/(A7*Datos!$C$8) -> 17.142857 | C7: =Calculos!$D$10/100*B7 -> 12.126091 | D7: =MIN(Datos!$C$11,0.8*B7) -> 4 | E7: =Calculos!$D$5*MAX(0,C7-$I$1)/1000*A7*Datos!$C$8/120 -> 17.868366 | F7: =Calculos!$D$5*MAX(0,D7-$I$1)/1000*A7*Datos!$C$8/120 -> 3.6477068
A8: 2000 | B8: =120000/(A8*Datos!$C$8) -> 15 | C8: =Calculos!$D$10/100*B8 -> 10.61033 | D8: =MIN(Datos!$C$11,0.8*B8) -> 4 | E8: =Calculos!$D$5*MAX(0,C8-$I$1)/1000*A8*Datos!$C$8/120 -> 17.389467 | F8: =Calculos!$D$5*MAX(0,D8-$I$1)/1000*A8*Datos!$C$8/120 -> 4.1688078
A9: 2250 | B9: =120000/(A9*Datos!$C$8) -> 13.333333 | C9: =Calculos!$D$10/100*B9 -> 9.431404 | D9: =MIN(Datos!$C$11,0.8*B9) -> 4 | E9: =Calculos!$D$5*MAX(0,C9-$I$1)/1000*A9*Datos!$C$8/120 -> 16.910568 | F9: =Calculos!$D$5*MAX(0,D9-$I$1)/1000*A9*Datos!$C$8/120 -> 4.6899088
A10: 2500 | B10: =120000/(A10*Datos!$C$8) -> 12 | C10: =Calculos!$D$10/100*B10 -> 8.4882636 | D10: =MIN(Datos!$C$11,0.8*B10) -> 4 | E10: =Calculos!$D$5*MAX(0,C10-$I$1)/1000*A10*Datos!$C$8/120 -> 16.431669 | F10: =Calculos!$D$5*MAX(0,D10-$I$1)/1000*A10*Datos!$C$8/120 -> 5.2110098
A11: 2750 | B11: =120000/(A11*Datos!$C$8) -> 10.909091 | C11: =Calculos!$D$10/100*B11 -> 7.7166033 | D11: =MIN(Datos!$C$11,0.8*B11) -> 4 | E11: =Calculos!$D$5*MAX(0,C11-$I$1)/1000*A11*Datos!$C$8/120 -> 15.95277 | F11: =Calculos!$D$5*MAX(0,D11-$I$1)/1000*A11*Datos!$C$8/120 -> 5.7321108
A12: 3000 | B12: =120000/(A12*Datos!$C$8) -> 10 | C12: =Calculos!$D$10/100*B12 -> 7.073553 | D12: =MIN(Datos!$C$11,0.8*B12) -> 4 | E12: =Calculos!$D$5*MAX(0,C12-$I$1)/1000*A12*Datos!$C$8/120 -> 15.473871 | F12: =Calculos!$D$5*MAX(0,D12-$I$1)/1000*A12*Datos!$C$8/120 -> 6.2532117
A13: 3250 | B13: =120000/(A13*Datos!$C$8) -> 9.2307692 | C13: =Calculos!$D$10/100*B13 -> 6.5294336 | D13: =MIN(Datos!$C$11,0.8*B13) -> 4 | E13: =Calculos!$D$5*MAX(0,C13-$I$1)/1000*A13*Datos!$C$8/120 -> 14.994972 | F13: =Calculos!$D$5*MAX(0,D13-$I$1)/1000*A13*Datos!$C$8/120 -> 6.7743127
... A24: 6000 | B24: =120000/(A24*Datos!$C$8) -> 5 | C24: =Calculos!$D$10/100*B24 -> 3.5367765 | D24: =MIN(Datos!$C$11,0.8*B24) -> 4 | E24: =Calculos!$D$5*MAX(0,C24-$I$1)/1000*A24*Datos!$C$8/120 -> 9.7270825 | F24: =Calculos!$D$5*MAX(0,D24-$I$1)/1000*A24*Datos!$C$8/120 -> 12.506423

Sheet Registro
A1: Régimen (r. p. m.) | B1: Tz (ms) | C1: f_H (Hz) | D1: αp (°) | E1: DC_H calculado (%) | F1: DC medido (%) | G1: tp (ms) | H1: Diferencia (%)
A2: =Datos!$C$12 -> 800 | B2: =120000/(A2*Datos!$C$8) -> 37.5 | C2: =A2*Datos!$C$8/120 -> 26.666667 | D2: =Calculos!$D$9 -> 63.661977 | E2: =Calculos!$D$10 -> 70.73553 | F2: =Datos!$C$13 -> 71 | G2: =E2/100*B2 -> 26.525824 | H2: =F2-E2 -> 0.26446974
A3: =Datos!$C$14 -> 1000 | B3: =120000/(A3*Datos!$C$8) -> 30 | C3: =A3*Datos!$C$8/120 -> 33.333333 | D3: =Calculos!$D$9 -> 63.661977 | E3: =Calculos!$D$10 -> 70.73553 | F3: =Datos!$C$15 -> 71 | G3: =E3/100*B3 -> 21.220659 | H3: =F3-E3 -> 0.26446974
A4: =Datos!$C$16 -> 2000 | B4: =120000/(A4*Datos!$C$8) -> 15 | C4: =A4*Datos!$C$8/120 -> 66.666667 | D4: =Calculos!$D$9 -> 63.661977 | E4: =Calculos!$D$10 -> 70.73553 | F4: =Datos!$C$17 -> 70 | G4: =E4/100*B4 -> 10.61033 | H4: =F4-E4 -> -0.73553026
A5: =Datos!$C$18 -> 3000 | B5: =120000/(A5*Datos!$C$8) -> 10 | C5: =A5*Datos!$C$8/120 -> 100 | D5: =Calculos!$D$9 -> 63.661977 | E5: =Calculos!$D$10 -> 70.73553 | F5: =Datos!$C$19 -> 70 | G5: =E5/100*B5 -> 7.073553 | H5: =F5-E5 -> -0.73553026
