Workbook

Sheet Instrucciones
A1: Práctica 8 — Parte 3: encendido estático de chispa perdida (DIS)
A2: Libro de cálculo de apoyo a la guía de clase práctica — Electricidad Automotriz, ISTS
A4: Uso:
A5: 1. Escriba sus medidas SOLO en las celdas de fondo amarillo y texto azul de "Datos" (incluido el orden de encendido, una posición por celda).
A6: 2. "Calculos" aplica las ecuaciones (1) a (11) de la guía y obtiene los pares de cilindros.
A7: 3. "Tiempo_bobina" y "Rueda_fonica" generan tablas y gráficas de doble eje; "Registro" reproduce la tabla de la guía.
A9: Convención de colores: azul con fondo amarillo = dato de entrada; negro = fórmula.
A10: Fuentes: Bosch (2008), Sánchez (2009), Minga González (s. f.). Los valores de U_c y U_e son de ejemplo: léalos en el osciloscopio.

Sheet Datos
A1: Dato | B1: Símbolo | C1: Valor | D1: Unidad | E1: Origen / comentario
A2: Tensión de batería | B2: U_B | C2: 12 | D2: V
A3: Resistencia del primario | B3: R1 | C3: 0.5 | D3: Ω | E3: 0,4 – 1 Ω (Sánchez, 2009)
A4: Número de cilindros (par) | B4: z | C4: 4 | D4: —
A5: Tiempo de carga medido | B5: tc | C5: 4 | D5: ms | E5: Osciloscopio (primario)
A6: Tensión de la chispa principal | B6: Uc | C6: 10 | D6: kV | E6: Osciloscopio (ejemplo)
A7: Tensión de la chispa perdida | B7: Ue | C7: 2 | D7: kV | E7: Osciloscopio (ejemplo)
A8: Tensión máxima de la bobina | B8: Umax | C8: 30 | D8: kV | E8: Dato del fabricante
A9: Resistencia del secundario | B9: R2 | C9: 11.5 | D9: kΩ | E9: Medida entre salidas
A10: Resistencia del cable a | B10: Rca | C10: 5.8 | D10: kΩ
A11: Resistencia del cable b | B11: Rcb | C11: 6.4 | D11: kΩ
A12: Resistencia medida del par con cables | B12: Rmed | C12: 24.5 | D12: kΩ | E12: Entre terminales de bujía
A13: Número de dientes de la rueda fónica (incluidos ausentes) | B13: Zd | C13: 60 | D13: — | E13: 60 − 2 habitual
A14: Régimen 1 (ralentí) | B14: n1 | C14: 800 | D14: r. p. m.
A15: Régimen 2 | B15: n2 | C15: 1000 | D15: r. p. m.
A16: Régimen 3 | B16: n3 | C16: 2000 | D16: r. p. m.
A17: Régimen 4 | B17: n4 | C17: 3000 | D17: r. p. m.
A19: Orden de encendido (una posición por celda; deje vacías las que sobren)
A20: Cilindro en la posición → | B20: 1 | C20: 3 | D20: 4 | E20: 2

Sheet Calculos
A1: Ec. | B1: Magnitud | C1: Fórmula | D1: Resultado | E1: Unidad | F1: Referencia / interpretación
A2: (1) | B2: Número de bobinas dobles | C2: Nbob = z/2 | D2: =Datos!$C$4/2 -> 2 | E2: —
A3: (2) | B3: Intervalo entre disparos de cada bobina a n4 | C3: Tbob = 60/n | D3: =60000/Datos!$C$17 -> 20 | E3: ms
A4: (3) | B4: Intervalo equivalente con distribuidor a n4 | C4: Tdist = 120/(n·z) | D4: =120000/(Datos!$C$17*Datos!$C$4) -> 10 | E4: ms
A5: (4) | B5: Fracción de cierre a n4 | C5: DC = tc/Tbob·100 | D5: =Datos!$C$5/D3*100 -> 20 | E5: %
A6: (5) | B6: Corriente sin limitación | C6: Imáx = U_B/R1 | D6: =Datos!$C$2/Datos!$C$3 -> 24 | E6: A | F6: 0,5 Ω → 24 A
A7: (6) | B7: Tensión exigida al secundario del par | C7: Ubob = Uc + Ue | D7: =Datos!$C$6+Datos!$C$7 -> 12 | E7: kV
A8: (7) | B8: Reserva de tensión | C8: ΔU = Umáx − Ubob | D8: =Datos!$C$8-D7 -> 18 | E8: kV
A9: (8) | B9: Resistencia calculada del par | C9: Rpar = R2 + Rca + Rcb | D9: =Datos!$C$9+Datos!$C$10+Datos!$C$11 -> 23.7 | E9: kΩ
A10: (8) | B10: Diferencia con la medida | C10: Rmed − Rpar | D10: =Datos!$C$12-D9 -> 0.8 | E10: kΩ | F10: Grande → cable o terminal dañado
A11: (9) | B11: Frecuencia del sensor de revolución a n1 | C11: fs = n·Z/60 | D11: =Datos!$C$14*Datos!$C$13/60 -> 800 | E11: Hz | F11: 60−2 a 800 r. p. m.: 800 Hz
A12: (10) | B12: Ángulo entre dientes | C12: αd = 360/Z | D12: =360/Datos!$C$13 -> 6 | E12: °
A13: (11) | B13: Tiempo entre dientes a n1 | C13: td = 60/(n·Z) | D13: =60000/(Datos!$C$14*Datos!$C$13) -> 1.25 | E13: ms
A14: (11) | B14: Duración del hueco de dos dientes a n1 | C14: 3·td | D14: =3*D13 -> 3.75 | E14: ms
A17: Pares de cilindros (posición j con j + z/2 del orden de encendido)
A18: Bobina | B18: Cilindro (posición j) | C18: Cilindro (posición j + z/2)
A19: =IF(1<=Datos!$C$4/2,1,"") -> 1 | B19: =IF(1<=Datos!$C$4/2,INDEX(Datos!$B$20:$I$20,1,1),"") -> 1 | C19: =IF(1<=Datos!$C$4/2,INDEX(Datos!$B$20:$I$20,1,1+Datos!$C$4/2),"") -> 4
A20: =IF(2<=Datos!$C$4/2,2,"") -> 2 | B20: =IF(2<=Datos!$C$4/2,INDEX(Datos!$B$20:$I$20,1,2),"") -> 3 | C20: =IF(2<=Datos!$C$4/2,INDEX(Datos!$B$20:$I$20,1,2+Datos!$C$4/2),"") -> 2
A21: =IF(3<=Datos!$C$4/2,3,"") | B21: =IF(3<=Datos!$C$4/2,INDEX(Datos!$B$20:$I$20,1,3),"") | C21: =IF(3<=Datos!$C$4/2,INDEX(Datos!$B$20:$I$20,1,3+Datos!$C$4/2),"")
A22: =IF(4<=Datos!$C$4/2,4,"") | B22: =IF(4<=Datos!$C$4/2,INDEX(Datos!$B$20:$I$20,1,4),"") | C22: =IF(4<=Datos!$C$4/2,INDEX(Datos!$B$20:$I$20,1,4+Datos!$C$4/2),"")

Sheet Tiempo_bobina
A1: n (r. p. m.) | B1: Tbob DIS (ms) | C1: Tdist (ms) | D1: DC necesario DIS (%) | E1: DC necesario distribuidor (%)
A2: 500 | B2: =60000/A2 -> 120 | C2: =120000/(A2*Datos!$C$4) -> 60 | D2: =MIN(100,Datos!$C$5/B2*100) -> 3.3333333 | E2: =MIN(100,Datos!$C$5/C2*100) -> 6.6666667
A3: 750 | B3: =60000/A3 -> 80 | C3: =120000/(A3*Datos!$C$4) -> 40 | D3: =MIN(100,Datos!$C$5/B3*100) -> 5 | E3: =MIN(100,Datos!$C$5/C3*100) -> 10
A4: 1000 | B4: =60000/A4 -> 60 | C4: =120000/(A4*Datos!$C$4) -> 30 | D4: =MIN(100,Datos!$C$5/B4*100) -> 6.6666667 | E4: =MIN(100,Datos!$C$5/C4*100) -> 13.333333
A5: 1250 | B5: =60000/A5 -> 48 | C5: =120000/(A5*Datos!$C$4) -> 24 | D5: =MIN(100,Datos!$C$5/B5*100) -> 8.3333333 | E5: =MIN(100,Datos!$C$5/C5*100) -> 16.666667
A6: 1500 | B6: =60000/A6 -> 40 | C6: =120000/(A6*Datos!$C$4) -> 20 | D6: =MIN(100,Datos!$C$5/B6*100) -> 10 | E6: =MIN(100,Datos!$C$5/C6*100) -> 20
A7: 1750 | B7: =60000/A7 -> 34.285714 | C7: =120000/(A7*Datos!$C$4) -> 17.142857 | D7: =MIN(100,Datos!$C$5/B7*100) -> 11.666667 | E7: =MIN(100,Datos!$C$5/C7*100) -> 23.333333
A8: 2000 | B8: =60000/A8 -> 30 | C8: =120000/(A8*Datos!$C$4) -> 15 | D8: =MIN(100,Datos!$C$5/B8*100) -> 13.333333 | E8: =MIN(100,Datos!$C$5/C8*100) -> 26.666667
A9: 2250 | B9: =60000/A9 -> 26.666667 | C9: =120000/(A9*Datos!$C$4) -> 13.333333 | D9: =MIN(100,Datos!$C$5/B9*100) -> 15 | E9: =MIN(100,Datos!$C$5/C9*100) -> 30
A10: 2500 | B10: =60000/A10 -> 24 | C10: =120000/(A10*Datos!$C$4) -> 12 | D10: =MIN(100,Datos!$C$5/B10*100) -> 16.666667 | E10: =MIN(100,Datos!$C$5/C10*100) -> 33.333333
A11: 2750 | B11: =60000/A11 -> 21.818182 | C11: =120000/(A11*Datos!$C$4) -> 10.909091 | D11: =MIN(100,Datos!$C$5/B11*100) -> 18.333333 | E11: =MIN(100,Datos!$C$5/C11*100) -> 36.666667
A12: 3000 | B12: =60000/A12 -> 20 | C12: =120000/(A12*Datos!$C$4) -> 10 | D12: =MIN(100,Datos!$C$5/B12*100) -> 20 | E12: =MIN(100,Datos!$C$5/C12*100) -> 40
A13: 3250 | B13: =60000/A13 -> 18.461538 | C13: =120000/(A13*Datos!$C$4) -> 9.2307692 | D13: =MIN(100,Datos!$C$5/B13*100) -> 21.666667 | E13: =MIN(100,Datos!$C$5/C13*100) -> 43.333333
... A28: 7000 | B28: =60000/A28 -> 8.5714286 | C28: =120000/(A28*Datos!$C$4) -> 4.2857143 | D28: =MIN(100,Datos!$C$5/B28*100) -> 46.666667 | E28: =MIN(100,Datos!$C$5/C28*100) -> 93.333333

Sheet Rueda_fonica
A1: n (r. p. m.) | B1: fs (Hz) | C1: td (ms)
A2: 500 | B2: =A2*Datos!$C$13/60 -> 500 | C2: =60000/(A2*Datos!$C$13) -> 2
A3: 750 | B3: =A3*Datos!$C$13/60 -> 750 | C3: =60000/(A3*Datos!$C$13) -> 1.3333333
A4: 1000 | B4: =A4*Datos!$C$13/60 -> 1000 | C4: =60000/(A4*Datos!$C$13) -> 1
A5: 1250 | B5: =A5*Datos!$C$13/60 -> 1250 | C5: =60000/(A5*Datos!$C$13) -> 0.8
A6: 1500 | B6: =A6*Datos!$C$13/60 -> 1500 | C6: =60000/(A6*Datos!$C$13) -> 0.66666667
A7: 1750 | B7: =A7*Datos!$C$13/60 -> 1750 | C7: =60000/(A7*Datos!$C$13) -> 0.57142857
A8: 2000 | B8: =A8*Datos!$C$13/60 -> 2000 | C8: =60000/(A8*Datos!$C$13) -> 0.5
A9: 2250 | B9: =A9*Datos!$C$13/60 -> 2250 | C9: =60000/(A9*Datos!$C$13) -> 0.44444444
A10: 2500 | B10: =A10*Datos!$C$13/60 -> 2500 | C10: =60000/(A10*Datos!$C$13) -> 0.4
A11: 2750 | B11: =A11*Datos!$C$13/60 -> 2750 | C11: =60000/(A11*Datos!$C$13) -> 0.36363636
A12: 3000 | B12: =A12*Datos!$C$13/60 -> 3000 | C12: =60000/(A12*Datos!$C$13) -> 0.33333333
A13: 3250 | B13: =A13*Datos!$C$13/60 -> 3250 | C13: =60000/(A13*Datos!$C$13) -> 0.30769231
... A28: 7000 | B28: =A28*Datos!$C$13/60 -> 7000 | C28: =60000/(A28*Datos!$C$13) -> 0.14285714

Sheet Registro
A1: Régimen (r. p. m.) | B1: Tbob (ms) | C1: Tdist equivalente (ms) | D1: tc medido (ms) | E1: DC (%) | F1: fs (Hz) | G1: td (ms)
A2: =Datos!$C$14 -> 800 | B2: =60000/A2 -> 75 | C2: =120000/(A2*Datos!$C$4) -> 37.5 | D2: =Datos!$C$5 -> 4 | E2: =D2/B2*100 -> 5.3333333 | F2: =A2*Datos!$C$13/60 -> 800 | G2: =60000/(A2*Datos!$C$13) -> 1.25
A3: =Datos!$C$15 -> 1000 | B3: =60000/A3 -> 60 | C3: =120000/(A3*Datos!$C$4) -> 30 | D3: =Datos!$C$5 -> 4 | E3: =D3/B3*100 -> 6.6666667 | F3: =A3*Datos!$C$13/60 -> 1000 | G3: =60000/(A3*Datos!$C$13) -> 1
A4: =Datos!$C$16 -> 2000 | B4: =60000/A4 -> 30 | C4: =120000/(A4*Datos!$C$4) -> 15 | D4: =Datos!$C$5 -> 4 | E4: =D4/B4*100 -> 13.333333 | F4: =A4*Datos!$C$13/60 -> 2000 | G4: =60000/(A4*Datos!$C$13) -> 0.5
A5: =Datos!$C$17 -> 3000 | B5: =60000/A5 -> 20 | C5: =120000/(A5*Datos!$C$4) -> 10 | D5: =Datos!$C$5 -> 4 | E5: =D5/B5*100 -> 20 | F5: =A5*Datos!$C$13/60 -> 3000 | G5: =60000/(A5*Datos!$C$13) -> 0.33333333
