Workbook

Sheet Instrucciones
A1: Práctica 8 — Parte 4: encendido con bobina independiente por cilindro (COP)
A2: Libro de cálculo de apoyo a la guía de clase práctica — Electricidad Automotriz, ISTS
A4: Uso:
A5: 1. Escriba sus medidas SOLO en las celdas de fondo amarillo y texto azul de "Datos". Los valores que traen son un ejemplo.
A6: 2. "Calculos" aplica las ecuaciones (1) a (8) de la guía; "Fallos" calcula la tasa de fallos por cilindro.
A7: 3. "Tiempo_bobina" y "Carga_limitacion" generan gráficas de doble eje; "Registro" reproduce la tabla de la guía.
A9: Convención de colores: azul con fondo amarillo = dato de entrada; negro = fórmula.
A10: Fuentes: Bosch (2008), Bosch (s. f.), Sánchez (2009), Minga González (s. f.), Beto Booster (s. f.). L1, Ilim y m son valores ilustrativos.

Sheet Datos
A1: Dato | B1: Símbolo | C1: Valor | D1: Unidad | E1: Origen / comentario
A2: Tensión de batería | B2: U_B | C2: 12 | D2: V
A3: Resistencia del primario | B3: R1 | C3: 0.5 | D3: Ω | E3: Bosch chispa simple ≈ 0,47 Ω
A4: Inductancia del primario | B4: L1 | C4: 2 | D4: mH | E4: Valor ilustrativo
A5: Corriente límite | B5: Ilim | C5: 7 | D5: A | E5: Valor ilustrativo
A6: Número de cilindros | B6: z | C6: 4 | D6: —
A7: Tiempo de carga medido | B7: tc | C7: 3 | D7: ms | E7: Osciloscopio
A8: Relación de transformación | B8: m | C8: 100 | D8: — | E8: Valor ilustrativo
A9: Par de apriete del manual | B9: Mkgf | C9: 1 | D9: kgf·m | E9: Manual del vehículo
A10: Régimen 1 (ralentí) | B10: n1 | C10: 800 | D10: r. p. m.
A11: Régimen 2 | B11: n2 | C11: 2000 | D11: r. p. m.
A12: Régimen 3 | B12: n3 | C12: 3000 | D12: r. p. m.
A13: Régimen 4 | B13: n4 | C13: 6000 | D13: r. p. m.
A14: Vueltas de cigüeñal del registro de fallos | B14: Nrev | C14: 1000 | D14: vueltas | E14: Equipo de diagnosis
A16: Fallos de combustión registrados por cilindro
A17: Cilindro | B17: Fallos N_f
A18: 1 | B18: 0
A19: 2 | B19: 1
A20: 3 | B20: 12
A21: 4 | B21: 0
A22: 5 | B22: 0
A23: 6 | B23: 0

Sheet Calculos
A1: Ec. | B1: Magnitud | C1: Fórmula | D1: Resultado | E1: Unidad | F1: Referencia / interpretación
A2: (1) | B2: Tiempo entre disparos COP a n4 | C2: T_COP = 120/n | D2: =120000/Datos!$C$13 -> 20 | E2: ms | F2: 6 000 r. p. m.: 20 ms
A3: (1) | B3: Tiempo entre disparos DIS a n4 | C3: T_DIS = 60/n | D3: =60000/Datos!$C$13 -> 10 | E3: ms | F3: 10 ms
A4: (1) | B4: Tiempo entre disparos con distribuidor a n4 | C4: T_dist = 120/(n·z) | D4: =120000/(Datos!$C$13*Datos!$C$6) -> 5 | E4: ms | F4: 5 ms (4 cil.)
A5: (2) | B5: Fracción de cierre a n4 | C5: DC = tc/T_COP·100 | D5: =Datos!$C$7/D2*100 -> 15 | E5: %
A6: (3) | B6: Corriente sin limitación | C6: Imáx = U_B/R1 | D6: =Datos!$C$2/Datos!$C$3 -> 24 | E6: A
A7: (3) | B7: Constante de tiempo | C7: τ = L1/R1 | D7: =Datos!$C$4/Datos!$C$3 -> 4 | E7: ms
A8: (4) | B8: Tiempo hasta la limitación | C8: t_lim = −τ·ln(1 − Ilim/Imáx) | D8: =IF(Datos!$C$5<D6,-D7*LN(1-Datos!$C$5/D6),"No limita") -> 1.3793619 | E8: ms
A9: (5) | B9: Energía almacenada al límite | C9: W = ½·L1·Ilim² | D9: =0.5*Datos!$C$4*Datos!$C$5^2 -> 49 | E9: mJ
A10: (6) | B10: Tensión de cierre en el secundario | C10: U2 ≈ m·U_B | D10: =Datos!$C$8*Datos!$C$2/1000 -> 1.2 | E10: kV | F10: La bloquea el diodo de alta tensión
A11: (8) | B11: Par de apriete | C11: M(N·m) = 9,81·M(kgf·m) | D11: =9.81*Datos!$C$9 -> 9.81 | E11: N·m

Sheet Fallos
A1: Cilindro | B1: Fallos N_f | C1: Encendidos del cilindro (N_rev/2) | D1: Tasa de fallos TF (%) | E1: Observación
A2: =IF(Datos!A18<=Datos!$C$6,Datos!A18,"") -> 1 | B2: =IF(A2="","",Datos!B18) -> 0 | C2: =IF(A2="","",Datos!$C$14/2) -> 500 | D2: =IF(A2="","",B2/C2*100) -> 0 | E2: =IF(A2="","",IF(D2=MAX($D$2:$D$7),IF(D2>0,"Cilindro con más fallos: intercambiar la bobina y repetir",""),""))
A3: =IF(Datos!A19<=Datos!$C$6,Datos!A19,"") -> 2 | B3: =IF(A3="","",Datos!B19) -> 1 | C3: =IF(A3="","",Datos!$C$14/2) -> 500 | D3: =IF(A3="","",B3/C3*100) -> 0.2 | E3: =IF(A3="","",IF(D3=MAX($D$2:$D$7),IF(D3>0,"Cilindro con más fallos: intercambiar la bobina y repetir",""),""))
A4: =IF(Datos!A20<=Datos!$C$6,Datos!A20,"") -> 3 | B4: =IF(A4="","",Datos!B20) -> 12 | C4: =IF(A4="","",Datos!$C$14/2) -> 500 | D4: =IF(A4="","",B4/C4*100) -> 2.4 | E4: =IF(A4="","",IF(D4=MAX($D$2:$D$7),IF(D4>0,"Cilindro con más fallos: intercambiar la bobina y repetir",""),"")) -> Cilindro con más fallos: intercambiar la bobina y repetir
A5: =IF(Datos!A21<=Datos!$C$6,Datos!A21,"") -> 4 | B5: =IF(A5="","",Datos!B21) -> 0 | C5: =IF(A5="","",Datos!$C$14/2) -> 500 | D5: =IF(A5="","",B5/C5*100) -> 0 | E5: =IF(A5="","",IF(D5=MAX($D$2:$D$7),IF(D5>0,"Cilindro con más fallos: intercambiar la bobina y repetir",""),""))
A6: =IF(Datos!A22<=Datos!$C$6,Datos!A22,"") | B6: =IF(A6="","",Datos!B22) | C6: =IF(A6="","",Datos!$C$14/2) | D6: =IF(A6="","",B6/C6*100) | E6: =IF(A6="","",IF(D6=MAX($D$2:$D$7),IF(D6>0,"Cilindro con más fallos: intercambiar la bobina y repetir",""),""))
A7: =IF(Datos!A23<=Datos!$C$6,Datos!A23,"") | B7: =IF(A7="","",Datos!B23) | C7: =IF(A7="","",Datos!$C$14/2) | D7: =IF(A7="","",B7/C7*100) | E7: =IF(A7="","",IF(D7=MAX($D$2:$D$7),IF(D7>0,"Cilindro con más fallos: intercambiar la bobina y repetir",""),""))

Sheet Tiempo_bobina
A1: n (r. p. m.) | B1: T_COP (ms) | C1: T_DIS (ms) | D1: T_dist (ms) | E1: DC COP (%) | F1: DC distribuidor (%)
A2: 500 | B2: =120000/A2 -> 240 | C2: =60000/A2 -> 120 | D2: =120000/(A2*Datos!$C$6) -> 60 | E2: =MIN(100,Datos!$C$7/B2*100) -> 1.25 | F2: =MIN(100,Datos!$C$7/D2*100) -> 5
A3: 750 | B3: =120000/A3 -> 160 | C3: =60000/A3 -> 80 | D3: =120000/(A3*Datos!$C$6) -> 40 | E3: =MIN(100,Datos!$C$7/B3*100) -> 1.875 | F3: =MIN(100,Datos!$C$7/D3*100) -> 7.5
A4: 1000 | B4: =120000/A4 -> 120 | C4: =60000/A4 -> 60 | D4: =120000/(A4*Datos!$C$6) -> 30 | E4: =MIN(100,Datos!$C$7/B4*100) -> 2.5 | F4: =MIN(100,Datos!$C$7/D4*100) -> 10
A5: 1250 | B5: =120000/A5 -> 96 | C5: =60000/A5 -> 48 | D5: =120000/(A5*Datos!$C$6) -> 24 | E5: =MIN(100,Datos!$C$7/B5*100) -> 3.125 | F5: =MIN(100,Datos!$C$7/D5*100) -> 12.5
A6: 1500 | B6: =120000/A6 -> 80 | C6: =60000/A6 -> 40 | D6: =120000/(A6*Datos!$C$6) -> 20 | E6: =MIN(100,Datos!$C$7/B6*100) -> 3.75 | F6: =MIN(100,Datos!$C$7/D6*100) -> 15
A7: 1750 | B7: =120000/A7 -> 68.571429 | C7: =60000/A7 -> 34.285714 | D7: =120000/(A7*Datos!$C$6) -> 17.142857 | E7: =MIN(100,Datos!$C$7/B7*100) -> 4.375 | F7: =MIN(100,Datos!$C$7/D7*100) -> 17.5
A8: 2000 | B8: =120000/A8 -> 60 | C8: =60000/A8 -> 30 | D8: =120000/(A8*Datos!$C$6) -> 15 | E8: =MIN(100,Datos!$C$7/B8*100) -> 5 | F8: =MIN(100,Datos!$C$7/D8*100) -> 20
A9: 2250 | B9: =120000/A9 -> 53.333333 | C9: =60000/A9 -> 26.666667 | D9: =120000/(A9*Datos!$C$6) -> 13.333333 | E9: =MIN(100,Datos!$C$7/B9*100) -> 5.625 | F9: =MIN(100,Datos!$C$7/D9*100) -> 22.5
A10: 2500 | B10: =120000/A10 -> 48 | C10: =60000/A10 -> 24 | D10: =120000/(A10*Datos!$C$6) -> 12 | E10: =MIN(100,Datos!$C$7/B10*100) -> 6.25 | F10: =MIN(100,Datos!$C$7/D10*100) -> 25
A11: 2750 | B11: =120000/A11 -> 43.636364 | C11: =60000/A11 -> 21.818182 | D11: =120000/(A11*Datos!$C$6) -> 10.909091 | E11: =MIN(100,Datos!$C$7/B11*100) -> 6.875 | F11: =MIN(100,Datos!$C$7/D11*100) -> 27.5
A12: 3000 | B12: =120000/A12 -> 40 | C12: =60000/A12 -> 20 | D12: =120000/(A12*Datos!$C$6) -> 10 | E12: =MIN(100,Datos!$C$7/B12*100) -> 7.5 | F12: =MIN(100,Datos!$C$7/D12*100) -> 30
A13: 3250 | B13: =120000/A13 -> 36.923077 | C13: =60000/A13 -> 18.461538 | D13: =120000/(A13*Datos!$C$6) -> 9.2307692 | E13: =MIN(100,Datos!$C$7/B13*100) -> 8.125 | F13: =MIN(100,Datos!$C$7/D13*100) -> 32.5
... A28: 7000 | B28: =120000/A28 -> 17.142857 | C28: =60000/A28 -> 8.5714286 | D28: =120000/(A28*Datos!$C$6) -> 4.2857143 | E28: =MIN(100,Datos!$C$7/B28*100) -> 17.5 | F28: =MIN(100,Datos!$C$7/D28*100) -> 70

Sheet Carga_limitacion
A1: t (ms) | B1: i sin limitación (A) | C1: i con limitación (A) | D1: W almacenada (mJ)
A2: 0 | B2: =Calculos!$D$6*(1-EXP(-A2/Calculos!$D$7)) -> 0 | C2: =MIN(Datos!$C$5,B2) -> 0 | D2: =0.5*Datos!$C$4*C2^2 -> 0
A3: 0.25 | B3: =Calculos!$D$6*(1-EXP(-A3/Calculos!$D$7)) -> 1.4540865 | C3: =MIN(Datos!$C$5,B3) -> 1.4540865 | D3: =0.5*Datos!$C$4*C3^2 -> 2.1143675
A4: 0.5 | B4: =Calculos!$D$6*(1-EXP(-A4/Calculos!$D$7)) -> 2.8200743 | C4: =MIN(Datos!$C$5,B4) -> 2.8200743 | D4: =0.5*Datos!$C$4*C4^2 -> 7.9528193
A5: 0.75 | B5: =Calculos!$D$6*(1-EXP(-A5/Calculos!$D$7)) -> 4.1033012 | C5: =MIN(Datos!$C$5,B5) -> 4.1033012 | D5: =0.5*Datos!$C$4*C5^2 -> 16.83708
A6: 1 | B6: =Calculos!$D$6*(1-EXP(-A6/Calculos!$D$7)) -> 5.3087812 | C6: =MIN(Datos!$C$5,B6) -> 5.3087812 | D6: =0.5*Datos!$C$4*C6^2 -> 28.183158
A7: 1.25 | B7: =Calculos!$D$6*(1-EXP(-A7/Calculos!$D$7)) -> 6.4412249 | C7: =MIN(Datos!$C$5,B7) -> 6.4412249 | D7: =0.5*Datos!$C$4*C7^2 -> 41.489378
A8: 1.5 | B8: =Calculos!$D$6*(1-EXP(-A8/Calculos!$D$7)) -> 7.5050573 | C8: =MIN(Datos!$C$5,B8) -> 7 | D8: =0.5*Datos!$C$4*C8^2 -> 49
A9: 1.75 | B9: =Calculos!$D$6*(1-EXP(-A9/Calculos!$D$7)) -> 8.5044354 | C9: =MIN(Datos!$C$5,B9) -> 7 | D9: =0.5*Datos!$C$4*C9^2 -> 49
A10: 2 | B10: =Calculos!$D$6*(1-EXP(-A10/Calculos!$D$7)) -> 9.4432642 | C10: =MIN(Datos!$C$5,B10) -> 7 | D10: =0.5*Datos!$C$4*C10^2 -> 49
A11: 2.25 | B11: =Calculos!$D$6*(1-EXP(-A11/Calculos!$D$7)) -> 10.325212 | C11: =MIN(Datos!$C$5,B11) -> 7 | D11: =0.5*Datos!$C$4*C11^2 -> 49
A12: 2.5 | B12: =Calculos!$D$6*(1-EXP(-A12/Calculos!$D$7)) -> 11.153726 | C12: =MIN(Datos!$C$5,B12) -> 7 | D12: =0.5*Datos!$C$4*C12^2 -> 49
A13: 2.75 | B13: =Calculos!$D$6*(1-EXP(-A13/Calculos!$D$7)) -> 11.932042 | C13: =MIN(Datos!$C$5,B13) -> 7 | D13: =0.5*Datos!$C$4*C13^2 -> 49
... A42: 10 | B42: =Calculos!$D$6*(1-EXP(-A42/Calculos!$D$7)) -> 22.02996 | C42: =MIN(Datos!$C$5,B42) -> 7 | D42: =0.5*Datos!$C$4*C42^2 -> 49

Sheet Registro
A1: Régimen (r. p. m.) | B1: T_COP (ms) | C1: T_DIS (ms) | D1: T_dist (ms) | E1: tc medido (ms) | F1: DC (%)
A2: =Datos!$C$10 -> 800 | B2: =120000/A2 -> 150 | C2: =60000/A2 -> 75 | D2: =120000/(A2*Datos!$C$6) -> 37.5 | E2: =Datos!$C$7 -> 3 | F2: =E2/B2*100 -> 2
A3: =Datos!$C$11 -> 2000 | B3: =120000/A3 -> 60 | C3: =60000/A3 -> 30 | D3: =120000/(A3*Datos!$C$6) -> 15 | E3: =Datos!$C$7 -> 3 | F3: =E3/B3*100 -> 5
A4: =Datos!$C$12 -> 3000 | B4: =120000/A4 -> 40 | C4: =60000/A4 -> 20 | D4: =120000/(A4*Datos!$C$6) -> 10 | E4: =Datos!$C$7 -> 3 | F4: =E4/B4*100 -> 7.5
A5: =Datos!$C$13 -> 6000 | B5: =120000/A5 -> 20 | C5: =60000/A5 -> 10 | D5: =120000/(A5*Datos!$C$6) -> 5 | E5: =Datos!$C$7 -> 3 | F5: =E5/B5*100 -> 15
