Workbook

Sheet Instrucciones
A1: Práctica 8: diagnóstico integral del encendido electrónico — cálculos comparativos
A2: Libro de cálculo de apoyo a la guía de clase práctica — Electricidad Automotriz, ISTS
A4: Uso:
A5: 1. Escriba los datos SOLO en las celdas de fondo amarillo y texto azul de "Datos".
A6: 2. "Comparacion" calcula las ecuaciones (1) a (3) frente al régimen y dibuja dos gráficas de doble eje; "Registro" reproduce la tabla de la guía.
A7: 3. Los cálculos detallados de cada sistema están en los libros de las Partes 1 a 4.

Sheet Datos
A1: Dato | B1: Símbolo | C1: Valor | D1: Unidad | E1: Comentario
A2: Número de cilindros | B2: z | C2: 4 | D2: —
A3: Tiempo de carga necesario de la bobina | B3: tc | C3: 4 | D3: ms | E3: Ejemplo
A4: Dientes de la rueda fónica (incluidos ausentes) | B4: Zd | C4: 60 | D4: — | E4: 60 − 2
A5: Régimen de ralentí | B5: n1 | C5: 800 | D5: r. p. m.
A6: Régimen 2 | B6: n2 | C6: 3000 | D6: r. p. m.
A7: Régimen 3 | B7: n3 | C7: 6000 | D7: r. p. m.

Sheet Comparacion
A1: n (r. p. m.) | B1: T_dist (ms) | C1: T_DIS (ms) | D1: T_COP (ms) | E1: DC dist (%) | F1: DC DIS (%) | G1: DC COP (%) | H1: f_dist (Hz) | I1: f_rueda (Hz)
A2: 500 | B2: =120000/(A2*Datos!$C$2) -> 60 | C2: =60000/A2 -> 120 | D2: =120000/A2 -> 240 | E2: =MIN(100,Datos!$C$3/B2*100) -> 6.6666667 | F2: =MIN(100,Datos!$C$3/C2*100) -> 3.3333333 | G2: =MIN(100,Datos!$C$3/D2*100) -> 1.6666667 | H2: =A2*Datos!$C$2/120 -> 16.666667 | I2: =A2*Datos!$C$4/60 -> 500
A3: 750 | B3: =120000/(A3*Datos!$C$2) -> 40 | C3: =60000/A3 -> 80 | D3: =120000/A3 -> 160 | E3: =MIN(100,Datos!$C$3/B3*100) -> 10 | F3: =MIN(100,Datos!$C$3/C3*100) -> 5 | G3: =MIN(100,Datos!$C$3/D3*100) -> 2.5 | H3: =A3*Datos!$C$2/120 -> 25 | I3: =A3*Datos!$C$4/60 -> 750
A4: 1000 | B4: =120000/(A4*Datos!$C$2) -> 30 | C4: =60000/A4 -> 60 | D4: =120000/A4 -> 120 | E4: =MIN(100,Datos!$C$3/B4*100) -> 13.333333 | F4: =MIN(100,Datos!$C$3/C4*100) -> 6.6666667 | G4: =MIN(100,Datos!$C$3/D4*100) -> 3.3333333 | H4: =A4*Datos!$C$2/120 -> 33.333333 | I4: =A4*Datos!$C$4/60 -> 1000
A5: 1250 | B5: =120000/(A5*Datos!$C$2) -> 24 | C5: =60000/A5 -> 48 | D5: =120000/A5 -> 96 | E5: =MIN(100,Datos!$C$3/B5*100) -> 16.666667 | F5: =MIN(100,Datos!$C$3/C5*100) -> 8.3333333 | G5: =MIN(100,Datos!$C$3/D5*100) -> 4.1666667 | H5: =A5*Datos!$C$2/120 -> 41.666667 | I5: =A5*Datos!$C$4/60 -> 1250
A6: 1500 | B6: =120000/(A6*Datos!$C$2) -> 20 | C6: =60000/A6 -> 40 | D6: =120000/A6 -> 80 | E6: =MIN(100,Datos!$C$3/B6*100) -> 20 | F6: =MIN(100,Datos!$C$3/C6*100) -> 10 | G6: =MIN(100,Datos!$C$3/D6*100) -> 5 | H6: =A6*Datos!$C$2/120 -> 50 | I6: =A6*Datos!$C$4/60 -> 1500
A7: 1750 | B7: =120000/(A7*Datos!$C$2) -> 17.142857 | C7: =60000/A7 -> 34.285714 | D7: =120000/A7 -> 68.571429 | E7: =MIN(100,Datos!$C$3/B7*100) -> 23.333333 | F7: =MIN(100,Datos!$C$3/C7*100) -> 11.666667 | G7: =MIN(100,Datos!$C$3/D7*100) -> 5.8333333 | H7: =A7*Datos!$C$2/120 -> 58.333333 | I7: =A7*Datos!$C$4/60 -> 1750
A8: 2000 | B8: =120000/(A8*Datos!$C$2) -> 15 | C8: =60000/A8 -> 30 | D8: =120000/A8 -> 60 | E8: =MIN(100,Datos!$C$3/B8*100) -> 26.666667 | F8: =MIN(100,Datos!$C$3/C8*100) -> 13.333333 | G8: =MIN(100,Datos!$C$3/D8*100) -> 6.6666667 | H8: =A8*Datos!$C$2/120 -> 66.666667 | I8: =A8*Datos!$C$4/60 -> 2000
A9: 2250 | B9: =120000/(A9*Datos!$C$2) -> 13.333333 | C9: =60000/A9 -> 26.666667 | D9: =120000/A9 -> 53.333333 | E9: =MIN(100,Datos!$C$3/B9*100) -> 30 | F9: =MIN(100,Datos!$C$3/C9*100) -> 15 | G9: =MIN(100,Datos!$C$3/D9*100) -> 7.5 | H9: =A9*Datos!$C$2/120 -> 75 | I9: =A9*Datos!$C$4/60 -> 2250
A10: 2500 | B10: =120000/(A10*Datos!$C$2) -> 12 | C10: =60000/A10 -> 24 | D10: =120000/A10 -> 48 | E10: =MIN(100,Datos!$C$3/B10*100) -> 33.333333 | F10: =MIN(100,Datos!$C$3/C10*100) -> 16.666667 | G10: =MIN(100,Datos!$C$3/D10*100) -> 8.3333333 | H10: =A10*Datos!$C$2/120 -> 83.333333 | I10: =A10*Datos!$C$4/60 -> 2500
A11: 2750 | B11: =120000/(A11*Datos!$C$2) -> 10.909091 | C11: =60000/A11 -> 21.818182 | D11: =120000/A11 -> 43.636364 | E11: =MIN(100,Datos!$C$3/B11*100) -> 36.666667 | F11: =MIN(100,Datos!$C$3/C11*100) -> 18.333333 | G11: =MIN(100,Datos!$C$3/D11*100) -> 9.1666667 | H11: =A11*Datos!$C$2/120 -> 91.666667 | I11: =A11*Datos!$C$4/60 -> 2750
A12: 3000 | B12: =120000/(A12*Datos!$C$2) -> 10 | C12: =60000/A12 -> 20 | D12: =120000/A12 -> 40 | E12: =MIN(100,Datos!$C$3/B12*100) -> 40 | F12: =MIN(100,Datos!$C$3/C12*100) -> 20 | G12: =MIN(100,Datos!$C$3/D12*100) -> 10 | H12: =A12*Datos!$C$2/120 -> 100 | I12: =A12*Datos!$C$4/60 -> 3000
A13: 3250 | B13: =120000/(A13*Datos!$C$2) -> 9.2307692 | C13: =60000/A13 -> 18.461538 | D13: =120000/A13 -> 36.923077 | E13: =MIN(100,Datos!$C$3/B13*100) -> 43.333333 | F13: =MIN(100,Datos!$C$3/C13*100) -> 21.666667 | G13: =MIN(100,Datos!$C$3/D13*100) -> 10.833333 | H13: =A13*Datos!$C$2/120 -> 108.33333 | I13: =A13*Datos!$C$4/60 -> 3250
... A28: 7000 | B28: =120000/(A28*Datos!$C$2) -> 4.2857143 | C28: =60000/A28 -> 8.5714286 | D28: =120000/A28 -> 17.142857 | E28: =MIN(100,Datos!$C$3/B28*100) -> 93.333333 | F28: =MIN(100,Datos!$C$3/C28*100) -> 46.666667 | G28: =MIN(100,Datos!$C$3/D28*100) -> 23.333333 | H28: =A28*Datos!$C$2/120 -> 233.33333 | I28: =A28*Datos!$C$4/60 -> 7000

Sheet Registro
A1: Régimen (r. p. m.) | B1: T_dist (ms) | C1: T_DIS (ms) | D1: T_COP (ms) | E1: DC dist (%) | F1: DC DIS (%) | G1: DC COP (%) | H1: f_dist (Hz) | I1: f_rueda (Hz)
A2: =Datos!$C$5 -> 800 | B2: =120000/(A2*Datos!$C$2) -> 37.5 | C2: =60000/A2 -> 75 | D2: =120000/A2 -> 150 | E2: =MIN(100,Datos!$C$3/B2*100) -> 10.666667 | F2: =MIN(100,Datos!$C$3/C2*100) -> 5.3333333 | G2: =MIN(100,Datos!$C$3/D2*100) -> 2.6666667 | H2: =A2*Datos!$C$2/120 -> 26.666667 | I2: =A2*Datos!$C$4/60 -> 800
A3: =Datos!$C$6 -> 3000 | B3: =120000/(A3*Datos!$C$2) -> 10 | C3: =60000/A3 -> 20 | D3: =120000/A3 -> 40 | E3: =MIN(100,Datos!$C$3/B3*100) -> 40 | F3: =MIN(100,Datos!$C$3/C3*100) -> 20 | G3: =MIN(100,Datos!$C$3/D3*100) -> 10 | H3: =A3*Datos!$C$2/120 -> 100 | I3: =A3*Datos!$C$4/60 -> 3000
A4: =Datos!$C$7 -> 6000 | B4: =120000/(A4*Datos!$C$2) -> 5 | C4: =60000/A4 -> 10 | D4: =120000/A4 -> 20 | E4: =MIN(100,Datos!$C$3/B4*100) -> 80 | F4: =MIN(100,Datos!$C$3/C4*100) -> 40 | G4: =MIN(100,Datos!$C$3/D4*100) -> 20 | H4: =A4*Datos!$C$2/120 -> 200 | I4: =A4*Datos!$C$4/60 -> 6000
