Workbook

Sheet Diseño
A1: Práctica 24 — Banco de pruebas de bobinas: memoria de cálculo
A2: Celdas amarillas: datos editables. Ecuaciones numeradas como en la guía 24-Parte 1.
A4: Dato | B4: Valor | C4: Comentario
A5: V batería (V) | B5: 13.5 | C5: Tensión en la bobina durante la carga
A6: R primario (Ω) | B6: 0.6 | C6: Medida con multímetro
A7: L primario (mH) | B7: 5 | C7: Medida en la Parte 5 con la pendiente
A8: I objetivo (A) | B8: 7 | C8: Corriente máxima del fabricante
A9: Dwell elegido (ms) | B9: 3.1 | C9: Tiempo de carga ajustado en el banco
A10: rpm | B10: 6000 | C10: Velocidad simulada
A11: k (30 conv / 60 DIS / 120 COP) | B11: 120 | C11: Chispas por bobina
A12: N° de bobinas activas | B12: 4
A13: VCE(sat) IGBT (V) | B13: 1.4 | C13: Hoja de datos ISL9V3040
A14: V pico primario (V) | B14: 400 | C14: Limitación del IGBT
A15: Relación N2/N1 | B15: 100
A16: R shunt (Ω) | B16: 0.05
A17: Ciclo de trabajo máx. (%) | B17: 70 | C17: Límite del programa
A18: Dwell máx. absoluto (ms) | B18: 8 | C18: Límite del programa
A19: Resultado | B19: Valor | C19: Ec. | D19: Comprobación
A20: τ (ms) | B20: =($B$7/$B$6) -> 8.3333333 | C20: (1)
A21: Corriente final V/R (A) | B21: =$B$5/$B$6 -> 22.5 | C21: (2)
A22: i con el dwell elegido (A) | B22: =$B$5/$B$6*(1-EXP(-$B$9/($B$7/$B$6))) -> 6.9895295 | C22: (2)
A23: W con el dwell elegido (mJ) | B23: =0.5*$B$7*B22^2 -> 122.13381 | C23: (3)
A24: Dwell para I objetivo (ms) | B24: =IF($B$8*$B$6<$B$5,-($B$7/$B$6)*LN(1-$B$8*$B$6/$B$5),"No alcanza") -> 3.1056274 | C24: (4)
A25: W a I objetivo (mJ) | B25: =0.5*$B$7*$B$8^2 -> 122.5 | C25: (3)
A26: Intervalo entre chispas (ms) | B26: =30000/$B$10 -> 5 | C26: (5)
A27: Frecuencia por bobina (Hz) | B27: =$B$10/$B$11 -> 50 | C27: (6)
A28: Dwell aplicado por el programa (ms) | B28: =MIN($B$9,$B$18,$B$17/100*B26) -> 3.1 | C28: — | D28: =IF(B28<$B$9,"Limitado por el programa","OK") -> OK
A29: Corriente media por bobina (A) | B29: =B22/2*B28/1000*B27 -> 0.54168854 | C29: (7)
A30: Corriente media del banco (A) | B30: =B29*$B$12 -> 2.1667542 | C30: (7) | D30: =IF(B30<=5,"OK con fuente A de 5 A","Supera la fuente A") -> OK con fuente A de 5 A
A31: Potencia en el IGBT (W) | B31: =$B$13*B29 -> 0.75836396 | C31: —
A32: V secundario sin chispa (kV) | B32: =$B$14*$B$15/1000 -> 40 | C32: (8)
A33: Tensión en el shunt a i (V) | B33: =B22*$B$16 -> 0.34947648 | C33: —
A34: Potencia media en el shunt (W) | B34: =(B22^2/3)*$B$16*B28/1000*B27 -> 0.12620494 | C34: — | D34: =IF(B34<3,"OK (3 W)","Revisar") -> OK (3 W)

Sheet Curva
A1: Corriente y energía del primario en función del tiempo de carga
A2: Usa R, L y V de la hoja Diseño
A4: t (ms) | B4: i (A) | C4: W (mJ)
A5: 0 | B5: =Diseño!$B$5/Diseño!$B$6*(1-EXP(-A5/(Diseño!$B$7/Diseño!$B$6))) -> 0 | C5: =0.5*Diseño!$B$7*B5^2 -> 0
A6: 0.2 | B6: =Diseño!$B$5/Diseño!$B$6*(1-EXP(-A6/(Diseño!$B$7/Diseño!$B$6))) -> 0.53357153 | C6: =0.5*Diseño!$B$7*B6^2 -> 0.71174645
A7: 0.4 | B7: =Diseño!$B$5/Diseño!$B$6*(1-EXP(-A7/(Diseño!$B$7/Diseño!$B$6))) -> 1.0544898 | C7: =0.5*Diseño!$B$7*B7^2 -> 2.7798718
A8: 0.6 | B8: =Diseño!$B$5/Diseño!$B$6*(1-EXP(-A8/(Diseño!$B$7/Diseño!$B$6))) -> 1.5630548 | C8: =0.5*Diseño!$B$7*B8^2 -> 6.1078511
A9: 0.8 | B9: =Diseño!$B$5/Diseño!$B$6*(1-EXP(-A9/(Diseño!$B$7/Diseño!$B$6))) -> 2.0595596 | C9: =0.5*Diseño!$B$7*B9^2 -> 10.604465
A10: 1 | B10: =Diseño!$B$5/Diseño!$B$6*(1-EXP(-A10/(Diseño!$B$7/Diseño!$B$6))) -> 2.5442902 | C10: =0.5*Diseño!$B$7*B10^2 -> 16.183531
A11: 1.2 | B11: =Diseño!$B$5/Diseño!$B$6*(1-EXP(-A11/(Diseño!$B$7/Diseño!$B$6))) -> 3.0175257 | C11: =0.5*Diseño!$B$7*B11^2 -> 22.763653
A12: 1.4 | B12: =Diseño!$B$5/Diseño!$B$6*(1-EXP(-A12/(Diseño!$B$7/Diseño!$B$6))) -> 3.4795387 | C12: =0.5*Diseño!$B$7*B12^2 -> 30.267974
A13: 1.6 | B13: =Diseño!$B$5/Diseño!$B$6*(1-EXP(-A13/(Diseño!$B$7/Diseño!$B$6))) -> 3.9305955 | C13: =0.5*Diseño!$B$7*B13^2 -> 38.623952
A14: 1.8 | B14: =Diseño!$B$5/Diseño!$B$6*(1-EXP(-A14/(Diseño!$B$7/Diseño!$B$6))) -> 4.3709557 | C14: =0.5*Diseño!$B$7*B14^2 -> 47.763134
A15: 2 | B15: =Diseño!$B$5/Diseño!$B$6*(1-EXP(-A15/(Diseño!$B$7/Diseño!$B$6))) -> 4.8008731 | C15: =0.5*Diseño!$B$7*B15^2 -> 57.620957
A16: 2.2 | B16: =Diseño!$B$5/Diseño!$B$6*(1-EXP(-A16/(Diseño!$B$7/Diseño!$B$6))) -> 5.2205954 | C16: =0.5*Diseño!$B$7*B16^2 -> 68.13654
... A45: 8 | B45: =Diseño!$B$5/Diseño!$B$6*(1-EXP(-A45/(Diseño!$B$7/Diseño!$B$6))) -> 13.88491 | C45: =0.5*Diseño!$B$7*B45^2 -> 481.97682

Sheet Medición P5
A1: Inductancia a partir de la pendiente y tiempo de carga real
A2: Parte 5 — ecuación (1) de la guía
A4: Bobina | B4: V (V) | C4: Δi (A) | D4: Δt (ms) | E4: L (mH) | F4: R medida (Ω) | G4: I fabricante (A) | H4: τ (ms) | I4: Dwell (ms)
A5: Referencia | B5: 13.5 | C5: 2.7 | D5: 1 | E5: =IF(C5>0,B5/(C5/D5),"") -> 5 | F5: 0.6 | G5: 7 | H5: =IF(AND(E5<>"",F5>0),E5/F5,"") -> 8.3333333 | I5: =IF(H5="","",IF(G5*F5<B5,-H5*LN(1-G5*F5/B5),"No alcanza")) -> 3.1056274
A6: Bobina 1 | E6: =IF(C6>0,B6/(C6/D6),"") | H6: =IF(AND(E6<>"",F6>0),E6/F6,"") | I6: =IF(H6="","",IF(G6*F6<B6,-H6*LN(1-G6*F6/B6),"No alcanza"))
A7: Bobina 2 | E7: =IF(C7>0,B7/(C7/D7),"") | H7: =IF(AND(E7<>"",F7>0),E7/F7,"") | I7: =IF(H7="","",IF(G7*F7<B7,-H7*LN(1-G7*F7/B7),"No alcanza"))
A8: Bobina 3 | E8: =IF(C8>0,B8/(C8/D8),"") | H8: =IF(AND(E8<>"",F8>0),E8/F8,"") | I8: =IF(H8="","",IF(G8*F8<B8,-H8*LN(1-G8*F8/B8),"No alcanza"))
A9: Bobina 4 | E9: =IF(C9>0,B9/(C9/D9),"") | H9: =IF(AND(E9<>"",F9>0),E9/F9,"") | I9: =IF(H9="","",IF(G9*F9<B9,-H9*LN(1-G9*F9/B9),"No alcanza"))

Sheet Timer1
A1: Cuentas del Timer1 (prescaler 64, 4 µs por cuenta)
A2: Parte 4
A4: rpm | B4: Dwell pedido (ms) | C4: Intervalo (µs) | D4: Dwell aplicado (µs) | E4: Cuentas carga | F4: Cuentas reposo
A5: 1000 | B5: 3 | C5: =30000000/A5 -> 30000 | D5: =MIN(B5*1000,8000,0.7*C5) -> 3000 | E5: =ROUND(D5/4,0) -> 750 | F5: =ROUND((C5-D5)/4,0) -> 6750
A6: 3000 | B6: 3 | C6: =30000000/A6 -> 10000 | D6: =MIN(B6*1000,8000,0.7*C6) -> 3000 | E6: =ROUND(D6/4,0) -> 750 | F6: =ROUND((C6-D6)/4,0) -> 1750
A7: 6000 | B7: 3 | C7: =30000000/A7 -> 5000 | D7: =MIN(B7*1000,8000,0.7*C7) -> 3000 | E7: =ROUND(D7/4,0) -> 750 | F7: =ROUND((C7-D7)/4,0) -> 500
A8: 6000 | B8: 8 | C8: =30000000/A8 -> 5000 | D8: =MIN(B8*1000,8000,0.7*C8) -> 3500 | E8: =ROUND(D8/4,0) -> 875 | F8: =ROUND((C8-D8)/4,0) -> 375
A9: 7000 | B9: 3.2 | C9: =30000000/A9 -> 4285.7143 | D9: =MIN(B9*1000,8000,0.7*C9) -> 3000 | E9: =ROUND(D9/4,0) -> 750 | F9: =ROUND((C9-D9)/4,0) -> 321
