Workbook

Sheet Diseño
A1: Práctica 25 — Mando con temporizadores 555: memoria de cálculo
A2: Celdas amarillas: datos editables. Ecuaciones numeradas como en la guía 25-Parte 1.
A4: Dato | B4: Valor | C4: Comentario
A5: R_A (kΩ) | B5: 1 | C5: Astable
A6: R_B fija (kΩ) | B6: 2.7 | C6: En serie con el potenciómetro
A7: Potenciómetro rpm (kΩ) | B7: 100 | C7: Lineal
A8: C astable (µF) | B8: 1 | C8: Poliéster
A9: R fija dwell (kΩ) | B9: 1.8
A10: Potenciómetro dwell (kΩ) | B10: 15 | C10: Lineal
A11: C monoestable (µF) | B11: 0.47 | C11: Poliéster
A12: R derivador (kΩ) | B12: 10
A13: C derivador (nF) | B13: 10
A14: V entrada 7805 (V) | B14: 13.8
A15: I lógica (mA) | B15: 20 | C15: Estimado
A16: rpm de verificación | B16: 6000
A17: Límite de ciclo (%) | B17: 70
A19: Resultado | B19: Valor | C19: Ec. | D19: Comprobación
A20: f máxima (Hz) | B20: =1.44/(($B$5+2*$B$6)*1000*$B$8*0.000001) -> 225 | C20: (1)
A21: f mínima (Hz) | B21: =1.44/(($B$5+2*($B$6+$B$7))*1000*$B$8*0.000001) -> 6.9767442 | C21: (1)
A22: n máxima (rpm) | B22: =30*B20 -> 6750 | C22: (2)
A23: n mínima (rpm) | B23: =30*B21 -> 209.30233 | C23: (2)
A24: t_w mínimo (ms) | B24: =1.1*$B$9*1000*$B$11*0.000001*1000 -> 0.9306 | C24: (3)
A25: t_w máximo (ms) | B25: =1.1*($B$9+$B$10)*1000*$B$11*0.000001*1000 -> 8.6856 | C25: (3)
A26: τ derivador (ms) | B26: =$B$12*1000*$B$13*0.000000001*1000 -> 0.1 | C26: (4) | D26: =IF(B26*5<=B24,"OK: ≪ t_w mínimo","Revisar derivador") -> OK: ≪ t_w mínimo
A27: t_w máximo admisible a las rpm de verificación (ms) | B27: =$B$17/100*30000/$B$16 -> 3.5 | C27: (5)
A28: Potencia del 7805 (W) | B28: =($B$14-5)*$B$15/1000 -> 0.176 | C28: (6) | D28: =IF(B28<0.5,"Sin disipador","Con disipador") -> Sin disipador
A29: R_B para una rpm dada: ver hoja Calibración | C29: —

Sheet Calibración
A1: Calibración de los diales
A2: Parte 3: anote los valores medidos en las columnas amarillas
A4: Posición (0–10) | B4: Pot. rpm (kΩ) | C4: f calc. (Hz) | D4: n calc. (rpm) | E4: f medida (Hz) | F4: n medida (rpm) | G4: Error (%)
A5: 0 | B5: =A5/10*Diseño!$B$7 -> 0 | C5: =1.44/((Diseño!$B$5+2*(Diseño!$B$6+B5))*1000*Diseño!$B$8*0.000001) -> 225 | D5: =30*C5 -> 6750 | F5: =IF(E5="","",30*E5) | G5: =IF(E5="","",(F5-D5)/D5*100)
A6: 1 | B6: =A6/10*Diseño!$B$7 -> 10 | C6: =1.44/((Diseño!$B$5+2*(Diseño!$B$6+B6))*1000*Diseño!$B$8*0.000001) -> 54.545455 | D6: =30*C6 -> 1636.3636 | F6: =IF(E6="","",30*E6) | G6: =IF(E6="","",(F6-D6)/D6*100)
A7: 2 | B7: =A7/10*Diseño!$B$7 -> 20 | C7: =1.44/((Diseño!$B$5+2*(Diseño!$B$6+B7))*1000*Diseño!$B$8*0.000001) -> 31.034483 | D7: =30*C7 -> 931.03448 | F7: =IF(E7="","",30*E7) | G7: =IF(E7="","",(F7-D7)/D7*100)
A8: 3 | B8: =A8/10*Diseño!$B$7 -> 30 | C8: =1.44/((Diseño!$B$5+2*(Diseño!$B$6+B8))*1000*Diseño!$B$8*0.000001) -> 21.686747 | D8: =30*C8 -> 650.60241 | F8: =IF(E8="","",30*E8) | G8: =IF(E8="","",(F8-D8)/D8*100)
A9: 4 | B9: =A9/10*Diseño!$B$7 -> 40 | C9: =1.44/((Diseño!$B$5+2*(Diseño!$B$6+B9))*1000*Diseño!$B$8*0.000001) -> 16.666667 | D9: =30*C9 -> 500 | F9: =IF(E9="","",30*E9) | G9: =IF(E9="","",(F9-D9)/D9*100)
A10: 5 | B10: =A10/10*Diseño!$B$7 -> 50 | C10: =1.44/((Diseño!$B$5+2*(Diseño!$B$6+B10))*1000*Diseño!$B$8*0.000001) -> 13.533835 | D10: =30*C10 -> 406.01504 | F10: =IF(E10="","",30*E10) | G10: =IF(E10="","",(F10-D10)/D10*100)
A11: 6 | B11: =A11/10*Diseño!$B$7 -> 60 | C11: =1.44/((Diseño!$B$5+2*(Diseño!$B$6+B11))*1000*Diseño!$B$8*0.000001) -> 11.392405 | D11: =30*C11 -> 341.77215 | F11: =IF(E11="","",30*E11) | G11: =IF(E11="","",(F11-D11)/D11*100)
A12: 7 | B12: =A12/10*Diseño!$B$7 -> 70 | C12: =1.44/((Diseño!$B$5+2*(Diseño!$B$6+B12))*1000*Diseño!$B$8*0.000001) -> 9.8360656 | D12: =30*C12 -> 295.08197 | F12: =IF(E12="","",30*E12) | G12: =IF(E12="","",(F12-D12)/D12*100)
A13: 8 | B13: =A13/10*Diseño!$B$7 -> 80 | C13: =1.44/((Diseño!$B$5+2*(Diseño!$B$6+B13))*1000*Diseño!$B$8*0.000001) -> 8.6538462 | D13: =30*C13 -> 259.61538 | F13: =IF(E13="","",30*E13) | G13: =IF(E13="","",(F13-D13)/D13*100)
A14: 9 | B14: =A14/10*Diseño!$B$7 -> 90 | C14: =1.44/((Diseño!$B$5+2*(Diseño!$B$6+B14))*1000*Diseño!$B$8*0.000001) -> 7.7253219 | D14: =30*C14 -> 231.75966 | F14: =IF(E14="","",30*E14) | G14: =IF(E14="","",(F14-D14)/D14*100)
A15: 10 | B15: =A15/10*Diseño!$B$7 -> 100 | C15: =1.44/((Diseño!$B$5+2*(Diseño!$B$6+B15))*1000*Diseño!$B$8*0.000001) -> 6.9767442 | D15: =30*C15 -> 209.30233 | F15: =IF(E15="","",30*E15) | G15: =IF(E15="","",(F15-D15)/D15*100)
A18: Posición (0–10) | B18: Pot. dwell (kΩ) | C18: t_w calc. (ms) | E18: t_w medido (ms) | G18: Error (%)
A19: 0 | B19: =A19/10*Diseño!$B$10 -> 0 | C19: =1.1*(Diseño!$B$9+B19)*1000*Diseño!$B$11*0.001 -> 0.9306 | G19: =IF(E19="","",(E19-C19)/C19*100)
A20: 1 | B20: =A20/10*Diseño!$B$10 -> 1.5 | C20: =1.1*(Diseño!$B$9+B20)*1000*Diseño!$B$11*0.001 -> 1.7061 | G20: =IF(E20="","",(E20-C20)/C20*100)
A21: 2 | B21: =A21/10*Diseño!$B$10 -> 3 | C21: =1.1*(Diseño!$B$9+B21)*1000*Diseño!$B$11*0.001 -> 2.4816 | G21: =IF(E21="","",(E21-C21)/C21*100)
A22: 3 | B22: =A22/10*Diseño!$B$10 -> 4.5 | C22: =1.1*(Diseño!$B$9+B22)*1000*Diseño!$B$11*0.001 -> 3.2571 | G22: =IF(E22="","",(E22-C22)/C22*100)
A23: 4 | B23: =A23/10*Diseño!$B$10 -> 6 | C23: =1.1*(Diseño!$B$9+B23)*1000*Diseño!$B$11*0.001 -> 4.0326 | G23: =IF(E23="","",(E23-C23)/C23*100)
A24: 5 | B24: =A24/10*Diseño!$B$10 -> 7.5 | C24: =1.1*(Diseño!$B$9+B24)*1000*Diseño!$B$11*0.001 -> 4.8081 | G24: =IF(E24="","",(E24-C24)/C24*100)
A25: 6 | B25: =A25/10*Diseño!$B$10 -> 9 | C25: =1.1*(Diseño!$B$9+B25)*1000*Diseño!$B$11*0.001 -> 5.5836 | G25: =IF(E25="","",(E25-C25)/C25*100)
A26: 7 | B26: =A26/10*Diseño!$B$10 -> 10.5 | C26: =1.1*(Diseño!$B$9+B26)*1000*Diseño!$B$11*0.001 -> 6.3591 | G26: =IF(E26="","",(E26-C26)/C26*100)
A27: 8 | B27: =A27/10*Diseño!$B$10 -> 12 | C27: =1.1*(Diseño!$B$9+B27)*1000*Diseño!$B$11*0.001 -> 7.1346 | G27: =IF(E27="","",(E27-C27)/C27*100)
A28: 9 | B28: =A28/10*Diseño!$B$10 -> 13.5 | C28: =1.1*(Diseño!$B$9+B28)*1000*Diseño!$B$11*0.001 -> 7.9101 | G28: =IF(E28="","",(E28-C28)/C28*100)
A29: 10 | B29: =A29/10*Diseño!$B$10 -> 15 | C29: =1.1*(Diseño!$B$9+B29)*1000*Diseño!$B$11*0.001 -> 8.6856 | G29: =IF(E29="","",(E29-C29)/C29*100)

Sheet Límite
A1: Tiempo de carga máximo por velocidad
A2: Ecuación (5): t_w ≤ 0,7·30/n
A4: rpm | B4: Intervalo (ms) | C4: t_w máximo (ms) | D4: ¿Alcanzable con el monoestable?
A5: 300 | B5: =30000/A5 -> 100 | C5: =MIN(Diseño!$B$17/100*B5,Diseño!B25) -> 8.6856 | D5: =IF(C5>=Diseño!B24,"Sí","No: bajar rpm") -> Sí
A6: 500 | B6: =30000/A6 -> 60 | C6: =MIN(Diseño!$B$17/100*B6,Diseño!B25) -> 8.6856 | D6: =IF(C6>=Diseño!B24,"Sí","No: bajar rpm") -> Sí
A7: 1000 | B7: =30000/A7 -> 30 | C7: =MIN(Diseño!$B$17/100*B7,Diseño!B25) -> 8.6856 | D7: =IF(C7>=Diseño!B24,"Sí","No: bajar rpm") -> Sí
A8: 1500 | B8: =30000/A8 -> 20 | C8: =MIN(Diseño!$B$17/100*B8,Diseño!B25) -> 8.6856 | D8: =IF(C8>=Diseño!B24,"Sí","No: bajar rpm") -> Sí
A9: 2000 | B9: =30000/A9 -> 15 | C9: =MIN(Diseño!$B$17/100*B9,Diseño!B25) -> 8.6856 | D9: =IF(C9>=Diseño!B24,"Sí","No: bajar rpm") -> Sí
A10: 3000 | B10: =30000/A10 -> 10 | C10: =MIN(Diseño!$B$17/100*B10,Diseño!B25) -> 7 | D10: =IF(C10>=Diseño!B24,"Sí","No: bajar rpm") -> Sí
A11: 4000 | B11: =30000/A11 -> 7.5 | C11: =MIN(Diseño!$B$17/100*B11,Diseño!B25) -> 5.25 | D11: =IF(C11>=Diseño!B24,"Sí","No: bajar rpm") -> Sí
A12: 5000 | B12: =30000/A12 -> 6 | C12: =MIN(Diseño!$B$17/100*B12,Diseño!B25) -> 4.2 | D12: =IF(C12>=Diseño!B24,"Sí","No: bajar rpm") -> Sí
A13: 6000 | B13: =30000/A13 -> 5 | C13: =MIN(Diseño!$B$17/100*B13,Diseño!B25) -> 3.5 | D13: =IF(C13>=Diseño!B24,"Sí","No: bajar rpm") -> Sí
A14: 7000 | B14: =30000/A14 -> 4.2857143 | C14: =MIN(Diseño!$B$17/100*B14,Diseño!B25) -> 3 | D14: =IF(C14>=Diseño!B24,"Sí","No: bajar rpm") -> Sí

Sheet Comparación
A1: Comparación mando Arduino vs mando 555
A2: Parte 4
A4: Medida | B4: Ajuste | C4: Arduino | D4: 555 inicio | E4: 555 a 15 min | F4: Dif. 555 inicio (%) | G4: Deriva 555 (%)
A5: Intervalo (ms) | B5: 10 | F5: =IF(OR(C5="",D5=""),"",(D5-C5)/C5*100) | G5: =IF(OR(D5="",E5=""),"",(E5-D5)/D5*100)
A6: Tiempo de carga (ms) | B6: 3 | F6: =IF(OR(C6="",D6=""),"",(D6-C6)/C6*100) | G6: =IF(OR(D6="",E6=""),"",(E6-D6)/D6*100)
A7: Corriente de pico (A) | F7: =IF(OR(C7="",D7=""),"",(D7-C7)/C7*100) | G7: =IF(OR(D7="",E7=""),"",(E7-D7)/D7*100)
A8: Chispa máxima (mm) | F8: =IF(OR(C8="",D8=""),"",(D8-C8)/C8*100) | G8: =IF(OR(D8="",E8=""),"",(E8-D8)/D8*100)
